order_id,customer_id,product_category,order_date,price,quantity,discount_pct,shipping_cost,payment_method,region,delivery_days,customer_age,customer_rating,is_returned,return_reason,order_value,order_month,delivery_bucket
ORD101260,CUST3996,Beauty,2025-02-06,812.51,2.0,0,86.97,Debit Card,East,2.0,49.0,4.0,0,Not Returned,1625.02,2025-02,1-3 days
ORD102354,CUST3212,Beauty,2025-05-28,766.01,3.0,25,8.38,UPI,South,4.0,61.0,3.0,1,Late Delivery,1723.5224999999998,2025-05,4-5 days
ORD105391,CUST1662,Toys,2026-04-24,738.58,1.0,25,103.45,Credit Card,South,1.0,17.0,3.0,0,Not Returned,553.9350000000001,2026-04,1-3 days
ORD100305,CUST4061,Books,2025-06-21,633.0,1.0,5,111.53,Debit Card,Central,4.0,16.0,5.0,0,Not Returned,601.35,2025-06,4-5 days
ORD103519,CUST1204,Toys,2024-12-22,786.59,2.0,15,110.74,UPI,North,3.0,34.0,3.0,0,Not Returned,1337.203,2024-12,1-3 days
ORD100730,CUST3760,Home & Kitchen,2025-11-13,1977.72,1.0,0,12.19,Net Banking,North,4.0,32.0,3.0,1,Better Price Found,1977.72,2025-11,4-5 days
ORD104051,CUST2009,Electronics,2025-08-01,3266.08,1.0,0,127.39,Cash on Delivery,North,4.0,46.0,4.0,0,Not Returned,3266.08,2025-08,4-5 days
ORD104798,CUST4154,Beauty,2025-01-03,1012.185,1.0,20,203.85999999999999,UPI,North,3.0,22.0,5.0,0,Not Returned,809.748,2025-01,1-3 days
ORD105559,CUST4492,Sports,2026-04-09,1407.17,1.0,10,149.02,Net Banking,Central,3.0,16.0,4.0,0,Not Returned,1266.4530000000002,2026-04,1-3 days
ORD100246,CUST2175,Toys,2024-08-19,979.93,1.0,25,93.85,Cash on Delivery,East,5.0,30.0,3.0,0,Not Returned,734.9475,2024-08,4-5 days
ORD105763,CUST4171,Grocery,2026-08-11,204.48,2.0,0,35.2,UPI,Central,5.0,24.0,4.0,0,Not Returned,408.96,2026-08,4-5 days
ORD103920,CUST4315,Home & Kitchen,2025-09-19,2899.47,1.0,0,129.03,UPI,West,4.0,26.0,5.0,0,Not Returned,2899.47,2025-09,4-5 days
ORD101341,CUST1068,Electronics,2025-06-15,2230.66,1.0,0,44.91,UPI,Central,5.0,16.0,5.0,0,Not Returned,2230.66,2025-06,4-5 days
ORD103076,CUST2871,Sports,2024-11-06,2815.81,3.0,5,26.29,Net Banking,North,2.0,17.0,4.0,0,Not Returned,8025.0585,2024-11,1-3 days
ORD102474,CUST2862,Fashion,2025-05-29,1012.185,1.0,25,201.83,Cash on Delivery,West,3.0,37.0,5.0,0,Not Returned,759.13875,2025-05,1-3 days
ORD104693,CUST1172,Sports,2026-05-21,1325.39,3.0,15,113.21,Debit Card,Central,7.0,31.0,4.0,0,Not Returned,3379.7445,2026-05,6-7 days
ORD103609,CUST4428,Toys,2025-10-25,1012.185,1.0,25,54.61,Debit Card,South,7.0,23.0,5.0,0,Not Returned,759.13875,2025-10,6-7 days
ORD101670,CUST2073,Home & Kitchen,2024-10-07,2989.44,1.0,20,13.85,Debit Card,South,5.0,16.0,5.0,0,Not Returned,2391.552,2024-10,4-5 days
ORD103052,CUST1325,Fashion,2024-09-07,4558.5,3.0,0,77.62,Credit Card,West,5.0,42.0,4.0,1,Size Issue,13675.5,2024-09,4-5 days
ORD105318,CUST3921,Sports,2026-01-02,1531.64,1.0,20,111.82,Debit Card,East,3.0,39.0,5.0,0,Not Returned,1225.3120000000001,2026-01,1-3 days
ORD102571,CUST2640,Books,2025-01-22,566.42,1.0,0,47.06,Net Banking,West,8.0,42.0,1.0,0,Not Returned,566.42,2025-01,8+ days
ORD103091,CUST1736,Fashion,2025-08-19,1458.52,1.0,30,185.02,Cash on Delivery,West,6.0,21.0,5.0,1,Late Delivery,1020.9639999999999,2025-08,6-7 days
ORD102019,CUST4497,Sports,2024-09-24,1783.81,1.0,0,42.33,Credit Card,South,5.0,27.0,5.0,0,Not Returned,1783.81,2024-09,4-5 days
ORD104504,CUST1739,Toys,2025-04-24,963.58,1.0,30,88.39,Debit Card,South,2.0,51.0,5.0,0,Not Returned,674.506,2025-04,1-3 days
ORD104115,CUST3323,Beauty,2024-12-21,674.54,1.0,25,103.58,Debit Card,South,4.0,16.0,4.0,0,Not Returned,505.905,2024-12,4-5 days
ORD101032,CUST2983,Beauty,2025-07-06,1027.96,1.0,0,108.06,UPI,East,4.0,22.0,4.0,0,Not Returned,1027.96,2025-07,4-5 days
ORD100732,CUST2989,Grocery,2025-12-15,337.63,1.0,5,22.0,UPI,East,10.0,23.0,4.0,0,Not Returned,320.7485,2025-12,8+ days
ORD102021,CUST3651,Fashion,2026-05-07,1783.74,1.0,15,69.53,Cash on Delivery,West,3.0,48.0,5.0,0,Not Returned,1516.1789999999999,2026-05,1-3 days
ORD105441,CUST2246,Books,2025-12-02,483.52,1.0,0,35.94,Cash on Delivery,East,6.0,37.0,5.0,0,Not Returned,483.52,2025-12,6-7 days
ORD104059,CUST4230,Grocery,2026-01-05,288.11,3.5,5,20.43,UPI,East,6.0,22.0,4.0,0,Not Returned,957.96575,2026-01,6-7 days
ORD103251,CUST2928,Books,2024-11-22,573.38,1.0,5,109.8,Net Banking,North,6.0,46.0,5.0,1,Wrong Item Delivered,544.711,2024-11,6-7 days
ORD100607,CUST1506,Sports,2025-02-28,1651.34,1.0,10,37.45,Cash on Delivery,Central,5.0,28.0,3.0,0,Not Returned,1486.206,2025-02,4-5 days
ORD102703,CUST1321,Toys,2026-02-08,942.94,1.0,10,169.89,Net Banking,East,3.0,29.0,5.0,1,Size Issue,848.6460000000001,2026-02,1-3 days
ORD102142,CUST3530,Home & Kitchen,2025-08-27,1878.51,1.0,5,195.37,Debit Card,East,4.0,28.0,1.0,0,Not Returned,1784.5845,2025-08,4-5 days
ORD102004,CUST1822,Toys,2026-05-20,978.8,2.0,10,28.92,Credit Card,North,2.0,34.0,4.0,0,Not Returned,1761.84,2026-05,1-3 days
ORD105161,CUST4342,Fashion,2025-04-06,327.85,3.5,25,29.95,Net Banking,East,9.0,16.0,4.0,0,Not Returned,860.60625,2025-04,8+ days
ORD102069,CUST4310,Beauty,2025-02-24,552.37,2.0,30,166.31,Cash on Delivery,West,5.0,17.0,4.0,0,Not Returned,773.318,2025-02,4-5 days
ORD102955,CUST2998,Fashion,2025-10-01,1399.55,1.0,0,55.39,UPI,East,1.0,34.0,4.0,0,Not Returned,1399.55,2025-10,1-3 days
ORD100892,CUST2872,Home & Kitchen,2026-03-22,763.48,2.0,0,32.0,UPI,West,6.0,30.0,1.0,1,Late Delivery,1526.96,2026-03,6-7 days
ORD102431,CUST2754,Home & Kitchen,2026-04-01,2359.84,1.0,0,56.89,Credit Card,North,1.0,43.0,4.0,0,Not Returned,2359.84,2026-04,1-3 days
ORD100452,CUST3022,Electronics,2025-08-19,4558.5,3.5,15,85.58,Credit Card,East,4.0,28.0,5.0,0,Not Returned,13561.5375,2025-08,4-5 days
ORD100008,CUST1814,Books,2024-09-07,450.63,2.0,10,38.59,UPI,Central,1.0,43.0,1.0,0,Not Returned,811.134,2024-09,1-3 days
ORD103048,CUST3527,Home & Kitchen,2026-08-09,2508.92,1.0,10,99.14,Debit Card,Central,2.0,34.0,5.0,0,Not Returned,2258.0280000000002,2026-08,1-3 days
ORD105490,CUST3086,Grocery,2025-07-04,394.62,1.0,10,22.71,UPI,South,6.0,36.0,4.0,0,Not Returned,355.158,2025-07,6-7 days
ORD102962,CUST3751,Electronics,2024-10-23,4558.5,1.0,15,47.25,Net Banking,South,3.0,30.0,5.0,0,Not Returned,3874.725,2024-10,1-3 days
ORD103773,CUST3397,Books,2025-03-27,502.5,1.0,0,124.64,Credit Card,West,2.0,34.0,3.0,1,Size Issue,502.5,2025-03,1-3 days
ORD104581,CUST2517,Sports,2024-11-18,1395.22,1.0,10,53.57,Debit Card,South,5.0,46.0,5.0,1,Size Issue,1255.698,2024-11,4-5 days
ORD102844,CUST3218,Electronics,2026-04-09,4558.5,2.0,20,35.77,Net Banking,Central,4.0,38.0,5.0,1,Better Price Found,7293.6,2026-04,4-5 days
ORD100979,CUST3735,Grocery,2026-08-10,123.51,2.0,15,44.04,Debit Card,West,4.0,24.0,5.0,0,Not Returned,209.967,2026-08,4-5 days
ORD105341,CUST1043,Beauty,2026-04-01,671.1,1.0,0,32.44,Credit Card,South,8.0,37.0,5.0,1,Not as Described,671.1,2026-04,8+ days
ORD104989,CUST4200,Home & Kitchen,2025-03-05,2535.45,1.0,25,15.09,Cash on Delivery,West,7.0,27.0,3.0,0,Not Returned,1901.5874999999999,2025-03,6-7 days
ORD101208,CUST3070,Books,2025-09-23,430.1,3.5,0,143.14,Cash on Delivery,South,6.0,49.0,4.0,0,Not Returned,1505.3500000000001,2025-09,6-7 days
ORD104520,CUST4080,Sports,2025-01-14,2570.06,2.0,15,25.43,Net Banking,North,4.0,25.0,4.0,0,Not Returned,4369.102,2025-01,4-5 days
ORD103409,CUST3181,Fashion,2026-07-13,1588.15,1.0,30,60.88,Debit Card,Central,5.0,26.0,2.0,1,Wrong Item Delivered,1111.705,2026-07,4-5 days
ORD102747,CUST2972,Grocery,2026-06-14,424.26,1.0,0,118.17,UPI,North,5.0,33.0,3.0,0,Not Returned,424.26,2026-06,4-5 days
ORD104479,CUST2677,Books,2025-12-17,646.2,1.0,20,86.87,Cash on Delivery,North,6.0,51.0,4.0,1,Defective Product,516.96,2025-12,6-7 days
ORD102199,CUST3869,Beauty,2025-09-05,1054.41,1.0,5,26.24,Cash on Delivery,East,5.0,16.0,4.0,1,Wrong Item Delivered,1001.6895000000001,2025-09,4-5 days
ORD103995,CUST4040,Fashion,2026-07-23,992.41,1.0,0,36.59,Net Banking,West,3.0,16.0,4.0,0,Not Returned,992.41,2026-07,1-3 days
ORD101166,CUST3023,Fashion,2025-09-20,1566.12,3.0,0,167.43,Cash on Delivery,West,4.0,34.0,2.0,0,Not Returned,4698.36,2025-09,4-5 days
ORD103378,CUST2938,Toys,2024-10-02,1205.74,2.0,5,19.76,Cash on Delivery,South,6.0,30.0,4.0,1,Changed Mind,2290.906,2024-10,6-7 days
ORD103997,CUST3182,Toys,2026-07-05,1264.75,1.0,0,32.88,Cash on Delivery,Central,4.0,38.0,3.0,0,Not Returned,1264.75,2026-07,4-5 days
ORD103991,CUST1076,Fashion,2025-09-23,813.2,2.0,25,127.94,Credit Card,Central,4.0,31.0,4.0,0,Not Returned,1219.8000000000002,2025-09,4-5 days
ORD105731,CUST2999,Grocery,2026-07-30,91.07,1.0,15,100.46,Credit Card,West,5.0,26.0,4.0,0,Not Returned,77.4095,2026-07,4-5 days
ORD100433,CUST2845,Beauty,2024-08-20,835.79,1.0,15,21.52,Net Banking,West,4.0,28.0,1.0,0,Not Returned,710.4214999999999,2024-08,4-5 days
ORD105264,CUST3008,Sports,2024-11-29,2655.27,3.0,10,33.12,Debit Card,Central,1.0,37.0,5.0,0,Not Returned,7169.228999999999,2024-11,1-3 days
ORD101506,CUST4312,Home & Kitchen,2026-02-19,1971.47,1.0,25,78.64,UPI,West,5.0,30.0,1.0,1,Late Delivery,1478.6025,2026-02,4-5 days
ORD100985,CUST2480,Electronics,2024-12-24,2695.73,1.0,0,104.75,Debit Card,Central,4.0,16.0,5.0,1,Changed Mind,2695.73,2024-12,4-5 days
ORD103620,CUST2615,Books,2025-06-26,249.2,1.0,0,129.34,Net Banking,East,4.0,46.0,3.0,0,Not Returned,249.2,2025-06,4-5 days
ORD100729,CUST4090,Grocery,2024-12-10,285.13,1.0,30,31.93,UPI,West,3.0,30.0,5.0,0,Not Returned,199.59099999999998,2024-12,1-3 days
ORD102816,CUST1995,Home & Kitchen,2025-06-04,2266.19,2.0,30,36.66,UPI,North,4.0,34.0,4.0,0,Not Returned,3172.6659999999997,2025-06,4-5 days
ORD100934,CUST1765,Fashion,2025-04-23,1598.22,1.0,5,67.33500000000001,Net Banking,South,4.0,53.0,5.0,0,Not Returned,1518.309,2025-04,4-5 days
ORD101242,CUST3945,Electronics,2025-07-23,4558.5,1.0,0,69.81,Cash on Delivery,North,5.0,19.0,4.0,0,Not Returned,4558.5,2025-07,4-5 days
ORD102173,CUST2403,Fashion,2025-05-18,1257.42,2.0,20,63.92,UPI,South,6.0,42.0,2.0,0,Not Returned,2011.8720000000003,2025-05,6-7 days
ORD104551,CUST1286,Fashion,2025-09-13,916.49,1.0,20,21.18,UPI,South,4.0,33.0,1.0,0,Not Returned,733.192,2025-09,4-5 days
ORD100948,CUST2781,Electronics,2025-11-11,4558.5,2.0,10,107.4,Cash on Delivery,East,2.0,42.0,5.0,0,Not Returned,8205.300000000001,2025-11,1-3 days
ORD102575,CUST3604,Electronics,2024-12-14,4558.5,1.0,0,11.12,Debit Card,South,3.0,52.0,5.0,0,Not Returned,4558.5,2024-12,1-3 days
ORD104983,CUST2275,Home & Kitchen,2026-01-30,3077.0,1.0,10,24.34,UPI,Central,5.0,36.0,1.0,0,Not Returned,2769.3,2026-01,4-5 days
ORD105523,CUST3389,Grocery,2026-07-06,353.58,2.0,15,142.73,UPI,North,1.0,61.0,4.0,0,Not Returned,601.086,2026-07,1-3 days
ORD100971,CUST1878,Grocery,2026-01-15,386.2,2.0,25,67.33500000000001,UPI,West,3.0,37.0,4.0,1,Not as Described,579.3,2026-01,1-3 days
ORD101388,CUST4149,Beauty,2025-04-24,936.7,1.0,30,92.1,UPI,Central,4.0,39.0,5.0,0,Not Returned,655.6899999999999,2025-04,4-5 days
ORD105218,CUST3441,Fashion,2025-03-28,1211.26,2.0,5,127.59,UPI,North,6.0,41.0,2.0,0,Not Returned,2301.394,2025-03,6-7 days
ORD100194,CUST1163,Home & Kitchen,2026-07-30,2330.55,1.0,0,104.84,Debit Card,North,2.0,54.0,4.0,0,Not Returned,2330.55,2026-07,1-3 days
ORD101585,CUST2536,Fashion,2025-11-20,348.13,1.0,0,36.67,UPI,West,2.0,31.0,4.0,0,Not Returned,348.13,2025-11,1-3 days
ORD104113,CUST1611,Sports,2025-10-31,1942.03,1.0,0,62.35,Debit Card,East,4.0,16.0,4.0,0,Not Returned,1942.03,2025-10,4-5 days
ORD105600,CUST1463,Toys,2026-04-06,941.69,1.0,5,44.43,UPI,North,4.0,51.0,3.0,0,Not Returned,894.6055,2026-04,4-5 days
ORD101235,CUST3208,Grocery,2026-07-24,50.0,1.0,15,91.45,Cash on Delivery,North,6.0,34.0,1.0,0,Not Returned,42.5,2026-07,6-7 days
ORD104174,CUST2460,Grocery,2024-09-17,465.92,3.0,0,23.77,Cash on Delivery,East,6.0,21.0,4.0,0,Not Returned,1397.76,2024-09,6-7 days
ORD104769,CUST1337,Home & Kitchen,2025-05-08,675.75,1.0,10,44.03,Cash on Delivery,Central,3.0,34.0,4.0,1,Not as Described,608.1750000000001,2025-05,1-3 days
ORD102661,CUST1048,Beauty,2026-01-04,750.91,1.0,5,118.85,Debit Card,Central,2.0,16.0,4.0,0,Not Returned,713.3644999999999,2026-01,1-3 days
ORD105722,CUST2210,Beauty,2025-04-05,743.84,1.0,5,7.42,Cash on Delivery,South,6.0,45.0,4.0,0,Not Returned,706.648,2025-04,6-7 days
ORD105919,CUST2096,Sports,2026-07-07,1772.83,1.0,0,37.64,Credit Card,North,5.0,16.0,5.0,0,Not Returned,1772.83,2026-07,4-5 days
ORD104757,CUST3255,Home & Kitchen,2025-05-19,3177.31,2.0,5,25.99,UPI,North,4.0,33.0,4.0,0,Not Returned,6036.888999999999,2025-05,4-5 days
ORD100059,CUST2729,Toys,2026-03-21,867.89,2.0,15,68.87,UPI,South,5.0,27.0,5.0,0,Not Returned,1475.413,2026-03,4-5 days
ORD100500,CUST1998,Electronics,2026-08-05,4558.5,1.0,15,25.83,Net Banking,West,5.0,16.0,3.0,0,Not Returned,3874.725,2026-08,4-5 days
ORD103168,CUST1006,Electronics,2026-08-04,4558.5,1.0,5,25.26,Cash on Delivery,East,6.0,27.0,5.0,1,Defective Product,4330.575,2026-08,6-7 days
ORD102657,CUST3811,Toys,2025-06-02,824.01,2.0,0,71.0,Debit Card,Central,1.0,36.0,5.0,0,Not Returned,1648.02,2025-06,1-3 days
ORD100276,CUST3289,Home & Kitchen,2025-09-11,4558.5,2.0,30,46.87,UPI,North,6.0,34.0,3.0,1,Changed Mind,6381.9,2025-09,6-7 days
ORD101485,CUST4212,Home & Kitchen,2025-04-26,1600.43,1.0,15,183.26,Cash on Delivery,Central,1.0,39.0,5.0,0,Not Returned,1360.3655,2025-04,1-3 days
ORD104437,CUST1319,Home & Kitchen,2025-01-23,3954.91,3.0,10,158.64,Net Banking,South,2.0,36.0,4.0,1,Wrong Item Delivered,10678.257,2025-01,1-3 days
ORD100419,CUST4131,Beauty,2024-11-13,1015.19,1.0,15,102.61,Cash on Delivery,East,3.0,41.0,1.0,0,Not Returned,862.9115,2024-11,1-3 days
ORD102123,CUST1692,Fashion,2025-10-24,1366.35,1.0,15,21.62,Cash on Delivery,West,5.0,41.0,2.0,0,Not Returned,1161.3974999999998,2025-10,4-5 days
ORD101422,CUST2227,Electronics,2025-03-08,4558.5,3.0,25,67.33500000000001,Cash on Delivery,West,4.0,20.0,2.0,0,Not Returned,10256.625,2025-03,4-5 days
ORD104331,CUST2068,Home & Kitchen,2025-05-08,3794.96,1.0,10,45.97,Net Banking,North,4.0,17.0,4.0,0,Not Returned,3415.464,2025-05,4-5 days
ORD101263,CUST1970,Beauty,2026-04-09,301.66,1.0,30,17.88,UPI,South,3.0,40.0,5.0,0,Not Returned,211.162,2026-04,1-3 days
ORD103723,CUST2187,Fashion,2025-03-23,890.74,1.0,0,8.11,Credit Card,North,5.0,34.0,4.0,0,Not Returned,890.74,2025-03,4-5 days
ORD104949,CUST1952,Grocery,2026-08-11,308.68,1.0,0,38.29,Cash on Delivery,Central,6.0,50.0,5.0,1,Size Issue,308.68,2026-08,6-7 days
ORD103543,CUST4185,Fashion,2025-11-09,1356.55,1.0,10,22.73,Net Banking,North,7.0,29.0,5.0,1,Better Price Found,1220.895,2025-11,6-7 days
ORD102012,CUST3433,Fashion,2025-05-18,1228.91,1.0,30,95.48,Debit Card,South,4.0,30.0,2.0,0,Not Returned,860.237,2025-05,4-5 days
ORD102247,CUST1780,Grocery,2026-04-13,225.44,1.0,15,81.31,Net Banking,West,5.0,55.0,5.0,1,Defective Product,191.624,2026-04,4-5 days
ORD102943,CUST2609,Beauty,2025-12-24,597.14,1.0,0,17.07,UPI,Central,6.0,26.0,4.0,0,Not Returned,597.14,2025-12,6-7 days
ORD105549,CUST1408,Beauty,2024-08-27,1012.185,1.0,15,33.5,Debit Card,West,5.0,48.0,5.0,1,Size Issue,860.3572499999999,2024-08,4-5 days
ORD105252,CUST1160,Books,2025-04-05,375.05,2.0,0,30.1,Credit Card,East,4.0,28.0,4.0,0,Not Returned,750.1,2025-04,4-5 days
ORD100244,CUST2232,Fashion,2025-11-11,368.69,1.0,0,113.23,Debit Card,North,1.0,30.0,5.0,0,Not Returned,368.69,2025-11,1-3 days
ORD103153,CUST1447,Beauty,2025-11-09,1021.7,1.0,0,49.54,UPI,South,6.0,45.0,4.0,0,Not Returned,1021.7,2025-11,6-7 days
ORD104012,CUST1465,Grocery,2025-06-11,202.27,1.0,0,3.45,Credit Card,West,5.0,50.0,4.0,0,Not Returned,202.27,2025-06,4-5 days
ORD103446,CUST1756,Sports,2026-03-29,1708.9,3.5,30,19.11,UPI,West,6.0,34.0,5.0,1,Better Price Found,4186.805,2026-03,6-7 days
ORD105874,CUST3898,Home & Kitchen,2024-09-08,2267.33,1.0,0,67.33500000000001,Credit Card,East,4.0,28.0,5.0,0,Not Returned,2267.33,2024-09,4-5 days
ORD103008,CUST2611,Toys,2025-04-19,463.29,1.0,25,49.86,Debit Card,East,6.0,18.0,5.0,0,Not Returned,347.46750000000003,2025-04,6-7 days
ORD102625,CUST2446,Beauty,2025-04-06,505.61,1.0,0,55.31,UPI,South,3.0,16.0,5.0,0,Not Returned,505.61,2025-04,1-3 days
ORD103499,CUST1790,Grocery,2024-11-29,522.25,1.0,25,46.96,Credit Card,Central,7.0,52.0,5.0,0,Not Returned,391.6875,2024-11,6-7 days
ORD101441,CUST4344,Electronics,2025-05-20,4558.5,1.0,20,156.84,Credit Card,South,6.0,37.0,5.0,0,Not Returned,3646.8,2025-05,6-7 days
ORD101542,CUST1903,Toys,2026-03-23,1385.13,1.0,20,130.23,Credit Card,West,6.0,16.0,5.0,1,Size Issue,1108.104,2026-03,6-7 days
ORD103809,CUST3375,Toys,2024-10-28,507.87,1.0,15,67.66,Net Banking,North,2.0,46.0,5.0,0,Not Returned,431.6895,2024-10,1-3 days
ORD101015,CUST3625,Toys,2024-10-26,1234.77,1.0,5,58.15,Net Banking,West,3.0,22.0,4.0,1,Changed Mind,1173.0314999999998,2024-10,1-3 days
ORD101436,CUST1727,Books,2025-08-04,425.27,3.5,20,155.43,Cash on Delivery,Central,4.0,30.0,3.0,0,Not Returned,1190.756,2025-08,4-5 days
ORD100960,CUST1628,Electronics,2024-09-11,4558.5,2.0,10,33.12,UPI,North,4.0,39.0,3.0,0,Not Returned,8205.300000000001,2024-09,4-5 days
ORD103940,CUST2547,Books,2025-10-25,563.57,1.0,0,19.2,Debit Card,North,3.0,35.0,5.0,0,Not Returned,563.57,2025-10,1-3 days
ORD100187,CUST1308,Grocery,2024-08-26,394.52,1.0,10,119.25,Cash on Delivery,West,3.0,31.0,5.0,0,Not Returned,355.068,2024-08,1-3 days
ORD103401,CUST3973,Toys,2025-12-14,1459.85,1.0,20,107.8,Net Banking,North,7.0,32.0,1.0,1,Better Price Found,1167.8799999999999,2025-12,6-7 days
ORD105301,CUST1910,Fashion,2025-05-21,860.63,2.0,30,55.37,Net Banking,North,3.0,34.0,4.0,0,Not Returned,1204.8819999999998,2025-05,1-3 days
ORD103484,CUST2470,Beauty,2026-07-03,684.13,1.0,10,150.73,Net Banking,North,4.0,37.0,5.0,1,Changed Mind,615.717,2026-07,4-5 days
ORD104295,CUST3994,Electronics,2025-10-16,4558.5,2.0,0,78.48,Cash on Delivery,West,5.0,29.0,4.0,0,Not Returned,9117.0,2025-10,4-5 days
ORD100135,CUST3992,Books,2026-01-10,456.23,3.0,0,37.16,Net Banking,East,5.0,30.0,4.0,0,Not Returned,1368.69,2026-01,4-5 days
ORD103579,CUST3109,Toys,2024-09-09,773.58,2.0,30,90.77,Cash on Delivery,West,5.0,16.0,3.0,0,Not Returned,1083.012,2024-09,4-5 days
ORD104574,CUST4342,Home & Kitchen,2026-06-02,1048.74,2.0,10,93.32,Credit Card,Central,4.0,63.0,1.0,0,Not Returned,1887.732,2026-06,4-5 days
ORD103269,CUST1916,Grocery,2025-07-28,308.74,3.0,0,31.63,UPI,East,5.0,40.0,5.0,0,Not Returned,926.22,2025-07,4-5 days
ORD103328,CUST3876,Books,2025-02-06,326.12,1.0,15,23.03,UPI,East,6.0,19.0,4.0,0,Not Returned,277.202,2025-02,6-7 days
ORD104337,CUST2992,Beauty,2025-10-03,488.61,2.0,0,30.6,Net Banking,East,2.0,23.0,4.0,0,Not Returned,977.22,2025-10,1-3 days
ORD103888,CUST1488,Home & Kitchen,2025-12-26,303.97,1.0,5,67.69,Credit Card,North,6.0,45.0,4.0,0,Not Returned,288.7715,2025-12,6-7 days
ORD105686,CUST2460,Electronics,2024-08-25,4558.5,2.0,25,129.73,Cash on Delivery,Central,5.0,42.0,4.0,0,Not Returned,6837.75,2024-08,4-5 days
ORD103712,CUST2408,Electronics,2025-12-18,4558.5,1.0,0,42.92,Cash on Delivery,West,7.0,44.0,5.0,1,Changed Mind,4558.5,2025-12,6-7 days
ORD104598,CUST3753,Electronics,2026-02-10,4558.5,2.0,15,126.26,Cash on Delivery,West,4.0,50.0,3.0,0,Not Returned,7749.45,2026-02,4-5 days
ORD101320,CUST2382,Fashion,2026-07-09,998.67,2.0,0,24.77,Credit Card,South,10.0,20.0,4.0,0,Not Returned,1997.34,2026-07,8+ days
ORD105415,CUST4020,Books,2026-08-02,491.91,3.5,0,63.77,Cash on Delivery,West,3.0,33.0,2.0,0,Not Returned,1721.6850000000002,2026-08,1-3 days
ORD102094,CUST1690,Beauty,2026-02-26,747.29,1.0,20,30.58,Credit Card,South,1.0,35.0,5.0,0,Not Returned,597.832,2026-02,1-3 days
ORD101335,CUST3071,Grocery,2024-08-25,317.3,1.0,10,104.82,Credit Card,West,3.0,40.0,2.0,1,Defective Product,285.57,2024-08,1-3 days
ORD104297,CUST2637,Home & Kitchen,2024-09-15,2452.28,1.0,0,163.48,Cash on Delivery,Central,3.0,35.0,3.0,0,Not Returned,2452.28,2024-09,1-3 days
ORD102937,CUST3589,Home & Kitchen,2025-11-25,2502.16,1.0,25,50.73,Cash on Delivery,South,2.0,38.0,4.0,1,Late Delivery,1876.62,2025-11,1-3 days
ORD101031,CUST1647,Home & Kitchen,2026-01-04,805.49,1.0,15,53.55,Credit Card,Central,9.0,32.0,3.0,0,Not Returned,684.6665,2026-01,8+ days
ORD103628,CUST1371,Beauty,2025-02-09,1001.61,1.0,25,186.9,Debit Card,North,10.5,27.0,5.0,0,Not Returned,751.2075,2025-02,8+ days
ORD103812,CUST4189,Home & Kitchen,2025-03-12,2075.16,2.0,20,189.46,Cash on Delivery,East,6.0,16.0,3.0,0,Not Returned,3320.256,2025-03,6-7 days
ORD100149,CUST3333,Home & Kitchen,2024-11-14,532.04,2.0,10,37.25,Credit Card,Central,2.0,17.0,4.0,0,Not Returned,957.6719999999999,2024-11,1-3 days
ORD103813,CUST2393,Toys,2025-08-08,925.29,2.0,0,112.08,Credit Card,West,5.0,23.0,4.0,0,Not Returned,1850.58,2025-08,4-5 days
ORD101847,CUST1369,Beauty,2025-08-12,260.73,1.0,20,93.85,Credit Card,North,6.0,16.0,5.0,0,Not Returned,208.58400000000003,2025-08,6-7 days
ORD101042,CUST1207,Fashion,2024-11-29,1227.63,1.0,25,58.74,Debit Card,East,4.0,42.0,4.0,0,Not Returned,920.7225000000001,2024-11,4-5 days
ORD104486,CUST4160,Books,2025-11-22,406.85,2.0,0,96.07,UPI,West,9.0,34.0,3.0,0,Not Returned,813.7,2025-11,8+ days
ORD102838,CUST2424,Books,2025-01-02,460.31,1.0,15,15.81,UPI,East,4.0,31.0,5.0,0,Not Returned,391.26349999999996,2025-01,4-5 days
ORD102246,CUST2872,Toys,2025-06-02,1034.36,2.0,0,177.02,Debit Card,East,7.0,45.0,5.0,0,Not Returned,2068.72,2025-06,6-7 days
ORD105628,CUST2724,Home & Kitchen,2026-05-04,606.8,1.0,10,48.99,Debit Card,Central,1.0,34.0,5.0,0,Not Returned,546.12,2026-05,1-3 days
ORD100831,CUST2482,Home & Kitchen,2025-06-24,1546.04,1.0,20,59.59,Credit Card,West,5.0,21.0,3.0,0,Not Returned,1236.832,2025-06,4-5 days
ORD104912,CUST1258,Electronics,2025-12-29,4558.5,1.0,0,73.4,Net Banking,West,3.0,21.0,2.0,0,Not Returned,4558.5,2025-12,1-3 days
ORD101181,CUST2016,Toys,2025-08-03,1165.39,1.0,0,55.01,Debit Card,Central,3.0,25.0,5.0,0,Not Returned,1165.39,2025-08,1-3 days
ORD104853,CUST4451,Electronics,2025-04-29,4558.5,1.0,0,15.16,Credit Card,West,4.0,54.0,2.0,0,Not Returned,4558.5,2025-04,4-5 days
ORD102264,CUST2318,Toys,2025-10-31,1054.11,1.0,10,108.98,Credit Card,West,4.0,34.0,5.0,0,Not Returned,948.699,2025-10,4-5 days
ORD104801,CUST1123,Fashion,2026-05-04,1332.9,1.0,5,29.07,UPI,South,7.0,44.0,3.0,0,Not Returned,1266.255,2026-05,6-7 days
ORD102143,CUST1466,Beauty,2024-11-13,528.89,1.0,15,23.45,Cash on Delivery,North,3.0,46.0,1.0,0,Not Returned,449.55649999999997,2024-11,1-3 days
ORD105838,CUST2436,Toys,2026-07-14,694.88,1.0,10,84.0,Credit Card,South,6.0,39.0,4.0,0,Not Returned,625.392,2026-07,6-7 days
ORD102290,CUST1052,Beauty,2025-06-23,846.53,1.0,10,65.23,Net Banking,South,6.0,28.0,3.0,1,Wrong Item Delivered,761.877,2025-06,6-7 days
ORD101963,CUST3261,Beauty,2025-09-29,782.96,1.0,25,78.39,Cash on Delivery,North,4.0,50.0,4.0,0,Not Returned,587.22,2025-09,4-5 days
ORD102751,CUST1043,Toys,2024-12-10,1113.89,1.0,5,11.8,Net Banking,South,4.0,33.0,1.0,0,Not Returned,1058.1955,2024-12,4-5 days
ORD101136,CUST2110,Grocery,2026-04-16,407.31,1.0,5,67.33500000000001,UPI,Central,5.0,35.0,5.0,0,Not Returned,386.9445,2026-04,4-5 days
ORD104539,CUST3273,Fashion,2026-07-16,1178.52,1.0,5,8.47,UPI,North,4.0,26.0,4.0,0,Not Returned,1119.5939999999998,2026-07,4-5 days
ORD102905,CUST1141,Fashion,2024-08-19,1633.93,2.0,15,26.69,Cash on Delivery,East,3.0,23.0,4.0,0,Not Returned,2777.681,2024-08,1-3 days
ORD103063,CUST4103,Sports,2026-08-11,1415.55,1.0,25,203.85999999999999,Net Banking,West,1.0,39.0,4.0,0,Not Returned,1061.6625,2026-08,1-3 days
ORD100738,CUST3732,Sports,2025-08-09,810.17,2.0,0,139.56,Cash on Delivery,North,4.0,16.0,5.0,1,Wrong Item Delivered,1620.34,2025-08,4-5 days
ORD103184,CUST1794,Home & Kitchen,2026-04-19,3886.65,2.0,0,69.04,Debit Card,East,3.0,38.0,4.0,0,Not Returned,7773.3,2026-04,1-3 days
ORD100825,CUST3635,Fashion,2025-10-01,619.8,1.0,0,78.74,Debit Card,South,5.0,29.0,2.0,0,Not Returned,619.8,2025-10,4-5 days
ORD104004,CUST4135,Electronics,2026-02-15,4558.5,1.0,0,203.85999999999999,Credit Card,North,5.0,31.0,5.0,1,Defective Product,4558.5,2026-02,4-5 days
ORD104741,CUST1685,Grocery,2025-11-11,224.63,2.0,10,84.49,Debit Card,East,3.0,37.0,5.0,0,Not Returned,404.334,2025-11,1-3 days
ORD103644,CUST3804,Electronics,2025-01-17,4558.5,1.0,25,41.12,Net Banking,Central,2.0,41.0,3.0,0,Not Returned,3418.875,2025-01,1-3 days
ORD105650,CUST3631,Electronics,2024-10-01,1012.185,1.0,15,40.29,Credit Card,East,4.0,37.0,4.0,1,Better Price Found,860.3572499999999,2024-10,4-5 days
ORD104366,CUST2005,Beauty,2025-11-22,940.42,1.0,10,71.73,UPI,East,3.0,53.0,3.0,1,Size Issue,846.3779999999999,2025-11,1-3 days
ORD100840,CUST3156,Fashion,2026-02-09,1418.69,2.0,15,25.01,Debit Card,North,7.0,32.0,4.0,0,Not Returned,2411.773,2026-02,6-7 days
ORD102878,CUST1319,Books,2026-04-20,388.71,3.5,5,139.43,UPI,South,2.0,30.0,4.0,0,Not Returned,1292.4607499999997,2026-04,1-3 days
ORD105130,CUST2950,Electronics,2025-02-23,4558.5,2.0,30,71.15,Net Banking,West,8.0,27.0,5.0,0,Not Returned,6381.9,2025-02,8+ days
ORD104211,CUST2633,Beauty,2026-07-25,994.15,1.0,5,13.17,Credit Card,South,2.0,34.0,4.0,0,Not Returned,944.4424999999999,2026-07,1-3 days
ORD102450,CUST1150,Grocery,2025-10-24,338.44,1.0,10,30.73,Credit Card,East,5.0,36.0,4.0,0,Not Returned,304.596,2025-10,4-5 days
ORD102587,CUST1043,Grocery,2025-08-15,142.96,2.0,20,92.85,UPI,Central,6.0,53.0,4.0,0,Not Returned,228.73600000000002,2025-08,6-7 days
ORD105660,CUST1512,Fashion,2025-09-04,489.53,2.0,10,82.89,Debit Card,Central,6.0,37.0,4.0,0,Not Returned,881.154,2025-09,6-7 days
ORD105134,CUST1370,Home & Kitchen,2026-01-31,2011.55,1.0,10,88.11,Cash on Delivery,Central,4.0,33.0,5.0,0,Not Returned,1810.395,2026-01,4-5 days
ORD102350,CUST1998,Fashion,2026-06-21,1281.74,1.0,5,203.85999999999999,Net Banking,South,10.0,20.0,3.0,0,Not Returned,1217.653,2026-06,8+ days
ORD104296,CUST2191,Home & Kitchen,2025-09-28,2424.01,1.0,0,32.03,Debit Card,South,4.0,32.0,4.0,0,Not Returned,2424.01,2025-09,4-5 days
ORD102883,CUST3334,Electronics,2025-12-12,4558.5,1.0,0,63.41,Cash on Delivery,Central,1.0,16.0,1.0,1,Defective Product,4558.5,2025-12,1-3 days
ORD101990,CUST4046,Fashion,2024-11-25,1550.32,2.0,25,17.0,Debit Card,South,6.0,41.0,4.0,0,Not Returned,2325.48,2024-11,6-7 days
ORD101674,CUST4142,Sports,2026-01-21,2426.48,1.0,25,25.64,Cash on Delivery,Central,3.0,36.0,3.0,1,Wrong Item Delivered,1819.8600000000001,2026-01,1-3 days
ORD103215,CUST1827,Books,2024-09-15,561.61,2.0,0,164.95,UPI,North,9.0,47.0,3.0,0,Not Returned,1123.22,2024-09,8+ days
ORD101430,CUST2349,Books,2025-05-23,230.84,1.0,10,65.66,Net Banking,East,3.0,37.0,4.0,1,Not as Described,207.756,2025-05,1-3 days
ORD100179,CUST4465,Grocery,2025-08-11,4558.5,1.0,0,33.9,Credit Card,Central,6.0,44.0,4.0,0,Not Returned,4558.5,2025-08,6-7 days
ORD103670,CUST3839,Beauty,2026-03-26,722.4,1.0,25,74.38,Credit Card,East,5.0,34.0,4.0,0,Not Returned,541.8,2026-03,4-5 days
ORD100698,CUST1500,Fashion,2025-04-16,919.38,1.0,0,77.16,Debit Card,South,8.0,38.0,4.0,0,Not Returned,919.38,2025-04,8+ days
ORD102432,CUST2282,Grocery,2024-12-20,346.96,1.0,10,25.14,UPI,North,4.0,34.0,4.0,0,Not Returned,312.264,2024-12,4-5 days
ORD101179,CUST3741,Fashion,2024-10-21,1460.44,3.5,20,78.58,UPI,North,2.0,43.0,4.0,0,Not Returned,4089.232,2024-10,1-3 days
ORD104533,CUST2826,Grocery,2025-10-08,309.61,1.0,0,69.16,Credit Card,Central,3.0,36.0,4.0,0,Not Returned,309.61,2025-10,1-3 days
ORD104688,CUST2356,Beauty,2025-10-31,529.92,1.0,30,101.92,Debit Card,West,7.0,49.0,3.0,0,Not Returned,370.94399999999996,2025-10,6-7 days
ORD105705,CUST3054,Books,2026-08-15,273.61,1.0,5,36.61,Debit Card,Central,1.0,52.0,4.0,1,Not as Described,259.9295,2026-08,1-3 days
ORD100807,CUST3497,Books,2025-09-06,311.95,1.0,20,203.85999999999999,UPI,East,6.0,18.0,3.0,1,Defective Product,249.56,2025-09,6-7 days
ORD105818,CUST2528,Toys,2025-07-20,507.68,2.0,15,64.35,Cash on Delivery,West,7.0,34.0,5.0,0,Not Returned,863.056,2025-07,6-7 days
ORD100083,CUST3323,Toys,2024-09-30,900.22,1.0,0,75.18,UPI,South,4.0,35.0,3.0,0,Not Returned,900.22,2024-09,4-5 days
ORD102203,CUST2576,Fashion,2025-12-26,1205.63,1.0,25,80.95,Debit Card,Central,6.0,42.0,5.0,0,Not Returned,904.2225000000001,2025-12,6-7 days
ORD102921,CUST3330,Beauty,2025-10-10,660.14,1.0,25,27.55,Cash on Delivery,East,8.0,25.0,5.0,0,Not Returned,495.105,2025-10,8+ days
ORD103594,CUST3588,Sports,2026-01-27,1245.03,1.0,15,21.72,Debit Card,Central,2.0,34.0,5.0,1,Not as Described,1058.2755,2026-01,1-3 days
ORD101282,CUST1549,Toys,2025-09-30,817.4,1.0,10,68.77,Net Banking,East,6.0,31.0,5.0,0,Not Returned,735.66,2025-09,6-7 days
ORD105685,CUST2264,Electronics,2025-04-05,4558.5,1.0,0,36.22,Debit Card,South,4.0,54.0,5.0,1,Better Price Found,4558.5,2025-04,4-5 days
ORD101442,CUST2495,Books,2026-03-16,1012.185,1.0,0,173.26,UPI,Central,3.0,39.0,5.0,0,Not Returned,1012.185,2026-03,1-3 days
ORD100398,CUST4113,Home & Kitchen,2026-01-30,967.15,1.0,0,28.78,UPI,South,6.0,39.0,5.0,0,Not Returned,967.15,2026-01,6-7 days
ORD105522,CUST4187,Beauty,2025-09-15,741.17,1.0,20,203.85999999999999,Credit Card,East,4.0,24.0,5.0,0,Not Returned,592.936,2025-09,4-5 days
ORD101787,CUST4292,Grocery,2025-07-22,243.18,1.0,20,117.58,Credit Card,North,6.0,27.0,5.0,0,Not Returned,194.544,2025-07,6-7 days
ORD104780,CUST3474,Beauty,2025-01-05,593.51,3.0,5,65.92,Credit Card,Central,2.0,44.0,4.0,0,Not Returned,1691.5034999999998,2025-01,1-3 days
ORD102762,CUST2790,Toys,2026-05-25,915.38,1.0,15,29.15,Net Banking,Central,4.0,40.0,5.0,0,Not Returned,778.073,2026-05,4-5 days
ORD101704,CUST3361,Toys,2025-02-27,910.34,1.0,15,181.56,Cash on Delivery,South,4.0,43.0,4.0,0,Not Returned,773.789,2025-02,4-5 days
ORD101268,CUST4011,Grocery,2026-07-13,417.38,1.0,5,67.33500000000001,Net Banking,East,3.0,44.0,4.0,0,Not Returned,396.51099999999997,2026-07,1-3 days
ORD104816,CUST2601,Beauty,2025-10-12,488.63,2.0,15,24.66,Net Banking,East,2.0,21.0,4.0,0,Not Returned,830.6709999999999,2025-10,1-3 days
ORD101059,CUST2765,Electronics,2026-04-30,4558.5,1.0,0,14.54,Net Banking,North,4.0,34.0,3.0,0,Not Returned,4558.5,2026-04,4-5 days
ORD104919,CUST3558,Grocery,2025-11-20,388.27,1.0,10,129.55,Debit Card,South,7.0,47.0,4.0,0,Not Returned,349.443,2025-11,6-7 days
ORD102647,CUST3542,Grocery,2025-08-06,245.2,1.0,5,37.37,Credit Card,East,7.0,30.0,5.0,0,Not Returned,232.93999999999997,2025-08,6-7 days
ORD103593,CUST2874,Sports,2025-05-19,2348.49,1.0,10,2.23,Debit Card,South,1.0,25.0,3.0,0,Not Returned,2113.641,2025-05,1-3 days
ORD104944,CUST2372,Books,2025-08-06,373.82,1.0,0,62.04,Credit Card,West,4.0,38.0,3.0,0,Not Returned,373.82,2025-08,4-5 days
ORD100183,CUST3609,Sports,2026-03-05,1893.05,1.0,0,18.64,Net Banking,South,6.0,32.0,5.0,1,Not as Described,1893.05,2026-03,6-7 days
ORD104132,CUST3651,Fashion,2025-10-19,1656.95,1.0,10,6.37,UPI,East,7.0,53.0,3.0,0,Not Returned,1491.255,2025-10,6-7 days
ORD102389,CUST4223,Fashion,2024-11-04,1042.4,1.0,10,88.49,UPI,South,8.0,45.0,5.0,0,Not Returned,938.1600000000001,2024-11,8+ days
ORD103099,CUST3914,Toys,2026-01-06,1012.185,2.0,10,64.76,Cash on Delivery,East,6.0,52.0,4.0,1,Defective Product,1821.933,2026-01,6-7 days
ORD105390,CUST3688,Grocery,2026-08-12,262.18,2.0,10,203.85999999999999,Debit Card,South,8.0,36.0,1.0,0,Not Returned,471.92400000000004,2026-08,8+ days
ORD100056,CUST1372,Fashion,2025-08-26,484.58,1.0,30,63.84,Net Banking,North,2.0,41.0,2.0,0,Not Returned,339.20599999999996,2025-08,1-3 days
ORD101788,CUST1497,Sports,2026-03-22,2970.45,1.0,0,94.48,UPI,West,5.0,31.0,4.0,0,Not Returned,2970.45,2026-03,4-5 days
ORD104090,CUST2251,Grocery,2025-01-12,148.41,1.0,10,72.4,UPI,Central,3.0,30.0,5.0,1,Defective Product,133.569,2025-01,1-3 days
ORD100121,CUST2140,Electronics,2025-06-23,4558.5,1.0,25,55.51,Credit Card,Central,5.0,31.0,5.0,0,Not Returned,3418.875,2025-06,4-5 days
ORD104672,CUST4089,Grocery,2026-07-21,180.02,1.0,5,36.89,UPI,East,5.0,32.0,4.0,0,Not Returned,171.019,2026-07,4-5 days
ORD102397,CUST3235,Beauty,2026-03-24,829.2,1.0,0,146.71,Cash on Delivery,Central,5.0,35.0,4.0,0,Not Returned,829.2,2026-03,4-5 days
ORD104749,CUST3380,Electronics,2025-07-31,4558.5,2.0,15,51.28,Net Banking,Central,6.0,26.0,4.0,0,Not Returned,7749.45,2025-07,6-7 days
ORD105420,CUST1765,Sports,2026-02-03,2775.18,2.0,15,60.57,Debit Card,West,7.0,27.0,5.0,0,Not Returned,4717.806,2026-02,6-7 days
ORD102331,CUST3521,Books,2026-07-01,467.11,2.0,0,81.45,Debit Card,East,3.0,39.0,4.0,0,Not Returned,934.22,2026-07,1-3 days
ORD100889,CUST1973,Home & Kitchen,2026-03-09,2674.57,1.0,5,63.36,UPI,East,10.0,24.0,2.0,0,Not Returned,2540.8415,2026-03,8+ days
ORD102609,CUST1436,Sports,2025-06-12,1839.28,1.0,15,117.65,Net Banking,South,7.0,31.0,1.0,0,Not Returned,1563.388,2025-06,6-7 days
ORD105246,CUST1508,Beauty,2026-03-19,661.83,2.0,10,45.77,Cash on Delivery,East,3.0,23.0,5.0,1,Late Delivery,1191.294,2026-03,1-3 days
ORD100706,CUST4470,Beauty,2025-08-06,616.76,3.5,25,79.36,Net Banking,Central,1.0,48.0,4.0,0,Not Returned,1618.995,2025-08,1-3 days
ORD100275,CUST3734,Sports,2026-03-27,1941.51,2.0,10,67.33500000000001,Credit Card,East,4.0,18.0,1.0,0,Not Returned,3494.718,2026-03,4-5 days
ORD100746,CUST1719,Beauty,2026-02-16,708.55,1.0,20,17.88,Debit Card,South,5.0,27.0,4.0,0,Not Returned,566.84,2026-02,4-5 days
ORD104065,CUST2812,Fashion,2026-05-14,1011.75,1.0,5,133.65,UPI,South,4.0,38.0,2.0,0,Not Returned,961.1624999999999,2026-05,4-5 days
ORD104190,CUST3790,Electronics,2024-09-06,4558.5,2.0,0,30.23,Cash on Delivery,Central,5.0,34.0,5.0,1,Not as Described,9117.0,2024-09,4-5 days
ORD102909,CUST1908,Toys,2024-08-23,891.56,3.0,20,18.85,Credit Card,West,2.0,49.0,5.0,0,Not Returned,2139.744,2024-08,1-3 days
ORD100402,CUST2238,Electronics,2025-05-09,2727.18,1.0,25,78.82,Cash on Delivery,Central,7.0,41.0,3.0,0,Not Returned,2045.3849999999998,2025-05,6-7 days
ORD102242,CUST3955,Books,2026-01-25,546.68,1.0,15,87.36,UPI,West,8.0,21.0,2.0,1,Defective Product,464.67799999999994,2026-01,8+ days
ORD103028,CUST3217,Sports,2024-11-28,855.25,2.0,10,98.56,Debit Card,East,5.0,28.0,4.0,0,Not Returned,1539.45,2024-11,4-5 days
ORD100000,CUST1102,Fashion,2025-11-29,1408.62,2.0,10,59.78,UPI,South,8.0,42.0,1.0,0,Not Returned,2535.516,2025-11,8+ days
ORD102302,CUST1918,Books,2026-02-10,334.53,1.0,5,73.3,Net Banking,West,5.0,34.0,3.0,1,Late Delivery,317.8035,2026-02,4-5 days
ORD104461,CUST1585,Beauty,2024-09-08,673.32,1.0,5,127.2,Net Banking,North,8.0,34.0,3.0,1,Size Issue,639.654,2024-09,8+ days
ORD105514,CUST2081,Books,2026-05-27,219.4,1.0,30,32.77,Net Banking,West,5.0,19.0,4.0,1,Not as Described,153.57999999999998,2026-05,4-5 days
ORD103315,CUST4253,Books,2025-03-26,483.57,1.0,5,145.09,Debit Card,Central,2.0,35.0,5.0,0,Not Returned,459.39149999999995,2025-03,1-3 days
ORD104579,CUST4325,Home & Kitchen,2026-04-24,479.64,3.0,15,203.37,Debit Card,East,5.0,38.0,3.0,0,Not Returned,1223.082,2026-04,4-5 days
ORD101953,CUST4101,Grocery,2024-11-14,324.26,1.0,20,131.7,Cash on Delivery,East,6.0,42.0,4.0,1,Better Price Found,259.408,2024-11,6-7 days
ORD101555,CUST3677,Sports,2026-02-08,436.12,1.0,0,13.3,UPI,Central,4.0,30.0,1.0,1,Defective Product,436.12,2026-02,4-5 days
ORD104954,CUST1563,Books,2024-10-16,402.87,1.0,0,38.18,UPI,Central,3.0,16.0,5.0,1,Defective Product,402.87,2024-10,1-3 days
ORD103658,CUST3878,Home & Kitchen,2025-10-17,2744.48,1.0,0,9.05,UPI,South,9.0,47.0,4.0,0,Not Returned,2744.48,2025-10,8+ days
ORD101078,CUST3127,Beauty,2026-03-29,1088.2,1.0,20,53.06,UPI,North,7.0,20.0,5.0,0,Not Returned,870.5600000000001,2026-03,6-7 days
ORD100757,CUST2659,Electronics,2025-03-18,4558.5,1.0,20,88.91,UPI,West,8.0,64.0,4.0,0,Not Returned,3646.8,2025-03,8+ days
ORD104679,CUST1234,Fashion,2025-12-27,947.69,1.0,25,64.21,Net Banking,South,3.0,24.0,5.0,0,Not Returned,710.7675,2025-12,1-3 days
ORD102967,CUST2432,Grocery,2024-12-20,258.09,1.0,0,147.43,UPI,Central,3.0,36.0,5.0,0,Not Returned,258.09,2024-12,1-3 days
ORD104083,CUST4331,Books,2025-11-02,503.66,2.0,10,108.08,UPI,West,3.0,55.0,5.0,0,Not Returned,906.5880000000001,2025-11,1-3 days
ORD105236,CUST3340,Fashion,2025-07-02,904.92,1.0,25,67.33500000000001,UPI,Central,5.0,21.0,5.0,0,Not Returned,678.6899999999999,2025-07,4-5 days
ORD102016,CUST4067,Sports,2026-06-03,1755.57,1.0,5,65.44,Net Banking,North,3.0,44.0,3.0,0,Not Returned,1667.7914999999998,2026-06,1-3 days
ORD101107,CUST4174,Beauty,2025-06-14,570.91,1.0,5,167.49,Credit Card,East,4.0,37.0,3.0,0,Not Returned,542.3644999999999,2025-06,4-5 days
ORD100739,CUST1903,Home & Kitchen,2025-04-01,758.91,1.0,5,37.54,Credit Card,South,3.0,53.0,5.0,0,Not Returned,720.9644999999999,2025-04,1-3 days
ORD101354,CUST1925,Home & Kitchen,2026-08-12,2318.73,1.0,0,31.25,Debit Card,Central,6.0,23.0,3.0,0,Not Returned,2318.73,2026-08,6-7 days
ORD103173,CUST2367,Sports,2025-06-17,1012.185,3.0,0,64.79,Credit Card,South,3.0,41.0,4.0,0,Not Returned,3036.555,2025-06,1-3 days
ORD104561,CUST2317,Electronics,2025-02-14,4558.5,1.0,0,70.03,Debit Card,Central,2.0,37.0,2.0,1,Wrong Item Delivered,4558.5,2025-02,1-3 days
ORD102414,CUST1742,Sports,2025-01-08,1172.52,1.0,0,18.53,UPI,Central,6.0,47.0,4.0,0,Not Returned,1172.52,2025-01,6-7 days
ORD102654,CUST2733,Sports,2025-09-07,1110.16,3.0,25,38.29,Net Banking,East,3.0,41.0,4.0,0,Not Returned,2497.8600000000006,2025-09,1-3 days
ORD103467,CUST1288,Grocery,2024-09-13,236.58,2.0,15,21.26,Credit Card,West,3.0,44.0,5.0,0,Not Returned,402.18600000000004,2024-09,1-3 days
ORD102219,CUST3037,Books,2025-04-07,229.46,1.0,0,149.33,Cash on Delivery,Central,4.0,34.0,3.0,1,Late Delivery,229.46,2025-04,4-5 days
ORD102969,CUST1597,Fashion,2025-07-08,1092.57,3.0,10,60.08,Debit Card,Central,5.0,23.0,5.0,1,Size Issue,2949.9390000000003,2025-07,4-5 days
ORD104586,CUST1368,Toys,2025-05-07,685.56,1.0,0,203.85999999999999,Debit Card,North,5.0,21.0,4.0,0,Not Returned,685.56,2025-05,4-5 days
ORD101749,CUST1583,Beauty,2026-07-30,902.01,3.5,15,53.11,Net Banking,West,5.0,30.0,3.0,1,Wrong Item Delivered,2683.47975,2026-07,4-5 days
ORD100961,CUST2519,Home & Kitchen,2025-12-28,371.71,2.0,15,193.62,Debit Card,East,2.0,43.0,5.0,0,Not Returned,631.9069999999999,2025-12,1-3 days
ORD102670,CUST2524,Electronics,2026-01-13,1673.76,1.0,0,40.26,Debit Card,East,9.0,40.0,5.0,0,Not Returned,1673.76,2026-01,8+ days
ORD104961,CUST2300,Home & Kitchen,2024-11-25,3800.11,1.0,25,53.91,Credit Card,West,6.0,25.0,2.0,0,Not Returned,2850.0825,2024-11,6-7 days
ORD101935,CUST1926,Books,2025-07-24,459.92,1.0,10,109.33,UPI,North,2.0,34.0,4.0,0,Not Returned,413.928,2025-07,1-3 days
ORD100407,CUST4083,Books,2025-11-28,278.16,3.5,0,190.42,Debit Card,West,8.0,16.0,5.0,1,Changed Mind,973.5600000000001,2025-11,8+ days
ORD101702,CUST2758,Grocery,2025-04-20,339.66,1.0,20,203.85999999999999,Cash on Delivery,East,9.0,46.0,5.0,0,Not Returned,271.728,2025-04,8+ days
ORD104849,CUST3010,Home & Kitchen,2026-06-15,3705.11,1.0,5,172.0,Credit Card,East,3.0,42.0,1.0,0,Not Returned,3519.8545,2026-06,1-3 days
ORD100115,CUST3676,Electronics,2024-09-27,4558.5,1.0,20,18.42,Cash on Delivery,North,6.0,34.0,4.0,0,Not Returned,3646.8,2024-09,6-7 days
ORD100521,CUST2561,Electronics,2026-06-17,4558.5,1.0,5,64.9,Credit Card,Central,5.0,47.0,1.0,1,Changed Mind,4330.575,2026-06,4-5 days
ORD101586,CUST3595,Books,2025-07-15,470.78,1.0,20,39.44,UPI,South,2.0,44.0,4.0,0,Not Returned,376.624,2025-07,1-3 days
ORD100740,CUST3454,Electronics,2025-06-03,4558.5,1.0,5,89.91,UPI,South,6.0,21.0,4.0,0,Not Returned,4330.575,2025-06,6-7 days
ORD101222,CUST3368,Fashion,2026-02-15,455.01,1.0,10,52.25,Debit Card,West,8.0,43.0,5.0,0,Not Returned,409.509,2026-02,8+ days
ORD105926,CUST2024,Books,2026-06-24,246.97,2.0,0,67.33500000000001,Cash on Delivery,South,5.0,21.0,4.0,0,Not Returned,493.94,2026-06,4-5 days
ORD101010,CUST4464,Grocery,2026-06-04,216.54,1.0,25,86.98,Net Banking,East,7.0,44.0,3.0,0,Not Returned,162.405,2026-06,6-7 days
ORD101444,CUST3234,Beauty,2025-01-12,426.56,1.0,15,138.55,Net Banking,West,5.0,28.0,1.0,0,Not Returned,362.57599999999996,2025-01,4-5 days
ORD100747,CUST3181,Sports,2024-11-21,1731.53,1.0,0,48.98,Credit Card,North,5.0,20.0,5.0,0,Not Returned,1731.53,2024-11,4-5 days
ORD105668,CUST4388,Fashion,2025-12-01,989.84,1.0,15,131.1,Debit Card,West,4.0,43.0,4.0,0,Not Returned,841.364,2025-12,4-5 days
ORD105080,CUST4118,Fashion,2025-11-02,1145.17,2.0,0,63.61,Cash on Delivery,West,1.0,19.0,5.0,0,Not Returned,2290.34,2025-11,1-3 days
ORD104052,CUST4212,Books,2026-07-24,262.99,1.0,20,79.81,Debit Card,East,1.0,37.0,5.0,0,Not Returned,210.39200000000002,2026-07,1-3 days
ORD104315,CUST3690,Books,2026-04-26,304.95,2.0,30,104.07,UPI,Central,5.0,16.0,4.0,0,Not Returned,426.92999999999995,2026-04,4-5 days
ORD104378,CUST4163,Electronics,2025-06-08,4558.5,1.0,15,98.21,Credit Card,Central,2.0,37.0,4.0,0,Not Returned,3874.725,2025-06,1-3 days
ORD101146,CUST3254,Sports,2024-11-27,1758.35,1.0,10,62.17,Net Banking,East,8.0,41.0,5.0,0,Not Returned,1582.5149999999999,2024-11,8+ days
ORD102091,CUST2283,Fashion,2026-08-10,1123.22,1.0,15,60.2,UPI,North,10.5,47.0,5.0,0,Not Returned,954.737,2026-08,8+ days
ORD104094,CUST4125,Books,2026-04-18,241.57,2.0,10,141.87,UPI,South,2.0,39.0,5.0,0,Not Returned,434.826,2026-04,1-3 days
ORD104979,CUST3427,Beauty,2024-10-25,517.13,1.0,20,75.78,Debit Card,West,4.0,33.0,4.0,0,Not Returned,413.704,2024-10,4-5 days
ORD104865,CUST3730,Beauty,2025-09-16,941.1,1.0,10,83.74,UPI,East,6.0,26.0,4.0,0,Not Returned,846.99,2025-09,6-7 days
ORD101497,CUST2892,Sports,2025-10-02,1360.97,2.0,0,134.99,Debit Card,East,4.0,29.0,5.0,0,Not Returned,2721.94,2025-10,4-5 days
ORD103059,CUST1132,Grocery,2025-01-07,399.93,1.0,10,48.49,Net Banking,West,7.0,19.0,3.0,1,Late Delivery,359.937,2025-01,6-7 days
ORD101079,CUST3483,Books,2025-07-19,324.0,1.0,0,69.24,UPI,West,4.0,21.0,4.0,1,Late Delivery,324.0,2025-07,4-5 days
ORD103772,CUST4384,Beauty,2024-09-18,848.2,1.0,5,80.74,Credit Card,Central,4.0,27.0,5.0,1,Defective Product,805.79,2024-09,4-5 days
ORD105439,CUST2962,Fashion,2025-04-21,1218.64,1.0,5,19.48,Net Banking,South,4.0,41.0,4.0,0,Not Returned,1157.708,2025-04,4-5 days
ORD104154,CUST3909,Home & Kitchen,2024-10-23,3504.75,1.0,0,45.46,Net Banking,West,4.0,26.0,5.0,0,Not Returned,3504.75,2024-10,4-5 days
ORD105540,CUST1086,Toys,2025-12-05,1012.185,1.0,20,84.98,Net Banking,North,4.0,18.0,1.0,1,Wrong Item Delivered,809.748,2025-12,4-5 days
ORD100117,CUST3982,Home & Kitchen,2024-10-02,916.29,1.0,0,129.95,UPI,South,5.0,28.0,1.0,1,Size Issue,916.29,2024-10,4-5 days
ORD104990,CUST2472,Electronics,2025-08-05,4558.5,1.0,0,99.19,Net Banking,West,7.0,33.0,5.0,0,Not Returned,4558.5,2025-08,6-7 days
ORD103872,CUST4122,Fashion,2024-11-26,1750.0,1.0,10,30.14,Cash on Delivery,West,5.0,52.0,3.0,0,Not Returned,1575.0,2024-11,4-5 days
ORD101195,CUST1547,Beauty,2025-01-26,277.66,1.0,15,64.04,UPI,Central,3.0,41.0,4.0,0,Not Returned,236.01100000000002,2025-01,1-3 days
ORD100991,CUST3259,Beauty,2025-07-26,373.06,1.0,20,102.33,Cash on Delivery,South,6.0,33.0,4.0,1,Better Price Found,298.44800000000004,2025-07,6-7 days
ORD104098,CUST4011,Home & Kitchen,2025-08-03,3456.15,3.5,15,54.03,Debit Card,North,6.0,33.0,5.0,0,Not Returned,10282.04625,2025-08,6-7 days
ORD101169,CUST4312,Sports,2025-03-06,1917.0,2.0,25,69.05,Cash on Delivery,Central,4.0,33.0,4.0,1,Size Issue,2875.5,2025-03,4-5 days
ORD105335,CUST3599,Beauty,2026-04-28,861.97,1.0,30,64.72,Debit Card,South,3.0,31.0,5.0,0,Not Returned,603.379,2026-04,1-3 days
ORD104851,CUST1373,Grocery,2024-09-16,230.97,1.0,10,34.95,Debit Card,West,5.0,28.0,5.0,0,Not Returned,207.873,2024-09,4-5 days
ORD101729,CUST2340,Beauty,2026-04-28,4558.5,1.0,15,119.35,Credit Card,East,2.0,49.0,3.0,0,Not Returned,3874.725,2026-04,1-3 days
ORD105721,CUST2862,Beauty,2025-08-18,785.78,3.0,30,128.0,UPI,Central,2.0,22.0,4.0,0,Not Returned,1650.138,2025-08,1-3 days
ORD102616,CUST4153,Grocery,2025-10-04,226.55,1.0,0,94.69,Net Banking,South,6.0,40.0,5.0,1,Changed Mind,226.55,2025-10,6-7 days
ORD101730,CUST2870,Electronics,2024-10-21,4235.83,2.0,0,110.18,Credit Card,Central,6.0,26.0,5.0,0,Not Returned,8471.66,2024-10,6-7 days
ORD103557,CUST1360,Home & Kitchen,2025-11-09,3469.07,3.5,5,67.33500000000001,Debit Card,East,5.0,39.0,4.0,0,Not Returned,11534.65775,2025-11,4-5 days
ORD102979,CUST2843,Home & Kitchen,2024-11-08,2639.11,1.0,0,67.33500000000001,UPI,Central,4.0,30.0,3.0,0,Not Returned,2639.11,2024-11,4-5 days
ORD100334,CUST1468,Home & Kitchen,2025-07-31,3022.57,1.0,10,67.33500000000001,Net Banking,North,6.0,40.0,5.0,0,Not Returned,2720.313,2025-07,6-7 days
ORD104674,CUST4176,Electronics,2026-05-28,4558.5,1.0,0,79.74,UPI,South,5.0,52.0,4.0,0,Not Returned,4558.5,2026-05,4-5 days
ORD104916,CUST2702,Fashion,2024-12-19,4558.5,1.0,0,5.63,UPI,South,4.0,39.0,5.0,0,Not Returned,4558.5,2024-12,4-5 days
ORD105237,CUST2332,Sports,2024-11-18,3061.63,3.5,0,115.91,Cash on Delivery,North,5.0,52.0,3.0,0,Not Returned,10715.705,2024-11,4-5 days
ORD100610,CUST4368,Beauty,2025-10-20,805.89,3.5,0,37.31,Debit Card,West,6.0,38.0,4.0,1,Changed Mind,2820.615,2025-10,6-7 days
ORD102573,CUST3855,Home & Kitchen,2025-09-25,2893.28,1.0,0,68.56,UPI,West,6.0,26.0,1.0,0,Not Returned,2893.28,2025-09,6-7 days
ORD100671,CUST3008,Grocery,2026-01-02,234.01,1.0,0,52.67,Cash on Delivery,East,1.0,19.0,5.0,0,Not Returned,234.01,2026-01,1-3 days
ORD100639,CUST4375,Grocery,2026-07-13,325.91,1.0,15,27.35,Cash on Delivery,South,6.0,33.0,4.0,0,Not Returned,277.0235,2026-07,6-7 days
ORD100510,CUST3703,Fashion,2025-10-16,1514.96,1.0,0,67.33500000000001,Cash on Delivery,Central,5.0,37.0,5.0,0,Not Returned,1514.96,2025-10,4-5 days
ORD102639,CUST4419,Home & Kitchen,2025-02-02,3018.94,1.0,20,40.64,Debit Card,East,4.0,31.0,5.0,0,Not Returned,2415.152,2025-02,4-5 days
ORD102040,CUST3651,Grocery,2025-05-19,227.39,1.0,20,28.41,Credit Card,East,3.0,44.0,4.0,1,Late Delivery,181.912,2025-05,1-3 days
ORD101218,CUST2893,Grocery,2024-09-30,169.26,2.0,0,126.6,UPI,East,5.0,38.0,3.0,1,Wrong Item Delivered,338.52,2024-09,4-5 days
ORD105284,CUST3593,Fashion,2025-03-03,1108.1,3.5,15,53.3,Debit Card,East,7.0,34.0,4.0,0,Not Returned,3296.5974999999994,2025-03,6-7 days
ORD104408,CUST4262,Sports,2024-09-08,2716.31,1.0,5,40.93,UPI,South,6.0,16.0,1.0,0,Not Returned,2580.4945,2024-09,6-7 days
ORD102082,CUST3788,Fashion,2025-08-19,1120.6,1.0,0,58.94,Credit Card,Central,4.0,34.0,1.0,1,Defective Product,1120.6,2025-08,4-5 days
ORD104243,CUST3091,Toys,2025-08-29,603.4,1.0,0,87.52,Debit Card,North,3.0,41.0,5.0,0,Not Returned,603.4,2025-08,1-3 days
ORD103513,CUST1295,Beauty,2025-02-05,1012.185,1.0,10,115.48,Debit Card,Central,4.0,37.0,4.0,0,Not Returned,910.9665,2025-02,4-5 days
ORD104156,CUST2283,Books,2025-02-25,457.07,2.0,15,174.89,Cash on Delivery,West,4.0,27.0,3.0,1,Better Price Found,777.019,2025-02,4-5 days
ORD105377,CUST1021,Toys,2025-05-04,201.16,1.0,10,90.17,Net Banking,East,4.0,24.0,3.0,0,Not Returned,181.044,2025-05,4-5 days
ORD102885,CUST3286,Electronics,2025-10-01,4558.5,2.0,0,149.17,Net Banking,South,5.0,42.0,1.0,0,Not Returned,9117.0,2025-10,4-5 days
ORD100965,CUST2141,Toys,2025-04-05,412.92,1.0,15,161.09,UPI,South,4.0,35.0,3.0,1,Better Price Found,350.982,2025-04,4-5 days
ORD103339,CUST1064,Beauty,2024-10-10,776.13,2.0,20,73.97,Debit Card,South,7.0,44.0,5.0,0,Not Returned,1241.808,2024-10,6-7 days
ORD105543,CUST1284,Beauty,2025-11-06,155.07,1.0,15,69.68,Credit Card,North,5.0,32.0,5.0,1,Defective Product,131.80949999999999,2025-11,4-5 days
ORD102483,CUST4422,Grocery,2025-12-09,158.23,1.0,0,63.09,Net Banking,East,5.0,36.0,5.0,0,Not Returned,158.23,2025-12,4-5 days
ORD104999,CUST1625,Toys,2025-10-28,163.79,1.0,0,25.42,Credit Card,East,2.0,47.0,4.0,0,Not Returned,163.79,2025-10,1-3 days
ORD105847,CUST2698,Grocery,2026-06-09,413.6,1.0,5,25.62,Credit Card,Central,8.0,27.0,4.0,0,Not Returned,392.92,2026-06,8+ days
ORD105369,CUST3585,Sports,2024-08-20,2482.84,1.0,5,45.12,Net Banking,Central,6.0,37.0,5.0,1,Changed Mind,2358.698,2024-08,6-7 days
ORD103971,CUST3602,Electronics,2025-01-13,4558.5,1.0,5,100.07,Debit Card,North,4.0,29.0,5.0,0,Not Returned,4330.575,2025-01,4-5 days
ORD103750,CUST2825,Beauty,2025-04-01,596.67,2.0,25,136.47,Net Banking,West,1.0,45.0,5.0,1,Size Issue,895.0049999999999,2025-04,1-3 days
ORD102516,CUST1584,Toys,2025-06-15,1009.04,1.0,25,34.07,Debit Card,South,4.0,25.0,5.0,0,Not Returned,756.78,2025-06,4-5 days
ORD104828,CUST2580,Books,2026-06-16,429.0,1.0,15,52.01,Net Banking,West,2.0,30.0,5.0,0,Not Returned,364.65,2026-06,1-3 days
ORD101175,CUST1791,Sports,2025-12-24,1671.0,1.0,25,67.33500000000001,Cash on Delivery,North,4.0,40.0,2.0,0,Not Returned,1253.25,2025-12,4-5 days
ORD105247,CUST1849,Home & Kitchen,2026-02-20,1360.79,1.0,5,72.53,Debit Card,East,3.0,17.0,4.0,0,Not Returned,1292.7504999999999,2026-02,1-3 days
ORD101338,CUST2979,Grocery,2026-07-02,92.27,1.0,0,105.41,Net Banking,South,3.0,25.0,4.0,0,Not Returned,92.27,2026-07,1-3 days
ORD105451,CUST3012,Electronics,2025-02-19,4558.5,1.0,25,195.05,Debit Card,South,5.0,38.0,5.0,0,Not Returned,3418.875,2025-02,4-5 days
ORD101825,CUST4320,Sports,2024-09-09,1017.42,2.0,0,68.8,Net Banking,South,4.0,40.0,4.0,0,Not Returned,2034.84,2024-09,4-5 days
ORD100915,CUST3632,Fashion,2025-04-23,1160.66,1.0,0,203.85999999999999,Net Banking,West,5.0,23.0,3.0,0,Not Returned,1160.66,2025-04,4-5 days
ORD104632,CUST4442,Beauty,2026-07-03,471.72,1.0,10,5.94,UPI,North,7.0,46.0,4.0,0,Not Returned,424.54800000000006,2026-07,6-7 days
ORD101790,CUST1910,Grocery,2026-03-12,182.17,1.0,10,113.5,Debit Card,Central,6.0,44.0,4.0,0,Not Returned,163.953,2026-03,6-7 days
ORD101188,CUST3735,Fashion,2025-02-07,1312.92,3.5,20,29.37,Credit Card,North,2.0,42.0,4.0,0,Not Returned,3676.1760000000004,2025-02,1-3 days
ORD105112,CUST3486,Beauty,2025-05-27,411.08,1.0,10,111.9,Credit Card,East,4.0,36.0,2.0,0,Not Returned,369.972,2025-05,4-5 days
ORD105815,CUST2744,Electronics,2026-04-16,4558.5,2.0,30,51.17,UPI,West,2.0,29.0,3.0,0,Not Returned,6381.9,2026-04,1-3 days
ORD103320,CUST3090,Books,2024-08-24,386.99,1.0,0,94.85,Net Banking,North,3.0,33.0,5.0,0,Not Returned,386.99,2024-08,1-3 days
ORD102281,CUST1728,Books,2026-08-01,394.5,2.0,15,65.63,Credit Card,Central,6.0,29.0,4.0,0,Not Returned,670.65,2026-08,6-7 days
ORD100683,CUST4149,Electronics,2025-12-07,4558.5,1.0,5,133.41,Cash on Delivery,South,1.0,31.0,5.0,0,Not Returned,4330.575,2025-12,1-3 days
ORD105984,CUST1326,Sports,2025-04-28,1116.12,1.0,10,80.71,Cash on Delivery,South,4.0,34.0,5.0,0,Not Returned,1004.5079999999999,2025-04,4-5 days
ORD104974,CUST1024,Fashion,2025-07-08,1144.69,1.0,10,149.65,Cash on Delivery,North,7.0,34.0,2.0,0,Not Returned,1030.221,2025-07,6-7 days
ORD100996,CUST4372,Beauty,2026-03-04,600.83,1.0,15,143.94,UPI,East,5.0,34.0,5.0,0,Not Returned,510.70550000000003,2026-03,4-5 days
ORD100210,CUST1911,Sports,2026-05-08,1545.7,2.0,15,203.85999999999999,Net Banking,East,2.0,36.0,4.0,0,Not Returned,2627.69,2026-05,1-3 days
ORD104129,CUST2072,Grocery,2024-09-09,382.23,1.0,0,97.69,UPI,East,6.0,29.0,5.0,0,Not Returned,382.23,2024-09,6-7 days
ORD103560,CUST1965,Beauty,2024-08-22,832.47,2.0,5,69.89,Debit Card,Central,3.0,29.0,3.0,1,Not as Described,1581.693,2024-08,1-3 days
ORD103003,CUST1763,Grocery,2025-09-11,351.58,1.0,0,49.49,Net Banking,North,8.0,26.0,5.0,0,Not Returned,351.58,2025-09,8+ days
ORD100987,CUST4244,Electronics,2026-08-09,4558.5,2.0,25,108.79,Debit Card,North,5.0,16.0,1.0,0,Not Returned,6837.75,2026-08,4-5 days
ORD101132,CUST3925,Books,2024-09-18,480.28,2.0,5,13.52,Net Banking,West,7.0,20.0,4.0,1,Better Price Found,912.5319999999999,2024-09,6-7 days
ORD101701,CUST1120,Toys,2026-03-05,723.25,1.0,5,19.59,Credit Card,North,9.0,34.0,3.0,1,Defective Product,687.0875,2026-03,8+ days
ORD105440,CUST2749,Toys,2024-10-02,884.08,2.0,5,62.74,Cash on Delivery,South,4.0,53.0,4.0,0,Not Returned,1679.752,2024-10,4-5 days
ORD103999,CUST2776,Home & Kitchen,2026-03-04,2182.14,2.0,15,38.65,Cash on Delivery,West,3.0,26.0,3.0,0,Not Returned,3709.6379999999995,2026-03,1-3 days
ORD100949,CUST4241,Beauty,2025-03-07,803.22,3.0,15,117.68,Cash on Delivery,Central,4.0,26.0,5.0,0,Not Returned,2048.211,2025-03,4-5 days
ORD104183,CUST3716,Electronics,2025-10-04,4558.5,1.0,30,55.9,Credit Card,East,1.0,32.0,5.0,0,Not Returned,3190.95,2025-10,1-3 days
ORD100445,CUST1244,Home & Kitchen,2024-11-30,1953.91,1.0,15,106.67,Net Banking,North,6.0,21.0,3.0,0,Not Returned,1660.8235,2024-11,6-7 days
ORD102035,CUST3132,Beauty,2025-03-27,1012.185,2.0,30,67.33500000000001,UPI,East,3.0,34.0,5.0,0,Not Returned,1417.0589999999997,2025-03,1-3 days
ORD104391,CUST3161,Books,2026-04-15,366.3,1.0,30,23.13,Debit Card,South,3.0,44.0,2.0,0,Not Returned,256.40999999999997,2026-04,1-3 days
ORD100463,CUST3125,Beauty,2024-12-25,1142.6,1.0,20,40.49,UPI,South,5.0,47.0,4.0,1,Wrong Item Delivered,914.0799999999999,2024-12,4-5 days
ORD102919,CUST2049,Fashion,2025-02-17,1569.26,2.0,15,97.82,Net Banking,Central,9.0,25.0,3.0,0,Not Returned,2667.7419999999997,2025-02,8+ days
ORD101905,CUST1659,Grocery,2026-05-30,319.93,3.5,15,139.61,UPI,West,5.0,38.0,4.0,0,Not Returned,951.7917500000001,2026-05,4-5 days
ORD104618,CUST2138,Electronics,2025-01-30,1012.185,2.0,10,93.01,Net Banking,Central,5.0,34.0,4.0,0,Not Returned,1821.933,2025-01,4-5 days
ORD104788,CUST2933,Toys,2025-12-11,697.36,1.0,0,40.93,Net Banking,North,2.0,42.0,4.0,1,Better Price Found,697.36,2025-12,1-3 days
ORD105068,CUST3606,Electronics,2024-11-06,4558.5,1.0,0,10.34,Net Banking,North,4.0,41.0,5.0,1,Wrong Item Delivered,4558.5,2024-11,4-5 days
ORD105495,CUST3853,Sports,2025-01-25,1691.7,1.0,10,201.52,Cash on Delivery,West,7.0,18.0,3.0,0,Not Returned,1522.53,2025-01,6-7 days
ORD104021,CUST1720,Sports,2025-12-13,1210.33,1.0,25,18.34,Debit Card,South,4.0,34.0,3.0,1,Size Issue,907.7475,2025-12,4-5 days
ORD101051,CUST1368,Toys,2025-08-17,957.36,2.0,10,61.12,Credit Card,Central,6.0,56.0,4.0,0,Not Returned,1723.248,2025-08,6-7 days
ORD103815,CUST1633,Sports,2024-11-01,1873.99,1.0,25,153.7,Cash on Delivery,Central,7.0,46.0,3.0,0,Not Returned,1405.4925,2024-11,6-7 days
ORD102691,CUST4049,Fashion,2024-10-28,1289.65,3.0,15,203.85999999999999,Cash on Delivery,South,2.0,36.0,4.0,0,Not Returned,3288.6075,2024-10,1-3 days
ORD100473,CUST4332,Fashion,2026-07-10,517.25,2.0,0,16.91,Credit Card,Central,3.0,45.0,1.0,0,Not Returned,1034.5,2026-07,1-3 days
ORD100868,CUST3102,Home & Kitchen,2025-07-13,1872.47,1.0,0,63.25,UPI,North,2.0,32.0,5.0,0,Not Returned,1872.47,2025-07,1-3 days
ORD104128,CUST1597,Toys,2025-06-13,1181.69,1.0,10,81.89,UPI,East,5.0,27.0,3.0,0,Not Returned,1063.5210000000002,2025-06,4-5 days
ORD105616,CUST4180,Grocery,2025-09-08,265.48,1.0,25,203.31,Net Banking,South,6.0,19.0,5.0,1,Wrong Item Delivered,199.11,2025-09,6-7 days
ORD104448,CUST1529,Home & Kitchen,2026-01-20,1787.14,1.0,25,13.89,UPI,East,7.0,43.0,5.0,0,Not Returned,1340.355,2026-01,6-7 days
ORD105436,CUST3150,Books,2025-05-24,611.91,2.0,5,17.51,UPI,Central,7.0,36.0,5.0,0,Not Returned,1162.629,2025-05,6-7 days
ORD100797,CUST4317,Electronics,2025-07-13,4558.5,1.0,5,16.83,Credit Card,East,4.0,28.0,2.0,0,Not Returned,4330.575,2025-07,4-5 days
ORD102680,CUST1039,Toys,2025-07-30,988.56,3.5,0,27.51,Net Banking,North,4.0,32.0,3.0,0,Not Returned,3459.96,2025-07,4-5 days
ORD102643,CUST3717,Toys,2025-12-26,1267.74,1.0,0,111.4,Net Banking,North,6.0,43.0,2.0,0,Not Returned,1267.74,2025-12,6-7 days
ORD101227,CUST2933,Electronics,2026-08-09,4558.5,1.0,0,113.79,Debit Card,West,5.0,35.0,5.0,1,Late Delivery,4558.5,2026-08,4-5 days
ORD100658,CUST1214,Beauty,2024-12-24,766.74,1.0,15,90.63,Credit Card,South,7.0,27.0,3.0,0,Not Returned,651.729,2024-12,6-7 days
ORD102888,CUST2878,Fashion,2025-05-07,1418.03,1.0,10,55.39,Debit Card,East,5.0,29.0,4.0,0,Not Returned,1276.227,2025-05,4-5 days
ORD103505,CUST1067,Toys,2026-04-04,883.73,1.0,5,39.57,Cash on Delivery,South,3.0,40.0,5.0,0,Not Returned,839.5435,2026-04,1-3 days
ORD103256,CUST3578,Books,2026-06-01,67.75,1.0,5,45.01,Credit Card,North,5.0,24.0,5.0,0,Not Returned,64.3625,2026-06,4-5 days
ORD105974,CUST3358,Sports,2026-03-14,1012.185,1.0,0,18.16,Debit Card,West,3.0,25.0,5.0,0,Not Returned,1012.185,2026-03,1-3 days
ORD104344,CUST2793,Books,2026-01-17,439.83,1.0,5,33.35,Credit Card,Central,7.0,36.0,1.0,0,Not Returned,417.83849999999995,2026-01,6-7 days
ORD100596,CUST2973,Fashion,2026-06-18,1323.89,1.0,20,20.24,Credit Card,South,6.0,36.0,2.0,0,Not Returned,1059.112,2026-06,6-7 days
ORD100359,CUST2783,Home & Kitchen,2026-01-18,2034.23,1.0,10,149.39,Credit Card,South,6.0,23.0,3.0,1,Better Price Found,1830.807,2026-01,6-7 days
ORD105647,CUST4200,Home & Kitchen,2025-04-22,1796.27,1.0,10,68.19,Net Banking,West,5.0,28.0,4.0,0,Not Returned,1616.643,2025-04,4-5 days
ORD102798,CUST2576,Fashion,2026-01-23,1402.33,1.0,10,70.66,Net Banking,South,5.0,38.0,5.0,0,Not Returned,1262.097,2026-01,4-5 days
ORD105197,CUST3681,Books,2025-03-29,432.43,1.0,15,203.85999999999999,Cash on Delivery,South,6.0,34.0,5.0,0,Not Returned,367.5655,2025-03,6-7 days
ORD104772,CUST2132,Electronics,2024-10-15,4558.5,1.0,0,168.06,Credit Card,Central,4.0,34.0,3.0,0,Not Returned,4558.5,2024-10,4-5 days
ORD100785,CUST2811,Books,2024-10-07,684.9,2.0,0,86.93,Credit Card,Central,3.0,29.0,4.0,0,Not Returned,1369.8,2024-10,1-3 days
ORD101216,CUST3102,Beauty,2025-07-16,438.88,2.0,20,72.13,Credit Card,South,5.0,32.0,2.0,0,Not Returned,702.2080000000001,2025-07,4-5 days
ORD104945,CUST3396,Electronics,2024-08-31,4558.5,1.0,10,78.4,Debit Card,Central,5.0,36.0,5.0,1,Changed Mind,4102.650000000001,2024-08,4-5 days
ORD103468,CUST2026,Books,2025-10-10,218.25,1.0,0,118.03,Debit Card,South,7.0,52.0,4.0,0,Not Returned,218.25,2025-10,6-7 days
ORD103176,CUST3826,Beauty,2025-11-30,1012.185,1.0,15,203.85999999999999,Cash on Delivery,Central,6.0,56.0,2.0,1,Size Issue,860.3572499999999,2025-11,6-7 days
ORD105827,CUST3524,Electronics,2025-12-06,4558.5,2.0,30,90.84,Credit Card,South,3.0,20.0,5.0,0,Not Returned,6381.9,2025-12,1-3 days
ORD104825,CUST3822,Grocery,2024-09-11,296.71,1.0,0,34.64,UPI,East,9.0,47.0,1.0,0,Not Returned,296.71,2024-09,8+ days
ORD102748,CUST4296,Home & Kitchen,2025-09-17,904.44,3.0,0,20.7,Cash on Delivery,North,5.0,34.0,4.0,0,Not Returned,2713.32,2025-09,4-5 days
ORD101283,CUST2044,Beauty,2025-05-29,486.72,1.0,25,81.25,Credit Card,West,2.0,25.0,5.0,0,Not Returned,365.04,2025-05,1-3 days
ORD101895,CUST2551,Home & Kitchen,2025-08-14,2576.57,1.0,30,42.33,Credit Card,East,2.0,35.0,1.0,0,Not Returned,1803.599,2025-08,1-3 days
ORD104858,CUST4003,Home & Kitchen,2026-06-07,2850.83,1.0,0,27.91,Net Banking,East,4.0,27.0,4.0,0,Not Returned,2850.83,2026-06,4-5 days
ORD103449,CUST1310,Beauty,2025-07-26,359.8,2.0,5,58.15,UPI,North,2.0,34.0,4.0,0,Not Returned,683.62,2025-07,1-3 days
ORD100616,CUST1258,Books,2025-01-27,442.73,1.0,0,46.08,Credit Card,Central,5.0,28.0,1.0,1,Late Delivery,442.73,2025-01,4-5 days
ORD103123,CUST3411,Books,2025-02-08,297.13,1.0,5,118.43,UPI,West,4.0,26.0,5.0,0,Not Returned,282.27349999999996,2025-02,4-5 days
ORD101279,CUST1591,Fashion,2026-05-07,1094.2,1.0,20,38.71,Credit Card,West,1.0,28.0,1.0,0,Not Returned,875.3600000000001,2026-05,1-3 days
ORD104543,CUST1002,Beauty,2026-07-30,581.72,1.0,0,67.33500000000001,Credit Card,West,4.0,36.0,2.0,1,Changed Mind,581.72,2026-07,4-5 days
ORD102316,CUST3410,Home & Kitchen,2025-05-14,1363.55,2.0,5,157.52,Credit Card,North,2.0,51.0,3.0,1,Changed Mind,2590.745,2025-05,1-3 days
ORD105268,CUST1405,Grocery,2025-01-19,188.88,1.0,5,188.79,Debit Card,West,5.0,31.0,4.0,0,Not Returned,179.43599999999998,2025-01,4-5 days
ORD100054,CUST2635,Electronics,2026-06-06,4558.5,1.0,0,130.48,Cash on Delivery,South,3.0,41.0,2.0,0,Not Returned,4558.5,2026-06,1-3 days
ORD102079,CUST3390,Electronics,2026-05-14,4558.5,2.0,30,67.33500000000001,Debit Card,West,5.0,39.0,5.0,0,Not Returned,6381.9,2026-05,4-5 days
ORD103783,CUST1488,Home & Kitchen,2025-02-13,3933.15,1.0,15,180.85,Cash on Delivery,South,3.0,44.0,4.0,0,Not Returned,3343.1775,2025-02,1-3 days
ORD103953,CUST3818,Electronics,2025-10-26,4558.5,2.0,25,96.63,Credit Card,North,4.0,25.0,5.0,1,Not as Described,6837.75,2025-10,4-5 days
ORD101329,CUST4436,Beauty,2025-09-06,760.13,1.0,5,43.14,Net Banking,South,3.0,24.0,5.0,1,Changed Mind,722.1234999999999,2025-09,1-3 days
ORD105481,CUST1683,Grocery,2026-03-20,365.89,2.0,0,136.73,Cash on Delivery,Central,10.0,31.0,2.0,0,Not Returned,731.78,2026-03,8+ days
ORD102481,CUST3677,Fashion,2024-12-24,1386.05,2.0,10,41.51,Debit Card,West,4.0,34.0,4.0,1,Better Price Found,2494.89,2024-12,4-5 days
ORD100161,CUST1409,Grocery,2026-08-18,228.51,1.0,15,29.7,Debit Card,East,5.0,25.0,5.0,0,Not Returned,194.2335,2026-08,4-5 days
ORD102600,CUST3882,Beauty,2024-08-30,356.23,1.0,5,64.83,Cash on Delivery,West,2.0,30.0,1.0,1,Not as Described,338.4185,2024-08,1-3 days
ORD103963,CUST2320,Toys,2025-10-09,984.55,1.0,10,14.06,Debit Card,South,3.0,36.0,5.0,0,Not Returned,886.095,2025-10,1-3 days
ORD105393,CUST2471,Toys,2025-07-02,1368.97,1.0,0,50.47,Debit Card,North,4.0,26.0,5.0,0,Not Returned,1368.97,2025-07,4-5 days
ORD101766,CUST4154,Beauty,2024-11-26,1057.43,1.0,5,177.2,Net Banking,South,1.0,43.0,4.0,0,Not Returned,1004.5585,2024-11,1-3 days
ORD105018,CUST4078,Beauty,2026-03-05,408.87,1.0,30,14.72,Net Banking,West,3.0,17.0,4.0,0,Not Returned,286.209,2026-03,1-3 days
ORD102464,CUST3319,Books,2024-12-13,522.83,1.0,30,58.34,Debit Card,North,5.0,51.0,3.0,0,Not Returned,365.981,2024-12,4-5 days
ORD105049,CUST4066,Toys,2024-12-01,1012.185,1.0,5,152.16,Cash on Delivery,South,3.0,18.0,5.0,0,Not Returned,961.5757499999999,2024-12,1-3 days
ORD103984,CUST3668,Grocery,2026-03-23,340.53,1.0,10,173.88,Debit Card,East,3.0,34.0,4.0,0,Not Returned,306.477,2026-03,1-3 days
ORD104013,CUST1113,Electronics,2024-12-06,4558.5,3.5,0,203.85999999999999,Debit Card,West,6.0,20.0,4.0,1,Not as Described,15954.75,2024-12,6-7 days
ORD105778,CUST4085,Electronics,2025-04-26,4558.5,2.0,20,134.26,UPI,South,4.0,34.0,3.0,0,Not Returned,7293.6,2025-04,4-5 days
ORD103272,CUST3865,Electronics,2025-06-01,4504.12,1.0,15,55.29,Cash on Delivery,North,1.0,40.0,4.0,0,Not Returned,3828.502,2025-06,1-3 days
ORD105321,CUST1216,Beauty,2026-02-07,516.43,1.0,0,203.85999999999999,UPI,North,6.0,36.0,4.0,0,Not Returned,516.43,2026-02,6-7 days
ORD100307,CUST1903,Beauty,2025-11-02,777.55,1.0,0,76.95,UPI,West,5.0,33.0,4.0,0,Not Returned,777.55,2025-11,4-5 days
ORD103634,CUST3880,Home & Kitchen,2026-03-06,3158.46,1.0,30,32.1,Debit Card,West,5.0,49.0,5.0,0,Not Returned,2210.922,2026-03,4-5 days
ORD104499,CUST3373,Home & Kitchen,2026-04-24,1765.51,2.0,25,86.66,Net Banking,North,3.0,58.0,4.0,0,Not Returned,2648.265,2026-04,1-3 days
ORD105100,CUST3613,Electronics,2025-01-03,4558.5,1.0,0,104.27,Debit Card,North,6.0,37.0,5.0,1,Wrong Item Delivered,4558.5,2025-01,6-7 days
ORD102565,CUST4171,Electronics,2025-10-15,4558.5,1.0,15,64.15,Debit Card,East,4.0,40.0,1.0,0,Not Returned,3874.725,2025-10,4-5 days
ORD103126,CUST1026,Home & Kitchen,2025-11-01,1605.35,1.0,20,24.83,Debit Card,North,3.0,51.0,4.0,0,Not Returned,1284.28,2025-11,1-3 days
ORD105873,CUST1626,Books,2026-03-04,550.76,1.0,0,117.1,Net Banking,Central,6.0,31.0,4.0,0,Not Returned,550.76,2026-03,6-7 days
ORD101731,CUST1821,Fashion,2024-08-24,1665.77,1.0,10,36.64,Net Banking,South,4.0,17.0,1.0,0,Not Returned,1499.193,2024-08,4-5 days
ORD105823,CUST2160,Books,2025-07-04,460.09,1.0,30,120.21,Cash on Delivery,South,7.0,38.0,3.0,1,Not as Described,322.063,2025-07,6-7 days
ORD102379,CUST2059,Beauty,2025-02-01,511.72,1.0,30,56.88,Credit Card,East,8.0,35.0,2.0,1,Defective Product,358.204,2025-02,8+ days
ORD101677,CUST3523,Beauty,2025-09-15,771.38,1.0,0,203.85999999999999,UPI,East,8.0,53.0,5.0,0,Not Returned,771.38,2025-09,8+ days
ORD105279,CUST1341,Sports,2025-06-07,1695.43,1.0,5,34.71,Credit Card,South,3.0,30.0,4.0,0,Not Returned,1610.6585,2025-06,1-3 days
ORD105538,CUST3009,Books,2025-01-04,434.54,1.0,5,87.64,UPI,West,8.0,52.0,5.0,0,Not Returned,412.813,2025-01,8+ days
ORD101854,CUST2325,Electronics,2026-04-28,4558.5,2.0,20,181.79,Net Banking,South,5.0,44.0,3.0,1,Size Issue,7293.6,2026-04,4-5 days
ORD103653,CUST3905,Grocery,2024-10-06,291.1,1.0,0,190.55,Cash on Delivery,South,2.0,20.0,3.0,0,Not Returned,291.1,2024-10,1-3 days
ORD105613,CUST4364,Home & Kitchen,2025-09-12,2257.55,3.5,5,155.85,Net Banking,South,4.0,16.0,4.0,1,Size Issue,7506.353750000001,2025-09,4-5 days
ORD104547,CUST4450,Electronics,2026-08-19,4558.5,3.5,5,85.02,Credit Card,South,3.0,16.0,3.0,0,Not Returned,15157.012499999999,2026-08,1-3 days
ORD103528,CUST4423,Books,2025-04-22,361.99,2.0,0,31.41,Credit Card,South,6.0,44.0,1.0,0,Not Returned,723.98,2025-04,6-7 days
ORD102718,CUST2695,Fashion,2026-07-25,1150.95,1.0,15,91.7,Net Banking,West,5.0,35.0,4.0,0,Not Returned,978.3075,2026-07,4-5 days
ORD102626,CUST1039,Home & Kitchen,2025-08-31,2065.9,2.0,0,71.1,Cash on Delivery,West,4.0,26.0,3.0,0,Not Returned,4131.8,2025-08,4-5 days
ORD100676,CUST3397,Books,2025-11-18,433.55,1.0,25,112.14,Debit Card,South,1.0,37.0,4.0,1,Not as Described,325.1625,2025-11,1-3 days
ORD104488,CUST3637,Beauty,2025-12-03,580.1,1.0,10,120.08,Cash on Delivery,North,4.0,46.0,5.0,0,Not Returned,522.09,2025-12,4-5 days
ORD104175,CUST3297,Books,2026-08-11,603.27,1.0,0,97.34,Cash on Delivery,South,3.0,55.0,2.0,1,Defective Product,603.27,2026-08,1-3 days
ORD105142,CUST2789,Books,2026-03-15,266.98,2.0,10,44.61,Cash on Delivery,Central,5.0,26.0,4.0,1,Size Issue,480.564,2026-03,4-5 days
ORD101640,CUST1872,Sports,2025-05-02,2071.37,1.0,0,116.51,Credit Card,South,5.0,45.0,4.0,0,Not Returned,2071.37,2025-05,4-5 days
ORD100028,CUST2185,Home & Kitchen,2025-02-01,1012.185,1.0,10,9.26,UPI,Central,4.0,45.0,2.0,0,Not Returned,910.9665,2025-02,4-5 days
ORD101543,CUST2125,Toys,2025-03-20,1205.83,1.0,0,42.33,Debit Card,North,4.0,34.0,5.0,0,Not Returned,1205.83,2025-03,4-5 days
ORD102702,CUST4173,Electronics,2025-08-27,4558.5,1.0,0,102.35,UPI,East,5.0,34.0,4.0,0,Not Returned,4558.5,2025-08,4-5 days
ORD103870,CUST1506,Beauty,2026-08-08,558.1,2.0,0,22.04,Debit Card,Central,10.0,38.0,5.0,0,Not Returned,1116.2,2026-08,8+ days
ORD102163,CUST4490,Home & Kitchen,2026-05-19,2972.71,1.0,15,62.98,Credit Card,South,3.0,44.0,2.0,0,Not Returned,2526.8035,2026-05,1-3 days
ORD104364,CUST3929,Grocery,2025-03-01,238.02,1.0,15,144.27,Debit Card,West,10.5,16.0,4.0,0,Not Returned,202.317,2025-03,8+ days
ORD101244,CUST1940,Fashion,2025-05-23,451.51,1.0,20,122.27,Debit Card,Central,5.0,30.0,1.0,0,Not Returned,361.208,2025-05,4-5 days
ORD103506,CUST1229,Home & Kitchen,2024-09-15,3017.18,1.0,15,55.7,Credit Card,East,3.0,16.0,4.0,0,Not Returned,2564.6029999999996,2024-09,1-3 days
ORD105518,CUST1042,Books,2025-11-19,502.71,1.0,20,20.26,Net Banking,Central,7.0,30.0,4.0,0,Not Returned,402.168,2025-11,6-7 days
ORD105394,CUST3904,Books,2026-05-26,492.06,1.0,15,20.09,Credit Card,North,5.0,30.0,3.0,1,Late Delivery,418.251,2026-05,4-5 days
ORD104184,CUST3390,Sports,2025-10-21,2173.96,2.0,10,63.27,Net Banking,North,3.0,34.0,5.0,0,Not Returned,3913.128,2025-10,1-3 days
ORD101564,CUST3499,Electronics,2026-05-10,4558.5,1.0,0,35.81,Net Banking,South,3.0,25.0,5.0,1,Late Delivery,4558.5,2026-05,1-3 days
ORD105398,CUST1129,Toys,2025-04-18,1103.77,1.0,15,135.31,Net Banking,South,2.0,33.0,4.0,0,Not Returned,938.2044999999999,2025-04,1-3 days
ORD103262,CUST4095,Electronics,2024-10-15,4558.5,2.0,20,25.66,Cash on Delivery,North,5.0,54.0,4.0,0,Not Returned,7293.6,2024-10,4-5 days
ORD102343,CUST4082,Beauty,2025-03-21,672.12,1.0,15,123.58,Credit Card,Central,4.0,37.0,4.0,1,Better Price Found,571.302,2025-03,4-5 days
ORD105645,CUST2226,Toys,2025-09-08,4558.5,2.0,0,37.5,Net Banking,North,5.0,46.0,5.0,0,Not Returned,9117.0,2025-09,4-5 days
ORD101818,CUST2566,Toys,2026-03-23,951.98,1.0,10,10.27,Net Banking,East,1.0,38.0,4.0,1,Defective Product,856.782,2026-03,1-3 days
ORD104251,CUST4452,Beauty,2026-03-16,620.8,1.0,0,46.07,Net Banking,East,3.0,29.0,4.0,0,Not Returned,620.8,2026-03,1-3 days
ORD101523,CUST1579,Sports,2025-05-18,2405.91,2.0,25,129.81,Cash on Delivery,North,4.0,55.0,3.0,0,Not Returned,3608.865,2025-05,4-5 days
ORD102236,CUST4399,Grocery,2025-04-25,335.55,2.0,20,77.18,Credit Card,West,1.0,50.0,4.0,1,Size Issue,536.88,2025-04,1-3 days
ORD100712,CUST3513,Books,2026-04-09,575.72,1.0,0,44.13,Net Banking,East,5.0,22.0,4.0,0,Not Returned,575.72,2026-04,4-5 days
ORD105761,CUST1874,Toys,2024-12-03,936.05,1.0,0,73.26,UPI,West,3.0,37.0,5.0,0,Not Returned,936.05,2024-12,1-3 days
ORD100756,CUST2710,Electronics,2026-01-19,4558.5,1.0,15,49.92,UPI,South,2.0,24.0,4.0,0,Not Returned,3874.725,2026-01,1-3 days
ORD100345,CUST3425,Grocery,2025-01-10,197.07,1.0,0,203.85999999999999,UPI,Central,5.0,42.0,4.0,0,Not Returned,197.07,2025-01,4-5 days
ORD105360,CUST3104,Electronics,2026-04-24,4558.5,3.5,10,90.56,Net Banking,Central,6.0,47.0,4.0,0,Not Returned,14359.275,2026-04,6-7 days
ORD102405,CUST3443,Home & Kitchen,2024-08-22,1937.26,1.0,5,71.08,Net Banking,Central,4.0,43.0,4.0,0,Not Returned,1840.397,2024-08,4-5 days
ORD102791,CUST1598,Beauty,2026-04-27,749.29,1.0,0,203.85999999999999,Cash on Delivery,North,3.0,34.0,4.0,0,Not Returned,749.29,2026-04,1-3 days
ORD100788,CUST1303,Sports,2025-05-03,1647.9,2.0,20,174.72,Credit Card,Central,3.0,21.0,2.0,0,Not Returned,2636.6400000000003,2025-05,1-3 days
ORD103261,CUST3185,Electronics,2025-12-22,4558.5,2.0,0,72.45,UPI,North,2.0,34.0,5.0,0,Not Returned,9117.0,2025-12,1-3 days
ORD105553,CUST1541,Fashion,2026-07-03,1328.64,1.0,15,20.61,UPI,West,4.0,28.0,5.0,0,Not Returned,1129.344,2026-07,4-5 days
ORD101997,CUST2531,Home & Kitchen,2026-02-25,3321.67,1.0,25,35.69,Debit Card,South,5.0,34.0,4.0,0,Not Returned,2491.2525,2026-02,4-5 days
ORD101989,CUST1933,Toys,2026-01-01,1237.26,1.0,0,130.41,Net Banking,South,3.0,28.0,3.0,0,Not Returned,1237.26,2026-01,1-3 days
ORD103199,CUST4259,Home & Kitchen,2026-06-19,2230.21,1.0,15,67.33500000000001,Net Banking,West,3.0,31.0,5.0,0,Not Returned,1895.6785,2026-06,1-3 days
ORD100019,CUST2083,Toys,2025-04-27,1309.31,2.0,25,31.17,Net Banking,West,5.0,43.0,1.0,0,Not Returned,1963.965,2025-04,4-5 days
ORD104542,CUST3674,Electronics,2025-11-15,4558.5,1.0,0,67.33500000000001,Debit Card,East,1.0,37.0,1.0,0,Not Returned,4558.5,2025-11,1-3 days
ORD105160,CUST2886,Toys,2025-09-16,763.59,3.5,10,43.87,Cash on Delivery,South,3.0,45.0,5.0,1,Wrong Item Delivered,2405.3085,2025-09,1-3 days
ORD105293,CUST1510,Fashion,2024-10-14,1774.02,1.0,10,61.43,UPI,South,1.0,43.0,5.0,0,Not Returned,1596.618,2024-10,1-3 days
ORD102371,CUST3648,Sports,2026-03-08,1389.09,3.0,15,161.57,Net Banking,South,7.0,38.0,4.0,0,Not Returned,3542.1794999999993,2026-03,6-7 days
ORD104030,CUST4439,Toys,2025-06-05,890.11,1.0,0,29.23,Net Banking,West,3.0,20.0,4.0,1,Not as Described,890.11,2025-06,1-3 days
ORD104867,CUST1889,Sports,2026-02-01,1156.62,3.0,20,23.89,Net Banking,North,5.0,28.0,4.0,0,Not Returned,2775.888,2026-02,4-5 days
ORD105075,CUST4079,Books,2024-10-02,128.04,1.0,10,95.07,Credit Card,North,1.0,23.0,1.0,0,Not Returned,115.23599999999999,2024-10,1-3 days
ORD103098,CUST2327,Fashion,2024-10-23,1665.44,2.0,0,34.83,Credit Card,West,8.0,37.0,4.0,0,Not Returned,3330.88,2024-10,8+ days
ORD102026,CUST1541,Fashion,2024-08-25,1557.85,1.0,5,93.5,Credit Card,Central,7.0,44.0,4.0,0,Not Returned,1479.9574999999998,2024-08,6-7 days
ORD104929,CUST1179,Electronics,2025-11-18,4558.5,1.0,5,42.41,UPI,North,7.0,34.0,4.0,0,Not Returned,4330.575,2025-11,6-7 days
ORD104044,CUST1717,Books,2024-12-02,363.58,1.0,30,152.97,UPI,Central,7.0,41.0,1.0,1,Wrong Item Delivered,254.50599999999997,2024-12,6-7 days
ORD100974,CUST1555,Toys,2025-01-12,477.75,3.0,0,51.48,Debit Card,West,3.0,26.0,4.0,0,Not Returned,1433.25,2025-01,1-3 days
ORD103504,CUST4417,Grocery,2025-09-13,282.4,2.0,20,68.97,UPI,South,3.0,40.0,3.0,0,Not Returned,451.84,2025-09,1-3 days
ORD103983,CUST2422,Toys,2025-06-27,425.42,2.0,5,29.78,Credit Card,West,4.0,56.0,2.0,0,Not Returned,808.298,2025-06,4-5 days
ORD103027,CUST3672,Sports,2024-11-23,1966.91,2.0,10,152.58,Cash on Delivery,West,6.0,41.0,3.0,1,Size Issue,3540.438,2024-11,6-7 days
ORD103321,CUST1522,Home & Kitchen,2025-06-10,2542.85,1.0,5,74.47,Cash on Delivery,Central,3.0,57.0,4.0,0,Not Returned,2415.7075,2025-06,1-3 days
ORD101153,CUST3351,Toys,2024-10-23,1277.19,1.0,10,59.82,Credit Card,Central,5.0,42.0,5.0,0,Not Returned,1149.471,2024-10,4-5 days
ORD100921,CUST1825,Beauty,2024-09-15,629.73,2.0,0,102.42,Net Banking,West,6.0,53.0,4.0,0,Not Returned,1259.46,2024-09,6-7 days
ORD104834,CUST1453,Beauty,2025-05-31,686.47,1.0,0,22.07,Credit Card,West,6.0,17.0,4.0,0,Not Returned,686.47,2025-05,6-7 days
ORD100737,CUST3429,Toys,2025-12-27,855.0,1.0,25,11.95,Debit Card,North,7.0,29.0,5.0,0,Not Returned,641.25,2025-12,6-7 days
ORD104335,CUST1466,Electronics,2025-04-22,4558.5,1.0,25,67.97,Credit Card,East,5.0,34.0,5.0,0,Not Returned,3418.875,2025-04,4-5 days
ORD101130,CUST4166,Grocery,2026-04-09,181.49,1.0,30,11.07,Debit Card,West,3.0,34.0,2.0,0,Not Returned,127.04299999999999,2026-04,1-3 days
ORD103844,CUST3734,Toys,2024-10-06,1038.38,2.0,15,76.24,UPI,North,5.0,30.0,2.0,0,Not Returned,1765.246,2024-10,4-5 days
ORD101144,CUST2934,Electronics,2025-04-17,4558.5,2.0,10,104.86,Cash on Delivery,South,2.0,28.0,5.0,0,Not Returned,8205.300000000001,2025-04,1-3 days
ORD100582,CUST3776,Toys,2025-11-15,940.51,1.0,15,17.51,Net Banking,West,4.0,37.0,4.0,0,Not Returned,799.4335,2025-11,4-5 days
ORD100129,CUST1875,Books,2025-08-09,318.88,2.0,0,140.2,UPI,North,4.0,34.0,4.0,1,Defective Product,637.76,2025-08,4-5 days
ORD104622,CUST3342,Books,2024-10-17,710.1,2.0,0,45.01,Net Banking,East,1.0,33.0,4.0,1,Better Price Found,1420.2,2024-10,1-3 days
ORD104481,CUST1187,Books,2025-04-23,288.54,2.0,10,37.3,Debit Card,North,3.0,35.0,1.0,1,Late Delivery,519.3720000000001,2025-04,1-3 days
ORD102970,CUST4351,Beauty,2025-07-06,961.89,1.0,10,26.57,Credit Card,North,3.0,39.0,5.0,0,Not Returned,865.701,2025-07,1-3 days
ORD104892,CUST1689,Books,2026-02-11,364.96,1.0,20,67.33500000000001,Net Banking,Central,5.0,27.0,5.0,1,Late Delivery,291.968,2026-02,4-5 days
ORD104399,CUST2235,Sports,2026-03-08,1585.89,1.0,0,137.08,UPI,West,8.0,39.0,4.0,0,Not Returned,1585.89,2026-03,8+ days
ORD103675,CUST1315,Sports,2026-07-20,2709.59,1.0,15,147.0,Credit Card,Central,6.0,16.0,4.0,0,Not Returned,2303.1515,2026-07,6-7 days
ORD103655,CUST1977,Beauty,2026-08-06,1221.95,1.0,15,20.78,Debit Card,North,4.0,40.0,4.0,0,Not Returned,1038.6575,2026-08,4-5 days
ORD103573,CUST2780,Sports,2025-03-15,2755.41,1.0,15,92.59,Debit Card,North,6.0,40.0,4.0,0,Not Returned,2342.0984999999996,2025-03,6-7 days
ORD102287,CUST3761,Sports,2026-01-20,1176.21,2.0,0,79.68,Cash on Delivery,North,2.0,34.0,4.0,0,Not Returned,2352.42,2026-01,1-3 days
ORD105534,CUST1607,Books,2025-07-02,573.9,1.0,10,78.54,Debit Card,Central,6.0,42.0,5.0,0,Not Returned,516.51,2025-07,6-7 days
ORD100615,CUST3498,Electronics,2025-04-15,2789.09,1.0,0,90.85,UPI,Central,7.0,52.0,5.0,0,Not Returned,2789.09,2025-04,6-7 days
ORD100563,CUST1302,Home & Kitchen,2025-09-22,3783.51,1.0,5,98.57,Net Banking,South,2.0,22.0,4.0,0,Not Returned,3594.3345,2025-09,1-3 days
ORD102092,CUST1019,Beauty,2025-11-25,1131.57,1.0,10,39.6,Cash on Delivery,North,3.0,42.0,5.0,0,Not Returned,1018.413,2025-11,1-3 days
ORD105759,CUST1156,Beauty,2025-03-10,531.33,1.0,20,194.92,UPI,East,3.0,24.0,5.0,0,Not Returned,425.0640000000001,2025-03,1-3 days
ORD105830,CUST3231,Sports,2025-11-18,1954.41,1.0,15,33.02,Net Banking,Central,6.0,21.0,4.0,0,Not Returned,1661.2485,2025-11,6-7 days
ORD101708,CUST1644,Electronics,2024-12-18,4558.5,1.0,0,145.62,Cash on Delivery,West,2.0,40.0,3.0,1,Defective Product,4558.5,2024-12,1-3 days
ORD104339,CUST4151,Electronics,2026-03-15,4558.5,1.0,5,72.72,UPI,North,4.0,34.0,4.0,0,Not Returned,4330.575,2026-03,4-5 days
ORD104006,CUST4400,Home & Kitchen,2025-06-14,4077.59,1.0,0,112.77,Debit Card,North,4.0,20.0,5.0,0,Not Returned,4077.59,2025-06,4-5 days
ORD101104,CUST2806,Beauty,2025-01-05,394.96,1.0,20,110.21,UPI,North,4.0,50.0,5.0,0,Not Returned,315.968,2025-01,4-5 days
ORD102757,CUST1037,Electronics,2025-08-02,4558.5,2.0,25,10.36,Cash on Delivery,South,4.0,42.0,4.0,0,Not Returned,6837.75,2025-08,4-5 days
ORD105747,CUST2893,Fashion,2025-01-29,1272.58,2.0,20,180.84,Debit Card,West,5.0,54.0,3.0,0,Not Returned,2036.128,2025-01,4-5 days
ORD103759,CUST1588,Grocery,2025-10-30,421.26,1.0,0,50.75,Credit Card,West,8.0,32.0,5.0,0,Not Returned,421.26,2025-10,8+ days
ORD100621,CUST3017,Electronics,2025-03-29,4558.5,2.0,25,78.79,Debit Card,North,4.0,30.0,4.0,0,Not Returned,6837.75,2025-03,4-5 days
ORD101863,CUST1645,Fashion,2024-11-26,1190.69,3.5,10,165.26,Cash on Delivery,West,7.0,25.0,4.0,0,Not Returned,3750.6735,2024-11,6-7 days
ORD103377,CUST2066,Sports,2026-03-15,808.2,1.0,20,99.74,Net Banking,Central,6.0,20.0,2.0,0,Not Returned,646.5600000000001,2026-03,6-7 days
ORD104536,CUST2529,Electronics,2026-07-27,4558.5,2.0,30,7.13,Cash on Delivery,Central,7.0,19.0,5.0,0,Not Returned,6381.9,2026-07,6-7 days
ORD102420,CUST1402,Sports,2024-10-07,1817.62,1.0,10,141.17,UPI,West,8.0,33.0,4.0,0,Not Returned,1635.858,2024-10,8+ days
ORD104053,CUST2486,Fashion,2026-07-04,698.51,1.0,0,67.33500000000001,Net Banking,East,1.0,40.0,3.0,1,Better Price Found,698.51,2026-07,1-3 days
ORD105684,CUST1196,Fashion,2025-08-07,895.29,1.0,0,67.33500000000001,UPI,West,6.0,33.0,4.0,0,Not Returned,895.29,2025-08,6-7 days
ORD105342,CUST2736,Toys,2026-07-23,290.94,1.0,5,72.23,Debit Card,East,6.0,32.0,5.0,0,Not Returned,276.393,2026-07,6-7 days
ORD105023,CUST4013,Books,2026-06-27,396.21,1.0,0,160.11,Debit Card,Central,8.0,47.0,4.0,0,Not Returned,396.21,2026-06,8+ days
ORD101384,CUST3051,Fashion,2026-01-30,755.58,1.0,25,22.49,UPI,West,8.0,18.0,5.0,0,Not Returned,566.6850000000001,2026-01,8+ days
ORD102443,CUST3206,Beauty,2024-11-29,729.4,2.0,0,89.82,Credit Card,West,7.0,23.0,5.0,0,Not Returned,1458.8,2024-11,6-7 days
ORD101421,CUST2780,Beauty,2024-10-04,520.04,1.0,5,45.3,UPI,South,7.0,33.0,4.0,0,Not Returned,494.03799999999995,2024-10,6-7 days
ORD104071,CUST3586,Beauty,2026-06-19,917.6,3.5,10,68.79,UPI,South,7.0,38.0,1.0,0,Not Returned,2890.44,2026-06,6-7 days
ORD104711,CUST2007,Beauty,2026-04-30,739.33,2.0,0,10.93,Credit Card,South,3.0,43.0,4.0,0,Not Returned,1478.66,2026-04,1-3 days
ORD103823,CUST1477,Books,2026-06-19,668.13,2.0,25,203.85999999999999,UPI,East,5.0,24.0,5.0,0,Not Returned,1002.1949999999999,2026-06,4-5 days
ORD100561,CUST2905,Beauty,2026-06-07,748.87,1.0,10,62.57,Debit Card,East,3.0,26.0,4.0,0,Not Returned,673.9830000000001,2026-06,1-3 days
ORD101739,CUST2679,Beauty,2024-12-07,866.9,1.0,0,112.71,Net Banking,East,6.0,38.0,3.0,0,Not Returned,866.9,2024-12,6-7 days
ORD102652,CUST4072,Beauty,2025-06-05,532.5,1.0,0,77.48,UPI,North,2.0,37.0,3.0,0,Not Returned,532.5,2025-06,1-3 days
ORD104956,CUST2539,Home & Kitchen,2025-01-13,2236.05,1.0,0,59.2,Credit Card,North,7.0,28.0,4.0,1,Wrong Item Delivered,2236.05,2025-01,6-7 days
ORD102526,CUST4385,Electronics,2026-01-01,3398.85,1.0,0,49.55,Net Banking,Central,2.0,43.0,1.0,0,Not Returned,3398.85,2026-01,1-3 days
ORD103294,CUST1708,Electronics,2026-01-08,4558.5,1.0,0,44.3,Debit Card,West,5.0,17.0,5.0,0,Not Returned,4558.5,2026-01,4-5 days
ORD102889,CUST2749,Fashion,2026-01-14,1012.185,1.0,20,19.25,Net Banking,South,3.0,34.0,5.0,0,Not Returned,809.748,2026-01,1-3 days
ORD102761,CUST2686,Grocery,2025-05-19,1012.185,2.0,0,12.71,Debit Card,East,5.0,22.0,3.0,0,Not Returned,2024.37,2025-05,4-5 days
ORD105693,CUST3056,Sports,2025-08-22,1907.63,2.0,0,112.8,Net Banking,South,4.0,51.0,4.0,0,Not Returned,3815.26,2025-08,4-5 days
ORD104095,CUST3433,Fashion,2024-11-22,1677.43,3.0,20,29.43,Cash on Delivery,North,5.0,27.0,5.0,0,Not Returned,4025.8320000000003,2024-11,4-5 days
ORD101754,CUST4063,Toys,2025-07-20,1477.12,2.0,0,165.65,UPI,West,2.0,16.0,3.0,0,Not Returned,2954.24,2025-07,1-3 days
ORD103617,CUST1164,Toys,2026-08-05,392.38,1.0,0,158.98,Cash on Delivery,Central,3.0,23.0,3.0,0,Not Returned,392.38,2026-08,1-3 days
ORD100145,CUST1328,Fashion,2026-07-22,875.92,1.0,30,83.19,Debit Card,South,7.0,31.0,5.0,0,Not Returned,613.1439999999999,2026-07,6-7 days
ORD102494,CUST2483,Electronics,2025-01-02,4558.5,1.0,20,85.08,Net Banking,East,5.0,23.0,4.0,0,Not Returned,3646.8,2025-01,4-5 days
ORD103470,CUST1609,Books,2026-06-05,339.01,1.0,25,179.41,Debit Card,Central,5.0,16.0,5.0,0,Not Returned,254.2575,2026-06,4-5 days
ORD100415,CUST3811,Sports,2025-10-14,2005.77,1.0,15,66.66,Cash on Delivery,Central,7.0,20.0,1.0,0,Not Returned,1704.9044999999999,2025-10,6-7 days
ORD104936,CUST3457,Books,2026-07-21,298.45,2.0,0,47.33,Cash on Delivery,North,5.0,34.0,4.0,0,Not Returned,596.9,2026-07,4-5 days
ORD100052,CUST2076,Books,2025-10-03,336.99,1.0,0,104.28,UPI,South,6.0,21.0,4.0,1,Wrong Item Delivered,336.99,2025-10,6-7 days
ORD105116,CUST1523,Electronics,2025-08-22,4558.5,2.0,15,123.86,Debit Card,West,4.0,35.0,5.0,1,Wrong Item Delivered,7749.45,2025-08,4-5 days
ORD103395,CUST2404,Sports,2026-05-11,2534.25,1.0,25,145.54,Debit Card,South,5.0,46.0,3.0,0,Not Returned,1900.6875,2026-05,4-5 days
ORD103435,CUST2160,Sports,2025-01-26,2908.51,1.0,25,203.85999999999999,Credit Card,East,6.0,16.0,2.0,1,Size Issue,2181.3825,2025-01,6-7 days
ORD105896,CUST1089,Toys,2025-08-12,806.88,1.0,20,91.35,Cash on Delivery,North,5.0,37.0,4.0,0,Not Returned,645.504,2025-08,4-5 days
ORD105675,CUST1666,Beauty,2025-02-10,501.11,1.0,5,31.84,Cash on Delivery,Central,1.0,40.0,3.0,0,Not Returned,476.0545,2025-02,1-3 days
ORD105258,CUST3229,Books,2025-03-25,167.01,3.0,0,203.85999999999999,Debit Card,East,7.0,19.0,3.0,0,Not Returned,501.03,2025-03,6-7 days
ORD102503,CUST3426,Beauty,2024-11-20,530.11,1.0,5,106.89,Credit Card,South,3.0,42.0,4.0,0,Not Returned,503.6045,2024-11,1-3 days
ORD103151,CUST3148,Beauty,2025-09-08,990.64,2.0,30,7.17,UPI,Central,7.0,43.0,4.0,1,Size Issue,1386.896,2025-09,6-7 days
ORD105202,CUST4011,Sports,2026-02-17,1330.39,1.0,5,67.33500000000001,Net Banking,West,6.0,23.0,5.0,0,Not Returned,1263.8705,2026-02,6-7 days
ORD105574,CUST3684,Grocery,2024-12-04,408.47,1.0,25,37.07,Credit Card,Central,5.0,29.0,3.0,0,Not Returned,306.3525,2024-12,4-5 days
ORD101974,CUST3193,Sports,2025-03-16,1635.07,1.0,20,52.33,Cash on Delivery,West,2.0,52.0,4.0,0,Not Returned,1308.056,2025-03,1-3 days
ORD102768,CUST4276,Home & Kitchen,2025-08-31,1305.58,1.0,20,203.85999999999999,Credit Card,West,2.0,19.0,4.0,0,Not Returned,1044.464,2025-08,1-3 days
ORD100962,CUST4125,Books,2025-05-17,308.02,1.0,25,132.34,Cash on Delivery,North,8.0,33.0,3.0,0,Not Returned,231.015,2025-05,8+ days
ORD100551,CUST1596,Toys,2025-05-20,1319.07,1.0,15,160.8,Net Banking,South,3.0,33.0,4.0,1,Changed Mind,1121.2095,2025-05,1-3 days
ORD103745,CUST2478,Electronics,2026-06-14,4558.5,1.0,0,104.6,Cash on Delivery,West,6.0,45.0,5.0,0,Not Returned,4558.5,2026-06,6-7 days
ORD105811,CUST1510,Books,2025-08-21,193.27,1.0,15,18.01,Net Banking,Central,2.0,44.0,3.0,0,Not Returned,164.2795,2025-08,1-3 days
ORD104268,CUST2240,Home & Kitchen,2026-01-31,1697.89,2.0,0,67.08,Credit Card,East,9.0,39.0,5.0,0,Not Returned,3395.78,2026-01,8+ days
ORD103018,CUST2609,Electronics,2024-12-07,4558.5,1.0,0,133.31,Cash on Delivery,West,8.0,26.0,4.0,0,Not Returned,4558.5,2024-12,8+ days
ORD102622,CUST4230,Toys,2025-05-25,801.54,2.0,20,43.17,Credit Card,East,4.0,56.0,3.0,0,Not Returned,1282.464,2025-05,4-5 days
ORD102108,CUST2278,Fashion,2026-05-22,263.35,1.0,0,53.95,Net Banking,East,3.0,27.0,4.0,0,Not Returned,263.35,2026-05,1-3 days
ORD103836,CUST4211,Toys,2026-01-05,1013.73,1.0,15,44.1,UPI,West,3.0,16.0,5.0,0,Not Returned,861.6705,2026-01,1-3 days
ORD101121,CUST2222,Toys,2025-03-10,767.99,1.0,15,112.38,Credit Card,East,3.0,32.0,5.0,0,Not Returned,652.7915,2025-03,1-3 days
ORD103263,CUST3325,Beauty,2026-02-28,655.66,1.0,0,87.74,Net Banking,North,6.0,35.0,4.0,0,Not Returned,655.66,2026-02,6-7 days
ORD102467,CUST2980,Sports,2026-02-07,2057.69,1.0,10,52.43,Debit Card,North,6.0,18.0,4.0,0,Not Returned,1851.921,2026-02,6-7 days
ORD104109,CUST2894,Books,2026-06-12,455.5,1.0,0,92.68,Credit Card,West,2.0,34.0,4.0,0,Not Returned,455.5,2026-06,1-3 days
ORD105663,CUST4368,Grocery,2025-06-01,137.54,1.0,10,126.64,Credit Card,West,6.0,49.0,1.0,1,Changed Mind,123.786,2025-06,6-7 days
ORD102293,CUST1818,Fashion,2025-12-21,578.21,1.0,15,95.74,Debit Card,Central,4.0,21.0,4.0,0,Not Returned,491.4785,2025-12,4-5 days
ORD100358,CUST2883,Fashion,2026-06-01,944.69,2.0,0,42.52,UPI,South,2.0,36.0,4.0,1,Better Price Found,1889.38,2026-06,1-3 days
ORD101858,CUST2494,Books,2025-09-07,294.96,1.0,20,101.89,UPI,Central,3.0,36.0,5.0,0,Not Returned,235.968,2025-09,1-3 days
ORD100446,CUST2259,Home & Kitchen,2024-12-18,691.22,1.0,10,9.64,Net Banking,North,4.0,34.0,5.0,0,Not Returned,622.0980000000001,2024-12,4-5 days
ORD103659,CUST4051,Beauty,2025-01-19,553.6,1.0,10,91.41,UPI,West,4.0,39.0,5.0,1,Better Price Found,498.24,2025-01,4-5 days
ORD103605,CUST3367,Grocery,2026-06-11,118.51,1.0,10,143.06,Debit Card,Central,4.0,16.0,4.0,1,Wrong Item Delivered,106.659,2026-06,4-5 days
ORD105521,CUST1064,Grocery,2024-12-26,423.02,2.0,15,14.4,UPI,West,7.0,23.0,4.0,0,Not Returned,719.1339999999999,2024-12,6-7 days
ORD104460,CUST2990,Grocery,2025-03-28,314.39,1.0,25,184.03,Debit Card,South,3.0,45.0,4.0,0,Not Returned,235.7925,2025-03,1-3 days
ORD105166,CUST4282,Beauty,2025-12-18,927.66,1.0,0,54.47,Net Banking,East,4.0,34.0,4.0,1,Size Issue,927.66,2025-12,4-5 days
ORD105839,CUST2900,Books,2026-07-27,4284.038792403276,1.0,20,66.84,UPI,South,7.0,16.0,3.0,1,Size Issue,3427.2310339226206,2026-07,6-7 days
ORD100289,CUST2375,Books,2025-02-06,558.71,1.0,15,45.61,Credit Card,West,2.0,27.0,4.0,1,Better Price Found,474.9035,2025-02,1-3 days
ORD103119,CUST2878,Grocery,2025-02-20,305.04,3.5,0,103.61,Credit Card,North,4.0,38.0,5.0,1,Late Delivery,1067.64,2025-02,4-5 days
ORD103701,CUST3533,Home & Kitchen,2026-07-18,1051.59,1.0,5,36.51,Net Banking,East,6.0,18.0,4.0,0,Not Returned,999.0104999999999,2026-07,6-7 days
ORD104700,CUST2639,Sports,2025-05-20,1542.23,2.0,10,52.38,Debit Card,West,9.0,41.0,5.0,0,Not Returned,2776.014,2025-05,8+ days
ORD104896,CUST3926,Toys,2024-12-27,1043.55,1.0,15,122.95,Cash on Delivery,South,6.0,36.0,1.0,0,Not Returned,887.0174999999999,2024-12,6-7 days
ORD101429,CUST3540,Sports,2025-04-18,1776.38,2.0,25,65.64,Net Banking,East,2.0,16.0,5.0,1,Wrong Item Delivered,2664.57,2025-04,1-3 days
ORD102034,CUST2911,Fashion,2025-02-19,555.64,1.0,0,7.58,Net Banking,East,5.0,16.0,5.0,0,Not Returned,555.64,2025-02,4-5 days
ORD101193,CUST2208,Fashion,2024-11-12,1355.98,1.0,20,45.39,UPI,Central,4.0,42.0,4.0,0,Not Returned,1084.784,2024-11,4-5 days
ORD101137,CUST3851,Electronics,2026-07-02,4558.5,1.0,20,53.41,Net Banking,North,3.0,34.0,4.0,0,Not Returned,3646.8,2026-07,1-3 days
ORD105079,CUST2538,Fashion,2026-03-20,1440.68,1.0,5,106.08,UPI,East,7.0,45.0,3.0,1,Wrong Item Delivered,1368.646,2026-03,6-7 days
ORD104698,CUST4336,Home & Kitchen,2026-02-06,546.48,1.0,10,74.59,Debit Card,Central,2.0,56.0,5.0,0,Not Returned,491.83200000000005,2026-02,1-3 days
ORD102931,CUST4157,Toys,2024-09-28,1202.31,2.0,25,91.05,Net Banking,East,4.0,35.0,5.0,0,Not Returned,1803.465,2024-09,4-5 days
ORD101955,CUST4311,Books,2026-07-30,337.73,1.0,5,115.53,Cash on Delivery,Central,6.0,41.0,5.0,0,Not Returned,320.8435,2026-07,6-7 days
ORD105461,CUST1357,Books,2025-10-20,4558.5,1.0,15,203.85999999999999,Debit Card,Central,5.0,33.0,1.0,0,Not Returned,3874.725,2025-10,4-5 days
ORD100700,CUST2732,Toys,2026-07-07,662.53,1.0,10,88.44,UPI,South,5.0,30.0,1.0,1,Defective Product,596.277,2026-07,4-5 days
ORD103462,CUST1444,Fashion,2025-12-03,878.71,2.0,20,79.93,Cash on Delivery,West,6.0,23.0,5.0,0,Not Returned,1405.9360000000001,2025-12,6-7 days
ORD105145,CUST1365,Fashion,2024-10-22,1514.43,1.0,0,4.0,Debit Card,North,2.0,21.0,5.0,0,Not Returned,1514.43,2024-10,1-3 days
ORD103597,CUST3329,Home & Kitchen,2024-09-11,2771.61,1.0,0,152.61,UPI,Central,2.0,28.0,4.0,0,Not Returned,2771.61,2024-09,1-3 days
ORD100332,CUST3544,Toys,2026-04-24,783.29,3.0,10,17.24,UPI,Central,3.0,50.0,5.0,0,Not Returned,2114.883,2026-04,1-3 days
ORD101490,CUST4318,Sports,2025-03-26,2845.09,3.5,15,116.15,UPI,Central,5.0,34.0,5.0,0,Not Returned,8464.14275,2025-03,4-5 days
ORD101434,CUST3470,Home & Kitchen,2025-03-26,2358.56,2.0,20,147.27,Debit Card,East,5.0,21.0,3.0,0,Not Returned,3773.696,2025-03,4-5 days
ORD103877,CUST4015,Electronics,2025-07-19,4558.5,1.0,15,135.5,Cash on Delivery,West,5.0,30.0,5.0,0,Not Returned,3874.725,2025-07,4-5 days
ORD104623,CUST4020,Books,2026-04-01,404.79,1.0,10,33.87,Net Banking,West,4.0,33.0,4.0,0,Not Returned,364.31100000000004,2026-04,4-5 days
ORD103214,CUST4215,Toys,2024-11-09,718.37,1.0,0,195.61,Cash on Delivery,West,5.0,19.0,4.0,0,Not Returned,718.37,2024-11,4-5 days
ORD100718,CUST2437,Grocery,2026-06-23,252.96,1.0,5,21.55,UPI,North,4.0,34.0,4.0,0,Not Returned,240.31199999999998,2026-06,4-5 days
ORD103561,CUST3171,Toys,2025-01-06,1200.86,1.0,10,62.51,UPI,South,4.0,20.0,5.0,0,Not Returned,1080.774,2025-01,4-5 days
ORD103228,CUST1474,Toys,2026-05-13,555.31,2.0,0,67.33500000000001,Net Banking,East,3.0,18.0,2.0,0,Not Returned,1110.62,2026-05,1-3 days
ORD104494,CUST1076,Toys,2025-08-21,989.02,2.0,15,96.03,Net Banking,North,5.0,65.0,1.0,0,Not Returned,1681.3339999999998,2025-08,4-5 days
ORD102537,CUST3857,Electronics,2026-05-20,4558.5,1.0,5,51.66,Cash on Delivery,East,7.0,24.0,4.0,0,Not Returned,4330.575,2026-05,6-7 days
ORD102492,CUST3635,Books,2024-10-14,306.59,2.0,0,35.68,Cash on Delivery,West,6.0,35.0,4.0,1,Wrong Item Delivered,613.18,2024-10,6-7 days
ORD105228,CUST3739,Electronics,2025-08-11,4558.5,2.0,0,61.5,Credit Card,North,5.0,31.0,4.0,1,Changed Mind,9117.0,2025-08,4-5 days
ORD104715,CUST1562,Beauty,2026-04-18,944.75,1.0,15,59.59,Cash on Delivery,Central,3.0,34.0,5.0,0,Not Returned,803.0375,2026-04,1-3 days
ORD105804,CUST4171,Toys,2026-01-10,634.93,1.0,5,12.62,Credit Card,South,4.0,40.0,2.0,0,Not Returned,603.1835,2026-01,4-5 days
ORD101182,CUST2571,Sports,2024-08-23,1451.8,3.0,0,48.84,UPI,North,6.0,46.0,2.0,0,Not Returned,4355.4,2024-08,6-7 days
ORD102028,CUST1916,Home & Kitchen,2026-03-27,2496.72,1.0,5,100.39,Debit Card,South,6.0,22.0,4.0,0,Not Returned,2371.8839999999996,2026-03,6-7 days
ORD104321,CUST4459,Books,2025-07-30,124.04,1.0,5,18.99,Credit Card,Central,6.0,43.0,3.0,1,Defective Product,117.838,2025-07,6-7 days
ORD100968,CUST2585,Toys,2025-08-18,1129.89,3.5,10,67.33500000000001,Credit Card,North,6.0,26.0,5.0,0,Not Returned,3559.1535000000003,2025-08,6-7 days
ORD103967,CUST4323,Electronics,2025-08-17,4558.5,1.0,15,185.91,Cash on Delivery,East,5.0,16.0,2.0,0,Not Returned,3874.725,2025-08,4-5 days
ORD102585,CUST4168,Grocery,2024-09-30,174.43,2.0,0,73.8,Net Banking,West,4.0,22.0,4.0,0,Not Returned,348.86,2024-09,4-5 days
ORD100773,CUST1967,Home & Kitchen,2026-04-06,4458.56,1.0,5,28.98,Net Banking,West,3.0,32.0,4.0,1,Changed Mind,4235.6320000000005,2026-04,1-3 days
ORD102190,CUST2999,Books,2025-08-07,464.51,1.0,20,48.35,Cash on Delivery,East,1.0,34.0,5.0,0,Not Returned,371.608,2025-08,1-3 days
ORD100432,CUST1641,Home & Kitchen,2025-09-26,2414.32,1.0,0,19.81,UPI,East,5.0,49.0,4.0,0,Not Returned,2414.32,2025-09,4-5 days
ORD102699,CUST1714,Toys,2025-12-06,1012.185,1.0,20,60.17,Net Banking,Central,5.0,50.0,4.0,0,Not Returned,809.748,2025-12,4-5 days
ORD103804,CUST2321,Grocery,2024-12-19,288.36,1.0,0,47.96,Net Banking,Central,2.0,42.0,4.0,0,Not Returned,288.36,2024-12,1-3 days
ORD101076,CUST1159,Home & Kitchen,2024-09-17,3495.55,1.0,10,45.66,Net Banking,East,6.0,21.0,5.0,0,Not Returned,3145.9950000000003,2024-09,6-7 days
ORD103577,CUST3201,Fashion,2026-02-11,1937.9,1.0,25,54.55,UPI,East,3.0,29.0,4.0,0,Not Returned,1453.4250000000002,2026-02,1-3 days
ORD103619,CUST1137,Books,2026-03-03,190.88,1.0,0,156.2,UPI,Central,6.0,70.0,5.0,0,Not Returned,190.88,2026-03,6-7 days
ORD101817,CUST3226,Beauty,2026-08-15,1207.43,1.0,20,50.92,UPI,Central,3.0,23.0,4.0,0,Not Returned,965.9440000000001,2026-08,1-3 days
ORD103071,CUST2281,Grocery,2025-05-24,306.17,2.0,5,70.25,Debit Card,South,5.0,47.0,4.0,1,Late Delivery,581.723,2025-05,4-5 days
ORD101409,CUST1423,Toys,2025-08-28,479.74,1.0,0,34.49,UPI,North,3.0,25.0,5.0,0,Not Returned,479.74,2025-08,1-3 days
ORD105561,CUST4111,Fashion,2024-11-28,1425.93,1.0,20,55.79,Net Banking,West,5.0,27.0,5.0,1,Not as Described,1140.7440000000001,2024-11,4-5 days
ORD103439,CUST4422,Home & Kitchen,2025-12-11,2499.56,1.0,15,56.1,Credit Card,East,7.0,47.0,5.0,0,Not Returned,2124.6259999999997,2025-12,6-7 days
ORD101447,CUST3901,Toys,2025-07-22,734.39,1.0,5,20.74,Net Banking,North,4.0,59.0,5.0,0,Not Returned,697.6705,2025-07,4-5 days
ORD105573,CUST2578,Grocery,2025-01-31,468.63,1.0,20,112.96,Net Banking,East,5.0,33.0,5.0,0,Not Returned,374.904,2025-01,4-5 days
ORD105128,CUST4138,Home & Kitchen,2026-06-09,3649.44,3.0,25,25.69,Debit Card,Central,6.0,48.0,5.0,0,Not Returned,8211.24,2026-06,6-7 days
ORD104950,CUST4108,Electronics,2024-09-03,4558.5,1.0,30,19.57,Credit Card,Central,1.0,47.0,3.0,0,Not Returned,3190.95,2024-09,1-3 days
ORD101883,CUST2420,Books,2024-10-14,394.76,1.0,15,15.94,Net Banking,West,6.0,40.0,2.0,0,Not Returned,335.546,2024-10,6-7 days
ORD102039,CUST4438,Grocery,2026-07-26,300.34,1.0,5,3.73,Debit Card,Central,8.0,24.0,5.0,0,Not Returned,285.323,2026-07,8+ days
ORD102756,CUST4094,Grocery,2026-06-24,263.86,1.0,25,6.12,Debit Card,West,7.0,21.0,5.0,0,Not Returned,197.895,2026-06,6-7 days
ORD105001,CUST2899,Beauty,2025-02-23,883.31,1.0,5,67.33500000000001,UPI,West,5.0,25.0,5.0,0,Not Returned,839.1444999999999,2025-02,4-5 days
ORD101675,CUST3874,Fashion,2025-06-18,1314.99,2.0,0,42.62,Net Banking,North,6.0,29.0,5.0,0,Not Returned,2629.98,2025-06,6-7 days
ORD105772,CUST2221,Home & Kitchen,2025-06-11,1906.7,2.0,10,119.91,Debit Card,East,3.0,20.0,5.0,0,Not Returned,3432.06,2025-06,1-3 days
ORD101090,CUST2706,Books,2024-11-07,277.61,1.0,5,141.79,Net Banking,Central,6.0,45.0,5.0,0,Not Returned,263.7295,2024-11,6-7 days
ORD102938,CUST2248,Books,2025-05-25,483.61,1.0,0,18.68,Net Banking,East,3.0,21.0,3.0,0,Not Returned,483.61,2025-05,1-3 days
ORD104458,CUST1482,Beauty,2025-09-05,1312.56,1.0,0,25.5,Cash on Delivery,Central,1.0,41.0,5.0,0,Not Returned,1312.56,2025-09,1-3 days
ORD101723,CUST3757,Books,2024-11-14,409.92,1.0,10,48.84,Debit Card,South,5.0,39.0,5.0,0,Not Returned,368.928,2024-11,4-5 days
ORD105651,CUST4076,Home & Kitchen,2024-09-11,3185.18,2.0,0,168.51,UPI,Central,5.0,32.0,2.0,0,Not Returned,6370.36,2024-09,4-5 days
ORD100162,CUST1873,Sports,2024-10-11,2578.74,2.0,25,51.63,Debit Card,East,7.0,35.0,4.0,0,Not Returned,3868.1099999999997,2024-10,6-7 days
ORD100318,CUST2891,Electronics,2025-06-28,4558.5,1.0,15,29.36,UPI,South,6.0,44.0,4.0,0,Not Returned,3874.725,2025-06,6-7 days
ORD104868,CUST2684,Fashion,2026-06-14,1660.49,1.0,15,87.16,UPI,South,6.0,56.0,5.0,0,Not Returned,1411.4165,2026-06,6-7 days
ORD105185,CUST3244,Sports,2026-08-13,1365.98,2.0,10,67.33500000000001,Debit Card,South,4.0,35.0,5.0,0,Not Returned,2458.764,2026-08,4-5 days
ORD101665,CUST4436,Books,2024-11-23,247.92,1.0,0,93.04,UPI,West,5.0,33.0,4.0,1,Size Issue,247.92,2024-11,4-5 days
ORD103624,CUST4084,Home & Kitchen,2024-10-18,1519.77,1.0,0,128.48,UPI,Central,4.0,26.0,2.0,0,Not Returned,1519.77,2024-10,4-5 days
ORD102153,CUST1364,Sports,2024-08-28,1862.37,1.0,0,75.79,Net Banking,Central,5.0,29.0,3.0,1,Wrong Item Delivered,1862.37,2024-08,4-5 days
ORD104093,CUST4144,Home & Kitchen,2025-08-31,3408.71,2.0,5,165.47,Debit Card,North,7.0,35.0,4.0,0,Not Returned,6476.549,2025-08,6-7 days
ORD105200,CUST1593,Beauty,2025-03-19,730.41,1.0,0,203.85999999999999,Credit Card,South,4.0,34.0,3.0,0,Not Returned,730.41,2025-03,4-5 days
ORD102858,CUST3698,Fashion,2024-10-28,2226.89,1.0,20,118.23,Debit Card,West,3.0,41.0,5.0,0,Not Returned,1781.512,2024-10,1-3 days
ORD103205,CUST3437,Electronics,2025-05-30,4558.5,1.0,0,58.41,Credit Card,West,4.0,27.0,3.0,1,Wrong Item Delivered,4558.5,2025-05,4-5 days
ORD104000,CUST3976,Sports,2026-07-03,938.13,1.0,10,5.29,Credit Card,South,5.0,37.0,4.0,0,Not Returned,844.317,2026-07,4-5 days
ORD101661,CUST1987,Toys,2025-05-28,683.21,1.0,25,70.34,Credit Card,East,7.0,32.0,3.0,0,Not Returned,512.4075,2025-05,6-7 days
ORD105981,CUST4287,Electronics,2024-10-27,4558.5,2.0,25,35.44,Debit Card,North,4.0,41.0,5.0,0,Not Returned,6837.75,2024-10,4-5 days
ORD104470,CUST2383,Sports,2025-10-06,2515.31,2.0,5,14.53,Debit Card,South,5.0,31.0,4.0,0,Not Returned,4779.089,2025-10,4-5 days
ORD105844,CUST2161,Beauty,2025-01-29,1043.17,1.0,5,87.4,UPI,East,1.0,18.0,4.0,0,Not Returned,991.0115000000001,2025-01,1-3 days
ORD104491,CUST1216,Home & Kitchen,2025-10-14,2035.62,1.0,15,176.66,Cash on Delivery,West,6.0,38.0,4.0,1,Defective Product,1730.2769999999998,2025-10,6-7 days
ORD105835,CUST2862,Electronics,2025-01-28,4558.5,1.0,25,38.55,Cash on Delivery,East,3.0,26.0,4.0,0,Not Returned,3418.875,2025-01,1-3 days
ORD101535,CUST4339,Electronics,2024-11-26,4558.5,2.0,0,91.72,Debit Card,West,7.0,46.0,4.0,0,Not Returned,9117.0,2024-11,6-7 days
ORD100231,CUST3946,Fashion,2025-09-16,1549.17,2.0,15,57.73,Debit Card,Central,5.0,27.0,5.0,0,Not Returned,2633.589,2025-09,4-5 days
ORD104766,CUST1101,Toys,2025-03-06,1167.39,2.0,25,91.44,Credit Card,West,5.0,36.0,5.0,1,Wrong Item Delivered,1751.085,2025-03,4-5 days
ORD102134,CUST3874,Grocery,2025-02-19,231.28,1.0,10,104.74,Debit Card,West,1.0,39.0,3.0,0,Not Returned,208.15200000000002,2025-02,1-3 days
ORD104883,CUST2901,Grocery,2025-12-21,465.04,1.0,5,50.13,Cash on Delivery,North,4.0,41.0,2.0,0,Not Returned,441.788,2025-12,4-5 days
ORD104810,CUST2335,Fashion,2025-09-15,680.09,1.0,0,34.75,Credit Card,Central,5.0,31.0,5.0,1,Late Delivery,680.09,2025-09,4-5 days
ORD101023,CUST4141,Electronics,2025-12-07,1012.185,2.0,25,146.41,UPI,South,4.0,51.0,4.0,1,Defective Product,1518.2775,2025-12,4-5 days
ORD101646,CUST2572,Home & Kitchen,2025-10-23,937.48,1.0,15,116.05,Net Banking,West,6.0,60.0,1.0,0,Not Returned,796.858,2025-10,6-7 days
ORD102129,CUST3711,Sports,2026-08-16,1126.04,1.0,10,106.77,Debit Card,North,1.0,42.0,5.0,0,Not Returned,1013.436,2026-08,1-3 days
ORD103194,CUST2226,Fashion,2026-04-21,1668.76,1.0,20,42.15,Credit Card,Central,6.0,38.0,5.0,0,Not Returned,1335.008,2026-04,6-7 days
ORD101118,CUST4291,Beauty,2025-12-29,745.28,2.0,0,29.0,Cash on Delivery,South,3.0,16.0,3.0,0,Not Returned,1490.56,2025-12,1-3 days
ORD104440,CUST2617,Beauty,2025-09-02,518.08,1.0,25,125.44,Cash on Delivery,North,8.0,38.0,3.0,0,Not Returned,388.56000000000006,2025-09,8+ days
ORD103002,CUST3445,Grocery,2025-08-08,353.52,1.0,20,81.72,Debit Card,Central,5.0,53.0,5.0,0,Not Returned,282.816,2025-08,4-5 days
ORD105132,CUST1556,Fashion,2024-11-16,328.3,2.0,20,45.0,Cash on Delivery,North,5.0,43.0,3.0,0,Not Returned,525.2800000000001,2024-11,4-5 days
ORD105595,CUST1608,Beauty,2024-08-20,730.12,1.0,15,69.88,UPI,North,6.0,47.0,2.0,0,Not Returned,620.602,2024-08,6-7 days
ORD104566,CUST1017,Toys,2025-11-07,921.07,1.0,25,60.1,UPI,East,3.0,36.0,2.0,1,Not as Described,690.8025,2025-11,1-3 days
ORD102837,CUST3321,Beauty,2025-08-12,786.39,2.0,0,85.59,Cash on Delivery,Central,1.0,24.0,5.0,0,Not Returned,1572.78,2025-08,1-3 days
ORD105491,CUST4192,Toys,2025-05-26,1012.185,1.0,10,52.85,Cash on Delivery,Central,6.0,31.0,4.0,0,Not Returned,910.9665,2025-05,6-7 days
ORD105298,CUST1599,Toys,2026-03-10,1078.35,2.0,15,89.93,UPI,South,2.0,18.0,3.0,0,Not Returned,1833.1949999999997,2026-03,1-3 days
ORD105126,CUST3931,Fashion,2025-07-02,1012.01,1.0,5,49.83,Cash on Delivery,North,8.0,35.0,4.0,0,Not Returned,961.4095,2025-07,8+ days
ORD100953,CUST1655,Beauty,2026-02-18,578.9,1.0,10,37.83,Credit Card,North,6.0,34.0,5.0,0,Not Returned,521.01,2026-02,6-7 days
ORD101355,CUST4391,Electronics,2025-03-26,4558.5,1.0,10,45.79,Cash on Delivery,South,5.0,33.0,1.0,0,Not Returned,4102.650000000001,2025-03,4-5 days
ORD101113,CUST2543,Electronics,2025-08-03,4558.5,1.0,0,35.37,UPI,West,1.0,16.0,4.0,1,Wrong Item Delivered,4558.5,2025-08,1-3 days
ORD104619,CUST3180,Electronics,2026-06-21,2945.47,2.0,0,15.54,UPI,East,6.0,27.0,5.0,1,Wrong Item Delivered,5890.94,2026-06,6-7 days
ORD103295,CUST1319,Beauty,2025-12-16,1012.08,1.0,0,4.9,Net Banking,North,1.0,41.0,5.0,0,Not Returned,1012.08,2025-12,1-3 days
ORD101740,CUST3218,Toys,2024-09-05,1012.185,2.0,15,27.7,Debit Card,North,2.0,27.0,4.0,0,Not Returned,1720.7144999999998,2024-09,1-3 days
ORD101172,CUST1762,Toys,2025-02-23,1284.87,1.0,0,20.5,Credit Card,South,2.0,37.0,2.0,0,Not Returned,1284.87,2025-02,1-3 days
ORD104471,CUST2946,Sports,2026-03-13,1097.58,1.0,10,58.9,Cash on Delivery,North,4.0,42.0,1.0,1,Not as Described,987.822,2026-03,4-5 days
ORD105283,CUST4001,Toys,2024-10-09,828.49,1.0,20,83.73,Credit Card,North,4.0,44.0,4.0,0,Not Returned,662.792,2024-10,4-5 days
ORD101350,CUST2451,Grocery,2025-02-19,293.26,1.0,30,24.07,Cash on Delivery,Central,4.0,31.0,3.0,1,Changed Mind,205.28199999999998,2025-02,4-5 days
ORD102873,CUST2703,Grocery,2025-09-30,361.72,1.0,5,38.02,Credit Card,Central,7.0,28.0,4.0,0,Not Returned,343.634,2025-09,6-7 days
ORD104223,CUST2589,Electronics,2025-07-10,1012.185,1.0,5,180.42,Net Banking,West,8.0,28.0,4.0,0,Not Returned,961.5757499999999,2025-07,8+ days
ORD101115,CUST3183,Beauty,2025-07-21,352.08,1.0,0,91.9,Cash on Delivery,South,3.0,34.0,4.0,0,Not Returned,352.08,2025-07,1-3 days
ORD105487,CUST3804,Grocery,2025-06-05,1012.185,1.0,0,48.11,UPI,North,3.0,30.0,5.0,0,Not Returned,1012.185,2025-06,1-3 days
ORD100860,CUST4281,Grocery,2026-04-08,326.96,1.0,5,43.0,UPI,West,2.0,26.0,3.0,0,Not Returned,310.61199999999997,2026-04,1-3 days
ORD101483,CUST3990,Electronics,2024-11-11,4558.5,3.0,0,40.37,UPI,East,5.0,32.0,5.0,0,Not Returned,13675.5,2024-11,4-5 days
ORD103768,CUST4093,Books,2026-01-20,555.78,1.0,15,11.34,Credit Card,South,4.0,40.0,5.0,1,Not as Described,472.41299999999995,2026-01,4-5 days
ORD104042,CUST1966,Books,2026-02-17,272.28,1.0,25,70.55,Credit Card,East,4.0,16.0,5.0,0,Not Returned,204.20999999999998,2026-02,4-5 days
ORD101583,CUST1582,Electronics,2025-06-02,4558.5,1.0,25,193.64,UPI,Central,6.0,16.0,4.0,0,Not Returned,3418.875,2025-06,6-7 days
ORD105530,CUST3579,Home & Kitchen,2025-01-15,1012.185,2.0,0,26.69,Net Banking,West,4.0,34.0,3.0,1,Size Issue,2024.37,2025-01,4-5 days
ORD103070,CUST4376,Grocery,2025-11-06,454.89,1.0,10,114.81,Credit Card,Central,6.0,30.0,4.0,0,Not Returned,409.401,2025-11,6-7 days
ORD104435,CUST2740,Toys,2024-10-25,587.26,3.5,25,88.74,Credit Card,West,2.0,33.0,4.0,1,Not as Described,1541.5575,2024-10,1-3 days
ORD104368,CUST4224,Home & Kitchen,2025-09-10,2369.68,1.0,0,55.87,Debit Card,East,4.0,38.0,5.0,0,Not Returned,2369.68,2025-09,4-5 days
ORD100852,CUST1979,Sports,2025-02-06,2681.51,1.0,20,28.69,Cash on Delivery,East,3.0,16.0,2.0,0,Not Returned,2145.208,2025-02,1-3 days
ORD100325,CUST1079,Electronics,2024-10-17,4558.5,2.0,10,52.45,Debit Card,East,4.0,44.0,4.0,0,Not Returned,8205.300000000001,2024-10,4-5 days
ORD103403,CUST4448,Books,2025-10-15,338.08,1.0,0,46.88,Debit Card,East,1.0,46.0,5.0,1,Changed Mind,338.08,2025-10,1-3 days
ORD105870,CUST1834,Sports,2026-07-13,2186.41,1.0,10,114.42,Net Banking,West,5.0,34.0,5.0,0,Not Returned,1967.769,2026-07,4-5 days
ORD105182,CUST2225,Books,2026-02-01,384.91,1.0,25,23.45,Credit Card,Central,3.0,25.0,3.0,1,Changed Mind,288.6825,2026-02,1-3 days
ORD102806,CUST3982,Sports,2024-12-12,1711.88,1.0,0,95.22,Cash on Delivery,East,5.0,16.0,5.0,0,Not Returned,1711.88,2024-12,4-5 days
ORD105640,CUST1315,Sports,2024-10-15,130.7,1.0,25,32.04,Net Banking,North,5.0,28.0,2.0,0,Not Returned,98.02499999999999,2024-10,4-5 days
ORD104033,CUST1494,Fashion,2026-02-06,1138.09,1.0,15,62.67,Credit Card,West,4.0,16.0,5.0,0,Not Returned,967.3764999999999,2026-02,4-5 days
ORD105209,CUST1393,Fashion,2026-06-26,2047.6,2.0,15,54.65,Credit Card,East,7.0,41.0,3.0,0,Not Returned,3480.9199999999996,2026-06,6-7 days
ORD101002,CUST3620,Books,2026-03-12,359.67,1.0,0,91.49,Cash on Delivery,South,3.0,25.0,5.0,1,Defective Product,359.67,2026-03,1-3 days
ORD103150,CUST2348,Sports,2026-05-09,2101.51,1.0,0,103.92,UPI,South,6.0,27.0,5.0,0,Not Returned,2101.51,2026-05,6-7 days
ORD102377,CUST3285,Home & Kitchen,2026-03-22,3092.0,2.0,10,33.49,Credit Card,West,9.0,35.0,5.0,0,Not Returned,5565.6,2026-03,8+ days
ORD103476,CUST4157,Fashion,2026-01-18,1740.08,1.0,0,203.85999999999999,Cash on Delivery,East,6.0,35.0,5.0,0,Not Returned,1740.08,2026-01,6-7 days
ORD105897,CUST2992,Sports,2025-06-17,1514.29,1.0,0,131.96,Cash on Delivery,West,3.0,29.0,4.0,0,Not Returned,1514.29,2025-06,1-3 days
ORD104984,CUST1809,Sports,2024-12-17,1558.11,1.0,5,60.92,Cash on Delivery,North,2.0,49.0,4.0,1,Size Issue,1480.2044999999998,2024-12,1-3 days
ORD100905,CUST2599,Sports,2025-09-28,2479.59,3.0,15,89.78,Credit Card,South,4.0,31.0,3.0,0,Not Returned,6322.9545,2025-09,4-5 days
ORD101857,CUST4467,Fashion,2026-03-08,972.81,3.5,5,92.75,Net Banking,South,3.0,35.0,2.0,0,Not Returned,3234.59325,2026-03,1-3 days
ORD103384,CUST4210,Grocery,2024-10-14,212.5,1.0,15,112.99,Debit Card,South,1.0,21.0,5.0,0,Not Returned,180.625,2024-10,1-3 days
ORD102945,CUST3067,Sports,2025-10-28,1464.86,2.0,5,67.33500000000001,Debit Card,South,9.0,36.0,4.0,1,Not as Described,2783.2339999999995,2025-10,8+ days
ORD104660,CUST3407,Sports,2025-09-01,1802.4,1.0,0,93.31,Net Banking,West,3.0,39.0,3.0,0,Not Returned,1802.4,2025-09,1-3 days
ORD102893,CUST3186,Home & Kitchen,2025-12-12,2593.84,1.0,0,30.76,Cash on Delivery,East,4.0,30.0,4.0,0,Not Returned,2593.84,2025-12,4-5 days
ORD100101,CUST3899,Electronics,2024-08-24,4558.5,1.0,10,73.88,Net Banking,South,6.0,37.0,4.0,1,Not as Described,4102.650000000001,2024-08,6-7 days
ORD104564,CUST3833,Fashion,2024-08-30,1453.34,2.0,10,66.01,Debit Card,North,5.0,60.0,4.0,0,Not Returned,2616.0119999999997,2024-08,4-5 days
ORD102410,CUST3645,Sports,2025-01-20,2430.67,2.0,15,79.76,Debit Card,North,7.0,19.0,3.0,1,Late Delivery,4132.139,2025-01,6-7 days
ORD105204,CUST3357,Electronics,2026-01-31,4558.5,1.0,5,170.24,Debit Card,North,3.0,38.0,4.0,1,Changed Mind,4330.575,2026-01,1-3 days
ORD104546,CUST2557,Books,2026-04-24,164.45,1.0,20,203.85999999999999,Credit Card,North,4.0,16.0,4.0,0,Not Returned,131.56,2026-04,4-5 days
ORD104610,CUST3625,Home & Kitchen,2026-07-05,2565.88,1.0,15,156.68,Net Banking,South,7.0,40.0,4.0,1,Defective Product,2180.998,2026-07,6-7 days
ORD105861,CUST3982,Toys,2025-05-31,788.07,2.0,0,53.54,UPI,West,8.0,42.0,5.0,0,Not Returned,1576.14,2025-05,8+ days
ORD105098,CUST2946,Home & Kitchen,2025-12-13,1612.17,2.0,15,67.33500000000001,Debit Card,North,8.0,44.0,5.0,0,Not Returned,2740.689,2025-12,8+ days
ORD100073,CUST2222,Electronics,2026-05-17,4558.5,3.0,15,82.61,Cash on Delivery,South,6.0,47.0,4.0,0,Not Returned,11624.175,2026-05,6-7 days
ORD104401,CUST3970,Toys,2025-04-20,1534.75,2.0,5,53.49,Cash on Delivery,East,4.0,27.0,4.0,0,Not Returned,2916.025,2025-04,4-5 days
ORD103369,CUST3191,Fashion,2026-06-10,1038.57,1.0,20,36.46,UPI,Central,6.0,22.0,5.0,0,Not Returned,830.856,2026-06,6-7 days
ORD100830,CUST3746,Books,2024-10-26,552.54,1.0,0,203.85999999999999,Debit Card,Central,1.0,36.0,4.0,0,Not Returned,552.54,2024-10,1-3 days
ORD100893,CUST4427,Grocery,2024-10-03,126.5,1.0,10,162.23,Net Banking,Central,5.0,33.0,4.0,1,Size Issue,113.85000000000001,2024-10,4-5 days
ORD102038,CUST3713,Home & Kitchen,2025-08-27,3717.99,1.0,30,33.1,Net Banking,South,6.0,41.0,4.0,0,Not Returned,2602.593,2025-08,6-7 days
ORD103727,CUST2810,Fashion,2025-10-06,4558.5,1.0,0,28.25,UPI,Central,1.0,27.0,2.0,0,Not Returned,4558.5,2025-10,1-3 days
ORD102215,CUST1322,Electronics,2026-04-08,4558.5,3.0,5,13.35,Credit Card,North,2.0,34.0,5.0,0,Not Returned,12991.724999999999,2026-04,1-3 days
ORD103423,CUST3680,Grocery,2024-10-29,369.88,1.0,0,61.47,Cash on Delivery,North,9.0,48.0,4.0,0,Not Returned,369.88,2024-10,8+ days
ORD101592,CUST1010,Home & Kitchen,2025-04-15,2150.81,1.0,5,146.31,Net Banking,North,7.0,53.0,1.0,1,Wrong Item Delivered,2043.2694999999999,2025-04,6-7 days
ORD104965,CUST4074,Home & Kitchen,2026-04-05,2395.58,1.0,5,203.85999999999999,Cash on Delivery,West,2.0,16.0,4.0,0,Not Returned,2275.801,2026-04,1-3 days
ORD103576,CUST1427,Sports,2025-07-16,2890.65,1.0,5,108.04,Cash on Delivery,Central,4.0,44.0,2.0,1,Not as Described,2746.1175,2025-07,4-5 days
ORD103389,CUST3423,Beauty,2024-12-24,325.39,2.0,30,54.54,UPI,Central,3.0,22.0,4.0,1,Changed Mind,455.54599999999994,2024-12,1-3 days
ORD103899,CUST4233,Fashion,2025-03-06,1691.08,1.0,0,58.45,Net Banking,Central,2.0,34.0,4.0,0,Not Returned,1691.08,2025-03,1-3 days
ORD102428,CUST2252,Beauty,2025-11-12,661.24,2.0,0,40.78,Debit Card,North,4.0,38.0,4.0,0,Not Returned,1322.48,2025-11,4-5 days
ORD104864,CUST3572,Grocery,2025-03-07,201.0,1.0,10,31.65,Debit Card,West,7.0,32.0,1.0,0,Not Returned,180.9,2025-03,6-7 days
ORD104007,CUST3596,Home & Kitchen,2026-06-16,2576.8,1.0,5,84.08,Credit Card,Central,6.0,47.0,4.0,1,Size Issue,2447.96,2026-06,6-7 days
ORD105338,CUST1235,Beauty,2024-12-17,730.12,1.0,0,30.94,Cash on Delivery,Central,4.0,26.0,4.0,0,Not Returned,730.12,2024-12,4-5 days
ORD105649,CUST1638,Sports,2025-03-16,1423.17,2.0,20,36.15,Cash on Delivery,Central,4.0,26.0,5.0,0,Not Returned,2277.072,2025-03,4-5 days
ORD100933,CUST2583,Books,2026-02-13,264.64,1.0,5,148.19,Credit Card,North,5.0,30.0,3.0,0,Not Returned,251.408,2026-02,4-5 days
ORD104988,CUST1824,Books,2026-07-27,1012.185,2.0,25,131.81,Cash on Delivery,East,8.0,28.0,5.0,1,Not as Described,1518.2775,2026-07,8+ days
ORD105857,CUST3639,Beauty,2025-01-06,626.17,1.0,20,203.85999999999999,Credit Card,Central,5.0,44.0,4.0,1,Not as Described,500.936,2025-01,4-5 days
ORD101252,CUST1137,Sports,2024-10-31,1307.55,1.0,15,19.19,Debit Card,West,4.0,36.0,3.0,0,Not Returned,1111.4175,2024-10,4-5 days
ORD100080,CUST2486,Grocery,2024-09-02,283.41,2.0,0,46.96,Debit Card,South,6.0,34.0,4.0,0,Not Returned,566.82,2024-09,6-7 days
ORD102557,CUST3195,Home & Kitchen,2025-02-26,2877.46,1.0,20,59.74,Debit Card,West,4.0,18.0,4.0,0,Not Returned,2301.9680000000003,2025-02,4-5 days
ORD100405,CUST3266,Home & Kitchen,2026-08-01,1348.26,1.0,0,138.84,Credit Card,Central,5.0,24.0,4.0,0,Not Returned,1348.26,2026-08,4-5 days
ORD103600,CUST1701,Books,2025-07-20,466.75,1.0,0,53.14,Credit Card,West,7.0,35.0,5.0,0,Not Returned,466.75,2025-07,6-7 days
ORD105776,CUST1220,Fashion,2024-12-31,684.29,3.0,0,63.85,UPI,East,3.0,30.0,5.0,0,Not Returned,2052.87,2024-12,1-3 days
ORD101538,CUST3014,Fashion,2025-06-14,697.46,3.5,15,3.45,Debit Card,East,3.0,35.0,5.0,0,Not Returned,2074.9435,2025-06,1-3 days
ORD103511,CUST3197,Grocery,2026-07-07,338.83,1.0,10,106.85,Credit Card,West,7.0,20.0,4.0,0,Not Returned,304.947,2026-07,6-7 days
ORD102352,CUST2562,Beauty,2026-05-28,641.54,1.0,0,54.55,Cash on Delivery,West,4.0,41.0,4.0,0,Not Returned,641.54,2026-05,4-5 days
ORD102463,CUST2827,Beauty,2025-08-29,1286.26,1.0,0,12.15,UPI,East,2.0,59.0,4.0,0,Not Returned,1286.26,2025-08,1-3 days
ORD102387,CUST1297,Grocery,2026-01-13,231.92,1.0,15,43.96,Credit Card,South,3.0,35.0,4.0,0,Not Returned,197.13199999999998,2026-01,1-3 days
ORD104621,CUST2370,Home & Kitchen,2025-06-01,1326.75,1.0,5,54.95,Cash on Delivery,North,8.0,28.0,4.0,0,Not Returned,1260.4125,2025-06,8+ days
ORD105176,CUST3935,Grocery,2024-12-08,564.6,1.0,30,203.85999999999999,Credit Card,Central,7.0,24.0,5.0,0,Not Returned,395.21999999999997,2024-12,6-7 days
ORD104568,CUST3276,Grocery,2024-12-23,1012.185,1.0,20,91.75,UPI,West,4.0,26.0,3.0,0,Not Returned,809.748,2024-12,4-5 days
ORD102928,CUST1153,Grocery,2025-12-01,344.09,1.0,25,92.58,UPI,East,9.0,35.0,1.0,1,Changed Mind,258.0675,2025-12,8+ days
ORD105082,CUST2380,Books,2025-07-30,565.16,2.0,10,40.91,Cash on Delivery,South,4.0,29.0,5.0,0,Not Returned,1017.288,2025-07,4-5 days
ORD103319,CUST3386,Toys,2026-08-12,738.0,1.0,10,33.93,UPI,East,6.0,62.0,5.0,0,Not Returned,664.2,2026-08,6-7 days
ORD103792,CUST1071,Toys,2026-02-05,707.0,1.0,10,26.95,Credit Card,East,6.0,43.0,5.0,0,Not Returned,636.3000000000001,2026-02,6-7 days
ORD103621,CUST4268,Sports,2025-08-04,1216.66,1.0,25,17.93,Net Banking,East,2.0,25.0,2.0,0,Not Returned,912.4950000000001,2025-08,1-3 days
ORD101922,CUST4374,Grocery,2024-10-22,348.98,1.0,25,66.26,Net Banking,East,6.0,35.0,4.0,0,Not Returned,261.735,2024-10,6-7 days
ORD105623,CUST1244,Fashion,2026-06-23,955.68,1.0,0,103.27,Cash on Delivery,East,5.0,34.0,4.0,0,Not Returned,955.68,2026-06,4-5 days
ORD103186,CUST2962,Beauty,2026-06-24,1034.44,3.5,15,196.92,Credit Card,Central,5.0,16.0,4.0,1,Better Price Found,3077.459,2026-06,4-5 days
ORD105846,CUST4434,Books,2025-02-28,500.93,1.0,25,26.24,Debit Card,West,4.0,17.0,5.0,0,Not Returned,375.6975,2025-02,4-5 days
ORD105263,CUST2822,Books,2025-12-13,402.89,1.0,15,31.73,Cash on Delivery,South,7.0,28.0,4.0,0,Not Returned,342.4565,2025-12,6-7 days
ORD102759,CUST1947,Books,2025-03-21,621.75,1.0,10,19.14,Net Banking,West,3.0,51.0,5.0,1,Defective Product,559.575,2025-03,1-3 days
ORD102644,CUST1027,Electronics,2025-08-14,4558.5,1.0,0,85.09,Net Banking,Central,5.0,34.0,4.0,0,Not Returned,4558.5,2025-08,4-5 days
ORD101122,CUST2219,Books,2025-01-30,515.7,1.0,0,180.45,Net Banking,East,4.0,21.0,4.0,0,Not Returned,515.7,2025-01,4-5 days
ORD104538,CUST3201,Fashion,2026-03-13,995.1,1.0,10,85.57,Net Banking,North,3.0,33.0,5.0,0,Not Returned,895.59,2026-03,1-3 days
ORD102880,CUST3970,Books,2024-10-28,360.43,1.0,10,22.63,Credit Card,West,5.0,28.0,3.0,1,Defective Product,324.387,2024-10,4-5 days
ORD105101,CUST4328,Beauty,2026-07-19,504.74,1.0,10,55.98,Net Banking,West,5.0,18.0,5.0,0,Not Returned,454.266,2026-07,4-5 days
ORD104058,CUST1223,Fashion,2025-12-16,1637.17,1.0,10,68.15,UPI,Central,7.0,41.0,4.0,0,Not Returned,1473.4530000000002,2025-12,6-7 days
ORD104228,CUST2744,Home & Kitchen,2025-07-02,1785.31,1.0,10,67.33500000000001,Credit Card,South,4.0,45.0,5.0,0,Not Returned,1606.779,2025-07,4-5 days
ORD105942,CUST3094,Electronics,2026-05-31,4558.5,1.0,0,14.37,UPI,West,2.0,32.0,3.0,1,Changed Mind,4558.5,2026-05,1-3 days
ORD105774,CUST3149,Electronics,2026-05-17,4558.5,1.0,0,115.98,Debit Card,South,8.0,34.0,3.0,0,Not Returned,4558.5,2026-05,8+ days
ORD103491,CUST2187,Electronics,2026-02-25,4558.5,2.0,25,111.33,Cash on Delivery,South,3.0,16.0,4.0,0,Not Returned,6837.75,2026-02,1-3 days
ORD105786,CUST4207,Home & Kitchen,2024-08-26,2910.55,1.0,5,78.36,Credit Card,North,5.0,34.0,4.0,1,Not as Described,2765.0225,2024-08,4-5 days
ORD104008,CUST2689,Grocery,2025-01-14,1012.185,1.0,30,37.41,UPI,Central,3.0,42.0,5.0,0,Not Returned,708.5294999999999,2025-01,1-3 days
ORD105039,CUST1679,Grocery,2026-05-21,400.84,1.0,15,171.04,Credit Card,South,6.0,34.0,5.0,0,Not Returned,340.71399999999994,2026-05,6-7 days
ORD100912,CUST4011,Fashion,2026-03-05,1183.56,1.0,15,121.93,UPI,South,4.0,18.0,4.0,0,Not Returned,1006.026,2026-03,4-5 days
ORD103278,CUST2156,Electronics,2026-04-29,4558.5,3.0,5,103.49,Net Banking,South,5.0,29.0,5.0,1,Not as Described,12991.724999999999,2026-04,4-5 days
ORD100651,CUST1592,Fashion,2024-08-21,1310.84,1.0,10,67.33500000000001,Net Banking,East,5.0,49.0,2.0,0,Not Returned,1179.7559999999999,2024-08,4-5 days
ORD105311,CUST4079,Grocery,2024-12-21,353.86,1.0,0,23.1,Credit Card,West,6.0,39.0,5.0,0,Not Returned,353.86,2024-12,6-7 days
ORD104648,CUST3775,Sports,2024-10-06,2186.86,2.0,10,37.16,Net Banking,South,4.0,25.0,1.0,0,Not Returned,3936.3480000000004,2024-10,4-5 days
ORD104039,CUST2283,Electronics,2026-03-07,4558.5,1.0,10,186.35,Cash on Delivery,East,5.0,34.0,5.0,0,Not Returned,4102.650000000001,2026-03,4-5 days
ORD103692,CUST4448,Beauty,2026-01-10,670.55,2.0,0,45.83,Debit Card,West,10.0,46.0,5.0,1,Defective Product,1341.1,2026-01,8+ days
ORD105430,CUST1609,Fashion,2025-11-21,1342.71,2.0,5,85.97,Credit Card,West,2.0,22.0,3.0,0,Not Returned,2551.149,2025-11,1-3 days
ORD100213,CUST1932,Sports,2026-03-23,2175.76,2.0,10,52.18,Credit Card,North,1.0,16.0,4.0,0,Not Returned,3916.3680000000004,2026-03,1-3 days
ORD103777,CUST2229,Sports,2024-12-09,253.82,2.0,20,87.04,Net Banking,East,6.0,29.0,4.0,0,Not Returned,406.112,2024-12,6-7 days
ORD100603,CUST2627,Electronics,2025-12-24,4558.5,1.0,0,108.32,UPI,South,4.0,44.0,5.0,0,Not Returned,4558.5,2025-12,4-5 days
ORD105833,CUST2187,Fashion,2024-09-11,609.52,2.0,10,88.37,Cash on Delivery,Central,7.0,46.0,5.0,0,Not Returned,1097.136,2024-09,6-7 days
ORD101077,CUST2364,Home & Kitchen,2024-11-27,3004.26,2.0,0,203.85999999999999,UPI,Central,4.0,41.0,4.0,0,Not Returned,6008.52,2024-11,4-5 days
ORD103632,CUST1099,Sports,2026-02-16,2464.73,1.0,25,120.19,Cash on Delivery,Central,3.0,33.0,3.0,1,Not as Described,1848.5475000000001,2026-02,1-3 days
ORD100368,CUST1998,Beauty,2026-05-25,4558.5,3.0,25,45.8,UPI,North,6.0,50.0,5.0,0,Not Returned,10256.625,2026-05,6-7 days
ORD100470,CUST1658,Beauty,2024-11-03,827.71,1.0,15,67.33500000000001,Debit Card,West,4.0,20.0,4.0,1,Not as Described,703.5535,2024-11,4-5 days
ORD103514,CUST1579,Beauty,2024-09-14,298.97,1.0,5,103.99,Cash on Delivery,East,7.0,50.0,5.0,0,Not Returned,284.0215,2024-09,6-7 days
ORD100741,CUST1837,Sports,2024-09-28,1902.73,3.0,5,25.47,Cash on Delivery,West,5.0,24.0,5.0,0,Not Returned,5422.7805,2024-09,4-5 days
ORD101095,CUST4179,Electronics,2026-03-14,4558.5,2.0,10,154.4,UPI,Central,7.0,33.0,4.0,0,Not Returned,8205.300000000001,2026-03,6-7 days
ORD104870,CUST2510,Books,2024-11-15,606.03,3.5,5,69.96,Credit Card,South,3.0,51.0,3.0,0,Not Returned,2015.04975,2024-11,1-3 days
ORD100221,CUST2069,Fashion,2024-11-11,978.76,2.0,0,29.83,UPI,Central,5.0,33.0,4.0,0,Not Returned,1957.52,2024-11,4-5 days
ORD100562,CUST3775,Home & Kitchen,2026-06-08,2868.11,1.0,25,41.05,Net Banking,Central,3.0,28.0,5.0,0,Not Returned,2151.0825,2026-06,1-3 days
ORD101547,CUST3251,Beauty,2026-03-01,692.65,2.0,5,38.35,UPI,East,5.0,16.0,4.0,0,Not Returned,1316.0349999999999,2026-03,4-5 days
ORD103862,CUST4486,Grocery,2026-06-22,351.89,1.0,25,203.85999999999999,UPI,South,4.0,22.0,5.0,1,Defective Product,263.9175,2026-06,4-5 days
ORD104905,CUST4163,Sports,2024-08-22,1410.75,1.0,0,74.1,Debit Card,East,2.0,33.0,3.0,0,Not Returned,1410.75,2024-08,1-3 days
ORD102926,CUST4356,Beauty,2026-01-14,868.72,2.0,0,67.33500000000001,UPI,South,6.0,20.0,4.0,0,Not Returned,1737.44,2026-01,6-7 days
ORD104056,CUST3481,Toys,2025-12-03,620.31,2.0,0,74.52,Cash on Delivery,South,4.0,30.0,3.0,0,Not Returned,1240.62,2025-12,4-5 days
ORD101394,CUST2537,Toys,2025-09-27,1012.185,1.0,10,20.23,Net Banking,East,6.0,38.0,5.0,0,Not Returned,910.9665,2025-09,6-7 days
ORD102253,CUST3413,Toys,2025-07-19,950.4,2.0,0,102.41,UPI,Central,1.0,24.0,4.0,1,Changed Mind,1900.8,2025-07,1-3 days
ORD103036,CUST3183,Toys,2024-10-07,849.57,3.0,10,74.56,Net Banking,East,5.0,45.0,5.0,0,Not Returned,2293.839,2024-10,4-5 days
ORD104726,CUST1785,Home & Kitchen,2026-03-23,2542.43,1.0,0,43.3,Net Banking,South,4.0,53.0,4.0,0,Not Returned,2542.43,2026-03,4-5 days
ORD104612,CUST2323,Electronics,2024-09-25,4558.5,1.0,0,63.78,Credit Card,West,5.0,28.0,5.0,0,Not Returned,4558.5,2024-09,4-5 days
ORD105117,CUST1356,Home & Kitchen,2025-08-17,4094.74,2.0,5,81.31,Net Banking,North,1.0,50.0,4.0,0,Not Returned,7780.005999999999,2025-08,1-3 days
ORD102900,CUST3306,Books,2025-11-06,444.42,1.0,5,203.85999999999999,UPI,East,3.0,40.0,5.0,0,Not Returned,422.199,2025-11,1-3 days
ORD101281,CUST2706,Toys,2025-10-04,947.73,1.0,15,29.93,Credit Card,North,5.0,41.0,5.0,0,Not Returned,805.5705,2025-10,4-5 days
ORD103668,CUST2197,Beauty,2026-04-14,966.42,1.0,25,50.27,Credit Card,North,4.0,47.0,3.0,0,Not Returned,724.8149999999999,2026-04,4-5 days
ORD103346,CUST2861,Books,2025-11-17,475.16,1.0,0,3.28,UPI,Central,4.0,30.0,2.0,0,Not Returned,475.16,2025-11,4-5 days
ORD102911,CUST4366,Beauty,2024-09-03,478.22,1.0,10,42.2,Debit Card,East,6.0,48.0,5.0,0,Not Returned,430.398,2024-09,6-7 days
ORD103058,CUST1670,Electronics,2025-07-31,4558.5,1.0,25,138.22,UPI,South,2.0,16.0,5.0,0,Not Returned,3418.875,2025-07,1-3 days
ORD104609,CUST1008,Beauty,2026-05-26,421.37,1.0,0,2.21,Debit Card,East,9.0,42.0,1.0,0,Not Returned,421.37,2026-05,8+ days
ORD104383,CUST3587,Grocery,2024-09-30,374.6,3.0,25,53.78,Credit Card,East,5.0,22.0,4.0,0,Not Returned,842.8500000000001,2024-09,4-5 days
ORD104763,CUST2915,Electronics,2025-06-26,4558.5,3.0,5,77.92,Net Banking,West,5.0,23.0,4.0,1,Better Price Found,12991.724999999999,2025-06,4-5 days
ORD101769,CUST2665,Grocery,2025-07-25,319.21,1.0,0,54.53,Debit Card,West,2.0,21.0,5.0,0,Not Returned,319.21,2025-07,1-3 days
ORD103197,CUST3365,Sports,2024-09-01,2832.84,1.0,0,37.17,UPI,South,5.0,50.0,4.0,1,Wrong Item Delivered,2832.84,2024-09,4-5 days
ORD100100,CUST1902,Books,2025-02-03,531.36,1.0,10,43.41,Cash on Delivery,West,5.0,28.0,4.0,0,Not Returned,478.22400000000005,2025-02,4-5 days
ORD105170,CUST4472,Sports,2024-11-17,1862.08,1.0,15,67.33500000000001,Credit Card,East,3.0,32.0,4.0,0,Not Returned,1582.7679999999998,2024-11,1-3 days
ORD103438,CUST3433,Books,2024-09-29,418.25,1.0,0,100.99,UPI,North,5.0,42.0,5.0,0,Not Returned,418.25,2024-09,4-5 days
ORD101450,CUST4472,Grocery,2024-10-08,221.37,2.0,10,94.5,Net Banking,Central,3.0,42.0,4.0,0,Not Returned,398.466,2024-10,1-3 days
ORD102675,CUST2105,Beauty,2024-10-31,675.83,2.0,0,120.24,Net Banking,South,5.0,19.0,4.0,0,Not Returned,1351.66,2024-10,4-5 days
ORD101306,CUST3036,Books,2025-08-28,261.45,1.0,0,32.68,Debit Card,South,7.0,40.0,5.0,0,Not Returned,261.45,2025-08,6-7 days
ORD102725,CUST2938,Grocery,2024-10-27,232.63,3.5,20,203.85999999999999,Debit Card,East,2.0,33.0,5.0,0,Not Returned,651.364,2024-10,1-3 days
ORD105769,CUST2032,Grocery,2025-06-24,279.63,2.0,10,1.75,Net Banking,North,2.0,24.0,3.0,0,Not Returned,503.334,2025-06,1-3 days
ORD101127,CUST2178,Grocery,2026-01-28,328.97,3.0,10,33.93,Debit Card,North,4.0,33.0,3.0,1,Wrong Item Delivered,888.219,2026-01,4-5 days
ORD100067,CUST1456,Home & Kitchen,2025-11-30,2006.01,1.0,10,27.15,Cash on Delivery,South,1.0,42.0,4.0,0,Not Returned,1805.409,2025-11,1-3 days
ORD102421,CUST3378,Toys,2025-01-10,833.48,1.0,20,65.25,Cash on Delivery,Central,3.0,42.0,4.0,0,Not Returned,666.7840000000001,2025-01,1-3 days
ORD100875,CUST2535,Sports,2026-08-15,2876.8,1.0,5,67.33500000000001,Net Banking,West,3.0,30.0,4.0,1,Size Issue,2732.96,2026-08,1-3 days
ORD105969,CUST1508,Toys,2025-06-22,1106.66,1.0,0,82.9,Debit Card,North,6.0,48.0,2.0,0,Not Returned,1106.66,2025-06,6-7 days
ORD103406,CUST1686,Grocery,2024-11-11,390.66,1.0,0,71.51,UPI,Central,6.0,38.0,5.0,0,Not Returned,390.66,2024-11,6-7 days
ORD103694,CUST1540,Fashion,2025-03-29,1342.63,1.0,30,46.66,Cash on Delivery,West,5.0,38.0,1.0,1,Size Issue,939.841,2025-03,4-5 days
ORD103546,CUST1365,Books,2024-12-28,624.53,3.5,10,67.73,UPI,South,5.0,23.0,4.0,0,Not Returned,1967.2695,2024-12,4-5 days
ORD102810,CUST1213,Fashion,2025-01-11,1467.37,2.0,10,100.97,Cash on Delivery,Central,1.0,45.0,4.0,0,Not Returned,2641.266,2025-01,1-3 days
ORD102408,CUST4036,Home & Kitchen,2025-01-19,2611.99,1.0,0,93.56,Debit Card,South,4.0,34.0,1.0,0,Not Returned,2611.99,2025-01,4-5 days
ORD105687,CUST2630,Home & Kitchen,2026-02-19,2739.05,2.0,20,153.42,Debit Card,North,6.0,52.0,5.0,0,Not Returned,4382.4800000000005,2026-02,6-7 days
ORD100372,CUST1744,Home & Kitchen,2026-05-03,3315.67,2.0,25,55.18,Cash on Delivery,Central,3.0,27.0,3.0,0,Not Returned,4973.505,2026-05,1-3 days
ORD101814,CUST2717,Books,2025-05-25,354.43,2.0,0,67.33500000000001,Debit Card,North,1.0,29.0,3.0,0,Not Returned,708.86,2025-05,1-3 days
ORD101276,CUST4090,Electronics,2025-05-21,4558.5,1.0,5,8.64,Credit Card,North,3.0,34.0,5.0,1,Wrong Item Delivered,4330.575,2025-05,1-3 days
ORD101453,CUST1991,Books,2025-11-24,344.33,1.0,5,40.62,UPI,North,1.0,50.0,5.0,1,Not as Described,327.1135,2025-11,1-3 days
ORD104827,CUST1284,Fashion,2025-01-02,923.29,1.0,5,138.02,Credit Card,East,5.0,22.0,5.0,0,Not Returned,877.1254999999999,2025-01,4-5 days
ORD103977,CUST3558,Books,2026-03-30,444.29,1.0,0,73.6,Credit Card,West,8.0,33.0,4.0,0,Not Returned,444.29,2026-03,8+ days
ORD100493,CUST4446,Grocery,2024-10-26,306.28,2.0,0,128.7,Cash on Delivery,Central,6.0,20.0,5.0,0,Not Returned,612.56,2024-10,6-7 days
ORD101246,CUST1772,Home & Kitchen,2024-12-10,1594.73,2.0,25,25.25,Debit Card,West,3.0,35.0,5.0,0,Not Returned,2392.0950000000003,2024-12,1-3 days
ORD104084,CUST2338,Electronics,2025-09-23,4243.71,2.0,15,16.9,Debit Card,South,5.0,47.0,4.0,0,Not Returned,7214.307,2025-09,4-5 days
ORD101521,CUST1977,Fashion,2025-04-04,1003.53,1.0,20,143.93,Debit Card,East,7.0,42.0,5.0,0,Not Returned,802.8240000000001,2025-04,6-7 days
ORD101791,CUST4373,Fashion,2024-11-22,1147.04,3.5,20,111.56,Credit Card,South,1.0,49.0,3.0,0,Not Returned,3211.712,2024-11,1-3 days
ORD103683,CUST2818,Fashion,2025-04-29,499.31,1.0,0,41.61,Debit Card,West,7.0,48.0,4.0,0,Not Returned,499.31,2025-04,6-7 days
ORD103469,CUST1076,Electronics,2026-03-10,4558.5,3.0,0,95.97,Credit Card,East,5.0,24.0,4.0,0,Not Returned,13675.5,2026-03,4-5 days
ORD100665,CUST4208,Books,2024-09-19,262.18,1.0,25,45.97,Debit Card,South,5.0,23.0,5.0,0,Not Returned,196.635,2024-09,4-5 days
ORD102936,CUST1046,Home & Kitchen,2025-11-02,3927.26,2.0,25,149.78,Debit Card,West,6.0,30.0,3.0,0,Not Returned,5890.89,2025-11,6-7 days
ORD101648,CUST1572,Books,2025-04-05,575.96,3.0,20,67.33500000000001,UPI,Central,1.0,36.0,3.0,1,Wrong Item Delivered,1382.304,2025-04,1-3 days
ORD105836,CUST1468,Home & Kitchen,2025-09-26,4199.7,1.0,30,150.51,UPI,Central,2.0,25.0,4.0,1,Changed Mind,2939.7899999999995,2025-09,1-3 days
ORD104778,CUST4147,Beauty,2026-02-14,380.71,1.0,10,47.08,Credit Card,West,4.0,37.0,5.0,0,Not Returned,342.639,2026-02,4-5 days
ORD103959,CUST2725,Toys,2025-08-30,813.86,1.0,0,82.88,UPI,North,4.0,34.0,4.0,0,Not Returned,813.86,2025-08,4-5 days
ORD104126,CUST3773,Books,2025-03-13,645.96,1.0,25,106.25,Credit Card,Central,8.0,47.0,5.0,0,Not Returned,484.47,2025-03,8+ days
ORD104890,CUST1725,Books,2025-11-05,345.18,1.0,30,81.49,UPI,Central,5.0,35.0,4.0,0,Not Returned,241.62599999999998,2025-11,4-5 days
ORD102566,CUST4013,Grocery,2026-01-16,241.87,1.0,20,67.33500000000001,Credit Card,South,7.0,26.0,4.0,1,Wrong Item Delivered,193.496,2026-01,6-7 days
ORD100663,CUST2851,Electronics,2025-10-26,4558.5,1.0,0,80.87,Debit Card,Central,6.0,25.0,2.0,0,Not Returned,4558.5,2025-10,6-7 days
ORD104434,CUST1335,Books,2026-04-16,244.13,1.0,20,24.11,Cash on Delivery,South,4.0,27.0,4.0,1,Better Price Found,195.304,2026-04,4-5 days
ORD102152,CUST1011,Fashion,2025-04-17,1667.91,1.0,0,40.54,Cash on Delivery,North,3.0,53.0,5.0,1,Changed Mind,1667.91,2025-04,1-3 days
ORD105464,CUST3402,Sports,2024-11-14,1619.48,1.0,0,84.48,Credit Card,Central,6.0,48.0,4.0,1,Better Price Found,1619.48,2024-11,6-7 days
ORD102423,CUST3749,Home & Kitchen,2025-05-07,1837.42,1.0,20,80.49,Debit Card,West,3.0,25.0,3.0,0,Not Returned,1469.9360000000001,2025-05,1-3 days
ORD104316,CUST2201,Fashion,2025-07-27,1604.2,1.0,20,35.71,Debit Card,East,3.0,33.0,1.0,1,Size Issue,1283.3600000000001,2025-07,1-3 days
ORD104526,CUST1118,Electronics,2024-10-05,4558.5,1.0,15,99.04,Cash on Delivery,West,7.0,48.0,3.0,0,Not Returned,3874.725,2024-10,6-7 days
ORD105808,CUST1058,Beauty,2025-10-14,508.15,3.0,10,84.41,Cash on Delivery,East,5.0,29.0,4.0,1,Defective Product,1372.0049999999999,2025-10,4-5 days
ORD101287,CUST4397,Beauty,2025-09-14,732.96,1.0,15,86.11,Credit Card,Central,5.0,32.0,5.0,0,Not Returned,623.016,2025-09,4-5 days
ORD104459,CUST2533,Fashion,2025-05-17,1012.185,1.0,15,97.11,Cash on Delivery,West,5.0,19.0,5.0,1,Changed Mind,860.3572499999999,2025-05,4-5 days
ORD105067,CUST3557,Books,2025-07-07,449.8,1.0,15,112.28,Cash on Delivery,South,5.0,27.0,5.0,0,Not Returned,382.33,2025-07,4-5 days
ORD104422,CUST3571,Home & Kitchen,2025-10-06,749.37,1.0,25,34.29,UPI,North,4.0,16.0,3.0,1,Not as Described,562.0275,2025-10,4-5 days
ORD102120,CUST1935,Fashion,2025-06-09,1053.48,2.0,0,135.47,Net Banking,Central,5.0,23.0,4.0,0,Not Returned,2106.96,2025-06,4-5 days
ORD104620,CUST1021,Beauty,2025-07-13,519.78,1.0,15,66.51,Net Banking,South,2.0,44.0,3.0,0,Not Returned,441.813,2025-07,1-3 days
ORD105962,CUST1306,Home & Kitchen,2026-05-09,1433.93,1.0,0,72.58,Cash on Delivery,North,6.0,55.0,5.0,0,Not Returned,1433.93,2026-05,6-7 days
ORD104866,CUST3859,Beauty,2026-06-19,966.31,2.0,5,34.74,Net Banking,South,7.0,17.0,3.0,0,Not Returned,1835.9889999999998,2026-06,6-7 days
ORD100531,CUST3681,Toys,2025-06-14,1305.29,1.0,5,39.87,UPI,East,4.0,50.0,5.0,0,Not Returned,1240.0255,2025-06,4-5 days
ORD100078,CUST1002,Books,2026-06-24,415.32,1.0,25,111.61,Debit Card,North,8.0,34.0,4.0,0,Not Returned,311.49,2026-06,8+ days
ORD104387,CUST3788,Electronics,2025-06-08,4491.7,1.0,5,116.05,Cash on Delivery,North,2.0,39.0,5.0,0,Not Returned,4267.115,2025-06,1-3 days
ORD103323,CUST3248,Toys,2025-05-15,650.94,1.0,0,27.86,UPI,South,5.0,33.0,4.0,1,Better Price Found,650.94,2025-05,4-5 days
ORD104290,CUST1208,Toys,2026-04-20,988.78,1.0,0,57.17,Net Banking,South,2.0,25.0,5.0,0,Not Returned,988.78,2026-04,1-3 days
ORD103331,CUST2782,Toys,2025-06-11,1355.07,1.0,0,43.85,Debit Card,Central,3.0,16.0,1.0,0,Not Returned,1355.07,2025-06,1-3 days
ORD103763,CUST3419,Beauty,2026-07-02,608.03,1.0,20,7.85,Cash on Delivery,East,5.0,24.0,4.0,0,Not Returned,486.424,2026-07,4-5 days
ORD101209,CUST3198,Home & Kitchen,2025-01-13,2646.66,1.0,10,173.24,Credit Card,East,5.0,27.0,4.0,0,Not Returned,2381.994,2025-01,4-5 days
ORD105683,CUST4236,Home & Kitchen,2024-09-20,3231.08,1.0,0,129.67,Credit Card,East,8.0,38.0,4.0,1,Wrong Item Delivered,3231.08,2024-09,8+ days
ORD103019,CUST1359,Home & Kitchen,2025-12-12,1881.95,1.0,0,8.64,Net Banking,East,7.0,22.0,4.0,0,Not Returned,1881.95,2025-12,6-7 days
ORD103169,CUST2904,Sports,2024-11-13,2385.28,1.0,0,56.42,Debit Card,Central,4.0,29.0,5.0,1,Wrong Item Delivered,2385.28,2024-11,4-5 days
ORD102234,CUST4110,Fashion,2024-11-10,675.6,1.0,25,77.93,Debit Card,South,7.0,34.0,4.0,0,Not Returned,506.70000000000005,2024-11,6-7 days
ORD105963,CUST3647,Fashion,2025-10-12,443.06,1.0,15,2.65,Debit Card,South,6.0,26.0,5.0,0,Not Returned,376.601,2025-10,6-7 days
ORD100079,CUST3001,Books,2025-10-30,425.74,3.0,10,71.97,Debit Card,South,10.0,39.0,4.0,0,Not Returned,1149.498,2025-10,8+ days
ORD104614,CUST3785,Grocery,2025-03-07,452.54,1.0,20,68.68,Cash on Delivery,Central,4.0,32.0,4.0,1,Wrong Item Delivered,362.03200000000004,2025-03,4-5 days
ORD102530,CUST4081,Electronics,2025-09-11,4558.5,1.0,20,67.33500000000001,Credit Card,East,2.0,36.0,3.0,0,Not Returned,3646.8,2025-09,1-3 days
ORD103922,CUST4129,Toys,2024-08-31,707.57,1.0,5,71.45,Credit Card,North,5.0,22.0,4.0,0,Not Returned,672.1915,2024-08,4-5 days
ORD101644,CUST1411,Grocery,2024-10-21,508.83,1.0,25,80.15,Net Banking,East,2.0,34.0,4.0,0,Not Returned,381.6225,2024-10,1-3 days
ORD105097,CUST3810,Home & Kitchen,2025-07-15,2673.25,1.0,15,203.85999999999999,UPI,East,5.0,34.0,5.0,0,Not Returned,2272.2625,2025-07,4-5 days
ORD105863,CUST2791,Home & Kitchen,2025-09-01,3025.82,1.0,0,91.39,Credit Card,North,2.0,43.0,1.0,0,Not Returned,3025.82,2025-09,1-3 days
ORD103253,CUST1220,Grocery,2024-11-04,479.32,1.0,15,89.82,Cash on Delivery,South,4.0,24.0,4.0,0,Not Returned,407.42199999999997,2024-11,4-5 days
ORD104120,CUST3922,Beauty,2024-11-13,301.96,1.0,25,51.8,Net Banking,South,5.0,29.0,4.0,1,Late Delivery,226.46999999999997,2024-11,4-5 days
ORD105749,CUST3631,Toys,2025-07-25,634.19,2.0,15,67.33500000000001,Credit Card,North,6.0,27.0,5.0,0,Not Returned,1078.123,2025-07,6-7 days
ORD105312,CUST2413,Fashion,2025-05-30,1443.07,1.0,10,115.67,Debit Card,South,2.0,34.0,5.0,1,Size Issue,1298.763,2025-05,1-3 days
ORD102805,CUST2323,Books,2026-07-22,396.48,1.0,0,68.66,Credit Card,East,4.0,49.0,4.0,0,Not Returned,396.48,2026-07,4-5 days
ORD105820,CUST2785,Sports,2024-12-15,1343.67,3.5,0,203.85999999999999,UPI,South,7.0,26.0,5.0,0,Not Returned,4702.845,2024-12,6-7 days
ORD101457,CUST2962,Beauty,2026-08-13,818.61,1.0,30,85.07,UPI,Central,1.0,19.0,4.0,0,Not Returned,573.0269999999999,2026-08,1-3 days
ORD103341,CUST1556,Home & Kitchen,2025-12-12,3448.15,1.0,15,39.56,Cash on Delivery,South,6.0,36.0,5.0,0,Not Returned,2930.9275,2025-12,6-7 days
ORD104594,CUST1454,Books,2025-11-28,490.55,1.0,15,114.94,UPI,North,4.0,34.0,3.0,0,Not Returned,416.9675,2025-11,4-5 days
ORD100228,CUST1181,Books,2025-01-04,189.34,1.0,10,114.12,UPI,South,4.0,25.0,5.0,0,Not Returned,170.406,2025-01,4-5 days
ORD103660,CUST2312,Fashion,2026-02-26,1294.34,1.0,5,132.79,Net Banking,West,8.0,20.0,5.0,0,Not Returned,1229.6229999999998,2026-02,8+ days
ORD104993,CUST4010,Electronics,2025-08-23,4558.5,1.0,5,96.17,Debit Card,West,8.0,37.0,4.0,1,Changed Mind,4330.575,2025-08,8+ days
ORD104549,CUST2152,Beauty,2026-04-25,784.17,1.0,15,75.97,UPI,North,4.0,34.0,3.0,1,Changed Mind,666.5445,2026-04,4-5 days
ORD101489,CUST1275,Books,2025-07-15,385.81,1.0,30,28.86,Debit Card,South,3.0,34.0,5.0,1,Wrong Item Delivered,270.067,2025-07,1-3 days
ORD100742,CUST1865,Fashion,2025-03-27,793.99,2.0,0,33.43,Debit Card,East,8.0,38.0,4.0,0,Not Returned,1587.98,2025-03,8+ days
ORD105251,CUST4278,Beauty,2025-09-28,452.75,3.0,0,156.65,Credit Card,Central,3.0,19.0,4.0,0,Not Returned,1358.25,2025-09,1-3 days
ORD105129,CUST3945,Sports,2025-03-11,1551.18,1.0,0,115.06,Debit Card,Central,8.0,19.0,5.0,0,Not Returned,1551.18,2025-03,8+ days
ORD101328,CUST1240,Home & Kitchen,2026-08-12,2475.53,1.0,5,33.7,Cash on Delivery,Central,5.0,34.0,5.0,1,Better Price Found,2351.7535000000003,2026-08,4-5 days
ORD103549,CUST4245,Fashion,2026-01-07,1324.13,1.0,5,76.1,UPI,East,4.0,34.0,2.0,0,Not Returned,1257.9235,2026-01,4-5 days
ORD100722,CUST1125,Fashion,2025-11-24,1212.36,1.0,5,97.06,Debit Card,South,5.0,30.0,4.0,0,Not Returned,1151.742,2025-11,4-5 days
ORD105383,CUST2996,Books,2025-06-15,318.19,2.0,15,63.29,UPI,North,5.0,33.0,1.0,0,Not Returned,540.923,2025-06,4-5 days
ORD102305,CUST4271,Electronics,2026-03-15,4558.5,1.0,25,151.2,UPI,South,2.0,42.0,5.0,0,Not Returned,3418.875,2026-03,1-3 days
ORD100956,CUST1142,Sports,2026-03-13,1521.17,1.0,20,67.07,Cash on Delivery,North,3.0,22.0,4.0,0,Not Returned,1216.9360000000001,2026-03,1-3 days
ORD101668,CUST4155,Beauty,2026-02-27,394.65,1.0,25,50.26,Debit Card,East,1.0,37.0,2.0,0,Not Returned,295.98749999999995,2026-02,1-3 days
ORD101759,CUST1535,Toys,2025-07-02,609.47,1.0,0,12.23,UPI,East,3.0,57.0,3.0,0,Not Returned,609.47,2025-07,1-3 days
ORD104081,CUST3073,Grocery,2026-01-11,374.12,1.0,0,84.09,UPI,East,10.0,45.0,5.0,0,Not Returned,374.12,2026-01,8+ days
ORD103961,CUST1091,Grocery,2025-07-28,247.99,1.0,10,89.05,UPI,North,6.0,34.0,4.0,0,Not Returned,223.191,2025-07,6-7 days
ORD104712,CUST1088,Beauty,2024-12-27,1021.73,1.0,10,67.33500000000001,Debit Card,East,5.0,28.0,4.0,1,Defective Product,919.557,2024-12,4-5 days
ORD102265,CUST2575,Home & Kitchen,2025-08-22,1205.48,1.0,5,16.68,Cash on Delivery,East,5.0,65.0,4.0,1,Late Delivery,1145.206,2025-08,4-5 days
ORD100507,CUST4360,Home & Kitchen,2025-08-25,1862.43,1.0,20,203.85999999999999,Cash on Delivery,West,6.0,33.0,4.0,0,Not Returned,1489.9440000000002,2025-08,6-7 days
ORD102221,CUST2688,Toys,2024-11-02,905.7,2.0,20,16.32,Credit Card,East,5.0,30.0,3.0,0,Not Returned,1449.1200000000001,2024-11,4-5 days
ORD103362,CUST3143,Books,2025-08-31,227.6,1.0,25,202.94,Debit Card,East,2.0,30.0,2.0,0,Not Returned,170.7,2025-08,1-3 days
ORD103182,CUST3330,Books,2025-06-04,443.75,2.0,25,141.43,Debit Card,East,5.0,37.0,4.0,0,Not Returned,665.625,2025-06,4-5 days
ORD105607,CUST3464,Toys,2026-07-31,1386.7,2.0,5,149.92,Cash on Delivery,Central,5.0,50.0,5.0,0,Not Returned,2634.73,2026-07,4-5 days
ORD101845,CUST3016,Books,2026-08-11,444.8,3.0,10,132.53,UPI,West,5.0,31.0,4.0,1,Size Issue,1200.96,2026-08,4-5 days
ORD100134,CUST2732,Grocery,2025-07-17,413.26,3.0,5,64.7,Cash on Delivery,Central,7.0,49.0,5.0,0,Not Returned,1177.791,2025-07,6-7 days
ORD105302,CUST1430,Fashion,2025-05-22,1733.08,1.0,15,99.68,Credit Card,North,4.0,23.0,4.0,1,Not as Described,1473.118,2025-05,4-5 days
ORD103702,CUST3915,Toys,2026-06-25,997.27,3.5,10,88.97,UPI,South,5.0,42.0,4.0,0,Not Returned,3141.4004999999997,2026-06,4-5 days
ORD102799,CUST2814,Grocery,2026-03-05,349.12,1.0,20,74.58,Cash on Delivery,Central,3.0,49.0,3.0,1,Not as Described,279.296,2026-03,1-3 days
ORD101841,CUST3869,Grocery,2024-09-08,333.43,1.0,10,41.89,Cash on Delivery,Central,7.0,34.0,4.0,0,Not Returned,300.087,2024-09,6-7 days
ORD104197,CUST3573,Home & Kitchen,2025-08-04,2549.13,3.5,5,51.75,Debit Card,North,2.0,16.0,4.0,0,Not Returned,8475.85725,2025-08,1-3 days
ORD105998,CUST3201,Home & Kitchen,2026-04-07,934.82,1.0,15,139.89,Debit Card,Central,1.0,34.0,3.0,1,Size Issue,794.597,2026-04,1-3 days
ORD105307,CUST2429,Grocery,2024-10-27,380.23,1.0,20,111.22,Net Banking,North,4.0,38.0,5.0,1,Size Issue,304.184,2024-10,4-5 days
ORD105372,CUST1145,Toys,2025-08-30,939.51,1.0,25,67.33500000000001,UPI,South,6.0,29.0,5.0,0,Not Returned,704.6324999999999,2025-08,6-7 days
ORD103230,CUST3434,Toys,2026-01-03,719.87,1.0,0,120.92,Cash on Delivery,North,2.0,33.0,5.0,1,Not as Described,719.87,2026-01,1-3 days
ORD105066,CUST2674,Books,2026-08-07,202.89,1.0,5,172.58,UPI,Central,8.0,21.0,5.0,0,Not Returned,192.74549999999996,2026-08,8+ days
ORD104483,CUST3645,Grocery,2026-02-07,294.74,1.0,0,129.05,Debit Card,North,6.0,39.0,4.0,0,Not Returned,294.74,2026-02,6-7 days
ORD100713,CUST3280,Home & Kitchen,2025-12-25,2749.72,3.0,25,74.16,UPI,West,6.0,30.0,5.0,0,Not Returned,6186.87,2025-12,6-7 days
ORD100195,CUST1860,Grocery,2026-06-07,263.29,1.0,20,81.11,Cash on Delivery,West,2.0,37.0,4.0,0,Not Returned,210.63200000000003,2026-06,1-3 days
ORD103112,CUST3916,Grocery,2024-12-27,239.8,1.0,20,53.34,Net Banking,East,2.0,18.0,4.0,1,Better Price Found,191.84000000000003,2024-12,1-3 days
ORD102638,CUST1846,Beauty,2026-05-18,697.98,2.0,30,69.66,UPI,South,5.0,27.0,4.0,0,Not Returned,977.1719999999999,2026-05,4-5 days
ORD102050,CUST4299,Beauty,2026-06-07,561.59,1.0,0,104.72,UPI,Central,4.0,41.0,4.0,0,Not Returned,561.59,2026-06,4-5 days
ORD104512,CUST1241,Books,2025-12-28,464.42,1.0,20,122.39,Net Banking,West,5.0,30.0,5.0,0,Not Returned,371.53600000000006,2025-12,4-5 days
ORD100904,CUST3079,Electronics,2025-08-24,1631.06,3.5,0,63.75,Debit Card,North,4.0,52.0,4.0,0,Not Returned,5708.71,2025-08,4-5 days
ORD104355,CUST1406,Home & Kitchen,2025-08-18,4558.5,1.0,10,47.11,UPI,West,3.0,42.0,5.0,1,Wrong Item Delivered,4102.650000000001,2025-08,1-3 days
ORD101700,CUST1483,Books,2026-02-05,562.86,1.0,5,65.4,Debit Card,South,5.0,35.0,2.0,0,Not Returned,534.717,2026-02,4-5 days
ORD101651,CUST3953,Fashion,2025-11-01,574.79,2.0,10,82.86,Debit Card,Central,6.0,16.0,4.0,1,Better Price Found,1034.622,2025-11,6-7 days
ORD103054,CUST4465,Books,2024-11-25,492.37,1.0,20,143.42,Debit Card,South,2.0,18.0,5.0,0,Not Returned,393.896,2024-11,1-3 days
ORD101464,CUST1447,Toys,2026-06-18,490.36,2.0,20,44.03,UPI,South,6.0,16.0,5.0,0,Not Returned,784.576,2026-06,6-7 days
ORD102116,CUST2403,Grocery,2026-08-16,253.88,1.0,0,203.85999999999999,Credit Card,Central,4.0,32.0,4.0,0,Not Returned,253.88,2026-08,4-5 days
ORD102701,CUST3757,Books,2025-05-05,577.88,1.0,20,146.2,Net Banking,East,3.0,52.0,3.0,1,Late Delivery,462.30400000000003,2025-05,1-3 days
ORD105371,CUST3633,Home & Kitchen,2026-06-24,1194.45,1.0,15,42.53,Net Banking,South,6.0,27.0,3.0,0,Not Returned,1015.2825,2026-06,6-7 days
ORD100377,CUST3116,Grocery,2025-09-29,344.45,1.0,0,203.85999999999999,Credit Card,South,4.0,38.0,4.0,0,Not Returned,344.45,2025-09,4-5 days
ORD100474,CUST1150,Beauty,2026-02-25,578.1,1.0,0,10.66,Net Banking,Central,5.0,44.0,5.0,0,Not Returned,578.1,2026-02,4-5 days
ORD103417,CUST1168,Home & Kitchen,2025-12-31,1211.9,1.0,0,90.52,Credit Card,West,3.0,31.0,4.0,0,Not Returned,1211.9,2025-12,1-3 days
ORD102406,CUST3242,Home & Kitchen,2025-06-03,3751.4,1.0,5,33.88,UPI,East,5.0,22.0,5.0,0,Not Returned,3563.83,2025-06,4-5 days
ORD102855,CUST3511,Electronics,2025-09-26,4558.5,1.0,10,63.89,UPI,North,5.0,34.0,5.0,1,Late Delivery,4102.650000000001,2025-09,4-5 days
ORD102534,CUST4173,Electronics,2026-06-05,1012.185,1.0,5,150.93,Debit Card,East,1.0,21.0,3.0,1,Wrong Item Delivered,961.5757499999999,2026-06,1-3 days
ORD101915,CUST3989,Beauty,2026-01-28,423.18,1.0,0,48.97,Credit Card,East,6.0,25.0,5.0,0,Not Returned,423.18,2026-01,6-7 days
ORD103132,CUST1595,Sports,2025-05-01,1465.27,1.0,30,96.3,Debit Card,East,6.0,28.0,4.0,0,Not Returned,1025.6889999999999,2025-05,6-7 days
ORD100188,CUST3830,Toys,2026-07-10,632.09,1.0,10,22.02,Cash on Delivery,West,5.0,37.0,1.0,0,Not Returned,568.8810000000001,2026-07,4-5 days
ORD100063,CUST1047,Sports,2026-05-10,1249.4,1.0,10,66.5,UPI,South,4.0,26.0,4.0,0,Not Returned,1124.46,2026-05,4-5 days
ORD101082,CUST2609,Fashion,2025-04-08,727.42,1.0,5,115.62,UPI,West,2.0,41.0,5.0,1,Not as Described,691.049,2025-04,1-3 days
ORD105322,CUST3618,Toys,2026-06-21,1216.18,1.0,5,15.71,UPI,West,6.0,36.0,4.0,0,Not Returned,1155.371,2026-06,6-7 days
ORD102712,CUST3674,Beauty,2025-04-05,567.71,1.0,10,68.08,Net Banking,South,4.0,34.0,5.0,0,Not Returned,510.939,2025-04,4-5 days
ORD100716,CUST2119,Toys,2024-09-09,1169.87,1.0,20,89.41,Debit Card,Central,5.0,31.0,4.0,1,Not as Described,935.896,2024-09,4-5 days
ORD102413,CUST2035,Toys,2025-11-12,403.6,1.0,20,22.65,Cash on Delivery,South,7.0,52.0,5.0,0,Not Returned,322.88000000000005,2025-11,6-7 days
ORD100328,CUST1281,Toys,2025-01-29,1105.23,1.0,0,23.48,Cash on Delivery,Central,3.0,34.0,5.0,1,Better Price Found,1105.23,2025-01,1-3 days
ORD101128,CUST3771,Books,2024-11-16,366.46,1.0,30,68.39,Net Banking,South,7.0,26.0,4.0,0,Not Returned,256.522,2024-11,6-7 days
ORD105353,CUST4372,Beauty,2026-07-15,618.33,1.0,5,55.36,Debit Card,East,1.0,47.0,5.0,0,Not Returned,587.4135,2026-07,1-3 days
ORD100172,CUST1550,Books,2024-11-02,208.64,1.0,5,55.72,Credit Card,South,3.0,16.0,1.0,1,Size Issue,198.20799999999997,2024-11,1-3 days
ORD101342,CUST2125,Beauty,2025-09-10,660.79,1.0,10,40.95,Cash on Delivery,East,4.0,47.0,5.0,0,Not Returned,594.711,2025-09,4-5 days
ORD103033,CUST4154,Electronics,2026-08-16,4558.5,1.0,15,118.97,UPI,West,6.0,32.0,5.0,0,Not Returned,3874.725,2026-08,6-7 days
ORD102942,CUST1206,Fashion,2025-01-27,1035.41,1.0,0,57.0,Debit Card,South,4.0,36.0,4.0,0,Not Returned,1035.41,2025-01,4-5 days
ORD104283,CUST1089,Fashion,2025-07-31,1430.73,3.0,0,85.35,Cash on Delivery,West,1.0,34.0,5.0,0,Not Returned,4292.1900000000005,2025-07,1-3 days
ORD100701,CUST3953,Books,2026-05-15,197.9,1.0,0,108.8,Credit Card,Central,8.0,27.0,5.0,0,Not Returned,197.9,2026-05,8+ days
ORD104452,CUST4057,Electronics,2025-07-31,4055.7,2.0,15,39.68,Cash on Delivery,Central,6.0,38.0,5.0,0,Not Returned,6894.69,2025-07,6-7 days
ORD104997,CUST4498,Grocery,2025-05-24,296.4,2.0,25,149.11,Credit Card,West,4.0,53.0,4.0,1,Late Delivery,444.59999999999997,2025-05,4-5 days
ORD105654,CUST2860,Beauty,2025-06-24,564.49,1.0,15,69.23,Net Banking,East,7.0,37.0,4.0,0,Not Returned,479.8165,2025-06,6-7 days
ORD100775,CUST3467,Beauty,2025-01-10,1012.185,1.0,5,8.92,Credit Card,East,2.0,34.0,5.0,0,Not Returned,961.5757499999999,2025-01,1-3 days
ORD104933,CUST4241,Sports,2026-01-21,1562.38,3.5,25,138.91,Cash on Delivery,East,5.0,38.0,2.0,1,Better Price Found,4101.2474999999995,2026-01,4-5 days
ORD100243,CUST1712,Books,2025-12-27,369.32,1.0,0,152.29,Net Banking,North,2.0,24.0,5.0,0,Not Returned,369.32,2025-12,1-3 days
ORD105744,CUST2190,Electronics,2026-05-04,4558.5,1.0,25,125.36,Debit Card,North,9.0,32.0,3.0,0,Not Returned,3418.875,2026-05,8+ days
ORD101832,CUST4343,Beauty,2025-03-01,767.97,1.0,15,34.19,Debit Card,Central,5.0,42.0,5.0,1,Late Delivery,652.7745,2025-03,4-5 days
ORD103044,CUST4024,Electronics,2026-06-03,4558.5,2.0,10,31.58,Credit Card,West,8.0,34.0,5.0,0,Not Returned,8205.300000000001,2026-06,8+ days
ORD105983,CUST4087,Home & Kitchen,2025-03-07,3456.38,1.0,5,94.69,Debit Card,South,1.0,28.0,4.0,0,Not Returned,3283.561,2025-03,1-3 days
ORD103333,CUST1569,Sports,2024-12-23,1984.57,3.5,15,34.01,Cash on Delivery,North,4.0,35.0,2.0,1,Not as Described,5904.0957499999995,2024-12,4-5 days
ORD102908,CUST2236,Electronics,2026-08-15,4558.5,1.0,10,92.1,UPI,South,6.0,38.0,4.0,0,Not Returned,4102.650000000001,2026-08,6-7 days
ORD105206,CUST1604,Grocery,2026-08-11,526.68,1.0,5,148.01,Debit Card,South,8.0,55.0,4.0,0,Not Returned,500.34599999999995,2026-08,8+ days
ORD100039,CUST3621,Electronics,2025-05-23,4558.5,3.0,10,81.11,UPI,North,4.0,43.0,1.0,1,Defective Product,12307.95,2025-05,4-5 days
ORD101757,CUST1306,Fashion,2026-04-10,1166.92,1.0,15,108.16,Credit Card,North,5.0,25.0,5.0,0,Not Returned,991.8820000000001,2026-04,4-5 days
ORD105764,CUST4311,Electronics,2025-05-23,4558.5,3.5,0,41.74,UPI,East,2.0,59.0,1.0,0,Not Returned,15954.75,2025-05,1-3 days
ORD103024,CUST2746,Electronics,2025-10-11,4558.5,3.0,20,78.22,Net Banking,North,2.0,37.0,1.0,0,Not Returned,10940.400000000001,2025-10,1-3 days
ORD105196,CUST3906,Beauty,2026-05-02,603.95,1.0,15,14.94,Cash on Delivery,East,9.0,23.0,2.0,0,Not Returned,513.3575000000001,2026-05,8+ days
ORD100361,CUST2106,Toys,2026-07-25,855.33,1.0,0,22.31,Debit Card,Central,3.0,25.0,5.0,0,Not Returned,855.33,2026-07,1-3 days
ORD101802,CUST3350,Sports,2024-09-25,1720.75,1.0,10,9.71,Credit Card,Central,4.0,32.0,3.0,0,Not Returned,1548.675,2024-09,4-5 days
ORD102226,CUST3681,Beauty,2025-10-04,702.62,2.0,15,86.69,Cash on Delivery,East,5.0,37.0,3.0,1,Not as Described,1194.454,2025-10,4-5 days
ORD104796,CUST4243,Toys,2025-07-22,1026.17,1.0,0,76.15,Debit Card,West,4.0,24.0,4.0,0,Not Returned,1026.17,2025-07,4-5 days
ORD104076,CUST3013,Sports,2026-03-11,2430.25,1.0,0,36.08,Debit Card,North,6.0,18.0,5.0,0,Not Returned,2430.25,2026-03,6-7 days
ORD103082,CUST1201,Books,2026-03-01,418.19,3.5,0,14.33,UPI,East,2.0,37.0,5.0,0,Not Returned,1463.665,2026-03,1-3 days
ORD104964,CUST3654,Grocery,2026-08-03,390.5,1.0,15,161.77,Debit Card,West,8.0,48.0,1.0,0,Not Returned,331.925,2026-08,8+ days
ORD105337,CUST1383,Sports,2025-02-10,2154.79,1.0,15,11.17,Debit Card,Central,6.0,34.0,1.0,0,Not Returned,1831.5715,2025-02,6-7 days
ORD100444,CUST4385,Electronics,2026-06-14,4558.5,1.0,0,203.85999999999999,Cash on Delivery,South,8.0,47.0,4.0,0,Not Returned,4558.5,2026-06,8+ days
ORD100640,CUST3714,Home & Kitchen,2025-07-17,3964.19,1.0,0,40.63,Credit Card,South,4.0,33.0,3.0,0,Not Returned,3964.19,2025-07,4-5 days
ORD101649,CUST3640,Electronics,2025-02-16,4558.5,2.0,15,203.85999999999999,UPI,North,4.0,43.0,4.0,0,Not Returned,7749.45,2025-02,4-5 days
ORD101706,CUST2475,Grocery,2025-07-17,395.29,2.0,0,140.3,Credit Card,North,8.0,27.0,4.0,0,Not Returned,790.58,2025-07,8+ days
ORD100459,CUST1084,Sports,2025-10-22,2066.62,3.0,15,203.85999999999999,Credit Card,North,5.0,30.0,5.0,0,Not Returned,5269.880999999999,2025-10,4-5 days
ORD101684,CUST1270,Books,2025-12-29,500.5,1.0,25,163.6,UPI,North,4.0,28.0,4.0,0,Not Returned,375.375,2025-12,4-5 days
ORD103789,CUST2949,Beauty,2025-11-21,696.74,3.0,0,70.74,Cash on Delivery,South,7.0,19.0,4.0,0,Not Returned,2090.2200000000003,2025-11,6-7 days
ORD101707,CUST3321,Books,2024-09-28,435.84,2.0,15,50.13,Credit Card,South,1.0,25.0,4.0,0,Not Returned,740.9279999999999,2024-09,1-3 days
ORD105913,CUST3096,Electronics,2024-09-04,4558.5,1.0,10,97.11,Cash on Delivery,Central,1.0,45.0,5.0,0,Not Returned,4102.650000000001,2024-09,1-3 days
ORD100587,CUST4230,Fashion,2024-09-16,868.76,1.0,15,37.56,Debit Card,West,3.0,18.0,1.0,0,Not Returned,738.446,2024-09,1-3 days
ORD100625,CUST4043,Electronics,2025-12-22,4558.5,1.0,15,58.16,UPI,Central,2.0,42.0,5.0,0,Not Returned,3874.725,2025-12,1-3 days
ORD101524,CUST2713,Electronics,2025-08-27,1948.75,1.0,20,152.55,Net Banking,East,5.0,35.0,4.0,0,Not Returned,1559.0,2025-08,4-5 days
ORD104797,CUST4464,Electronics,2024-10-20,4558.5,1.0,15,82.94,Net Banking,South,5.0,31.0,4.0,0,Not Returned,3874.725,2024-10,4-5 days
ORD101984,CUST2100,Grocery,2026-02-15,1012.185,2.0,10,28.14,Net Banking,North,4.0,40.0,5.0,1,Wrong Item Delivered,1821.933,2026-02,4-5 days
ORD105655,CUST4397,Toys,2025-09-28,1777.95,3.0,0,51.4,Net Banking,South,4.0,38.0,4.0,0,Not Returned,5333.85,2025-09,4-5 days
ORD102730,CUST3682,Beauty,2024-12-10,679.44,2.0,10,65.12,UPI,Central,2.0,26.0,5.0,0,Not Returned,1222.9920000000002,2024-12,1-3 days
ORD100735,CUST2413,Sports,2025-08-28,2010.98,1.0,0,30.28,Credit Card,South,5.0,53.0,3.0,0,Not Returned,2010.98,2025-08,4-5 days
ORD102599,CUST3120,Books,2025-10-21,342.09,1.0,20,38.8,Net Banking,Central,6.0,41.0,5.0,0,Not Returned,273.67199999999997,2025-10,6-7 days
ORD102827,CUST2998,Sports,2024-11-05,2660.37,1.0,15,22.3,Cash on Delivery,South,1.0,27.0,5.0,1,Not as Described,2261.3145,2024-11,1-3 days
ORD104530,CUST2008,Books,2025-12-25,577.31,3.0,15,79.99,Cash on Delivery,North,4.0,25.0,4.0,0,Not Returned,1472.1404999999997,2025-12,4-5 days
ORD105755,CUST1264,Grocery,2025-06-08,201.77,1.0,15,80.63,Cash on Delivery,South,3.0,42.0,5.0,0,Not Returned,171.5045,2025-06,1-3 days
ORD105914,CUST1885,Sports,2026-02-26,1933.63,1.0,20,60.03,Net Banking,West,4.0,24.0,4.0,0,Not Returned,1546.9040000000002,2026-02,4-5 days
ORD102996,CUST2475,Home & Kitchen,2026-06-17,3284.53,1.0,0,84.3,Debit Card,North,7.0,41.0,1.0,0,Not Returned,3284.53,2026-06,6-7 days
ORD105118,CUST3756,Grocery,2025-03-27,299.7,1.0,10,67.33500000000001,Debit Card,South,4.0,19.0,1.0,0,Not Returned,269.73,2025-03,4-5 days
ORD104513,CUST2332,Electronics,2025-11-11,4558.5,2.0,25,88.6,UPI,East,3.0,47.0,1.0,1,Better Price Found,6837.75,2025-11,1-3 days
ORD100336,CUST2049,Toys,2025-07-24,930.03,1.0,25,53.97,Cash on Delivery,West,5.0,34.0,3.0,1,Better Price Found,697.5225,2025-07,4-5 days
ORD101875,CUST2603,Books,2026-07-13,259.43,1.0,10,42.77,UPI,East,1.0,16.0,4.0,0,Not Returned,233.48700000000002,2026-07,1-3 days
ORD102453,CUST4175,Beauty,2025-07-30,521.64,2.0,25,73.08,Cash on Delivery,East,2.0,38.0,1.0,0,Not Returned,782.46,2025-07,1-3 days
ORD100279,CUST3067,Home & Kitchen,2026-04-06,405.23,1.0,0,103.98,Credit Card,Central,4.0,20.0,4.0,0,Not Returned,405.23,2026-04,4-5 days
ORD102646,CUST4473,Fashion,2026-07-20,1012.185,1.0,25,79.87,Cash on Delivery,North,2.0,34.0,5.0,0,Not Returned,759.13875,2026-07,1-3 days
ORD104567,CUST3755,Home & Kitchen,2026-06-08,1012.185,1.0,25,90.9,Debit Card,South,2.0,41.0,5.0,0,Not Returned,759.13875,2026-06,1-3 days
ORD103859,CUST4088,Sports,2024-12-22,3197.32,1.0,10,70.02,UPI,East,6.0,40.0,1.0,0,Not Returned,2877.588,2024-12,6-7 days
ORD100876,CUST2305,Electronics,2025-01-30,4558.5,1.0,10,65.51,Cash on Delivery,South,4.0,46.0,5.0,0,Not Returned,4102.650000000001,2025-01,4-5 days
ORD104628,CUST3561,Grocery,2024-10-03,263.71,3.0,0,176.14,Debit Card,East,4.0,43.0,5.0,0,Not Returned,791.1299999999999,2024-10,4-5 days
ORD103122,CUST3021,Electronics,2025-11-06,4558.5,1.0,30,61.6,Cash on Delivery,North,1.0,21.0,4.0,0,Not Returned,3190.95,2025-11,1-3 days
ORD103381,CUST3557,Beauty,2026-04-02,378.93,1.0,5,64.03,Credit Card,North,4.0,53.0,4.0,0,Not Returned,359.9835,2026-04,4-5 days
ORD103138,CUST3503,Beauty,2025-12-23,1012.185,1.0,25,128.35,Credit Card,West,5.0,28.0,2.0,0,Not Returned,759.13875,2025-12,4-5 days
ORD103343,CUST2867,Beauty,2026-03-31,646.32,3.0,5,109.27,Credit Card,West,3.0,16.0,4.0,1,Better Price Found,1842.012,2026-03,1-3 days
ORD100138,CUST2215,Electronics,2024-12-10,4558.5,1.0,20,19.94,Debit Card,West,8.0,43.0,3.0,0,Not Returned,3646.8,2024-12,8+ days
ORD103666,CUST2925,Beauty,2026-04-17,945.43,1.0,0,118.02,Cash on Delivery,West,6.0,27.0,4.0,1,Better Price Found,945.43,2026-04,6-7 days
ORD100504,CUST2131,Grocery,2026-05-12,196.58,1.0,0,77.46,UPI,Central,5.0,27.0,5.0,1,Defective Product,196.58,2026-05,4-5 days
ORD101884,CUST1687,Fashion,2026-08-07,1982.0,1.0,0,203.85999999999999,Cash on Delivery,South,5.0,24.0,3.0,1,Changed Mind,1982.0,2026-08,4-5 days
ORD105975,CUST2891,Grocery,2026-08-11,336.85,1.0,15,7.83,Credit Card,Central,3.0,34.0,5.0,0,Not Returned,286.3225,2026-08,1-3 days
ORD103548,CUST2704,Books,2026-05-29,446.97,1.0,10,155.6,Debit Card,West,3.0,44.0,2.0,0,Not Returned,402.273,2026-05,1-3 days
ORD105363,CUST1463,Books,2024-12-21,555.65,2.0,5,36.01,Net Banking,South,5.0,35.0,5.0,0,Not Returned,1055.735,2024-12,4-5 days
ORD100913,CUST1546,Home & Kitchen,2026-02-23,2298.98,1.0,15,135.14,UPI,Central,3.0,26.0,5.0,0,Not Returned,1954.133,2026-02,1-3 days
ORD102589,CUST3122,Books,2026-06-30,427.27,1.0,20,68.8,UPI,Central,7.0,20.0,5.0,1,Wrong Item Delivered,341.81600000000003,2026-06,6-7 days
ORD105143,CUST1915,Books,2026-04-01,239.11,1.0,5,32.58,UPI,East,3.0,46.0,5.0,0,Not Returned,227.1545,2026-04,1-3 days
ORD100120,CUST1574,Electronics,2025-09-15,4558.5,1.0,0,25.27,UPI,North,4.0,34.0,3.0,1,Wrong Item Delivered,4558.5,2025-09,4-5 days
ORD100387,CUST3267,Books,2025-05-15,358.2,2.0,10,81.84,Cash on Delivery,East,6.0,31.0,3.0,1,Wrong Item Delivered,644.76,2025-05,6-7 days
ORD102513,CUST3484,Books,2025-01-24,304.54,3.0,20,32.56,UPI,Central,4.0,49.0,4.0,0,Not Returned,730.8960000000002,2025-01,4-5 days
ORD100037,CUST3986,Beauty,2024-12-22,933.24,2.0,15,173.33,Credit Card,Central,6.0,26.0,5.0,1,Defective Product,1586.508,2024-12,6-7 days
ORD104191,CUST1499,Beauty,2026-08-06,982.33,2.0,20,12.05,UPI,Central,5.0,37.0,5.0,0,Not Returned,1571.728,2026-08,4-5 days
ORD101402,CUST2595,Sports,2024-12-09,1805.94,1.0,0,77.12,Cash on Delivery,Central,4.0,34.0,3.0,0,Not Returned,1805.94,2024-12,4-5 days
ORD101420,CUST1597,Fashion,2025-03-03,952.44,1.0,10,55.63,Credit Card,Central,6.0,55.0,4.0,0,Not Returned,857.196,2025-03,6-7 days
ORD105906,CUST2404,Home & Kitchen,2024-11-12,3707.83,1.0,5,49.22,UPI,South,3.0,34.0,3.0,0,Not Returned,3522.4384999999997,2024-11,1-3 days
ORD105294,CUST3801,Electronics,2025-09-11,4558.5,1.0,10,97.58,Cash on Delivery,West,3.0,43.0,4.0,0,Not Returned,4102.650000000001,2025-09,1-3 days
ORD104663,CUST4233,Home & Kitchen,2024-10-07,2267.47,1.0,0,89.36,Debit Card,South,6.0,30.0,5.0,0,Not Returned,2267.47,2024-10,6-7 days
ORD101086,CUST3006,Home & Kitchen,2025-08-26,3227.31,3.0,15,23.91,Net Banking,West,7.0,36.0,3.0,1,Late Delivery,8229.6405,2025-08,6-7 days
ORD103235,CUST4106,Electronics,2024-09-04,4558.5,2.0,0,106.73,Debit Card,South,3.0,28.0,2.0,0,Not Returned,9117.0,2024-09,1-3 days
ORD103544,CUST2994,Beauty,2024-12-12,453.68,1.0,25,67.33500000000001,Credit Card,Central,5.0,27.0,1.0,1,Late Delivery,340.26,2024-12,4-5 days
ORD102501,CUST2683,Fashion,2025-12-05,1249.01,3.0,25,67.33500000000001,Credit Card,North,4.0,28.0,4.0,1,Changed Mind,2810.2725,2025-12,4-5 days
ORD104719,CUST2514,Electronics,2025-07-18,3677.23,2.0,30,16.1,Cash on Delivery,South,6.0,42.0,5.0,1,Better Price Found,5148.121999999999,2025-07,6-7 days
ORD105944,CUST4386,Grocery,2025-03-21,291.52,1.0,15,67.33500000000001,Net Banking,Central,2.0,34.0,3.0,0,Not Returned,247.79199999999997,2025-03,1-3 days
ORD105235,CUST3878,Electronics,2026-08-19,4558.5,3.0,25,83.59,Cash on Delivery,North,4.0,29.0,5.0,0,Not Returned,10256.625,2026-08,4-5 days
ORD104601,CUST1266,Electronics,2024-11-20,4558.5,1.0,20,129.53,Cash on Delivery,West,4.0,29.0,2.0,0,Not Returned,3646.8,2024-11,4-5 days
ORD103740,CUST3750,Grocery,2025-07-10,368.97,2.0,0,67.33500000000001,UPI,North,5.0,17.0,5.0,0,Not Returned,737.94,2025-07,4-5 days
ORD105309,CUST3488,Grocery,2025-09-26,398.16,1.0,0,67.33500000000001,Net Banking,South,5.0,43.0,1.0,0,Not Returned,398.16,2025-09,4-5 days
ORD100147,CUST3765,Sports,2025-10-27,2612.55,1.0,10,54.06,UPI,South,2.0,16.0,5.0,0,Not Returned,2351.295,2025-10,1-3 days
ORD102224,CUST3535,Beauty,2026-03-20,555.77,1.0,0,89.26,Debit Card,West,3.0,54.0,1.0,0,Not Returned,555.77,2026-03,1-3 days
ORD102258,CUST2978,Grocery,2026-04-24,383.26,3.0,0,100.58,Cash on Delivery,West,7.0,29.0,2.0,0,Not Returned,1149.78,2026-04,6-7 days
ORD103930,CUST1672,Home & Kitchen,2026-05-27,2946.99,1.0,5,45.78,Net Banking,North,1.0,29.0,5.0,1,Defective Product,2799.6404999999995,2026-05,1-3 days
ORD101971,CUST1410,Toys,2026-07-25,1215.03,1.0,25,70.57,Net Banking,West,2.0,16.0,5.0,0,Not Returned,911.2725,2026-07,1-3 days
ORD105515,CUST2672,Books,2026-01-28,422.87,1.0,30,42.85,Cash on Delivery,West,1.0,29.0,1.0,1,Defective Product,296.00899999999996,2026-01,1-3 days
ORD103372,CUST2357,Beauty,2025-10-12,560.18,2.0,10,44.39,Debit Card,Central,1.0,37.0,4.0,0,Not Returned,1008.324,2025-10,1-3 days
ORD100035,CUST3654,Beauty,2026-07-04,858.55,1.0,5,73.39,Debit Card,East,6.0,34.0,4.0,0,Not Returned,815.6225,2026-07,6-7 days
ORD100631,CUST2145,Grocery,2026-07-06,110.84,1.0,25,55.86,Debit Card,South,5.0,20.0,4.0,0,Not Returned,83.13,2026-07,4-5 days
ORD105771,CUST2121,Sports,2024-11-30,1452.61,3.5,15,58.21,Debit Card,East,2.0,39.0,4.0,0,Not Returned,4321.514749999999,2024-11,1-3 days
ORD103900,CUST2639,Fashion,2026-03-27,1211.04,1.0,5,92.36,Cash on Delivery,West,2.0,42.0,4.0,1,Defective Product,1150.4879999999998,2026-03,1-3 days
ORD102527,CUST1394,Grocery,2024-12-06,404.85,1.0,30,49.93,Net Banking,Central,6.0,23.0,4.0,0,Not Returned,283.395,2024-12,6-7 days
ORD105423,CUST2013,Beauty,2026-08-15,661.75,1.0,0,27.88,Debit Card,Central,4.0,39.0,5.0,0,Not Returned,661.75,2026-08,4-5 days
ORD100728,CUST1215,Toys,2025-10-28,1247.51,1.0,15,172.29,Net Banking,West,1.0,41.0,4.0,0,Not Returned,1060.3835,2025-10,1-3 days
ORD104550,CUST4027,Home & Kitchen,2024-09-21,2782.2,1.0,0,103.19,Cash on Delivery,East,5.0,16.0,3.0,1,Wrong Item Delivered,2782.2,2024-09,4-5 days
ORD105644,CUST4064,Beauty,2026-02-13,549.84,1.0,5,149.76,Cash on Delivery,Central,4.0,30.0,4.0,0,Not Returned,522.348,2026-02,4-5 days
ORD104522,CUST4081,Books,2025-08-14,459.13,1.0,20,57.84,Debit Card,South,4.0,23.0,5.0,1,Size Issue,367.30400000000003,2025-08,4-5 days
ORD104230,CUST2898,Toys,2025-04-25,784.63,1.0,10,148.27,Cash on Delivery,East,5.0,18.0,1.0,0,Not Returned,706.167,2025-04,4-5 days
ORD102831,CUST1087,Sports,2026-02-05,2690.52,1.0,25,55.86,Net Banking,North,3.0,24.0,4.0,1,Size Issue,2017.8899999999999,2026-02,1-3 days
ORD100453,CUST3449,Books,2025-07-05,348.79,1.0,15,116.48,Net Banking,East,6.0,19.0,5.0,0,Not Returned,296.4715,2025-07,6-7 days
ORD101056,CUST4452,Grocery,2025-08-15,162.29,3.5,0,107.26,Credit Card,Central,9.0,35.0,3.0,0,Not Returned,568.015,2025-08,8+ days
ORD102124,CUST3912,Beauty,2024-11-17,1033.14,1.0,5,64.38,Net Banking,North,3.0,45.0,4.0,0,Not Returned,981.4830000000001,2024-11,1-3 days
ORD103324,CUST1003,Sports,2026-07-27,2485.46,1.0,0,46.25,Credit Card,North,4.0,29.0,4.0,0,Not Returned,2485.46,2026-07,4-5 days
ORD101901,CUST4464,Grocery,2024-10-11,411.26,1.0,30,135.57,UPI,South,8.0,38.0,5.0,0,Not Returned,287.88199999999995,2024-10,8+ days
ORD102713,CUST2095,Toys,2025-03-19,708.78,3.0,5,101.04,Cash on Delivery,East,5.0,36.0,5.0,0,Not Returned,2020.0230000000001,2025-03,4-5 days
ORD101058,CUST1033,Electronics,2025-03-15,4558.5,1.0,5,93.25,Cash on Delivery,North,2.0,38.0,4.0,0,Not Returned,4330.575,2025-03,1-3 days
ORD103865,CUST1439,Books,2025-07-06,379.16,1.0,30,43.36,Cash on Delivery,North,6.0,16.0,1.0,1,Not as Described,265.412,2025-07,6-7 days
ORD101576,CUST4218,Home & Kitchen,2026-07-23,2692.29,3.5,20,203.85999999999999,Credit Card,South,4.0,34.0,4.0,1,Changed Mind,7538.412,2026-07,4-5 days
ORD103030,CUST2265,Grocery,2026-05-11,237.47,1.0,0,16.29,UPI,West,2.0,21.0,5.0,0,Not Returned,237.47,2026-05,1-3 days
ORD105850,CUST1107,Toys,2024-09-11,1267.24,1.0,0,43.6,UPI,South,4.0,23.0,2.0,0,Not Returned,1267.24,2024-09,4-5 days
ORD102013,CUST2943,Grocery,2025-07-11,196.32,1.0,0,87.2,Cash on Delivery,Central,7.0,34.0,5.0,0,Not Returned,196.32,2025-07,6-7 days
ORD102556,CUST2038,Home & Kitchen,2025-12-08,1606.95,3.5,0,32.78,UPI,North,10.5,30.0,2.0,1,Changed Mind,5624.325,2025-12,8+ days
ORD105829,CUST4079,Sports,2025-08-16,3814.23,1.0,0,203.85999999999999,Net Banking,South,3.0,32.0,4.0,0,Not Returned,3814.23,2025-08,1-3 days
ORD101795,CUST4329,Toys,2025-02-24,824.89,1.0,5,52.98,Debit Card,East,3.0,35.0,2.0,0,Not Returned,783.6455,2025-02,1-3 days
ORD103517,CUST3872,Home & Kitchen,2024-09-21,1539.95,1.0,0,83.95,Cash on Delivery,West,5.0,29.0,4.0,0,Not Returned,1539.95,2024-09,4-5 days
ORD103742,CUST3008,Fashion,2025-06-03,1170.94,1.0,25,135.18,UPI,Central,1.0,34.0,5.0,1,Better Price Found,878.205,2025-06,1-3 days
ORD102607,CUST3354,Grocery,2026-06-29,279.77,2.0,15,77.38,UPI,South,4.0,50.0,4.0,0,Not Returned,475.609,2026-06,4-5 days
ORD105227,CUST1499,Sports,2024-11-12,2480.41,1.0,0,109.64,UPI,South,2.0,39.0,3.0,0,Not Returned,2480.41,2024-11,1-3 days
ORD102113,CUST3131,Toys,2025-07-18,951.95,1.0,15,103.42,Net Banking,Central,6.0,43.0,5.0,0,Not Returned,809.1575,2025-07,6-7 days
ORD100448,CUST2182,Books,2025-10-09,407.23,1.0,25,78.94,Credit Card,Central,6.0,51.0,5.0,0,Not Returned,305.4225,2025-10,6-7 days
ORD100207,CUST2092,Grocery,2026-04-03,222.73,1.0,10,135.95,UPI,West,6.0,35.0,3.0,0,Not Returned,200.457,2026-04,6-7 days
ORD101634,CUST4168,Home & Kitchen,2024-11-27,1905.68,3.5,0,72.56,Net Banking,West,2.0,16.0,1.0,0,Not Returned,6669.88,2024-11,1-3 days
ORD102057,CUST4017,Toys,2025-06-10,1072.38,2.0,5,55.46,Credit Card,North,6.0,18.0,4.0,0,Not Returned,2037.5220000000002,2025-06,6-7 days
ORD101925,CUST1699,Grocery,2024-09-06,159.26,1.0,0,194.14,Credit Card,Central,4.0,36.0,5.0,0,Not Returned,159.26,2024-09,4-5 days
ORD100981,CUST2189,Books,2025-09-25,412.23,1.0,10,10.86,UPI,Central,3.0,34.0,4.0,0,Not Returned,371.007,2025-09,1-3 days
ORD105214,CUST1608,Beauty,2025-07-02,906.31,1.0,0,67.33500000000001,Debit Card,Central,4.0,19.0,4.0,0,Not Returned,906.31,2025-07,4-5 days
ORD104661,CUST1420,Beauty,2025-01-06,352.4,1.0,5,67.33500000000001,Debit Card,East,6.0,58.0,5.0,1,Changed Mind,334.78,2025-01,6-7 days
ORD102222,CUST3249,Sports,2024-09-14,1035.36,1.0,25,121.95,Cash on Delivery,South,5.0,25.0,4.0,0,Not Returned,776.52,2024-09,4-5 days
ORD100932,CUST2638,Beauty,2025-05-15,439.48,1.0,0,134.56,Cash on Delivery,Central,3.0,34.0,4.0,0,Not Returned,439.48,2025-05,1-3 days
ORD101391,CUST3597,Home & Kitchen,2025-04-14,2799.61,1.0,0,69.81,Net Banking,North,4.0,19.0,5.0,1,Size Issue,2799.61,2025-04,4-5 days
ORD100085,CUST4342,Toys,2026-02-05,529.08,1.0,25,77.75,Cash on Delivery,North,6.0,19.0,4.0,1,Changed Mind,396.81000000000006,2026-02,6-7 days
ORD102299,CUST1132,Home & Kitchen,2026-02-20,1680.13,2.0,0,53.92,Debit Card,South,1.0,41.0,4.0,0,Not Returned,3360.26,2026-02,1-3 days
ORD103839,CUST1804,Electronics,2025-06-30,4558.5,1.0,0,121.02,UPI,South,6.0,33.0,1.0,0,Not Returned,4558.5,2025-06,6-7 days
ORD104642,CUST2545,Home & Kitchen,2026-06-20,2687.93,1.0,20,91.17,Net Banking,West,3.0,29.0,4.0,0,Not Returned,2150.344,2026-06,1-3 days
ORD102540,CUST2561,Home & Kitchen,2026-03-19,1829.85,2.0,10,93.09,Credit Card,South,6.0,57.0,3.0,0,Not Returned,3293.73,2026-03,6-7 days
ORD102546,CUST1343,Sports,2025-02-04,1463.41,1.0,15,77.55,Net Banking,East,5.0,22.0,5.0,0,Not Returned,1243.8985,2025-02,4-5 days
ORD101680,CUST4309,Electronics,2026-06-23,4558.5,1.0,10,92.87,Credit Card,Central,1.0,38.0,2.0,0,Not Returned,4102.650000000001,2026-06,1-3 days
ORD100800,CUST1253,Toys,2025-08-20,737.72,2.0,15,67.33500000000001,UPI,North,6.0,42.0,4.0,0,Not Returned,1254.124,2025-08,6-7 days
ORD105051,CUST2261,Home & Kitchen,2025-06-05,2822.14,3.5,10,77.72,Debit Card,Central,5.0,47.0,5.0,0,Not Returned,8889.741,2025-06,4-5 days
ORD102916,CUST2885,Electronics,2024-10-26,4558.5,1.0,5,203.85999999999999,Debit Card,North,2.0,35.0,4.0,0,Not Returned,4330.575,2024-10,1-3 days
ORD103747,CUST2514,Beauty,2026-05-05,1089.5,2.0,25,167.73,Net Banking,North,10.5,45.0,4.0,0,Not Returned,1634.25,2026-05,8+ days
ORD103288,CUST2975,Books,2024-12-13,1012.185,2.0,15,34.54,Credit Card,West,6.0,28.0,5.0,0,Not Returned,1720.7144999999998,2024-12,6-7 days
ORD105222,CUST1367,Beauty,2025-12-22,853.38,1.0,10,50.63,UPI,East,5.0,34.0,5.0,0,Not Returned,768.042,2025-12,4-5 days
ORD101400,CUST2556,Fashion,2025-03-02,1146.59,1.0,0,105.61,UPI,North,4.0,28.0,4.0,1,Wrong Item Delivered,1146.59,2025-03,4-5 days
ORD103955,CUST1695,Fashion,2024-11-10,1115.52,2.0,0,82.05,Credit Card,West,7.0,33.0,5.0,1,Defective Product,2231.04,2024-11,6-7 days
ORD103534,CUST1186,Electronics,2025-01-21,4558.5,1.0,15,95.92,Net Banking,Central,6.0,23.0,4.0,0,Not Returned,3874.725,2025-01,6-7 days
ORD101874,CUST3875,Sports,2024-08-20,1859.33,3.0,5,112.67,UPI,Central,6.0,53.0,5.0,0,Not Returned,5299.090499999999,2024-08,6-7 days
ORD105800,CUST3617,Toys,2025-11-25,60.95,1.0,0,92.12,UPI,South,6.0,26.0,5.0,0,Not Returned,60.95,2025-11,6-7 days
ORD104627,CUST2273,Sports,2024-12-17,1247.49,1.0,0,58.31,Credit Card,North,5.0,51.0,2.0,0,Not Returned,1247.49,2024-12,4-5 days
ORD101178,CUST2343,Home & Kitchen,2025-06-27,2836.18,1.0,0,82.92,Net Banking,South,5.0,34.0,5.0,0,Not Returned,2836.18,2025-06,4-5 days
ORD105739,CUST3795,Toys,2025-02-27,867.08,2.0,0,53.2,Credit Card,West,5.0,36.0,5.0,1,Not as Described,1734.16,2025-02,4-5 days
ORD102632,CUST2448,Home & Kitchen,2025-08-02,2795.41,1.0,0,64.91,Net Banking,Central,2.0,26.0,5.0,0,Not Returned,2795.41,2025-08,1-3 days
ORD103311,CUST3176,Books,2024-12-06,570.66,1.0,0,91.48,Credit Card,Central,4.0,47.0,4.0,1,Better Price Found,570.66,2024-12,4-5 days
ORD101726,CUST2642,Toys,2026-08-06,1258.17,1.0,5,59.15,Net Banking,North,5.0,39.0,5.0,0,Not Returned,1195.2615,2026-08,4-5 days
ORD103911,CUST2567,Books,2026-07-30,377.04,3.5,30,105.46,UPI,South,3.0,26.0,2.0,0,Not Returned,923.748,2026-07,1-3 days
ORD100723,CUST3172,Sports,2024-10-25,818.41,2.0,0,203.85999999999999,Credit Card,North,3.0,40.0,4.0,0,Not Returned,1636.82,2024-10,1-3 days
ORD102436,CUST3783,Fashion,2025-05-08,522.49,2.0,0,22.04,UPI,North,5.0,45.0,4.0,0,Not Returned,1044.98,2025-05,4-5 days
ORD101801,CUST2888,Beauty,2024-11-16,664.39,1.0,30,112.4,Debit Card,West,7.0,35.0,4.0,0,Not Returned,465.073,2024-11,6-7 days
ORD105933,CUST2998,Grocery,2026-07-17,58.17,1.0,20,71.47,UPI,East,4.0,48.0,5.0,0,Not Returned,46.536,2026-07,4-5 days
ORD102978,CUST4294,Grocery,2025-04-26,466.04,1.0,10,93.57,Credit Card,North,6.0,48.0,4.0,0,Not Returned,419.43600000000004,2025-04,6-7 days
ORD103952,CUST2278,Beauty,2025-02-06,1011.53,2.0,10,121.22,Credit Card,Central,3.0,30.0,4.0,0,Not Returned,1820.754,2025-02,1-3 days
ORD101580,CUST3913,Toys,2025-02-17,1105.17,2.0,5,48.07,Net Banking,West,4.0,32.0,5.0,1,Defective Product,2099.823,2025-02,4-5 days
ORD102553,CUST4294,Home & Kitchen,2025-01-16,1378.83,1.0,5,23.9,Net Banking,Central,6.0,39.0,5.0,0,Not Returned,1309.8884999999998,2025-01,6-7 days
ORD103473,CUST1620,Fashion,2025-05-31,1361.38,1.0,20,141.21,Credit Card,Central,2.0,29.0,5.0,0,Not Returned,1089.104,2025-05,1-3 days
ORD101498,CUST2659,Beauty,2025-02-04,467.99,2.0,0,62.98,UPI,West,6.0,16.0,4.0,0,Not Returned,935.98,2025-02,6-7 days
ORD100314,CUST3187,Fashion,2026-08-05,1082.84,1.0,0,53.24,Net Banking,Central,6.0,44.0,2.0,0,Not Returned,1082.84,2026-08,6-7 days
ORD101673,CUST3574,Sports,2025-08-24,848.83,1.0,5,156.04,Debit Card,Central,7.0,40.0,5.0,0,Not Returned,806.3885,2025-08,6-7 days
ORD104874,CUST1849,Grocery,2024-12-17,446.85,1.0,20,47.18,UPI,South,8.0,31.0,4.0,0,Not Returned,357.48,2024-12,8+ days
ORD103541,CUST1409,Grocery,2024-09-17,258.31,1.0,20,127.84,Debit Card,East,3.0,25.0,5.0,0,Not Returned,206.64800000000002,2024-09,1-3 days
ORD103363,CUST1362,Sports,2026-05-31,1645.48,1.0,5,54.19,Credit Card,West,5.0,20.0,3.0,0,Not Returned,1563.206,2026-05,4-5 days
ORD101406,CUST1542,Fashion,2025-03-04,753.43,1.0,0,84.37,Credit Card,North,7.0,49.0,5.0,0,Not Returned,753.43,2025-03,6-7 days
ORD100004,CUST1356,Electronics,2026-06-02,4558.5,1.0,10,21.41,Cash on Delivery,West,6.0,34.0,2.0,0,Not Returned,4102.650000000001,2026-06,6-7 days
ORD100766,CUST1907,Fashion,2026-02-15,1431.82,2.0,0,50.43,Cash on Delivery,North,8.0,25.0,5.0,0,Not Returned,2863.64,2026-02,8+ days
ORD104836,CUST1281,Home & Kitchen,2025-08-03,2978.18,1.0,25,155.8,UPI,South,3.0,53.0,4.0,0,Not Returned,2233.6349999999998,2025-08,1-3 days
ORD101837,CUST1711,Home & Kitchen,2026-08-13,178.76,1.0,5,67.9,Debit Card,South,6.0,41.0,4.0,0,Not Returned,169.82199999999997,2026-08,6-7 days
ORD102790,CUST1328,Fashion,2024-09-11,599.88,2.0,0,75.15,Cash on Delivery,East,8.0,47.0,5.0,0,Not Returned,1199.76,2024-09,8+ days
ORD101407,CUST2765,Home & Kitchen,2024-10-21,3393.36,1.0,15,88.09,UPI,East,5.0,41.0,5.0,0,Not Returned,2884.356,2024-10,4-5 days
ORD100622,CUST1961,Electronics,2024-11-11,4558.5,2.0,5,15.88,Credit Card,South,2.0,28.0,4.0,0,Not Returned,8661.15,2024-11,1-3 days
ORD100026,CUST3885,Sports,2025-10-15,932.07,2.0,20,29.02,Net Banking,South,6.0,76.0,5.0,1,Defective Product,1491.3120000000001,2025-10,6-7 days
ORD102277,CUST3926,Books,2025-01-19,494.69,1.0,25,158.36,UPI,North,6.0,43.0,5.0,0,Not Returned,371.0175,2025-01,6-7 days
ORD101428,CUST2620,Fashion,2025-03-29,1456.18,2.0,0,23.08,Net Banking,Central,4.0,34.0,4.0,0,Not Returned,2912.36,2025-03,4-5 days
ORD105915,CUST1470,Books,2026-05-14,506.13,1.0,5,37.83,UPI,East,7.0,34.0,4.0,0,Not Returned,480.82349999999997,2026-05,6-7 days
ORD104327,CUST2703,Fashion,2024-10-31,648.56,1.0,10,90.11,Cash on Delivery,Central,6.0,36.0,5.0,0,Not Returned,583.704,2024-10,6-7 days
ORD102866,CUST3417,Grocery,2025-11-18,287.1,1.0,25,64.01,Debit Card,East,2.0,36.0,4.0,0,Not Returned,215.32500000000002,2025-11,1-3 days
ORD105618,CUST1357,Beauty,2025-01-26,657.86,1.0,25,43.66,Credit Card,West,5.0,26.0,4.0,0,Not Returned,493.395,2025-01,4-5 days
ORD104439,CUST3289,Books,2025-06-09,440.75,1.0,0,82.66,Credit Card,East,3.0,21.0,2.0,0,Not Returned,440.75,2025-06,1-3 days
ORD104134,CUST2324,Books,2025-07-27,537.46,2.0,25,34.32,UPI,West,1.0,43.0,3.0,0,Not Returned,806.19,2025-07,1-3 days
ORD105972,CUST1087,Home & Kitchen,2025-02-07,2908.14,1.0,20,65.23,Cash on Delivery,West,7.0,43.0,4.0,0,Not Returned,2326.512,2025-02,6-7 days
ORD105060,CUST3058,Fashion,2025-08-09,913.33,1.0,0,78.72,Cash on Delivery,South,6.0,36.0,2.0,1,Not as Described,913.33,2025-08,6-7 days
ORD101390,CUST4168,Grocery,2025-06-04,1012.185,1.0,20,87.2,Credit Card,North,7.0,16.0,4.0,0,Not Returned,809.748,2025-06,6-7 days
ORD104177,CUST3948,Books,2024-11-09,293.06,2.0,10,39.38,Net Banking,South,6.0,22.0,4.0,1,Better Price Found,527.508,2024-11,6-7 days
ORD102498,CUST2972,Toys,2026-01-27,715.34,1.0,30,25.92,Cash on Delivery,West,3.0,54.0,5.0,0,Not Returned,500.738,2026-01,1-3 days
ORD100130,CUST1240,Books,2026-05-13,643.03,1.0,0,77.42,Net Banking,East,4.0,38.0,5.0,0,Not Returned,643.03,2026-05,4-5 days
ORD104086,CUST3627,Grocery,2026-02-27,251.41,2.0,5,120.98,Debit Card,Central,6.0,26.0,1.0,0,Not Returned,477.679,2026-02,6-7 days
ORD104854,CUST2218,Home & Kitchen,2026-01-21,2688.25,1.0,15,93.95,Cash on Delivery,South,5.0,27.0,4.0,0,Not Returned,2285.0125,2026-01,4-5 days
ORD102077,CUST4486,Fashion,2025-03-21,939.66,2.0,25,104.92,Debit Card,North,7.0,44.0,3.0,0,Not Returned,1409.49,2025-03,6-7 days
ORD104225,CUST1369,Toys,2025-10-31,577.66,1.0,15,56.16,Credit Card,Central,3.0,56.0,4.0,0,Not Returned,491.01099999999997,2025-10,1-3 days
ORD102772,CUST2101,Books,2025-09-11,264.49,2.0,0,28.43,Net Banking,Central,3.0,29.0,5.0,0,Not Returned,528.98,2025-09,1-3 days
ORD102728,CUST1340,Sports,2026-03-01,1012.185,2.0,0,32.59,Credit Card,North,6.0,34.0,4.0,1,Better Price Found,2024.37,2026-03,6-7 days
ORD103208,CUST3907,Fashion,2026-05-08,1280.25,3.5,15,59.28,Debit Card,Central,5.0,48.0,2.0,0,Not Returned,3808.74375,2026-05,4-5 days
ORD102925,CUST3824,Sports,2025-08-10,800.81,1.0,0,67.86,Net Banking,West,6.0,36.0,5.0,0,Not Returned,800.81,2025-08,6-7 days
ORD104244,CUST1387,Books,2025-06-25,291.8,1.0,0,29.69,UPI,East,3.0,34.0,3.0,0,Not Returned,291.8,2025-06,1-3 days
ORD100541,CUST1280,Electronics,2024-09-14,4558.5,1.0,0,25.95,Net Banking,North,1.0,23.0,5.0,0,Not Returned,4558.5,2024-09,1-3 days
ORD103487,CUST3650,Beauty,2026-08-17,561.1,1.0,25,49.49,Net Banking,Central,5.0,16.0,4.0,0,Not Returned,420.82500000000005,2026-08,4-5 days
ORD105115,CUST3935,Toys,2026-03-15,1097.47,1.0,10,43.85,Cash on Delivery,Central,4.0,38.0,3.0,1,Changed Mind,987.7230000000001,2026-03,4-5 days
ORD101545,CUST2873,Sports,2024-12-19,598.57,1.0,5,64.74,Credit Card,Central,1.0,16.0,1.0,0,Not Returned,568.6415000000001,2024-12,1-3 days
ORD101771,CUST1850,Toys,2026-07-25,1007.47,2.0,15,95.11,Credit Card,South,7.0,53.0,5.0,0,Not Returned,1712.699,2026-07,6-7 days
ORD100383,CUST1070,Electronics,2025-07-12,1881.17,2.0,20,144.9,Cash on Delivery,West,4.0,30.0,4.0,0,Not Returned,3009.8720000000003,2025-07,4-5 days
ORD100512,CUST2983,Grocery,2025-07-11,259.22,1.0,20,52.1,Cash on Delivery,West,7.0,34.0,5.0,0,Not Returned,207.37600000000003,2025-07,6-7 days
ORD101811,CUST2687,Fashion,2025-03-22,1153.79,1.0,5,81.12,Debit Card,South,5.0,47.0,4.0,1,Defective Product,1096.1005,2025-03,4-5 days
ORD101085,CUST4392,Toys,2025-04-21,881.69,3.0,15,156.57,Cash on Delivery,South,9.0,16.0,1.0,0,Not Returned,2248.3095000000003,2025-04,8+ days
ORD100699,CUST3725,Grocery,2025-06-15,259.9,1.0,15,67.33500000000001,UPI,North,1.0,44.0,2.0,0,Not Returned,220.91499999999996,2025-06,1-3 days
ORD102820,CUST4157,Beauty,2024-12-10,932.82,2.0,5,84.72,UPI,West,5.0,47.0,5.0,0,Not Returned,1772.358,2024-12,4-5 days
ORD103349,CUST1761,Beauty,2025-05-05,1089.67,2.0,5,78.98,Debit Card,Central,6.0,23.0,3.0,1,Size Issue,2070.373,2025-05,6-7 days
ORD105347,CUST1056,Electronics,2024-11-18,4558.5,2.0,5,39.37,Credit Card,Central,6.0,37.0,1.0,1,Defective Product,8661.15,2024-11,6-7 days
ORD102017,CUST1370,Books,2026-04-18,588.05,1.0,0,144.79,Net Banking,Central,8.0,40.0,5.0,0,Not Returned,588.05,2026-04,8+ days
ORD105729,CUST3663,Home & Kitchen,2026-05-21,1012.185,1.0,25,54.77,Net Banking,North,10.5,16.0,5.0,1,Wrong Item Delivered,759.13875,2026-05,8+ days
ORD103145,CUST2552,Toys,2025-05-15,1224.17,1.0,10,10.02,UPI,West,3.0,44.0,4.0,0,Not Returned,1101.7530000000002,2025-05,1-3 days
ORD102179,CUST1683,Electronics,2026-05-28,2092.26,2.0,25,53.1,UPI,West,6.0,32.0,5.0,0,Not Returned,3138.3900000000003,2026-05,6-7 days
ORD105643,CUST2924,Books,2026-03-01,341.25,1.0,0,67.33500000000001,Cash on Delivery,West,5.0,34.0,2.0,0,Not Returned,341.25,2026-03,4-5 days
ORD104636,CUST4252,Sports,2025-04-19,1942.85,1.0,10,29.74,Debit Card,South,6.0,29.0,5.0,0,Not Returned,1748.565,2025-04,6-7 days
ORD100916,CUST4191,Beauty,2024-12-24,1004.64,1.0,0,105.15,Net Banking,North,4.0,41.0,5.0,0,Not Returned,1004.64,2024-12,4-5 days
ORD104299,CUST3779,Toys,2026-01-30,1006.51,1.0,5,32.46,Cash on Delivery,West,3.0,51.0,4.0,0,Not Returned,956.1845,2026-01,1-3 days
ORD103171,CUST1849,Toys,2026-02-09,1071.39,1.0,10,17.79,Net Banking,South,3.0,17.0,4.0,0,Not Returned,964.2510000000001,2026-02,1-3 days
ORD100760,CUST3824,Grocery,2025-07-21,159.66,1.0,0,162.25,UPI,South,7.0,35.0,1.0,0,Not Returned,159.66,2025-07,6-7 days
ORD100770,CUST4179,Grocery,2025-01-07,376.08,1.0,0,92.61,Debit Card,East,4.0,23.0,3.0,0,Not Returned,376.08,2025-01,4-5 days
ORD104377,CUST2289,Beauty,2024-10-19,683.02,1.0,5,137.01,Debit Card,West,1.0,33.0,5.0,0,Not Returned,648.8689999999999,2024-10,1-3 days
ORD104269,CUST3526,Sports,2025-11-14,1302.86,1.0,10,134.41,UPI,Central,4.0,36.0,5.0,0,Not Returned,1172.5739999999998,2025-11,4-5 days
ORD105323,CUST3897,Beauty,2026-08-01,685.6,2.0,10,75.03,Cash on Delivery,East,6.0,31.0,5.0,0,Not Returned,1234.0800000000002,2026-08,6-7 days
ORD105038,CUST1773,Home & Kitchen,2025-09-02,2559.65,2.0,25,203.85999999999999,Credit Card,North,5.0,48.0,5.0,0,Not Returned,3839.4750000000004,2025-09,4-5 days
ORD104194,CUST1629,Toys,2026-04-22,846.58,1.0,15,97.99,UPI,South,3.0,46.0,5.0,0,Not Returned,719.593,2026-04,1-3 days
ORD102586,CUST3622,Electronics,2026-04-10,4558.5,3.0,5,99.77,UPI,North,6.0,30.0,4.0,0,Not Returned,12991.724999999999,2026-04,6-7 days
ORD101114,CUST1709,Home & Kitchen,2025-04-05,3222.68,2.0,0,24.79,Net Banking,Central,4.0,30.0,3.0,0,Not Returned,6445.36,2025-04,4-5 days
ORD104822,CUST2247,Grocery,2025-11-29,308.38,1.0,5,85.8,Cash on Delivery,East,7.0,29.0,3.0,1,Size Issue,292.96099999999996,2025-11,6-7 days
ORD100798,CUST1771,Toys,2025-10-10,1252.45,3.0,15,156.51,Credit Card,North,4.0,46.0,4.0,0,Not Returned,3193.7475000000004,2025-10,4-5 days
ORD101549,CUST4174,Fashion,2024-11-10,1459.31,1.0,0,151.85,Debit Card,South,3.0,44.0,4.0,0,Not Returned,1459.31,2024-11,1-3 days
ORD102655,CUST3214,Sports,2025-08-03,2436.21,2.0,15,159.81,Debit Card,Central,4.0,33.0,5.0,1,Not as Described,4141.557,2025-08,4-5 days
ORD104105,CUST1919,Books,2026-05-27,480.26,1.0,5,148.61,UPI,North,4.0,46.0,4.0,0,Not Returned,456.24699999999996,2026-05,4-5 days
ORD102317,CUST3471,Sports,2025-09-22,1190.08,1.0,10,110.47,Credit Card,West,4.0,27.0,4.0,1,Defective Product,1071.072,2025-09,4-5 days
ORD100680,CUST2762,Beauty,2025-08-23,511.06,1.0,0,10.61,Credit Card,Central,6.0,27.0,5.0,0,Not Returned,511.06,2025-08,6-7 days
ORD101334,CUST1618,Books,2024-10-07,329.24,1.0,10,108.64,Credit Card,West,2.0,46.0,2.0,1,Changed Mind,296.31600000000003,2024-10,1-3 days
ORD103371,CUST2921,Books,2025-07-16,661.16,2.0,5,103.22,Cash on Delivery,North,7.0,32.0,4.0,0,Not Returned,1256.204,2025-07,6-7 days
ORD103383,CUST3070,Beauty,2024-10-18,429.37,2.0,10,90.73,Credit Card,North,2.0,53.0,4.0,1,Changed Mind,772.866,2024-10,1-3 days
ORD101755,CUST1391,Electronics,2024-10-20,4558.5,1.0,5,110.93,UPI,North,5.0,33.0,5.0,1,Changed Mind,4330.575,2024-10,4-5 days
ORD100342,CUST3358,Books,2026-06-29,317.07,1.0,15,73.25,UPI,East,8.0,34.0,5.0,0,Not Returned,269.5095,2026-06,8+ days
ORD105255,CUST4487,Books,2025-10-04,404.35,2.0,25,112.7,UPI,South,7.0,54.0,2.0,0,Not Returned,606.5250000000001,2025-10,6-7 days
ORD105472,CUST1523,Sports,2024-12-09,2099.97,1.0,25,9.13,Debit Card,North,5.0,27.0,1.0,0,Not Returned,1574.9775,2024-12,4-5 days
ORD102567,CUST3700,Beauty,2024-11-27,693.91,1.0,10,102.66,Credit Card,South,3.0,21.0,5.0,1,Size Issue,624.519,2024-11,1-3 days
ORD102523,CUST2578,Electronics,2025-02-02,4558.5,2.0,15,71.59,UPI,East,3.0,34.0,3.0,1,Size Issue,7749.45,2025-02,1-3 days
ORD100140,CUST3220,Electronics,2025-10-16,4558.5,1.0,25,64.76,Debit Card,West,6.0,34.0,4.0,0,Not Returned,3418.875,2025-10,6-7 days
ORD101310,CUST2518,Toys,2026-06-18,926.77,1.0,5,36.46,Cash on Delivery,South,4.0,36.0,5.0,0,Not Returned,880.4314999999999,2026-06,4-5 days
ORD101772,CUST2897,Home & Kitchen,2025-07-15,2295.36,1.0,5,20.71,Cash on Delivery,Central,5.0,25.0,5.0,1,Better Price Found,2180.592,2025-07,4-5 days
ORD102114,CUST2383,Home & Kitchen,2025-10-28,3270.89,1.0,25,139.94,Cash on Delivery,Central,3.0,29.0,5.0,0,Not Returned,2453.1675,2025-10,1-3 days
ORD102957,CUST3523,Books,2025-01-09,283.42,1.0,25,32.54,Debit Card,Central,7.0,20.0,5.0,1,Size Issue,212.565,2025-01,6-7 days
ORD100227,CUST3361,Books,2024-11-11,385.23,1.0,10,57.59,Credit Card,West,4.0,16.0,3.0,0,Not Returned,346.70700000000005,2024-11,4-5 days
ORD102732,CUST2013,Home & Kitchen,2025-04-02,383.26,1.0,20,70.97,Debit Card,East,3.0,54.0,5.0,0,Not Returned,306.608,2025-04,1-3 days
ORD100578,CUST2172,Beauty,2025-08-17,716.62,1.0,30,172.29,Cash on Delivery,East,3.0,34.0,4.0,1,Not as Described,501.63399999999996,2025-08,1-3 days
ORD105601,CUST3976,Sports,2025-10-15,2223.26,2.0,0,64.96,Cash on Delivery,Central,7.0,37.0,4.0,1,Late Delivery,4446.52,2025-10,6-7 days
ORD101966,CUST3552,Fashion,2026-03-16,1050.67,3.0,10,65.85,Cash on Delivery,South,3.0,28.0,3.0,0,Not Returned,2836.809,2026-03,1-3 days
ORD105603,CUST1522,Beauty,2025-04-12,717.63,1.0,0,16.2,Debit Card,East,1.0,27.0,4.0,0,Not Returned,717.63,2025-04,1-3 days
ORD105065,CUST2062,Sports,2026-02-24,1748.01,1.0,0,67.33500000000001,UPI,Central,5.0,29.0,4.0,0,Not Returned,1748.01,2026-02,4-5 days
ORD100163,CUST1542,Beauty,2025-08-23,516.45,2.0,0,78.99,Debit Card,South,2.0,24.0,4.0,1,Defective Product,1032.9,2025-08,1-3 days
ORD102850,CUST2313,Sports,2025-11-15,2089.56,1.0,5,200.4,Debit Card,Central,4.0,27.0,5.0,0,Not Returned,1985.0819999999999,2025-11,4-5 days
ORD103131,CUST3675,Toys,2024-12-05,1035.43,1.0,10,5.07,Credit Card,Central,1.0,41.0,5.0,1,Better Price Found,931.8870000000001,2024-12,1-3 days
ORD102244,CUST1768,Sports,2025-11-08,2679.77,2.0,0,6.65,Debit Card,Central,7.0,26.0,5.0,0,Not Returned,5359.54,2025-11,6-7 days
ORD101872,CUST2206,Electronics,2026-02-06,4558.5,1.0,0,128.44,Cash on Delivery,North,3.0,31.0,2.0,0,Not Returned,4558.5,2026-02,1-3 days
ORD105834,CUST1867,Books,2026-05-03,344.97,2.0,30,71.45,Cash on Delivery,South,6.0,47.0,5.0,0,Not Returned,482.958,2026-05,6-7 days
ORD103279,CUST3475,Grocery,2026-03-03,200.39,1.0,0,45.48,UPI,West,6.0,36.0,4.0,1,Late Delivery,200.39,2026-03,6-7 days
ORD102360,CUST1788,Fashion,2026-06-06,1343.86,1.0,5,160.43,Debit Card,North,4.0,44.0,3.0,0,Not Returned,1276.667,2026-06,4-5 days
ORD105625,CUST4189,Beauty,2026-05-01,1116.55,1.0,0,33.07,Credit Card,North,3.0,31.0,4.0,0,Not Returned,1116.55,2026-05,1-3 days
ORD103818,CUST4405,Books,2025-11-10,265.91,1.0,0,100.98,Net Banking,North,5.0,35.0,4.0,0,Not Returned,265.91,2025-11,4-5 days
ORD104847,CUST4307,Fashion,2025-06-06,544.97,1.0,5,52.03,Cash on Delivery,Central,3.0,48.0,4.0,0,Not Returned,517.7215,2025-06,1-3 days
ORD101782,CUST4359,Books,2025-03-25,401.77,1.0,0,117.84,Debit Card,East,4.0,36.0,5.0,0,Not Returned,401.77,2025-03,4-5 days
ORD100427,CUST4031,Books,2025-11-07,424.16,2.0,10,64.33,Net Banking,South,3.0,39.0,3.0,1,Defective Product,763.488,2025-11,1-3 days
ORD105700,CUST1382,Fashion,2026-05-28,1947.7,2.0,20,20.22,UPI,East,7.0,30.0,5.0,0,Not Returned,3116.32,2026-05,6-7 days
ORD100449,CUST2919,Grocery,2025-07-06,253.93,1.0,0,39.16,Credit Card,West,3.0,57.0,4.0,0,Not Returned,253.93,2025-07,1-3 days
ORD102323,CUST2755,Electronics,2025-05-21,4558.5,2.0,30,105.74,UPI,West,9.0,58.0,5.0,0,Not Returned,6381.9,2025-05,8+ days
ORD104540,CUST1004,Toys,2025-07-15,1760.47,3.0,15,43.41,Cash on Delivery,South,4.0,26.0,4.0,0,Not Returned,4489.1984999999995,2025-07,4-5 days
ORD104001,CUST3139,Beauty,2025-11-20,284.03,1.0,0,62.48,Debit Card,North,3.0,16.0,4.0,0,Not Returned,284.03,2025-11,1-3 days
ORD102267,CUST4122,Sports,2026-06-19,1258.33,1.0,20,68.81,Credit Card,South,8.0,40.0,4.0,0,Not Returned,1006.664,2026-06,8+ days
ORD100313,CUST1522,Fashion,2025-07-26,910.04,1.0,25,66.88,Credit Card,East,8.0,22.0,3.0,0,Not Returned,682.53,2025-07,8+ days
ORD104168,CUST2802,Fashion,2025-11-27,1835.2,3.5,10,148.83,UPI,Central,6.0,34.0,4.0,0,Not Returned,5780.88,2025-11,6-7 days
ORD104061,CUST2266,Sports,2025-09-27,1579.61,1.0,0,24.85,Net Banking,West,3.0,52.0,5.0,0,Not Returned,1579.61,2025-09,1-3 days
ORD100369,CUST3334,Sports,2026-02-18,1114.36,1.0,5,20.02,Cash on Delivery,East,4.0,21.0,5.0,0,Not Returned,1058.6419999999998,2026-02,4-5 days
ORD101528,CUST3642,Grocery,2026-01-07,347.55,1.0,15,53.84,Debit Card,North,1.0,26.0,1.0,0,Not Returned,295.4175,2026-01,1-3 days
ORD101721,CUST4383,Toys,2025-04-09,749.19,3.0,0,76.6,Cash on Delivery,South,3.0,55.0,3.0,0,Not Returned,2247.57,2025-04,1-3 days
ORD104037,CUST1369,Home & Kitchen,2025-08-16,1973.68,2.0,0,133.99,Credit Card,South,2.0,18.0,4.0,0,Not Returned,3947.36,2025-08,1-3 days
ORD100664,CUST3519,Books,2025-08-22,361.86,1.0,0,152.83,Credit Card,West,1.0,31.0,5.0,0,Not Returned,361.86,2025-08,1-3 days
ORD105591,CUST3710,Fashion,2026-06-19,1269.41,1.0,15,160.72,Net Banking,South,4.0,36.0,2.0,1,Better Price Found,1078.9985000000001,2026-06,4-5 days
ORD103925,CUST2288,Toys,2025-05-26,620.51,1.0,10,29.94,Credit Card,North,6.0,33.0,5.0,0,Not Returned,558.4590000000001,2025-05,6-7 days
ORD105290,CUST4226,Fashion,2025-04-07,1512.09,3.5,0,60.33,Credit Card,West,1.0,54.0,3.0,0,Not Returned,5292.315,2025-04,1-3 days
ORD103817,CUST3288,Books,2025-01-03,256.93,3.0,5,69.85,Cash on Delivery,Central,7.0,56.0,5.0,0,Not Returned,732.2504999999999,2025-01,6-7 days
ORD102462,CUST4101,Toys,2026-01-01,951.22,1.0,0,122.29,Cash on Delivery,West,5.0,40.0,1.0,0,Not Returned,951.22,2026-01,4-5 days
ORD103523,CUST4349,Toys,2025-10-25,1113.87,1.0,0,203.85999999999999,UPI,South,2.0,42.0,5.0,0,Not Returned,1113.87,2025-10,1-3 days
ORD104951,CUST2265,Grocery,2026-06-05,325.49,1.0,15,64.54,Debit Card,North,6.0,43.0,4.0,0,Not Returned,276.6665,2026-06,6-7 days
ORD105901,CUST2846,Home & Kitchen,2025-11-25,1791.45,2.0,25,81.44,Credit Card,North,4.0,32.0,5.0,0,Not Returned,2687.175,2025-11,4-5 days
ORD104673,CUST3390,Sports,2025-05-07,1630.95,1.0,10,67.33500000000001,Credit Card,Central,3.0,31.0,1.0,0,Not Returned,1467.855,2025-05,1-3 days
ORD102894,CUST2814,Books,2026-08-18,464.26,1.0,5,106.61,UPI,West,2.0,38.0,5.0,0,Not Returned,441.04699999999997,2026-08,1-3 days
ORD100678,CUST3446,Home & Kitchen,2025-05-24,2039.28,2.0,0,67.33500000000001,Net Banking,Central,4.0,16.0,5.0,0,Not Returned,4078.56,2025-05,4-5 days
ORD100126,CUST1382,Books,2024-08-29,399.5,1.0,15,22.96,Debit Card,North,5.0,16.0,2.0,0,Not Returned,339.575,2024-08,4-5 days
ORD102297,CUST3828,Home & Kitchen,2026-04-24,2553.46,1.0,15,32.53,UPI,Central,5.0,25.0,5.0,0,Not Returned,2170.441,2026-04,4-5 days
ORD102271,CUST3467,Home & Kitchen,2024-11-28,2923.96,2.0,5,92.4,UPI,South,4.0,57.0,5.0,0,Not Returned,5555.523999999999,2024-11,4-5 days
ORD104907,CUST2534,Home & Kitchen,2026-06-28,3955.84,2.0,25,68.33,Debit Card,North,4.0,37.0,4.0,0,Not Returned,5933.76,2026-06,4-5 days
ORD102386,CUST1186,Electronics,2026-02-15,4515.58,1.0,30,48.45,Credit Card,North,4.0,33.0,2.0,0,Not Returned,3160.906,2026-02,4-5 days
ORD105631,CUST3849,Toys,2024-11-27,1091.43,1.0,30,51.98,UPI,North,8.0,33.0,4.0,0,Not Returned,764.001,2024-11,8+ days
ORD103874,CUST1166,Home & Kitchen,2025-09-30,3251.25,2.0,15,25.47,Credit Card,Central,7.0,16.0,5.0,0,Not Returned,5527.125,2025-09,6-7 days
ORD104953,CUST3538,Sports,2026-02-23,1650.61,3.0,20,125.81,Debit Card,South,5.0,42.0,4.0,1,Defective Product,3961.464,2026-02,4-5 days
ORD105183,CUST3700,Books,2026-08-08,417.36,1.0,10,78.82,Net Banking,North,2.0,37.0,5.0,0,Not Returned,375.624,2026-08,1-3 days
ORD100370,CUST2552,Home & Kitchen,2025-11-08,2783.55,1.0,30,23.23,Cash on Delivery,Central,4.0,16.0,5.0,0,Not Returned,1948.485,2025-11,4-5 days
ORD103654,CUST1566,Electronics,2026-03-07,4558.5,1.0,0,113.01,Debit Card,South,5.0,23.0,4.0,0,Not Returned,4558.5,2026-03,4-5 days
ORD104768,CUST1310,Fashion,2025-03-01,1435.9,2.0,0,87.79,Cash on Delivery,South,4.0,25.0,4.0,1,Late Delivery,2871.8,2025-03,4-5 days
ORD101272,CUST3749,Beauty,2026-07-08,754.88,2.0,10,20.07,Debit Card,West,2.0,41.0,4.0,0,Not Returned,1358.784,2026-07,1-3 days
ORD100285,CUST4185,Grocery,2025-03-09,50.0,1.0,0,49.49,Net Banking,East,5.0,16.0,5.0,0,Not Returned,50.0,2025-03,4-5 days
ORD100095,CUST3661,Toys,2026-08-16,930.03,1.0,0,76.35,UPI,South,4.0,26.0,4.0,0,Not Returned,930.03,2026-08,4-5 days
ORD101170,CUST1665,Toys,2024-11-09,943.89,1.0,20,51.34,UPI,East,7.0,33.0,3.0,1,Defective Product,755.1120000000001,2024-11,6-7 days
ORD103203,CUST4450,Home & Kitchen,2025-11-19,1012.185,1.0,30,67.33500000000001,Credit Card,East,4.0,32.0,3.0,1,Wrong Item Delivered,708.5294999999999,2025-11,4-5 days
ORD102554,CUST2483,Toys,2025-04-06,333.61,1.0,25,27.81,Net Banking,Central,5.0,32.0,4.0,0,Not Returned,250.2075,2025-04,4-5 days
ORD101228,CUST2674,Books,2024-09-11,400.25,1.0,25,33.09,Net Banking,West,4.0,16.0,3.0,1,Defective Product,300.1875,2024-09,4-5 days
ORD102948,CUST2376,Beauty,2024-12-05,1140.03,1.0,20,12.54,Debit Card,West,6.0,45.0,5.0,0,Not Returned,912.024,2024-12,6-7 days
ORD105442,CUST2489,Fashion,2024-11-07,912.46,1.0,0,92.56,Credit Card,West,5.0,40.0,5.0,0,Not Returned,912.46,2024-11,4-5 days
ORD100171,CUST3717,Books,2025-03-25,402.2,3.5,20,35.67,Net Banking,East,5.0,34.0,4.0,0,Not Returned,1126.16,2025-03,4-5 days
ORD102559,CUST3787,Books,2025-11-09,665.76,1.0,10,101.39,UPI,East,5.0,22.0,4.0,1,Changed Mind,599.184,2025-11,4-5 days
ORD101463,CUST3613,Toys,2025-09-15,963.5,2.0,0,27.36,Credit Card,South,4.0,30.0,4.0,0,Not Returned,1927.0,2025-09,4-5 days
ORD101003,CUST4144,Fashion,2025-10-22,1283.15,1.0,10,152.93,UPI,South,4.0,22.0,4.0,0,Not Returned,1154.835,2025-10,4-5 days
ORD102717,CUST3133,Sports,2026-02-16,2151.43,1.0,5,11.7,Credit Card,South,3.0,29.0,2.0,0,Not Returned,2043.8584999999998,2026-02,1-3 days
ORD105497,CUST3063,Toys,2025-08-28,905.49,1.0,15,72.87,Net Banking,South,5.0,17.0,1.0,0,Not Returned,769.6665,2025-08,4-5 days
ORD105958,CUST1869,Beauty,2025-03-14,664.24,1.0,0,95.42,Net Banking,West,3.0,30.0,4.0,0,Not Returned,664.24,2025-03,1-3 days
ORD103202,CUST2536,Fashion,2025-04-23,945.09,1.0,5,203.85999999999999,UPI,South,5.0,33.0,5.0,0,Not Returned,897.8355,2025-04,4-5 days
ORD102043,CUST2377,Grocery,2025-08-06,415.2,1.0,0,203.85999999999999,Cash on Delivery,South,4.0,39.0,5.0,0,Not Returned,415.2,2025-08,4-5 days
ORD102584,CUST3447,Toys,2025-03-16,254.21,2.0,25,155.85,Cash on Delivery,West,1.0,38.0,3.0,0,Not Returned,381.315,2025-03,1-3 days
ORD100250,CUST1875,Toys,2025-07-08,4558.5,1.0,25,143.19,UPI,East,6.0,29.0,4.0,0,Not Returned,3418.875,2025-07,6-7 days
ORD102635,CUST1778,Fashion,2025-12-31,786.02,1.0,10,91.99,Net Banking,North,8.0,18.0,4.0,1,Better Price Found,707.418,2025-12,8+ days
ORD104731,CUST3405,Books,2026-02-27,366.77,1.0,5,111.32,UPI,South,2.0,29.0,4.0,0,Not Returned,348.43149999999997,2026-02,1-3 days
ORD105458,CUST3166,Home & Kitchen,2026-03-11,1658.87,2.0,15,124.93,Credit Card,Central,7.0,34.0,4.0,0,Not Returned,2820.0789999999997,2026-03,6-7 days
ORD100048,CUST3044,Grocery,2025-01-21,529.93,1.0,0,33.03,Cash on Delivery,North,3.0,35.0,5.0,0,Not Returned,529.93,2025-01,1-3 days
ORD101352,CUST2663,Beauty,2024-10-15,532.18,3.0,30,42.14,Net Banking,South,3.0,36.0,5.0,1,Defective Product,1117.578,2024-10,1-3 days
ORD100111,CUST1386,Sports,2025-06-12,50.0,1.0,20,31.07,Cash on Delivery,Central,1.0,34.0,5.0,0,Not Returned,40.0,2025-06,1-3 days
ORD103338,CUST1047,Toys,2024-11-18,1079.32,1.0,0,95.22,UPI,South,4.0,35.0,1.0,1,Better Price Found,1079.32,2024-11,4-5 days
ORD100950,CUST1307,Beauty,2026-07-12,314.62,1.0,25,25.75,Credit Card,East,5.0,24.0,2.0,0,Not Returned,235.965,2026-07,4-5 days
ORD100193,CUST4260,Fashion,2025-04-01,1751.21,1.0,5,128.57,Net Banking,North,6.0,21.0,4.0,1,Defective Product,1663.6495,2025-04,6-7 days
ORD102650,CUST4130,Sports,2024-12-30,2368.84,2.0,0,26.39,Debit Card,East,5.0,28.0,5.0,0,Not Returned,4737.68,2024-12,4-5 days
ORD100612,CUST1957,Home & Kitchen,2024-11-06,3908.33,1.0,0,32.59,Net Banking,East,2.0,33.0,2.0,1,Not as Described,3908.33,2024-11,1-3 days
ORD104130,CUST2847,Fashion,2025-02-07,1295.4,1.0,0,39.64,Credit Card,East,2.0,54.0,1.0,0,Not Returned,1295.4,2025-02,1-3 days
ORD104322,CUST1848,Grocery,2024-12-15,345.36,1.0,5,104.73,Net Banking,East,1.0,35.0,4.0,0,Not Returned,328.092,2024-12,1-3 days
ORD100152,CUST3390,Home & Kitchen,2025-06-21,3303.53,2.0,0,67.33500000000001,Net Banking,North,6.0,23.0,3.0,0,Not Returned,6607.06,2025-06,6-7 days
ORD100109,CUST1995,Grocery,2025-10-14,261.93,1.0,25,101.59,Net Banking,West,6.0,45.0,4.0,1,Defective Product,196.4475,2025-10,6-7 days
ORD105173,CUST3884,Toys,2025-08-15,281.93,1.0,10,59.01,Debit Card,North,3.0,28.0,4.0,0,Not Returned,253.73700000000002,2025-08,1-3 days
ORD100672,CUST2816,Books,2026-01-21,331.56,1.0,5,186.99,Credit Card,East,2.0,33.0,3.0,0,Not Returned,314.98199999999997,2026-01,1-3 days
ORD102000,CUST3075,Fashion,2025-04-03,1221.72,1.0,5,76.95,Net Banking,Central,7.0,16.0,4.0,0,Not Returned,1160.634,2025-04,6-7 days
ORD105240,CUST1080,Sports,2026-04-05,1847.49,2.0,15,39.85,UPI,East,6.0,40.0,4.0,0,Not Returned,3140.7329999999997,2026-04,6-7 days
ORD105379,CUST2452,Books,2025-01-02,197.58,1.0,30,203.85999999999999,Debit Card,East,5.0,24.0,2.0,1,Wrong Item Delivered,138.306,2025-01,4-5 days
ORD105971,CUST2568,Toys,2025-04-14,398.74,1.0,10,68.96,UPI,Central,6.0,43.0,4.0,0,Not Returned,358.86600000000004,2025-04,6-7 days
ORD102582,CUST2641,Books,2025-05-26,505.63,1.0,20,15.2,Credit Card,East,6.0,44.0,1.0,0,Not Returned,404.504,2025-05,6-7 days
ORD103143,CUST1381,Grocery,2026-06-30,1012.185,1.0,20,79.34,Credit Card,West,3.0,41.0,4.0,1,Changed Mind,809.748,2026-06,1-3 days
ORD105133,CUST3595,Toys,2026-06-24,670.36,1.0,0,140.36,Cash on Delivery,North,4.0,34.0,4.0,0,Not Returned,670.36,2026-06,4-5 days
ORD102451,CUST3226,Books,2025-09-26,336.37,1.0,25,85.67,Net Banking,Central,4.0,34.0,4.0,0,Not Returned,252.2775,2025-09,4-5 days
ORD101537,CUST3027,Grocery,2025-08-23,99.93,2.0,20,67.33500000000001,Credit Card,South,6.0,16.0,5.0,0,Not Returned,159.88800000000003,2025-08,6-7 days
ORD101308,CUST2923,Beauty,2026-08-06,412.46,1.0,10,141.68,Credit Card,Central,4.0,34.0,3.0,0,Not Returned,371.214,2026-08,4-5 days
ORD101157,CUST4430,Electronics,2025-06-20,4558.5,1.0,0,37.99,UPI,East,3.0,53.0,4.0,0,Not Returned,4558.5,2025-06,1-3 days
ORD104607,CUST3516,Sports,2025-12-27,2047.75,1.0,5,177.32,UPI,West,4.0,41.0,4.0,0,Not Returned,1945.3625,2025-12,4-5 days
ORD102158,CUST1414,Books,2026-01-29,604.23,3.0,15,55.42,Credit Card,South,6.0,37.0,3.0,0,Not Returned,1540.7865,2026-01,6-7 days
ORD101698,CUST1519,Grocery,2024-12-19,338.0,1.0,5,21.37,Net Banking,South,6.0,42.0,5.0,0,Not Returned,321.09999999999997,2024-12,6-7 days
ORD104376,CUST1285,Sports,2025-09-01,819.36,1.0,5,112.58,UPI,East,5.0,51.0,3.0,0,Not Returned,778.3919999999999,2025-09,4-5 days
ORD103113,CUST2261,Books,2024-09-25,610.36,1.0,0,23.87,Cash on Delivery,North,4.0,28.0,3.0,0,Not Returned,610.36,2024-09,4-5 days
ORD102741,CUST3857,Fashion,2025-07-10,1404.47,1.0,5,96.89,Credit Card,West,4.0,16.0,5.0,0,Not Returned,1334.2465,2025-07,4-5 days
ORD102381,CUST2773,Sports,2025-11-22,2631.32,2.0,25,59.12,Debit Card,South,5.0,20.0,5.0,0,Not Returned,3946.9800000000005,2025-11,4-5 days
ORD102185,CUST3503,Toys,2025-07-05,4558.5,1.0,10,109.43,Net Banking,West,5.0,28.0,5.0,1,Changed Mind,4102.650000000001,2025-07,4-5 days
ORD104511,CUST2668,Sports,2025-03-31,3107.52,2.0,5,127.93,Net Banking,Central,4.0,23.0,4.0,0,Not Returned,5904.288,2025-03,4-5 days
ORD101440,CUST2334,Beauty,2026-03-13,782.38,2.0,0,21.47,Credit Card,North,5.0,52.0,4.0,0,Not Returned,1564.76,2026-03,4-5 days
ORD103387,CUST1058,Beauty,2026-05-08,423.96,1.0,0,80.33,Debit Card,Central,5.0,31.0,3.0,0,Not Returned,423.96,2026-05,4-5 days
ORD105289,CUST1628,Fashion,2025-06-21,1188.2,2.0,10,58.57,Cash on Delivery,East,2.0,29.0,1.0,1,Defective Product,2138.76,2025-06,1-3 days
ORD104899,CUST4426,Electronics,2026-01-10,3032.95,1.0,20,58.71,Cash on Delivery,North,7.0,45.0,5.0,1,Changed Mind,2426.36,2026-01,6-7 days
ORD105476,CUST2499,Sports,2026-08-01,1772.76,1.0,30,75.81,Cash on Delivery,North,7.0,23.0,4.0,1,Size Issue,1240.932,2026-08,6-7 days
ORD104204,CUST1865,Electronics,2025-10-09,4558.5,1.0,0,30.7,Cash on Delivery,East,7.0,16.0,3.0,0,Not Returned,4558.5,2025-10,6-7 days
ORD105642,CUST1613,Home & Kitchen,2026-04-05,2398.35,3.0,5,29.07,Cash on Delivery,North,4.0,36.0,3.0,0,Not Returned,6835.297499999999,2026-04,4-5 days
ORD101699,CUST2100,Toys,2026-02-18,1345.73,1.0,25,39.36,Credit Card,South,1.0,39.0,4.0,0,Not Returned,1009.2975,2026-02,1-3 days
ORD103744,CUST1229,Home & Kitchen,2025-08-27,3730.31,1.0,5,24.83,Cash on Delivery,Central,4.0,32.0,3.0,0,Not Returned,3543.7945,2025-08,4-5 days
ORD100882,CUST3889,Home & Kitchen,2024-11-28,1640.47,1.0,0,13.99,UPI,South,3.0,45.0,5.0,1,Wrong Item Delivered,1640.47,2024-11,1-3 days
ORD103909,CUST1279,Home & Kitchen,2024-09-26,2115.2,1.0,10,203.85999999999999,Cash on Delivery,Central,5.0,39.0,2.0,0,Not Returned,1903.6799999999998,2024-09,4-5 days
ORD100567,CUST2871,Beauty,2026-01-05,1183.34,1.0,15,90.49,UPI,West,6.0,32.0,4.0,0,Not Returned,1005.8389999999999,2026-01,6-7 days
ORD105474,CUST4110,Fashion,2026-01-21,1075.91,1.0,15,58.05,UPI,South,1.0,26.0,5.0,0,Not Returned,914.5235,2026-01,1-3 days
ORD103283,CUST3660,Home & Kitchen,2025-04-14,1780.17,1.0,5,75.11,Net Banking,East,3.0,52.0,4.0,1,Better Price Found,1691.1615,2025-04,1-3 days
ORD102610,CUST3060,Electronics,2025-10-01,4558.5,1.0,15,78.8,Debit Card,East,3.0,28.0,4.0,0,Not Returned,3874.725,2025-10,1-3 days
ORD101808,CUST1608,Electronics,2025-03-11,4558.5,1.0,25,128.68,Net Banking,South,4.0,43.0,5.0,0,Not Returned,3418.875,2025-03,4-5 days
ORD102261,CUST1711,Home & Kitchen,2026-01-06,2701.39,1.0,0,18.01,UPI,West,4.0,27.0,3.0,1,Late Delivery,2701.39,2026-01,4-5 days
ORD101514,CUST3404,Fashion,2025-11-08,1597.11,1.0,20,62.65,Cash on Delivery,West,4.0,42.0,4.0,0,Not Returned,1277.688,2025-11,4-5 days
ORD103038,CUST4438,Books,2024-12-31,460.28,1.0,0,58.5,Debit Card,Central,8.0,39.0,4.0,0,Not Returned,460.28,2024-12,8+ days
ORD103598,CUST1559,Home & Kitchen,2024-10-01,2949.36,1.0,0,154.35,Debit Card,South,2.0,18.0,3.0,0,Not Returned,2949.36,2024-10,1-3 days
ORD101746,CUST1840,Toys,2025-03-31,879.92,2.0,5,51.51,Net Banking,West,3.0,40.0,4.0,0,Not Returned,1671.848,2025-03,1-3 days
ORD100315,CUST2613,Home & Kitchen,2024-09-07,1618.16,1.0,10,24.02,Debit Card,West,7.0,28.0,5.0,0,Not Returned,1456.344,2024-09,6-7 days
ORD100572,CUST3864,Fashion,2025-10-13,1532.58,3.5,0,41.33,UPI,Central,7.0,34.0,2.0,0,Not Returned,5364.03,2025-10,6-7 days
ORD102968,CUST4288,Fashion,2025-11-12,1329.17,1.0,20,58.54,Credit Card,South,5.0,39.0,5.0,0,Not Returned,1063.336,2025-11,4-5 days
ORD105073,CUST3755,Books,2025-08-03,549.23,3.0,0,15.84,UPI,West,4.0,27.0,4.0,0,Not Returned,1647.69,2025-08,4-5 days
ORD102333,CUST3345,Sports,2025-08-12,841.24,2.0,20,47.53,Cash on Delivery,North,7.0,16.0,4.0,1,Better Price Found,1345.9840000000002,2025-08,6-7 days
ORD104903,CUST2262,Home & Kitchen,2025-05-31,2792.98,2.0,10,90.56,Net Banking,South,6.0,16.0,5.0,0,Not Returned,5027.3640000000005,2025-05,6-7 days
ORD105982,CUST2232,Fashion,2025-06-18,1404.32,2.0,10,79.03,Cash on Delivery,West,6.0,18.0,2.0,0,Not Returned,2527.776,2025-06,6-7 days
ORD101696,CUST4207,Grocery,2025-09-05,490.76,2.0,20,163.29,Cash on Delivery,North,4.0,34.0,5.0,0,Not Returned,785.216,2025-09,4-5 days
ORD104534,CUST3604,Toys,2024-10-19,690.02,3.0,20,63.47,Cash on Delivery,West,5.0,34.0,3.0,1,Better Price Found,1656.048,2024-10,4-5 days
ORD105409,CUST1441,Books,2024-11-23,1012.185,1.0,0,67.33500000000001,Credit Card,East,5.0,31.0,4.0,0,Not Returned,1012.185,2024-11,4-5 days
ORD101921,CUST2751,Home & Kitchen,2025-05-09,3343.45,3.0,10,92.69,Net Banking,North,2.0,37.0,4.0,0,Not Returned,9027.314999999999,2025-05,1-3 days
ORD103204,CUST3480,Home & Kitchen,2024-12-18,1222.92,1.0,10,71.85,Credit Card,Central,5.0,29.0,4.0,0,Not Returned,1100.6280000000002,2024-12,4-5 days
ORD101141,CUST3175,Fashion,2025-12-21,1077.41,1.0,10,32.52,Debit Card,North,6.0,31.0,5.0,0,Not Returned,969.6690000000001,2025-12,6-7 days
ORD101859,CUST2530,Books,2026-07-22,645.12,1.0,20,21.09,Net Banking,North,5.0,34.0,2.0,0,Not Returned,516.096,2026-07,4-5 days
ORD102688,CUST1245,Sports,2026-01-05,1458.12,2.0,0,47.73,Debit Card,West,2.0,36.0,4.0,0,Not Returned,2916.24,2026-01,1-3 days
ORD105987,CUST3852,Electronics,2025-06-02,4558.5,2.0,5,62.3,Debit Card,South,8.0,30.0,5.0,0,Not Returned,8661.15,2025-06,8+ days
ORD102711,CUST1934,Home & Kitchen,2024-12-15,4558.5,2.0,5,19.16,UPI,Central,2.0,54.0,5.0,0,Not Returned,8661.15,2024-12,1-3 days
ORD103581,CUST3427,Home & Kitchen,2026-01-28,3708.33,1.0,10,109.39,Net Banking,East,3.0,36.0,3.0,0,Not Returned,3337.497,2026-01,1-3 days
ORD101017,CUST3698,Beauty,2024-12-09,667.72,3.0,20,93.88,Net Banking,South,5.0,30.0,5.0,0,Not Returned,1602.5280000000002,2024-12,4-5 days
ORD105615,CUST2727,Home & Kitchen,2025-10-17,1312.05,1.0,0,154.63,Cash on Delivery,North,5.0,30.0,3.0,1,Not as Described,1312.05,2025-10,4-5 days
ORD100929,CUST1195,Electronics,2026-05-11,4012.82,1.0,0,44.28,Net Banking,East,7.0,42.0,2.0,0,Not Returned,4012.82,2026-05,6-7 days
ORD100748,CUST3049,Home & Kitchen,2026-01-15,325.19,1.0,5,95.06,Debit Card,Central,8.0,38.0,4.0,0,Not Returned,308.9305,2026-01,8+ days
ORD105403,CUST3792,Home & Kitchen,2025-08-16,3457.52,1.0,5,58.53,Credit Card,West,2.0,34.0,5.0,0,Not Returned,3284.644,2025-08,1-3 days
ORD100623,CUST1555,Grocery,2026-05-29,419.79,1.0,0,74.43,Cash on Delivery,East,5.0,31.0,4.0,0,Not Returned,419.79,2026-05,4-5 days
ORD105842,CUST1031,Home & Kitchen,2026-02-11,4558.5,3.5,30,41.42,UPI,West,3.0,28.0,4.0,0,Not Returned,11168.324999999999,2026-02,1-3 days
ORD105894,CUST4433,Fashion,2026-04-28,750.51,1.0,0,203.85999999999999,Cash on Delivery,Central,8.0,29.0,5.0,0,Not Returned,750.51,2026-04,8+ days
ORD101344,CUST4330,Toys,2024-08-31,1532.02,1.0,15,203.85999999999999,Credit Card,East,5.0,56.0,5.0,0,Not Returned,1302.2169999999999,2024-08,4-5 days
ORD104166,CUST1619,Fashion,2026-02-28,1706.83,1.0,15,203.85999999999999,Debit Card,West,7.0,37.0,4.0,0,Not Returned,1450.8055,2026-02,6-7 days
ORD102705,CUST1593,Fashion,2025-07-24,1287.37,1.0,10,3.24,UPI,West,2.0,20.0,5.0,1,Wrong Item Delivered,1158.633,2025-07,1-3 days
ORD101057,CUST2927,Books,2025-12-10,260.24,3.0,20,115.5,Cash on Delivery,East,2.0,45.0,4.0,1,Better Price Found,624.576,2025-12,1-3 days
ORD101064,CUST2484,Books,2025-10-03,481.85,2.0,15,29.33,Cash on Delivery,South,7.0,45.0,2.0,0,Not Returned,819.145,2025-10,6-7 days
ORD105787,CUST1813,Beauty,2026-06-03,475.11,1.0,5,47.24,Cash on Delivery,East,1.0,28.0,3.0,1,Changed Mind,451.3545,2026-06,1-3 days
ORD104833,CUST2682,Fashion,2024-12-22,1310.91,1.0,15,40.07,Net Banking,East,2.0,37.0,2.0,0,Not Returned,1114.2735,2024-12,1-3 days
ORD105310,CUST1196,Fashion,2024-10-30,1026.24,2.0,15,17.82,Credit Card,North,8.0,31.0,5.0,0,Not Returned,1744.608,2024-10,8+ days
ORD103414,CUST4265,Toys,2025-03-18,1168.54,1.0,0,50.24,UPI,East,4.0,28.0,5.0,0,Not Returned,1168.54,2025-03,4-5 days
ORD101765,CUST1830,Grocery,2024-10-12,243.3,2.0,10,104.38,Credit Card,East,7.0,19.0,4.0,0,Not Returned,437.94000000000005,2024-10,6-7 days
ORD104684,CUST4216,Home & Kitchen,2026-06-14,2837.73,2.0,5,131.03,Debit Card,West,4.0,36.0,5.0,0,Not Returned,5391.687,2026-06,4-5 days
ORD100479,CUST3693,Beauty,2026-08-11,1018.63,1.0,0,43.9,UPI,West,4.0,29.0,3.0,0,Not Returned,1018.63,2026-08,4-5 days
ORD100229,CUST1006,Grocery,2026-01-19,350.42,1.0,25,203.85999999999999,UPI,North,3.0,36.0,4.0,0,Not Returned,262.815,2026-01,1-3 days
ORD105826,CUST1367,Home & Kitchen,2026-04-23,2687.96,1.0,5,37.71,Credit Card,East,2.0,19.0,5.0,0,Not Returned,2553.562,2026-04,1-3 days
ORD103780,CUST2178,Home & Kitchen,2025-12-09,1383.67,1.0,0,203.85999999999999,Credit Card,South,1.0,36.0,4.0,0,Not Returned,1383.67,2025-12,1-3 days
ORD102449,CUST4150,Beauty,2025-10-16,763.84,1.0,10,48.24,Credit Card,South,5.0,36.0,5.0,0,Not Returned,687.456,2025-10,4-5 days
ORD102054,CUST3684,Home & Kitchen,2026-01-28,1791.46,2.0,0,33.13,UPI,South,4.0,36.0,4.0,0,Not Returned,3582.92,2026-01,4-5 days
ORD105895,CUST1412,Toys,2025-01-18,1094.13,1.0,25,67.33500000000001,Credit Card,West,7.0,34.0,4.0,0,Not Returned,820.5975000000001,2025-01,6-7 days
ORD103992,CUST3114,Electronics,2025-11-20,4558.5,1.0,5,65.86,Credit Card,East,6.0,24.0,4.0,0,Not Returned,4330.575,2025-11,6-7 days
ORD104699,CUST4031,Fashion,2025-04-18,1503.48,1.0,25,71.92,UPI,North,2.0,16.0,5.0,0,Not Returned,1127.6100000000001,2025-04,1-3 days
ORD104209,CUST2633,Beauty,2025-05-24,933.89,2.0,25,176.33,Credit Card,South,7.0,31.0,2.0,0,Not Returned,1400.835,2025-05,6-7 days
ORD101229,CUST1554,Books,2024-12-28,254.47,1.0,20,35.9,Net Banking,Central,6.0,28.0,4.0,1,Changed Mind,203.57600000000002,2024-12,6-7 days
ORD104850,CUST3359,Electronics,2025-07-21,4558.5,1.0,0,171.33,Credit Card,North,7.0,22.0,5.0,0,Not Returned,4558.5,2025-07,6-7 days
ORD105594,CUST4231,Home & Kitchen,2026-03-25,3340.62,1.0,15,38.44,Net Banking,East,5.0,55.0,4.0,1,Late Delivery,2839.527,2026-03,4-5 days
ORD102497,CUST2352,Toys,2025-06-18,809.36,1.0,10,133.78,UPI,South,8.0,32.0,5.0,0,Not Returned,728.424,2025-06,8+ days
ORD101683,CUST3661,Electronics,2026-02-27,4558.5,1.0,0,67.33500000000001,Credit Card,East,5.0,38.0,5.0,0,Not Returned,4558.5,2026-02,4-5 days
ORD100594,CUST2116,Fashion,2025-09-11,1214.28,1.0,20,66.75,Debit Card,North,5.0,27.0,4.0,1,Late Delivery,971.424,2025-09,4-5 days
ORD103356,CUST3887,Toys,2025-10-08,899.78,1.0,15,107.64,Cash on Delivery,East,2.0,34.0,4.0,1,Changed Mind,764.813,2025-10,1-3 days
ORD102269,CUST2204,Electronics,2026-07-24,4558.5,2.0,0,57.58,Credit Card,North,5.0,53.0,4.0,0,Not Returned,9117.0,2026-07,4-5 days
ORD101561,CUST1970,Electronics,2026-03-08,4401.66,1.0,15,22.73,Cash on Delivery,North,1.0,34.0,3.0,0,Not Returned,3741.4109999999996,2026-03,1-3 days
ORD104754,CUST2253,Electronics,2025-06-04,4558.5,1.0,20,57.38,Net Banking,South,4.0,34.0,5.0,0,Not Returned,3646.8,2025-06,4-5 days
ORD104164,CUST1675,Toys,2025-04-04,1202.25,3.0,15,203.85999999999999,UPI,Central,5.0,43.0,5.0,0,Not Returned,3065.7374999999997,2025-04,4-5 days
ORD105045,CUST3980,Sports,2026-02-20,1969.7,3.0,15,161.89,UPI,Central,8.0,24.0,3.0,0,Not Returned,5022.735000000001,2026-02,8+ days
ORD102971,CUST3807,Toys,2025-02-05,734.05,1.0,0,54.74,Cash on Delivery,West,4.0,39.0,5.0,0,Not Returned,734.05,2025-02,4-5 days
ORD101741,CUST4438,Beauty,2025-04-29,656.18,1.0,20,83.24,Debit Card,East,5.0,48.0,4.0,0,Not Returned,524.944,2025-04,4-5 days
ORD105093,CUST1503,Grocery,2024-09-06,358.63,3.0,25,202.15,Net Banking,West,4.0,31.0,5.0,0,Not Returned,806.9174999999999,2024-09,4-5 days
ORD105192,CUST2612,Home & Kitchen,2026-05-06,1144.9,1.0,15,83.15,UPI,North,7.0,19.0,5.0,0,Not Returned,973.1650000000001,2026-05,6-7 days
ORD102311,CUST2029,Grocery,2024-08-28,490.14,1.0,5,41.92,Cash on Delivery,Central,4.0,17.0,4.0,0,Not Returned,465.633,2024-08,4-5 days
ORD101591,CUST2999,Sports,2025-07-17,2059.63,3.5,0,203.85999999999999,Net Banking,South,1.0,16.0,2.0,0,Not Returned,7208.705,2025-07,1-3 days
ORD101343,CUST2174,Electronics,2025-09-14,4558.5,2.0,5,73.79,Credit Card,West,8.0,42.0,4.0,0,Not Returned,8661.15,2025-09,8+ days
ORD102742,CUST3420,Toys,2025-09-17,914.99,1.0,30,27.59,Debit Card,North,5.0,34.0,3.0,1,Changed Mind,640.4929999999999,2025-09,4-5 days
ORD102629,CUST4067,Books,2025-06-06,487.98,3.0,0,79.74,Net Banking,West,1.0,46.0,5.0,0,Not Returned,1463.94,2025-06,1-3 days
ORD103978,CUST1376,Grocery,2026-02-13,300.8,1.0,0,115.66,Credit Card,West,2.0,27.0,4.0,0,Not Returned,300.8,2026-02,1-3 days
ORD100799,CUST2948,Electronics,2025-04-11,4558.5,3.0,0,91.51,Debit Card,East,7.0,37.0,5.0,0,Not Returned,13675.5,2025-04,6-7 days
ORD100280,CUST3244,Fashion,2025-06-26,1453.9,2.0,15,46.56,Debit Card,East,4.0,25.0,3.0,0,Not Returned,2471.63,2025-06,4-5 days
ORD101554,CUST1419,Beauty,2026-08-12,596.0,1.0,25,43.94,Net Banking,West,1.0,33.0,4.0,0,Not Returned,447.0,2026-08,1-3 days
ORD100731,CUST2814,Books,2024-10-17,443.91,1.0,0,107.31,Debit Card,North,1.0,20.0,3.0,0,Not Returned,443.91,2024-10,1-3 days
ORD102633,CUST3349,Books,2025-01-25,606.76,2.0,20,17.75,Debit Card,North,7.0,32.0,5.0,0,Not Returned,970.816,2025-01,6-7 days
ORD103564,CUST3078,Electronics,2026-08-10,4558.5,1.0,30,119.22,Debit Card,West,1.0,43.0,4.0,0,Not Returned,3190.95,2026-08,1-3 days
ORD103566,CUST1852,Home & Kitchen,2025-11-19,2882.59,1.0,10,84.74,Debit Card,South,4.0,26.0,5.0,0,Not Returned,2594.331,2025-11,4-5 days
ORD103586,CUST1971,Toys,2025-02-01,909.79,1.0,30,121.84,Debit Card,South,7.0,34.0,5.0,0,Not Returned,636.853,2025-02,6-7 days
ORD101129,CUST2616,Beauty,2025-09-20,937.34,1.0,5,53.1,Debit Card,West,4.0,38.0,1.0,0,Not Returned,890.473,2025-09,4-5 days
ORD105580,CUST3521,Grocery,2025-05-07,194.15,1.0,0,130.97,Credit Card,East,6.0,50.0,3.0,0,Not Returned,194.15,2025-05,6-7 days
ORD101598,CUST1892,Electronics,2025-09-13,3085.71,1.0,0,48.55,Cash on Delivery,Central,5.0,34.0,5.0,1,Wrong Item Delivered,3085.71,2025-09,4-5 days
ORD103062,CUST3749,Electronics,2025-01-28,4558.5,1.0,20,64.06,Credit Card,North,5.0,31.0,5.0,0,Not Returned,3646.8,2025-01,4-5 days
ORD104193,CUST1434,Books,2026-06-29,404.48,1.0,0,127.66,Credit Card,South,6.0,38.0,4.0,0,Not Returned,404.48,2026-06,6-7 days
ORD103412,CUST3172,Home & Kitchen,2025-02-26,723.06,2.0,10,117.59,Cash on Delivery,Central,1.0,36.0,5.0,0,Not Returned,1301.508,2025-02,1-3 days
ORD102531,CUST2975,Fashion,2024-11-12,1191.34,1.0,5,172.33,Debit Card,Central,7.0,19.0,3.0,0,Not Returned,1131.773,2024-11,6-7 days
ORD102334,CUST1298,Grocery,2025-09-25,307.37,1.0,0,74.25,Credit Card,North,6.0,25.0,2.0,0,Not Returned,307.37,2025-09,6-7 days
ORD100180,CUST3598,Beauty,2024-09-25,514.59,1.0,0,161.46,UPI,Central,6.0,27.0,5.0,0,Not Returned,514.59,2024-09,6-7 days
ORD100024,CUST3533,Fashion,2026-04-17,844.35,2.0,5,15.05,Cash on Delivery,West,5.0,38.0,4.0,0,Not Returned,1604.2649999999999,2026-04,4-5 days
ORD105193,CUST2324,Grocery,2024-10-29,488.66,1.0,0,70.06,UPI,West,5.0,29.0,2.0,0,Not Returned,488.66,2024-10,4-5 days
ORD101602,CUST3367,Toys,2025-04-22,711.22,2.0,0,82.29,UPI,West,4.0,23.0,4.0,0,Not Returned,1422.44,2025-04,4-5 days
ORD102544,CUST1548,Sports,2024-10-29,1410.04,1.0,20,45.83,UPI,West,4.0,16.0,5.0,0,Not Returned,1128.032,2024-10,4-5 days
ORD103218,CUST3048,Books,2025-08-06,253.35,1.0,10,189.4,Credit Card,South,4.0,55.0,5.0,0,Not Returned,228.015,2025-08,4-5 days
ORD103085,CUST2171,Home & Kitchen,2026-03-07,2355.72,1.0,0,85.35,Net Banking,West,3.0,21.0,5.0,0,Not Returned,2355.72,2026-03,1-3 days
ORD102906,CUST3440,Grocery,2026-08-07,167.19,1.0,20,196.07,Cash on Delivery,North,4.0,29.0,5.0,0,Not Returned,133.752,2026-08,4-5 days
ORD100431,CUST1711,Beauty,2024-12-11,996.05,2.0,10,153.49,Net Banking,East,6.0,39.0,4.0,1,Size Issue,1792.8899999999999,2024-12,6-7 days
ORD102941,CUST3858,Fashion,2025-04-14,1660.25,1.0,0,63.9,Credit Card,East,1.0,31.0,4.0,0,Not Returned,1660.25,2025-04,1-3 days
ORD100569,CUST4495,Home & Kitchen,2026-08-19,2611.21,1.0,15,71.26,Credit Card,South,7.0,25.0,5.0,0,Not Returned,2219.5285,2026-08,6-7 days
ORD104770,CUST3055,Home & Kitchen,2025-03-22,1766.99,3.0,15,67.33500000000001,UPI,West,6.0,34.0,4.0,0,Not Returned,4505.8245,2025-03,6-7 days
ORD105956,CUST1952,Toys,2026-03-23,1047.71,1.0,30,24.1,Net Banking,West,3.0,37.0,4.0,0,Not Returned,733.3969999999999,2026-03,1-3 days
ORD102276,CUST1822,Home & Kitchen,2025-11-24,2899.67,1.0,5,58.24,UPI,South,5.0,44.0,5.0,0,Not Returned,2754.6865,2025-11,4-5 days
ORD104264,CUST1703,Electronics,2024-11-12,4558.5,2.0,25,13.05,Debit Card,South,8.0,40.0,1.0,0,Not Returned,6837.75,2024-11,8+ days
ORD104227,CUST1763,Beauty,2025-05-15,651.8,2.0,0,19.37,Debit Card,West,4.0,16.0,4.0,0,Not Returned,1303.6,2025-05,4-5 days
ORD105619,CUST1011,Home & Kitchen,2025-02-06,2794.29,1.0,10,65.98,UPI,North,6.0,27.0,5.0,0,Not Returned,2514.861,2025-02,6-7 days
ORD101690,CUST2266,Sports,2025-11-07,1469.46,1.0,0,114.21,Cash on Delivery,South,1.0,26.0,5.0,0,Not Returned,1469.46,2025-11,1-3 days
ORD104369,CUST4284,Fashion,2025-02-01,1008.41,1.0,0,39.48,UPI,West,1.0,34.0,2.0,1,Defective Product,1008.41,2025-02,1-3 days
ORD104611,CUST3662,Grocery,2025-12-24,138.9,1.0,0,130.61,Debit Card,West,3.0,34.0,3.0,0,Not Returned,138.9,2025-12,1-3 days
ORD105810,CUST2257,Beauty,2024-08-30,232.64,3.5,20,203.85999999999999,Cash on Delivery,West,5.0,50.0,4.0,0,Not Returned,651.392,2024-08,4-5 days
ORD101365,CUST1390,Home & Kitchen,2026-08-03,1465.53,1.0,10,80.33,UPI,South,5.0,41.0,2.0,0,Not Returned,1318.977,2026-08,4-5 days
ORD104806,CUST2391,Sports,2026-04-20,1672.58,1.0,15,44.99,Net Banking,North,6.0,66.0,2.0,0,Not Returned,1421.693,2026-04,6-7 days
ORD103710,CUST1840,Toys,2025-05-16,779.34,1.0,15,16.71,Credit Card,South,5.0,16.0,3.0,0,Not Returned,662.439,2025-05,4-5 days
ORD104888,CUST1660,Electronics,2025-03-11,4558.5,1.0,10,67.33500000000001,Net Banking,North,6.0,38.0,5.0,0,Not Returned,4102.650000000001,2025-03,6-7 days
ORD105081,CUST2990,Sports,2025-03-01,1823.15,1.0,30,30.62,Debit Card,Central,5.0,31.0,3.0,1,Wrong Item Delivered,1276.205,2025-03,4-5 days
ORD104705,CUST3585,Books,2025-07-06,1012.185,1.0,0,104.29,Net Banking,West,4.0,49.0,4.0,0,Not Returned,1012.185,2025-07,4-5 days
ORD102161,CUST1205,Books,2025-02-28,585.14,1.0,10,39.28,Net Banking,South,9.0,29.0,4.0,1,Not as Described,526.626,2025-02,8+ days
ORD103457,CUST2057,Home & Kitchen,2026-08-17,1946.6,1.0,15,10.7,Debit Card,West,4.0,37.0,5.0,0,Not Returned,1654.61,2026-08,4-5 days
ORD102845,CUST1002,Books,2025-05-14,362.06,2.0,15,18.19,Credit Card,Central,1.0,38.0,4.0,0,Not Returned,615.502,2025-05,1-3 days
ORD103572,CUST2491,Electronics,2024-09-27,4558.5,1.0,25,118.69,Cash on Delivery,Central,5.0,42.0,5.0,1,Wrong Item Delivered,3418.875,2024-09,4-5 days
ORD100132,CUST2086,Sports,2026-08-09,1823.94,1.0,15,73.06,Net Banking,Central,4.0,16.0,5.0,0,Not Returned,1550.349,2026-08,4-5 days
ORD105652,CUST1656,Beauty,2024-12-23,341.09,2.0,10,88.43,UPI,North,6.0,16.0,5.0,0,Not Returned,613.962,2024-12,6-7 days
ORD102642,CUST1321,Beauty,2024-11-04,236.22,1.0,15,57.73,Cash on Delivery,North,6.0,47.0,4.0,0,Not Returned,200.787,2024-11,6-7 days
ORD105674,CUST1114,Electronics,2026-04-29,4558.5,1.0,10,108.93,Net Banking,Central,3.0,35.0,4.0,0,Not Returned,4102.650000000001,2026-04,1-3 days
ORD104410,CUST4170,Fashion,2025-02-11,997.7,1.0,10,40.43,Debit Card,North,1.0,46.0,4.0,1,Wrong Item Delivered,897.9300000000001,2025-02,1-3 days
ORD100855,CUST3778,Grocery,2025-01-07,288.31,2.0,0,67.33500000000001,UPI,Central,2.0,34.0,2.0,0,Not Returned,576.62,2025-01,1-3 days
ORD100264,CUST3942,Fashion,2025-10-13,1461.33,1.0,25,23.46,Debit Card,Central,1.0,42.0,2.0,0,Not Returned,1095.9975,2025-10,1-3 days
ORD105319,CUST1517,Sports,2024-12-10,1402.43,2.0,15,29.4,Net Banking,Central,3.0,37.0,5.0,1,Late Delivery,2384.131,2024-12,1-3 days
ORD101096,CUST1932,Grocery,2025-10-15,252.21,2.0,25,49.11,Credit Card,South,8.0,34.0,4.0,0,Not Returned,378.315,2025-10,8+ days
ORD104881,CUST3904,Books,2025-02-18,367.41,1.0,0,31.25,Debit Card,South,4.0,51.0,5.0,0,Not Returned,367.41,2025-02,4-5 days
ORD103061,CUST2691,Sports,2026-06-26,1775.41,1.0,10,29.54,Cash on Delivery,North,1.0,44.0,4.0,0,Not Returned,1597.8690000000001,2026-06,1-3 days
ORD105009,CUST2703,Sports,2025-08-13,1973.38,1.0,15,60.55,Cash on Delivery,North,3.0,40.0,5.0,0,Not Returned,1677.373,2025-08,1-3 days
ORD101715,CUST1614,Fashion,2025-05-12,139.83,1.0,5,44.22,Cash on Delivery,South,6.0,37.0,2.0,1,Not as Described,132.8385,2025-05,6-7 days
ORD104963,CUST4243,Toys,2024-09-16,791.89,1.0,25,71.63,UPI,West,5.0,16.0,3.0,0,Not Returned,593.9175,2024-09,4-5 days
ORD105899,CUST2719,Grocery,2025-01-19,337.52,1.0,10,186.25,Debit Card,South,7.0,28.0,5.0,0,Not Returned,303.768,2025-01,6-7 days
ORD103526,CUST1258,Home & Kitchen,2025-11-12,2342.36,1.0,15,43.9,Credit Card,North,5.0,40.0,1.0,0,Not Returned,1991.006,2025-11,4-5 days
ORD101584,CUST2100,Fashion,2025-10-15,1141.13,2.0,15,50.04,Net Banking,West,5.0,30.0,5.0,0,Not Returned,1939.921,2025-10,4-5 days
ORD101189,CUST2256,Sports,2024-11-13,2322.06,2.0,5,102.33,UPI,South,5.0,54.0,5.0,0,Not Returned,4411.914,2024-11,4-5 days
ORD101374,CUST1848,Electronics,2024-08-30,4558.5,2.0,5,45.36,Net Banking,East,3.0,26.0,5.0,1,Better Price Found,8661.15,2024-08,1-3 days
ORD100426,CUST1246,Beauty,2025-10-08,719.15,3.0,5,62.92,Credit Card,South,4.0,25.0,5.0,0,Not Returned,2049.5775,2025-10,4-5 days
ORD104038,CUST1500,Fashion,2025-02-09,1012.185,2.0,25,40.26,Credit Card,Central,6.0,34.0,5.0,0,Not Returned,1518.2775,2025-02,6-7 days
ORD105807,CUST3783,Electronics,2026-07-16,4558.5,1.0,0,59.01,Credit Card,Central,3.0,37.0,3.0,0,Not Returned,4558.5,2026-07,1-3 days
ORD104446,CUST1591,Home & Kitchen,2026-04-13,4558.5,1.0,20,80.25,Credit Card,East,7.0,45.0,4.0,0,Not Returned,3646.8,2026-04,6-7 days
ORD102411,CUST1583,Books,2026-05-03,545.19,1.0,0,141.81,Debit Card,North,3.0,35.0,3.0,0,Not Returned,545.19,2026-05,1-3 days
ORD102457,CUST3052,Grocery,2024-11-24,266.21,1.0,10,99.04,Cash on Delivery,South,6.0,17.0,5.0,0,Not Returned,239.589,2024-11,6-7 days
ORD103165,CUST4309,Toys,2025-08-17,1097.04,1.0,0,68.45,Credit Card,East,3.0,30.0,2.0,0,Not Returned,1097.04,2025-08,1-3 days
ORD103250,CUST1207,Grocery,2025-09-18,149.76,1.0,5,108.53,Credit Card,West,2.0,40.0,3.0,1,Not as Described,142.272,2025-09,1-3 days
ORD104242,CUST1184,Beauty,2025-09-25,292.04,1.0,15,129.77,Debit Card,North,5.0,40.0,3.0,1,Changed Mind,248.234,2025-09,4-5 days
ORD105276,CUST3252,Books,2025-06-23,548.52,1.0,0,56.47,Cash on Delivery,North,7.0,32.0,4.0,0,Not Returned,548.52,2025-06,6-7 days
ORD102374,CUST3936,Books,2024-09-05,363.3,1.0,15,15.6,UPI,East,5.0,49.0,4.0,0,Not Returned,308.805,2024-09,4-5 days
ORD104900,CUST3141,Sports,2025-11-26,1752.5,3.5,30,127.94,UPI,Central,2.0,34.0,5.0,0,Not Returned,4293.625,2025-11,1-3 days
ORD102328,CUST1163,Fashion,2026-07-05,1363.05,1.0,25,12.12,UPI,North,6.0,26.0,5.0,0,Not Returned,1022.2874999999999,2026-07,6-7 days
ORD103032,CUST2761,Home & Kitchen,2026-06-14,3044.37,3.5,0,92.19,UPI,East,4.0,36.0,5.0,1,Better Price Found,10655.295,2026-06,4-5 days
ORD101625,CUST2822,Beauty,2025-09-02,461.24,2.0,10,77.23,UPI,Central,5.0,39.0,5.0,0,Not Returned,830.2320000000001,2025-09,4-5 days
ORD103858,CUST2154,Sports,2025-01-06,1418.87,1.0,0,36.18,UPI,South,6.0,46.0,4.0,0,Not Returned,1418.87,2025-01,6-7 days
ORD105370,CUST1890,Home & Kitchen,2025-10-08,2229.92,1.0,15,94.95,Net Banking,East,4.0,60.0,5.0,0,Not Returned,1895.432,2025-10,4-5 days
ORD100841,CUST2379,Electronics,2024-09-15,4558.5,1.0,10,54.33,Debit Card,East,6.0,45.0,4.0,0,Not Returned,4102.650000000001,2024-09,6-7 days
ORD100595,CUST2052,Books,2026-04-18,453.5,1.0,0,101.65,Debit Card,West,4.0,28.0,4.0,0,Not Returned,453.5,2026-04,4-5 days
ORD101763,CUST2302,Home & Kitchen,2026-02-07,2376.21,1.0,25,41.98,Debit Card,South,2.0,40.0,1.0,0,Not Returned,1782.1575,2026-02,1-3 days
ORD102901,CUST2536,Sports,2025-09-21,1659.69,1.0,0,13.71,Net Banking,South,6.0,44.0,3.0,0,Not Returned,1659.69,2025-09,6-7 days
ORD100131,CUST1008,Grocery,2024-12-17,191.68,2.0,15,42.9,Debit Card,Central,3.0,42.0,5.0,0,Not Returned,325.856,2024-12,1-3 days
ORD101163,CUST3468,Toys,2025-03-25,1053.99,3.5,0,50.98,Cash on Delivery,West,5.0,30.0,3.0,0,Not Returned,3688.965,2025-03,4-5 days
ORD105389,CUST1445,Home & Kitchen,2026-04-04,1707.58,1.0,10,72.36,Cash on Delivery,South,7.0,28.0,3.0,0,Not Returned,1536.822,2026-04,6-7 days
ORD102167,CUST1187,Electronics,2026-05-03,4558.5,3.0,5,29.74,Net Banking,North,2.0,27.0,5.0,0,Not Returned,12991.724999999999,2026-05,1-3 days
ORD103933,CUST1448,Sports,2025-08-10,2037.21,2.0,15,176.99,UPI,South,2.0,40.0,4.0,0,Not Returned,3463.257,2025-08,1-3 days
ORD101637,CUST3172,Toys,2024-12-01,759.15,1.0,0,158.94,Net Banking,North,10.5,45.0,4.0,0,Not Returned,759.15,2024-12,8+ days
ORD100245,CUST4414,Home & Kitchen,2025-06-11,2755.38,1.0,15,124.74,Cash on Delivery,Central,4.0,27.0,4.0,0,Not Returned,2342.073,2025-06,4-5 days
ORD101435,CUST1822,Beauty,2026-07-12,717.04,1.0,0,169.57,Credit Card,South,4.0,25.0,5.0,0,Not Returned,717.04,2026-07,4-5 days
ORD103739,CUST4479,Electronics,2024-10-19,4558.5,3.0,25,170.7,Credit Card,West,4.0,16.0,3.0,0,Not Returned,10256.625,2024-10,4-5 days
ORD103148,CUST2928,Home & Kitchen,2024-10-05,1706.04,1.0,25,63.5,Credit Card,West,6.0,45.0,5.0,0,Not Returned,1279.53,2024-10,6-7 days
ORD104272,CUST2239,Fashion,2025-06-03,1092.59,1.0,10,109.42,Cash on Delivery,Central,5.0,41.0,5.0,1,Size Issue,983.3309999999999,2025-06,4-5 days
ORD103404,CUST3630,Toys,2025-04-28,351.19,3.5,0,140.65,Cash on Delivery,Central,6.0,20.0,2.0,0,Not Returned,1229.165,2025-04,6-7 days
ORD105384,CUST4151,Home & Kitchen,2024-08-24,4036.71,1.0,20,43.48,Net Banking,South,5.0,16.0,5.0,0,Not Returned,3229.3680000000004,2024-08,4-5 days
ORD101369,CUST1304,Books,2025-03-05,335.83,1.0,25,140.56,UPI,East,6.0,38.0,4.0,0,Not Returned,251.8725,2025-03,6-7 days
ORD101291,CUST4119,Home & Kitchen,2025-01-03,2564.91,1.0,15,20.49,Debit Card,North,5.0,29.0,3.0,0,Not Returned,2180.1735,2025-01,4-5 days
ORD102015,CUST4431,Home & Kitchen,2025-04-27,3106.25,3.5,0,184.47,Debit Card,West,6.0,30.0,4.0,0,Not Returned,10871.875,2025-04,6-7 days
ORD104046,CUST2041,Toys,2025-07-06,618.21,1.0,20,16.3,Cash on Delivery,West,10.0,38.0,4.0,0,Not Returned,494.56800000000004,2025-07,8+ days
ORD103060,CUST1061,Home & Kitchen,2025-06-13,1032.54,1.0,10,92.82,Cash on Delivery,Central,5.0,43.0,4.0,0,Not Returned,929.286,2025-06,4-5 days
ORD101167,CUST1549,Books,2026-05-31,515.88,1.0,20,127.06,UPI,Central,5.0,40.0,5.0,0,Not Returned,412.704,2026-05,4-5 days
ORD104116,CUST3943,Electronics,2024-11-12,4558.5,3.0,0,45.29,UPI,East,2.0,33.0,4.0,1,Not as Described,13675.5,2024-11,1-3 days
ORD102383,CUST3190,Fashion,2025-12-24,679.83,2.0,5,38.86,Cash on Delivery,West,9.0,18.0,4.0,1,Defective Product,1291.677,2025-12,8+ days
ORD101682,CUST3598,Grocery,2025-05-31,230.59,1.0,30,117.04,Credit Card,North,3.0,42.0,4.0,0,Not Returned,161.41299999999998,2025-05,1-3 days
ORD102441,CUST1335,Grocery,2025-12-03,272.11,1.0,0,11.02,Debit Card,North,2.0,16.0,5.0,0,Not Returned,272.11,2025-12,1-3 days
ORD100118,CUST1447,Grocery,2025-04-24,464.38,1.0,5,63.33,Net Banking,East,2.0,34.0,3.0,0,Not Returned,441.161,2025-04,1-3 days
ORD103154,CUST3576,Toys,2025-10-10,836.94,2.0,25,67.33500000000001,Cash on Delivery,Central,3.0,52.0,4.0,1,Wrong Item Delivered,1255.41,2025-10,1-3 days
ORD102568,CUST1941,Beauty,2024-11-14,156.04,1.0,0,65.06,Credit Card,South,8.0,42.0,5.0,0,Not Returned,156.04,2024-11,8+ days
ORD103177,CUST4236,Books,2025-03-12,245.12,1.0,30,45.37,UPI,North,4.0,53.0,5.0,0,Not Returned,171.584,2025-03,4-5 days
ORD100089,CUST1676,Sports,2026-07-12,1017.85,1.0,10,32.77,UPI,East,7.0,16.0,4.0,0,Not Returned,916.065,2026-07,6-7 days
ORD104153,CUST1540,Grocery,2026-05-22,310.55,1.0,0,177.81,Credit Card,North,6.0,19.0,5.0,0,Not Returned,310.55,2026-05,6-7 days
ORD103530,CUST1494,Electronics,2025-06-08,4558.5,2.0,0,134.5,Cash on Delivery,North,4.0,23.0,4.0,1,Defective Product,9117.0,2025-06,4-5 days
ORD104282,CUST1606,Sports,2026-03-04,1062.99,1.0,5,54.55,UPI,West,3.0,34.0,4.0,0,Not Returned,1009.8404999999999,2026-03,1-3 days
ORD105950,CUST3690,Beauty,2024-10-11,468.58,1.0,25,62.55,Debit Card,East,1.0,16.0,4.0,0,Not Returned,351.435,2024-10,1-3 days
ORD102686,CUST3325,Grocery,2025-10-03,324.63,1.0,20,102.77,UPI,East,4.0,42.0,5.0,0,Not Returned,259.704,2025-10,4-5 days
ORD100588,CUST3373,Beauty,2025-07-07,581.69,2.0,30,128.85,UPI,East,6.0,38.0,4.0,0,Not Returned,814.366,2025-07,6-7 days
ORD102310,CUST1220,Books,2026-07-26,652.62,1.0,20,122.76,Net Banking,West,5.0,40.0,4.0,1,Not as Described,522.096,2026-07,4-5 days
ORD103419,CUST4458,Sports,2025-11-27,1661.97,2.0,30,184.53,Credit Card,North,3.0,34.0,3.0,0,Not Returned,2326.758,2025-11,1-3 days
ORD103693,CUST2875,Sports,2025-09-23,173.61,1.0,15,56.9,UPI,South,6.0,46.0,4.0,0,Not Returned,147.5685,2025-09,6-7 days
ORD101610,CUST1002,Fashion,2025-07-07,1529.9,1.0,10,12.98,UPI,West,1.0,28.0,4.0,0,Not Returned,1376.91,2025-07,1-3 days
ORD101641,CUST1620,Home & Kitchen,2025-11-21,946.29,3.5,15,203.85999999999999,Credit Card,East,2.0,33.0,5.0,0,Not Returned,2815.2127499999997,2025-11,1-3 days
ORD101629,CUST2956,Books,2026-01-08,349.23,3.0,5,162.63,Credit Card,West,5.0,34.0,5.0,0,Not Returned,995.3055,2026-01,4-5 days
ORD101106,CUST1835,Toys,2025-06-16,938.26,1.0,5,12.35,UPI,West,1.0,49.0,5.0,0,Not Returned,891.347,2025-06,1-3 days
ORD100038,CUST2893,Beauty,2025-02-13,694.88,1.0,20,72.91,Credit Card,North,4.0,46.0,5.0,0,Not Returned,555.904,2025-02,4-5 days
ORD100681,CUST3874,Grocery,2024-10-30,1012.185,3.5,0,43.05,Cash on Delivery,South,4.0,21.0,5.0,0,Not Returned,3542.6475,2024-10,4-5 days
ORD100708,CUST1470,Books,2025-09-29,541.44,1.0,15,64.4,Cash on Delivery,West,5.0,17.0,3.0,0,Not Returned,460.22400000000005,2025-09,4-5 days
ORD102268,CUST2629,Sports,2025-02-16,2681.94,2.0,25,32.78,Net Banking,East,5.0,46.0,4.0,0,Not Returned,4022.91,2025-02,4-5 days
ORD104171,CUST2065,Beauty,2024-09-14,1080.36,3.0,0,154.66,UPI,North,5.0,35.0,5.0,0,Not Returned,3241.08,2024-09,4-5 days
ORD103848,CUST2439,Sports,2025-01-01,853.35,3.0,5,36.64,Cash on Delivery,North,5.0,32.0,5.0,0,Not Returned,2432.0475,2025-01,4-5 days
ORD100412,CUST2956,Grocery,2025-02-19,314.1,1.0,10,5.85,UPI,Central,6.0,18.0,2.0,0,Not Returned,282.69000000000005,2025-02,6-7 days
ORD101900,CUST2848,Beauty,2025-01-30,681.64,3.0,0,56.72,Credit Card,Central,4.0,36.0,5.0,0,Not Returned,2044.92,2025-01,4-5 days
ORD102714,CUST2619,Electronics,2025-11-04,4558.5,2.0,10,17.08,UPI,East,10.5,39.0,3.0,0,Not Returned,8205.300000000001,2025-11,8+ days
ORD101714,CUST2932,Toys,2025-02-13,836.08,1.0,0,63.88,Credit Card,Central,4.0,34.0,2.0,1,Defective Product,836.08,2025-02,4-5 days
ORD101985,CUST1082,Toys,2026-06-05,981.4,1.0,0,111.73,Debit Card,East,3.0,35.0,4.0,0,Not Returned,981.4,2026-06,1-3 days
ORD102984,CUST3551,Electronics,2025-09-24,4558.5,2.0,10,18.7,Credit Card,North,1.0,33.0,5.0,1,Size Issue,8205.300000000001,2025-09,1-3 days
ORD101289,CUST3477,Electronics,2025-05-21,4558.5,1.0,15,119.49,UPI,North,5.0,45.0,3.0,0,Not Returned,3874.725,2025-05,4-5 days
ORD101949,CUST3056,Fashion,2026-01-23,900.94,1.0,20,104.7,Credit Card,East,4.0,56.0,3.0,0,Not Returned,720.7520000000001,2026-01,4-5 days
ORD100977,CUST1359,Fashion,2025-07-10,1592.89,1.0,0,96.51,Cash on Delivery,East,6.0,35.0,4.0,0,Not Returned,1592.89,2025-07,6-7 days
ORD101831,CUST1987,Toys,2025-02-16,1109.8,3.0,0,118.77,Cash on Delivery,North,3.0,20.0,4.0,0,Not Returned,3329.3999999999996,2025-02,1-3 days
ORD101546,CUST4164,Grocery,2025-10-06,429.0,1.0,25,203.85999999999999,Cash on Delivery,South,7.0,25.0,4.0,0,Not Returned,321.75,2025-10,6-7 days
ORD104161,CUST2078,Beauty,2026-06-09,867.36,1.0,0,109.09,Net Banking,East,5.0,55.0,3.0,0,Not Returned,867.36,2026-06,4-5 days
ORD105199,CUST2976,Sports,2025-07-08,1778.32,3.0,5,67.33500000000001,Credit Card,North,4.0,46.0,4.0,1,Size Issue,5068.2119999999995,2025-07,4-5 days
ORD105186,CUST2730,Home & Kitchen,2025-06-01,2391.52,3.5,10,55.24,Debit Card,East,5.0,39.0,1.0,0,Not Returned,7533.288,2025-06,4-5 days
ORD101544,CUST2182,Fashion,2025-01-30,1425.95,1.0,0,28.57,Net Banking,West,5.0,42.0,4.0,0,Not Returned,1425.95,2025-01,4-5 days
ORD104955,CUST2214,Sports,2025-05-19,1012.185,1.0,15,107.98,Credit Card,East,3.0,30.0,4.0,0,Not Returned,860.3572499999999,2025-05,1-3 days
ORD105178,CUST1921,Sports,2026-07-03,2137.05,2.0,0,71.58,Debit Card,Central,4.0,25.0,2.0,0,Not Returned,4274.1,2026-07,4-5 days
ORD103249,CUST2387,Toys,2025-04-03,468.34,1.0,15,139.53,Debit Card,Central,7.0,51.0,4.0,1,Defective Product,398.08899999999994,2025-04,6-7 days
ORD102811,CUST1892,Books,2026-05-12,752.76,1.0,0,64.75,Cash on Delivery,North,6.0,56.0,5.0,0,Not Returned,752.76,2026-05,6-7 days
ORD103314,CUST2296,Toys,2025-01-16,708.53,2.0,5,97.63,Credit Card,Central,4.0,49.0,5.0,0,Not Returned,1346.2069999999999,2025-01,4-5 days
ORD102930,CUST4195,Beauty,2025-05-24,608.08,1.0,0,62.56,Cash on Delivery,South,9.0,40.0,4.0,0,Not Returned,608.08,2025-05,8+ days
ORD105502,CUST1186,Grocery,2024-12-22,344.1,1.0,0,9.82,Cash on Delivery,West,6.0,27.0,5.0,1,Defective Product,344.1,2024-12,6-7 days
ORD104675,CUST2923,Home & Kitchen,2024-12-03,3300.54,1.0,0,16.53,Debit Card,West,3.0,52.0,4.0,1,Wrong Item Delivered,3300.54,2024-12,1-3 days
ORD103866,CUST2453,Sports,2024-12-29,1108.57,1.0,0,26.07,Debit Card,West,7.0,25.0,4.0,1,Changed Mind,1108.57,2024-12,6-7 days
ORD105824,CUST1406,Grocery,2026-01-14,260.31,1.0,30,40.78,Debit Card,East,3.0,39.0,4.0,1,Size Issue,182.21699999999998,2026-01,1-3 days
ORD102735,CUST1698,Toys,2025-09-08,723.86,1.0,5,17.4,Debit Card,South,4.0,29.0,5.0,0,Not Returned,687.667,2025-09,4-5 days
ORD100421,CUST1924,Beauty,2026-03-20,558.13,1.0,25,78.57,Cash on Delivery,South,3.0,27.0,4.0,0,Not Returned,418.59749999999997,2026-03,1-3 days
ORD101767,CUST1636,Grocery,2025-10-20,216.52,1.0,5,33.76,Credit Card,East,7.0,16.0,4.0,1,Not as Described,205.694,2025-10,6-7 days
ORD104876,CUST3616,Toys,2024-09-07,623.74,2.0,0,58.77,Net Banking,East,8.0,17.0,5.0,0,Not Returned,1247.48,2024-09,8+ days
ORD100356,CUST2775,Fashion,2025-08-12,1012.185,1.0,0,67.33500000000001,Net Banking,South,8.0,51.0,4.0,1,Not as Described,1012.185,2025-08,8+ days
ORD103641,CUST4083,Fashion,2025-03-23,1700.94,1.0,20,18.17,Credit Card,North,5.0,38.0,5.0,0,Not Returned,1360.7520000000002,2025-03,4-5 days
ORD101323,CUST3009,Beauty,2025-12-01,585.55,2.0,20,35.26,Debit Card,West,6.0,36.0,4.0,0,Not Returned,936.88,2025-12,6-7 days
ORD102604,CUST4340,Sports,2025-04-30,1855.76,1.0,0,67.33500000000001,Credit Card,South,1.0,19.0,5.0,1,Not as Described,1855.76,2025-04,1-3 days
ORD105864,CUST3908,Electronics,2025-02-03,4558.5,1.0,5,71.37,Credit Card,Central,7.0,29.0,5.0,0,Not Returned,4330.575,2025-02,6-7 days
ORD101459,CUST3833,Toys,2025-08-24,551.63,1.0,20,165.92,Cash on Delivery,East,5.0,27.0,4.0,0,Not Returned,441.30400000000003,2025-08,4-5 days
ORD102109,CUST2571,Home & Kitchen,2024-11-21,2665.46,1.0,10,47.87,Credit Card,East,6.0,30.0,5.0,0,Not Returned,2398.914,2024-11,6-7 days
ORD100486,CUST2179,Sports,2024-11-22,1664.17,1.0,25,84.57,Net Banking,West,8.0,50.0,3.0,0,Not Returned,1248.1275,2024-11,8+ days
ORD102766,CUST1324,Home & Kitchen,2025-01-27,734.02,1.0,0,18.11,UPI,West,5.0,35.0,4.0,1,Late Delivery,734.02,2025-01,4-5 days
ORD103086,CUST2730,Home & Kitchen,2025-07-22,2628.51,1.0,0,55.95,Cash on Delivery,South,5.0,23.0,4.0,0,Not Returned,2628.51,2025-07,4-5 days
ORD103455,CUST1255,Sports,2025-03-09,1954.34,1.0,0,40.68,Credit Card,East,3.0,33.0,5.0,0,Not Returned,1954.34,2025-03,1-3 days
ORD103527,CUST2745,Books,2026-03-30,405.97,1.0,0,123.6,Credit Card,North,9.0,16.0,4.0,1,Changed Mind,405.97,2026-03,8+ days
ORD103310,CUST3706,Fashion,2026-02-23,1334.6,1.0,10,38.33,UPI,South,3.0,16.0,5.0,0,Not Returned,1201.1399999999999,2026-02,1-3 days
ORD105057,CUST1698,Home & Kitchen,2026-02-05,1849.92,1.0,0,9.71,Cash on Delivery,East,6.0,42.0,4.0,0,Not Returned,1849.92,2026-02,6-7 days
ORD102750,CUST2064,Electronics,2025-05-13,4558.5,1.0,0,127.49,Debit Card,East,2.0,34.0,5.0,0,Not Returned,4558.5,2025-05,1-3 days
ORD100399,CUST2159,Books,2025-09-06,354.42,1.0,0,114.21,UPI,Central,2.0,44.0,4.0,0,Not Returned,354.42,2025-09,1-3 days
ORD100638,CUST1500,Sports,2025-03-08,2448.12,1.0,30,96.07,UPI,Central,2.0,34.0,4.0,0,Not Returned,1713.6839999999997,2025-03,1-3 days
ORD104232,CUST1635,Beauty,2026-01-02,487.65,1.0,20,48.24,Credit Card,South,1.0,41.0,2.0,0,Not Returned,390.12,2026-01,1-3 days
ORD104968,CUST3209,Electronics,2025-02-12,4558.5,1.0,10,118.14,Net Banking,Central,7.0,16.0,2.0,0,Not Returned,4102.650000000001,2025-02,6-7 days
ORD103652,CUST3887,Home & Kitchen,2025-12-05,2590.8,1.0,0,71.82,Debit Card,South,6.0,23.0,4.0,0,Not Returned,2590.8,2025-12,6-7 days
ORD101261,CUST3365,Electronics,2025-10-14,4558.5,1.0,25,164.52,Credit Card,West,3.0,29.0,4.0,0,Not Returned,3418.875,2025-10,1-3 days
ORD102366,CUST4168,Home & Kitchen,2025-12-22,2120.75,1.0,25,35.78,Cash on Delivery,North,4.0,43.0,3.0,0,Not Returned,1590.5625,2025-12,4-5 days
ORD100580,CUST2443,Sports,2025-11-05,2594.76,1.0,15,14.48,Credit Card,East,3.0,27.0,4.0,1,Wrong Item Delivered,2205.5460000000003,2025-11,1-3 days
ORD104449,CUST3102,Sports,2026-07-27,2384.24,1.0,5,67.33500000000001,Cash on Delivery,South,5.0,46.0,5.0,1,Defective Product,2265.028,2026-07,4-5 days
ORD102706,CUST3623,Grocery,2026-05-15,292.17,1.0,25,39.77,Net Banking,West,6.0,31.0,3.0,0,Not Returned,219.1275,2026-05,6-7 days
ORD100917,CUST3848,Beauty,2026-01-01,1060.26,1.0,0,203.85999999999999,UPI,Central,9.0,36.0,5.0,0,Not Returned,1060.26,2026-01,8+ days
ORD105169,CUST3820,Grocery,2025-08-21,337.14,1.0,25,33.09,Net Banking,West,4.0,48.0,5.0,1,Size Issue,252.855,2025-08,4-5 days
ORD103868,CUST1932,Books,2025-01-22,704.29,1.0,0,51.79,Credit Card,Central,4.0,41.0,3.0,0,Not Returned,704.29,2025-01,4-5 days
ORD103031,CUST3145,Electronics,2026-01-04,4558.5,2.0,0,37.06,UPI,West,6.0,19.0,3.0,0,Not Returned,9117.0,2026-01,6-7 days
ORD100392,CUST1494,Beauty,2025-02-18,956.93,1.0,0,193.9,UPI,North,5.0,30.0,5.0,0,Not Returned,956.93,2025-02,4-5 days
ORD101143,CUST2692,Books,2024-09-26,360.73,1.0,15,52.19,Cash on Delivery,West,8.0,20.0,5.0,0,Not Returned,306.6205,2024-09,8+ days
ORD100887,CUST3493,Sports,2026-07-07,1313.82,1.0,10,29.13,UPI,West,7.0,37.0,3.0,0,Not Returned,1182.4379999999999,2026-07,6-7 days
ORD105904,CUST3585,Sports,2025-12-14,1071.32,1.0,20,29.81,Cash on Delivery,East,3.0,37.0,5.0,0,Not Returned,857.056,2025-12,1-3 days
ORD100006,CUST1895,Home & Kitchen,2024-09-09,1907.69,1.0,20,103.5,UPI,East,3.0,30.0,5.0,0,Not Returned,1526.152,2024-09,1-3 days
ORD105010,CUST4040,Toys,2026-07-07,1001.1,1.0,15,29.42,Debit Card,South,3.0,39.0,2.0,0,Not Returned,850.935,2026-07,1-3 days
ORD104009,CUST2175,Fashion,2025-03-02,539.55,1.0,20,67.29,Credit Card,Central,4.0,28.0,3.0,0,Not Returned,431.64,2025-03,4-5 days
ORD100267,CUST1022,Fashion,2025-12-11,1527.17,1.0,0,203.85999999999999,Credit Card,East,5.0,41.0,4.0,0,Not Returned,1527.17,2025-12,4-5 days
ORD104681,CUST1223,Toys,2026-04-21,819.41,1.0,10,89.48,UPI,Central,5.0,27.0,4.0,0,Not Returned,737.4689999999999,2026-04,4-5 days
ORD101499,CUST1763,Electronics,2025-11-22,4558.5,1.0,0,203.85999999999999,Net Banking,West,6.0,28.0,3.0,1,Not as Described,4558.5,2025-11,6-7 days
ORD101313,CUST1066,Electronics,2026-02-11,2770.82,1.0,0,26.53,Debit Card,West,2.0,27.0,4.0,0,Not Returned,2770.82,2026-02,1-3 days
ORD105524,CUST4054,Fashion,2024-11-04,1142.4,1.0,10,138.92,Net Banking,South,5.0,29.0,5.0,0,Not Returned,1028.16,2024-11,4-5 days
ORD101375,CUST4081,Fashion,2025-10-22,888.84,1.0,5,45.74,Cash on Delivery,South,5.0,19.0,3.0,0,Not Returned,844.398,2025-10,4-5 days
ORD102830,CUST2796,Toys,2025-04-29,334.21,3.5,5,97.97,Net Banking,North,4.0,16.0,4.0,0,Not Returned,1111.2482499999999,2025-04,4-5 days
ORD105930,CUST4248,Electronics,2024-11-02,2403.53,1.0,10,87.84,Debit Card,North,4.0,34.0,4.0,0,Not Returned,2163.177,2024-11,4-5 days
ORD105505,CUST2137,Fashion,2026-07-08,1132.24,1.0,0,67.74,UPI,South,6.0,21.0,5.0,0,Not Returned,1132.24,2026-07,6-7 days
ORD105334,CUST2280,Fashion,2025-06-12,1012.185,1.0,0,29.77,Debit Card,South,6.0,40.0,5.0,1,Not as Described,1012.185,2025-06,6-7 days
ORD100571,CUST2470,Sports,2025-05-24,2713.41,1.0,20,16.81,Cash on Delivery,West,8.0,16.0,2.0,0,Not Returned,2170.728,2025-05,8+ days
ORD105162,CUST4429,Grocery,2026-07-09,381.88,1.0,30,91.23,Debit Card,West,4.0,40.0,4.0,0,Not Returned,267.316,2026-07,4-5 days
ORD101747,CUST1975,Grocery,2025-09-10,120.72,1.0,5,29.41,Net Banking,Central,5.0,46.0,4.0,0,Not Returned,114.684,2025-09,4-5 days
ORD104669,CUST1180,Toys,2024-11-27,842.09,1.0,15,106.07,UPI,North,2.0,33.0,3.0,0,Not Returned,715.7765,2024-11,1-3 days
ORD104813,CUST2352,Sports,2024-12-09,1427.27,1.0,15,122.48,Net Banking,Central,7.0,23.0,5.0,0,Not Returned,1213.1795,2024-12,6-7 days
ORD104147,CUST2616,Sports,2025-05-24,2682.19,1.0,15,48.23,Credit Card,West,4.0,46.0,4.0,1,Defective Product,2279.8615,2025-05,4-5 days
ORD105635,CUST1434,Home & Kitchen,2024-09-27,344.84,1.0,5,67.33500000000001,Debit Card,West,7.0,32.0,2.0,0,Not Returned,327.59799999999996,2024-09,6-7 days
ORD101924,CUST1397,Grocery,2025-08-05,214.06,1.0,10,58.98,Cash on Delivery,Central,7.0,36.0,2.0,1,Defective Product,192.654,2025-08,6-7 days
ORD102700,CUST2165,Books,2026-08-04,530.67,1.0,0,50.05,Net Banking,North,2.0,39.0,2.0,0,Not Returned,530.67,2026-08,1-3 days
ORD100792,CUST1369,Home & Kitchen,2025-12-03,2160.61,1.0,5,159.41,Debit Card,West,7.0,35.0,4.0,1,Better Price Found,2052.5795,2025-12,6-7 days
ORD104835,CUST2713,Electronics,2024-11-21,4558.5,1.0,5,132.57,Cash on Delivery,East,5.0,37.0,5.0,0,Not Returned,4330.575,2024-11,4-5 days
ORD100517,CUST2568,Sports,2025-02-09,1270.42,1.0,0,113.38,UPI,North,2.0,16.0,1.0,0,Not Returned,1270.42,2025-02,1-3 days
ORD100786,CUST4261,Sports,2025-11-23,1545.93,1.0,0,71.13,Debit Card,South,2.0,34.0,5.0,0,Not Returned,1545.93,2025-11,1-3 days
ORD102368,CUST1425,Toys,2025-06-25,769.43,2.0,0,50.31,Debit Card,North,1.0,35.0,5.0,0,Not Returned,1538.86,2025-06,1-3 days
ORD101373,CUST2288,Electronics,2026-06-28,4558.5,1.0,0,10.95,Credit Card,East,7.0,21.0,5.0,1,Late Delivery,4558.5,2026-06,6-7 days
ORD104686,CUST3845,Sports,2025-12-20,1797.5,1.0,0,203.85999999999999,Credit Card,West,4.0,29.0,1.0,0,Not Returned,1797.5,2025-12,4-5 days
ORD105961,CUST4307,Home & Kitchen,2025-11-06,1705.61,1.0,10,87.5,Cash on Delivery,South,5.0,34.0,4.0,0,Not Returned,1535.049,2025-11,4-5 days
ORD103125,CUST1325,Toys,2025-06-14,612.58,2.0,5,61.77,Cash on Delivery,South,4.0,34.0,4.0,0,Not Returned,1163.902,2025-06,4-5 days
ORD102502,CUST1176,Grocery,2024-09-04,263.38,1.0,5,63.03,UPI,Central,3.0,25.0,4.0,0,Not Returned,250.21099999999998,2024-09,1-3 days
ORD103441,CUST3900,Fashion,2025-11-28,1548.11,1.0,10,43.78,Credit Card,East,8.0,37.0,2.0,1,Better Price Found,1393.299,2025-11,8+ days
ORD105404,CUST2330,Grocery,2026-01-23,298.0,1.0,0,42.91,Credit Card,East,3.0,43.0,4.0,0,Not Returned,298.0,2026-01,1-3 days
ORD102469,CUST2997,Sports,2025-01-25,1899.89,1.0,10,43.37,Credit Card,Central,5.0,34.0,4.0,0,Not Returned,1709.901,2025-01,4-5 days
ORD102720,CUST3980,Toys,2024-09-04,652.32,1.0,15,67.98,Net Banking,North,2.0,28.0,5.0,0,Not Returned,554.472,2024-09,1-3 days
ORD100051,CUST4051,Books,2024-11-29,384.79,2.0,20,63.84,Net Banking,East,8.0,37.0,5.0,1,Changed Mind,615.6640000000001,2024-11,8+ days
ORD103631,CUST3336,Books,2025-07-20,449.25,1.0,0,60.18,Credit Card,East,4.0,26.0,2.0,0,Not Returned,449.25,2025-07,4-5 days
ORD105295,CUST1270,Books,2025-09-23,418.44,1.0,10,60.91,Cash on Delivery,North,3.0,55.0,3.0,0,Not Returned,376.596,2025-09,1-3 days
ORD105004,CUST2364,Electronics,2025-08-05,1012.185,1.0,15,101.9,Net Banking,North,5.0,28.0,5.0,0,Not Returned,860.3572499999999,2025-08,4-5 days
ORD100511,CUST1608,Books,2025-08-11,272.0,2.0,10,41.13,UPI,West,4.0,34.0,4.0,0,Not Returned,489.6,2025-08,4-5 days
ORD104426,CUST3928,Home & Kitchen,2026-03-15,2874.85,1.0,0,28.68,Net Banking,South,1.0,41.0,4.0,0,Not Returned,2874.85,2026-03,1-3 days
ORD103299,CUST3273,Fashion,2025-07-23,1285.03,1.0,5,203.85999999999999,Cash on Delivery,East,3.0,36.0,4.0,0,Not Returned,1220.7785,2025-07,1-3 days
ORD102141,CUST1429,Electronics,2026-04-18,4558.5,1.0,15,86.06,Debit Card,West,4.0,34.0,5.0,0,Not Returned,3874.725,2026-04,4-5 days
ORD101778,CUST1607,Sports,2026-05-07,2122.19,1.0,15,13.76,Cash on Delivery,North,7.0,21.0,4.0,1,Wrong Item Delivered,1803.8615,2026-05,6-7 days
ORD102101,CUST3186,Electronics,2024-08-22,4558.5,1.0,10,10.22,Debit Card,West,5.0,16.0,5.0,0,Not Returned,4102.650000000001,2024-08,4-5 days
ORD100674,CUST1607,Toys,2025-04-11,613.74,3.0,0,196.98,Credit Card,South,7.0,17.0,3.0,0,Not Returned,1841.22,2025-04,6-7 days
ORD103453,CUST2054,Home & Kitchen,2026-03-04,1424.22,1.0,20,64.68,Credit Card,North,4.0,16.0,1.0,0,Not Returned,1139.376,2026-03,4-5 days
ORD103665,CUST3157,Grocery,2025-08-09,259.7,1.0,0,161.4,Credit Card,East,2.0,19.0,5.0,0,Not Returned,259.7,2025-08,1-3 days
ORD100650,CUST3441,Beauty,2026-03-18,836.23,1.0,5,40.56,Credit Card,South,3.0,44.0,2.0,0,Not Returned,794.4185,2026-03,1-3 days
ORD104097,CUST2849,Beauty,2026-07-06,995.91,1.0,15,67.33500000000001,UPI,East,1.0,31.0,5.0,0,Not Returned,846.5234999999999,2026-07,1-3 days
ORD100212,CUST4360,Beauty,2025-05-01,941.5,1.0,10,101.3,Debit Card,South,5.0,25.0,5.0,0,Not Returned,847.35,2025-05,4-5 days
ORD103507,CUST3953,Electronics,2025-04-22,4558.5,1.0,15,142.03,Cash on Delivery,South,7.0,17.0,3.0,0,Not Returned,3874.725,2025-04,6-7 days
ORD104213,CUST2591,Fashion,2025-01-18,1124.2,2.0,0,24.32,Credit Card,West,5.0,34.0,4.0,0,Not Returned,2248.4,2025-01,4-5 days
ORD104690,CUST3523,Sports,2026-07-24,1144.44,3.5,20,26.98,Net Banking,West,1.0,38.0,3.0,1,Wrong Item Delivered,3204.4320000000002,2026-07,1-3 days
ORD101627,CUST1493,Fashion,2025-04-27,1635.37,1.0,15,175.04,Cash on Delivery,South,1.0,33.0,5.0,0,Not Returned,1390.0645,2025-04,1-3 days
ORD105805,CUST2546,Books,2024-12-18,702.03,2.0,0,91.27,UPI,South,5.0,39.0,4.0,0,Not Returned,1404.06,2024-12,4-5 days
ORD105327,CUST4270,Electronics,2026-08-09,4558.5,1.0,5,69.55,Credit Card,North,4.0,27.0,5.0,0,Not Returned,4330.575,2026-08,4-5 days
ORD100060,CUST2576,Sports,2025-10-28,1465.78,1.0,10,41.13,UPI,West,8.0,31.0,1.0,0,Not Returned,1319.202,2025-10,8+ days
ORD103611,CUST4015,Fashion,2026-02-03,1057.83,2.0,20,66.8,Net Banking,East,3.0,44.0,5.0,1,Not as Described,1692.528,2026-02,1-3 days
ORD105633,CUST3851,Beauty,2026-02-05,865.72,1.0,10,24.74,Credit Card,West,2.0,16.0,1.0,0,Not Returned,779.148,2026-02,1-3 days
ORD103386,CUST2127,Books,2025-11-12,350.97,1.0,0,158.78,Cash on Delivery,West,6.0,18.0,3.0,1,Size Issue,350.97,2025-11,6-7 days
ORD100491,CUST3256,Home & Kitchen,2024-12-12,3456.99,1.0,15,35.22,Cash on Delivery,West,7.0,34.0,4.0,0,Not Returned,2938.4415,2024-12,6-7 days
ORD100396,CUST1886,Books,2025-01-01,384.51,1.0,25,30.26,Credit Card,South,1.0,29.0,4.0,0,Not Returned,288.3825,2025-01,1-3 days
ORD102193,CUST2287,Toys,2025-02-26,900.54,2.0,0,52.54,Credit Card,South,6.0,56.0,3.0,0,Not Returned,1801.08,2025-02,6-7 days
ORD100278,CUST3509,Books,2026-06-01,1012.185,1.0,10,111.17,UPI,East,2.0,36.0,5.0,0,Not Returned,910.9665,2026-06,1-3 days
ORD105632,CUST2546,Sports,2026-01-15,2342.11,1.0,5,70.97,Cash on Delivery,North,1.0,39.0,5.0,0,Not Returned,2225.0045,2026-01,1-3 days
ORD104635,CUST4365,Grocery,2026-04-19,346.84,1.0,15,98.67,Cash on Delivery,West,3.0,21.0,3.0,0,Not Returned,294.81399999999996,2026-04,1-3 days
ORD105478,CUST2786,Books,2024-11-12,482.61,1.0,0,84.61,UPI,West,7.0,33.0,2.0,0,Not Returned,482.61,2024-11,6-7 days
ORD103130,CUST1757,Home & Kitchen,2025-01-17,1736.7,1.0,25,41.88,Net Banking,North,1.0,27.0,4.0,1,Wrong Item Delivered,1302.525,2025-01,1-3 days
ORD100181,CUST2133,Electronics,2025-06-24,4558.5,2.0,0,173.62,Credit Card,West,8.0,39.0,2.0,1,Defective Product,9117.0,2025-06,8+ days
ORD100422,CUST2558,Home & Kitchen,2026-03-09,659.42,1.0,0,23.08,Net Banking,East,1.0,31.0,4.0,0,Not Returned,659.42,2026-03,1-3 days
ORD102338,CUST2703,Electronics,2025-08-23,4558.5,1.0,0,187.19,Net Banking,Central,3.0,28.0,4.0,0,Not Returned,4558.5,2025-08,1-3 days
ORD101060,CUST2083,Grocery,2024-11-24,239.39,1.0,10,51.39,Cash on Delivery,West,4.0,46.0,5.0,0,Not Returned,215.451,2024-11,4-5 days
ORD101091,CUST4263,Beauty,2025-10-19,287.49,1.0,15,72.95,Cash on Delivery,South,1.0,38.0,4.0,0,Not Returned,244.3665,2025-10,1-3 days
ORD100661,CUST2836,Sports,2024-10-04,2318.31,1.0,20,151.99,Credit Card,South,3.0,49.0,4.0,0,Not Returned,1854.6480000000001,2024-10,1-3 days
ORD104809,CUST3828,Home & Kitchen,2026-02-27,1974.6,1.0,0,42.57,Debit Card,West,5.0,29.0,4.0,0,Not Returned,1974.6,2026-02,4-5 days
ORD102886,CUST1432,Home & Kitchen,2025-06-18,1523.76,1.0,20,69.35,Net Banking,Central,4.0,30.0,3.0,1,Not as Described,1219.008,2025-06,4-5 days
ORD105871,CUST1105,Fashion,2024-10-26,1657.96,2.0,25,115.5,Net Banking,Central,5.0,53.0,5.0,0,Not Returned,2486.94,2024-10,4-5 days
ORD100350,CUST3318,Books,2024-11-15,231.55,1.0,0,26.04,Debit Card,West,4.0,35.0,3.0,0,Not Returned,231.55,2024-11,4-5 days
ORD100062,CUST3266,Fashion,2025-09-09,882.33,3.5,5,16.89,Debit Card,Central,8.0,43.0,5.0,0,Not Returned,2933.74725,2025-09,8+ days
ORD104114,CUST2507,Grocery,2024-10-23,493.42,1.0,15,67.33500000000001,Debit Card,South,4.0,44.0,4.0,0,Not Returned,419.407,2024-10,4-5 days
ORD100609,CUST2073,Beauty,2026-02-17,736.97,1.0,10,45.9,UPI,North,4.0,19.0,2.0,0,Not Returned,663.273,2026-02,4-5 days
ORD101836,CUST4437,Beauty,2025-05-29,791.68,2.0,20,87.52,Credit Card,West,4.0,34.0,3.0,0,Not Returned,1266.688,2025-05,4-5 days
ORD104047,CUST1229,Home & Kitchen,2026-05-11,1549.1,1.0,0,47.69,Debit Card,West,5.0,26.0,2.0,1,Wrong Item Delivered,1549.1,2026-05,4-5 days
ORD100077,CUST4189,Home & Kitchen,2025-09-17,2649.27,1.0,10,119.79,Debit Card,East,5.0,63.0,4.0,1,Changed Mind,2384.343,2025-09,4-5 days
ORD103538,CUST2515,Grocery,2024-12-19,307.99,1.0,25,34.46,Credit Card,South,3.0,28.0,4.0,0,Not Returned,230.9925,2024-12,1-3 days
ORD105422,CUST2079,Sports,2024-11-11,2243.37,1.0,10,48.98,Credit Card,North,7.0,33.0,3.0,0,Not Returned,2019.033,2024-11,6-7 days
ORD101256,CUST1959,Sports,2025-06-09,3050.98,1.0,0,54.16,UPI,Central,5.0,37.0,5.0,0,Not Returned,3050.98,2025-06,4-5 days
ORD101046,CUST3366,Sports,2026-04-05,2402.09,1.0,0,106.55,Cash on Delivery,South,5.0,40.0,5.0,0,Not Returned,2402.09,2026-04,4-5 days
ORD100823,CUST3903,Toys,2024-11-21,1283.65,1.0,20,94.65,Cash on Delivery,East,1.0,22.0,5.0,0,Not Returned,1026.92,2024-11,1-3 days
ORD105533,CUST3974,Electronics,2025-02-04,4558.5,2.0,10,137.88,Net Banking,South,6.0,24.0,4.0,0,Not Returned,8205.300000000001,2025-02,6-7 days
ORD104413,CUST4447,Fashion,2026-02-05,1205.29,1.0,30,197.24,Credit Card,North,6.0,24.0,5.0,1,Size Issue,843.703,2026-02,6-7 days
ORD100695,CUST1532,Toys,2025-05-18,1357.15,1.0,0,67.33500000000001,Credit Card,North,6.0,34.0,4.0,0,Not Returned,1357.15,2025-05,6-7 days
ORD101271,CUST2410,Sports,2025-08-16,2407.89,1.0,0,203.85999999999999,Credit Card,West,2.0,18.0,5.0,1,Wrong Item Delivered,2407.89,2025-08,1-3 days
ORD105275,CUST3548,Home & Kitchen,2024-11-20,2338.02,1.0,0,127.03,UPI,East,6.0,29.0,5.0,0,Not Returned,2338.02,2024-11,6-7 days
ORD102708,CUST3508,Electronics,2025-06-23,4558.5,2.0,0,91.21,UPI,East,3.0,16.0,5.0,1,Defective Product,9117.0,2025-06,1-3 days
ORD105355,CUST1173,Fashion,2026-01-01,851.51,1.0,15,18.9,Credit Card,South,4.0,36.0,4.0,0,Not Returned,723.7835,2026-01,4-5 days
ORD100186,CUST3297,Sports,2026-01-16,1813.4,1.0,10,100.34,UPI,Central,1.0,37.0,5.0,0,Not Returned,1632.0600000000002,2026-01,1-3 days
ORD104382,CUST3353,Home & Kitchen,2024-12-07,1789.13,1.0,0,69.33,UPI,South,5.0,23.0,4.0,0,Not Returned,1789.13,2024-12,4-5 days
ORD102535,CUST2767,Fashion,2025-12-28,1122.86,1.0,25,80.92,Credit Card,East,8.0,23.0,4.0,0,Not Returned,842.145,2025-12,8+ days
ORD102204,CUST4385,Toys,2024-12-05,632.86,1.0,0,39.71,Cash on Delivery,North,1.0,38.0,4.0,0,Not Returned,632.86,2024-12,1-3 days
ORD100546,CUST1411,Toys,2025-11-25,996.83,2.0,10,67.33500000000001,Net Banking,South,3.0,34.0,4.0,0,Not Returned,1794.294,2025-11,1-3 days
ORD100635,CUST3808,Beauty,2024-10-30,720.92,1.0,0,11.24,Net Banking,North,5.0,44.0,5.0,0,Not Returned,720.92,2024-10,4-5 days
ORD104683,CUST3623,Fashion,2026-08-02,1115.15,1.0,0,60.05,Credit Card,South,5.0,27.0,4.0,0,Not Returned,1115.15,2026-08,4-5 days
ORD104082,CUST2723,Home & Kitchen,2024-10-06,1958.61,1.0,5,19.32,UPI,South,3.0,18.0,4.0,1,Size Issue,1860.6794999999997,2024-10,1-3 days
ORD102825,CUST1630,Toys,2025-05-05,741.19,1.0,0,30.09,Debit Card,South,5.0,26.0,5.0,0,Not Returned,741.19,2025-05,4-5 days
ORD103117,CUST1830,Beauty,2026-06-06,891.84,1.0,10,86.37,Debit Card,West,4.0,33.0,1.0,0,Not Returned,802.6560000000001,2026-06,4-5 days
ORD100687,CUST2703,Home & Kitchen,2025-07-16,3731.33,1.0,0,21.71,Cash on Delivery,East,7.0,16.0,4.0,0,Not Returned,3731.33,2025-07,6-7 days
ORD103083,CUST2800,Home & Kitchen,2025-01-04,3294.54,1.0,5,203.85999999999999,Cash on Delivery,West,5.0,16.0,5.0,0,Not Returned,3129.8129999999996,2025-01,4-5 days
ORD105299,CUST1924,Electronics,2026-05-16,4558.5,2.0,30,133.66,Credit Card,West,5.0,33.0,5.0,1,Size Issue,6381.9,2026-05,4-5 days
ORD103225,CUST1543,Toys,2025-12-26,580.78,1.0,0,104.56,Cash on Delivery,South,6.0,45.0,5.0,0,Not Returned,580.78,2025-12,6-7 days
ORD100767,CUST1688,Books,2025-04-19,198.17,1.0,0,119.12,Credit Card,South,2.0,43.0,4.0,0,Not Returned,198.17,2025-04,1-3 days
ORD105666,CUST2918,Grocery,2026-04-07,309.0,2.0,0,84.4,Debit Card,South,4.0,42.0,5.0,1,Not as Described,618.0,2026-04,4-5 days
ORD100255,CUST3536,Electronics,2025-12-17,4558.5,1.0,25,14.56,UPI,East,4.0,34.0,4.0,0,Not Returned,3418.875,2025-12,4-5 days
ORD102775,CUST3608,Grocery,2025-03-18,488.77,2.0,5,200.02,Credit Card,East,3.0,43.0,5.0,0,Not Returned,928.6629999999999,2025-03,1-3 days
ORD105357,CUST4128,Electronics,2025-12-25,4558.5,1.0,20,57.51,Cash on Delivery,East,7.0,40.0,4.0,0,Not Returned,3646.8,2025-12,6-7 days
ORD102697,CUST1814,Books,2026-07-24,362.64,1.0,0,42.54,UPI,West,6.0,29.0,5.0,0,Not Returned,362.64,2026-07,6-7 days
ORD101647,CUST2758,Grocery,2025-05-02,409.03,1.0,15,66.71,UPI,North,6.0,35.0,4.0,1,Not as Described,347.67549999999994,2025-05,6-7 days
ORD105928,CUST3938,Electronics,2026-04-29,4558.5,2.0,25,61.89,Debit Card,East,5.0,16.0,5.0,1,Better Price Found,6837.75,2026-04,4-5 days
ORD100951,CUST2663,Beauty,2025-12-22,395.32,1.0,25,129.43,Debit Card,North,4.0,29.0,4.0,0,Not Returned,296.49,2025-12,4-5 days
ORD101981,CUST1158,Fashion,2026-01-08,1110.05,2.0,5,65.2,UPI,South,2.0,46.0,5.0,1,Defective Product,2109.095,2026-01,1-3 days
ORD102653,CUST1221,Grocery,2025-10-14,300.85,1.0,10,166.17,UPI,East,2.0,36.0,4.0,0,Not Returned,270.76500000000004,2025-10,1-3 days
ORD102593,CUST3760,Sports,2025-11-11,1876.53,1.0,5,40.92,UPI,North,5.0,30.0,4.0,0,Not Returned,1782.7034999999998,2025-11,4-5 days
ORD104525,CUST2667,Electronics,2025-07-24,1012.185,1.0,20,20.12,Credit Card,North,3.0,32.0,5.0,1,Not as Described,809.748,2025-07,1-3 days
ORD101012,CUST3256,Home & Kitchen,2025-11-26,2044.15,1.0,15,61.47,Net Banking,Central,4.0,34.0,4.0,0,Not Returned,1737.5275000000001,2025-11,4-5 days
ORD105212,CUST3111,Beauty,2024-11-12,432.32,2.0,15,131.56,UPI,Central,5.0,43.0,5.0,1,Late Delivery,734.944,2024-11,4-5 days
ORD104939,CUST4159,Electronics,2026-06-25,4558.5,1.0,5,13.51,UPI,North,8.0,16.0,1.0,0,Not Returned,4330.575,2026-06,8+ days
ORD102572,CUST4280,Beauty,2026-03-16,330.33,2.0,25,47.48,Debit Card,East,4.0,30.0,4.0,0,Not Returned,495.495,2026-03,4-5 days
ORD104463,CUST2249,Electronics,2025-06-23,4558.5,2.0,20,72.18,Debit Card,Central,6.0,48.0,4.0,0,Not Returned,7293.6,2025-06,6-7 days
ORD101940,CUST2695,Home & Kitchen,2026-04-01,1012.185,1.0,10,66.3,Debit Card,Central,1.0,46.0,4.0,0,Not Returned,910.9665,2026-04,1-3 days
ORD100360,CUST3137,Home & Kitchen,2024-12-25,2857.53,1.0,0,52.0,Credit Card,East,6.0,47.0,5.0,0,Not Returned,2857.53,2024-12,6-7 days
ORD101820,CUST4200,Home & Kitchen,2025-08-04,2276.69,2.0,0,179.16,Cash on Delivery,East,6.0,34.0,5.0,0,Not Returned,4553.38,2025-08,6-7 days
ORD101061,CUST4128,Toys,2026-02-01,1559.42,1.0,15,34.01,UPI,Central,7.0,32.0,5.0,0,Not Returned,1325.507,2026-02,6-7 days
ORD101557,CUST1132,Electronics,2026-05-20,4558.5,1.0,0,25.73,Debit Card,South,4.0,34.0,2.0,0,Not Returned,4558.5,2026-05,4-5 days
ORD103492,CUST1723,Books,2025-12-05,425.79,1.0,0,203.85999999999999,Net Banking,West,7.0,38.0,4.0,0,Not Returned,425.79,2025-12,6-7 days
ORD105909,CUST1648,Fashion,2025-09-22,1745.64,1.0,0,19.11,UPI,East,5.0,27.0,5.0,0,Not Returned,1745.64,2025-09,4-5 days
ORD100584,CUST4433,Books,2025-12-13,287.68,2.0,0,111.07,Credit Card,West,4.0,40.0,2.0,0,Not Returned,575.36,2025-12,4-5 days
ORD102738,CUST2913,Books,2026-05-12,370.81,3.5,25,51.0,Debit Card,West,3.0,38.0,5.0,1,Changed Mind,973.37625,2026-05,1-3 days
ORD101873,CUST3985,Fashion,2024-11-20,1281.01,3.0,5,124.36,Credit Card,West,3.0,37.0,1.0,0,Not Returned,3650.8785,2024-11,1-3 days
ORD102466,CUST1598,Books,2026-05-18,563.15,1.0,5,133.3,Debit Card,East,6.0,40.0,4.0,0,Not Returned,534.9925,2026-05,6-7 days
ORD103302,CUST1445,Electronics,2024-10-08,4558.5,1.0,10,22.56,UPI,South,5.0,38.0,4.0,0,Not Returned,4102.650000000001,2024-10,4-5 days
ORD105512,CUST2511,Grocery,2025-11-04,242.82,3.5,15,104.0,Net Banking,North,8.0,27.0,4.0,1,Not as Described,722.3895,2025-11,8+ days
ORD104178,CUST1506,Sports,2026-05-14,1335.05,1.0,10,51.57,Debit Card,North,7.0,51.0,5.0,0,Not Returned,1201.545,2026-05,6-7 days
ORD100378,CUST1350,Grocery,2026-07-13,256.57,1.0,15,203.85999999999999,Net Banking,South,7.0,28.0,5.0,0,Not Returned,218.0845,2026-07,6-7 days
ORD100667,CUST2876,Beauty,2025-09-04,1012.185,1.0,30,57.64,Net Banking,West,4.0,30.0,3.0,0,Not Returned,708.5294999999999,2025-09,4-5 days
ORD104508,CUST2168,Home & Kitchen,2025-09-19,3031.1,1.0,0,112.51,Cash on Delivery,North,5.0,16.0,4.0,0,Not Returned,3031.1,2025-09,4-5 days
ORD101930,CUST3629,Beauty,2025-02-28,551.27,1.0,0,139.72,Debit Card,Central,7.0,16.0,4.0,0,Not Returned,551.27,2025-02,6-7 days
ORD104359,CUST2702,Home & Kitchen,2025-07-05,2921.05,1.0,15,90.53,Cash on Delivery,South,4.0,40.0,3.0,0,Not Returned,2482.8925,2025-07,4-5 days
ORD103571,CUST1176,Home & Kitchen,2025-12-21,1513.44,1.0,15,203.85999999999999,Net Banking,Central,6.0,16.0,4.0,1,Better Price Found,1286.424,2025-12,6-7 days
ORD102801,CUST4011,Electronics,2025-01-11,4558.5,1.0,25,57.77,Credit Card,West,5.0,23.0,5.0,0,Not Returned,3418.875,2025-01,4-5 days
ORD103893,CUST3436,Fashion,2025-04-23,914.49,1.0,0,64.26,UPI,Central,5.0,42.0,4.0,1,Better Price Found,914.49,2025-04,4-5 days
ORD104205,CUST4283,Electronics,2026-05-12,4558.5,1.0,0,43.9,Cash on Delivery,Central,3.0,29.0,3.0,0,Not Returned,4558.5,2026-05,1-3 days
ORD102024,CUST4196,Electronics,2025-08-29,4558.5,2.0,5,69.21,Cash on Delivery,East,7.0,33.0,5.0,0,Not Returned,8661.15,2025-08,6-7 days
ORD104196,CUST3701,Beauty,2026-04-18,438.52,2.0,10,64.6,Net Banking,East,5.0,42.0,4.0,0,Not Returned,789.336,2026-04,4-5 days
ORD101152,CUST4148,Beauty,2024-10-01,1012.185,1.0,10,63.98,Debit Card,North,6.0,24.0,4.0,0,Not Returned,910.9665,2024-10,6-7 days
ORD105501,CUST1487,Sports,2025-03-03,1428.83,1.0,5,39.24,Debit Card,North,8.0,19.0,5.0,0,Not Returned,1357.3884999999998,2025-03,8+ days
ORD104468,CUST2710,Grocery,2026-05-17,432.45,1.0,25,121.25,UPI,East,7.0,31.0,5.0,0,Not Returned,324.3375,2026-05,6-7 days
ORD104107,CUST3650,Grocery,2026-06-24,258.63,2.0,25,47.53,Debit Card,West,2.0,38.0,1.0,0,Not Returned,387.945,2026-06,1-3 days
ORD101192,CUST3827,Home & Kitchen,2026-03-04,3541.71,1.0,0,135.22,Credit Card,North,8.0,16.0,3.0,0,Not Returned,3541.71,2026-03,8+ days
ORD100558,CUST2888,Books,2024-12-01,238.0,1.0,0,18.8,Credit Card,East,7.0,54.0,5.0,0,Not Returned,238.0,2024-12,6-7 days
ORD100423,CUST2813,Home & Kitchen,2025-07-14,400.8,1.0,5,75.98,Debit Card,North,6.0,34.0,4.0,0,Not Returned,380.76,2025-07,6-7 days
ORD105867,CUST4453,Books,2026-03-15,522.48,3.5,5,49.89,Credit Card,Central,3.0,49.0,4.0,0,Not Returned,1737.2459999999999,2026-03,1-3 days
ORD100139,CUST1239,Grocery,2025-01-25,1012.185,1.0,20,151.82,Net Banking,West,4.0,38.0,2.0,1,Late Delivery,809.748,2025-01,4-5 days
ORD105890,CUST3440,Sports,2025-07-20,1853.74,1.0,25,57.12,UPI,North,2.0,42.0,5.0,0,Not Returned,1390.305,2025-07,1-3 days
ORD100414,CUST1303,Grocery,2025-06-07,335.49,1.0,5,23.08,UPI,Central,7.0,23.0,4.0,0,Not Returned,318.7155,2025-06,6-7 days
ORD102425,CUST1285,Home & Kitchen,2025-03-15,1642.1,1.0,25,66.68,UPI,West,1.0,44.0,1.0,0,Not Returned,1231.5749999999998,2025-03,1-3 days
ORD104336,CUST1494,Grocery,2025-11-13,203.59,3.5,20,55.52,Cash on Delivery,Central,3.0,21.0,4.0,0,Not Returned,570.052,2025-11,1-3 days
ORD101423,CUST1315,Toys,2025-08-07,742.91,2.0,20,35.49,Credit Card,South,6.0,40.0,4.0,1,Changed Mind,1188.656,2025-08,6-7 days
ORD102099,CUST2757,Fashion,2025-06-28,1260.94,1.0,10,92.82,Cash on Delivery,North,2.0,36.0,5.0,0,Not Returned,1134.846,2025-06,1-3 days
ORD104808,CUST2652,Toys,2026-01-02,715.09,1.0,15,165.06,Net Banking,West,3.0,48.0,5.0,0,Not Returned,607.8265,2026-01,1-3 days
ORD102289,CUST4470,Fashion,2025-09-13,1310.64,3.5,0,27.25,Cash on Delivery,North,5.0,32.0,5.0,1,Better Price Found,4587.240000000001,2025-09,4-5 days
ORD104353,CUST3900,Books,2026-02-02,257.85,1.0,15,25.29,UPI,West,6.0,37.0,5.0,0,Not Returned,219.1725,2026-02,6-7 days
ORD105426,CUST1422,Books,2026-03-14,686.68,3.5,20,11.55,Debit Card,West,3.0,22.0,5.0,1,Better Price Found,1922.7039999999997,2026-03,1-3 days
ORD101074,CUST3467,Home & Kitchen,2024-12-02,2316.8,1.0,10,61.83,UPI,South,4.0,48.0,3.0,0,Not Returned,2085.1200000000003,2024-12,4-5 days
ORD105999,CUST3819,Beauty,2026-08-12,920.65,3.0,5,101.94,Net Banking,West,6.0,41.0,2.0,0,Not Returned,2623.8524999999995,2026-08,6-7 days
ORD105443,CUST2437,Home & Kitchen,2025-03-12,50.0,3.0,15,138.78,Net Banking,South,5.0,19.0,4.0,0,Not Returned,127.5,2025-03,4-5 days
ORD104807,CUST2743,Books,2025-01-30,216.03,1.0,20,47.15,Cash on Delivery,West,1.0,16.0,3.0,0,Not Returned,172.824,2025-01,1-3 days
ORD103373,CUST4269,Home & Kitchen,2025-06-22,1781.46,1.0,0,14.8,Cash on Delivery,North,5.0,27.0,3.0,0,Not Returned,1781.46,2025-06,4-5 days
ORD105373,CUST3530,Beauty,2026-07-03,598.65,1.0,10,46.2,Debit Card,South,5.0,33.0,3.0,1,Wrong Item Delivered,538.785,2026-07,4-5 days
ORD102029,CUST4297,Fashion,2025-02-19,1012.185,3.5,5,53.6,Cash on Delivery,East,3.0,38.0,1.0,1,Late Delivery,3365.515125,2025-02,1-3 days
ORD105796,CUST3760,Beauty,2024-11-10,436.66,2.0,25,22.58,Debit Card,South,5.0,33.0,5.0,0,Not Returned,654.99,2024-11,4-5 days
ORD104670,CUST2276,Toys,2024-10-02,1095.93,1.0,25,33.63,UPI,West,4.0,33.0,3.0,0,Not Returned,821.9475,2024-10,4-5 days
ORD104727,CUST3844,Sports,2025-09-12,1012.185,3.0,0,60.84,Debit Card,West,1.0,42.0,4.0,0,Not Returned,3036.555,2025-09,1-3 days
ORD105691,CUST1398,Home & Kitchen,2026-01-14,1247.26,1.0,15,58.14,Net Banking,South,8.0,35.0,4.0,0,Not Returned,1060.171,2026-01,8+ days
ORD100460,CUST3753,Books,2026-08-19,298.07,2.0,0,149.17,Credit Card,North,2.0,42.0,2.0,1,Wrong Item Delivered,596.14,2026-08,1-3 days
ORD100156,CUST2621,Beauty,2025-02-09,534.99,1.0,10,82.14,Net Banking,West,6.0,34.0,3.0,0,Not Returned,481.49100000000004,2025-02,6-7 days
ORD103286,CUST1977,Electronics,2025-10-24,4558.5,2.0,0,92.31,Cash on Delivery,South,4.0,41.0,5.0,0,Not Returned,9117.0,2025-10,4-5 days
ORD104070,CUST1656,Books,2025-01-19,191.37,1.0,15,19.01,Debit Card,North,5.0,16.0,5.0,1,Not as Described,162.6645,2025-01,4-5 days
ORD103601,CUST1900,Sports,2026-02-25,348.99,1.0,20,112.46,UPI,North,6.0,38.0,3.0,0,Not Returned,279.192,2026-02,6-7 days
ORD101718,CUST2717,Electronics,2026-02-11,4558.5,1.0,0,35.16,Net Banking,Central,3.0,46.0,4.0,1,Size Issue,4558.5,2026-02,1-3 days
ORD100529,CUST2871,Grocery,2024-10-30,266.35,1.0,5,67.95,Cash on Delivery,South,8.0,59.0,4.0,0,Not Returned,253.0325,2024-10,8+ days
ORD100492,CUST2671,Toys,2024-08-28,667.92,1.0,0,62.04,Cash on Delivery,West,4.0,40.0,4.0,0,Not Returned,667.92,2024-08,4-5 days
ORD102388,CUST3059,Beauty,2025-05-07,525.98,1.0,5,107.66,UPI,West,1.0,48.0,3.0,0,Not Returned,499.681,2025-05,1-3 days
ORD102321,CUST1711,Sports,2024-10-12,1796.02,2.0,5,158.29,Debit Card,West,7.0,43.0,3.0,0,Not Returned,3412.4379999999996,2024-10,6-7 days
ORD103547,CUST3431,Grocery,2026-01-17,381.29,3.0,30,125.12,Cash on Delivery,East,4.0,38.0,4.0,0,Not Returned,800.7090000000001,2026-01,4-5 days
ORD100721,CUST4035,Beauty,2024-10-08,143.97,1.0,0,56.43,Credit Card,West,6.0,26.0,1.0,0,Not Returned,143.97,2024-10,6-7 days
ORD104393,CUST2827,Sports,2026-01-12,1695.97,1.0,15,63.8,Net Banking,East,3.0,40.0,2.0,0,Not Returned,1441.5745,2026-01,1-3 days
ORD101124,CUST3887,Sports,2025-01-17,2800.72,1.0,20,95.88,Debit Card,South,1.0,45.0,4.0,0,Not Returned,2240.576,2025-01,1-3 days
ORD100087,CUST1515,Electronics,2025-09-12,4558.5,1.0,15,55.52,Credit Card,East,8.0,22.0,3.0,1,Size Issue,3874.725,2025-09,8+ days
ORD104072,CUST4326,Beauty,2025-04-07,898.18,3.5,0,63.39,Cash on Delivery,North,4.0,42.0,5.0,1,Not as Described,3143.6299999999997,2025-04,4-5 days
ORD104935,CUST2031,Toys,2025-10-09,708.2,1.0,10,68.32,UPI,Central,2.0,16.0,4.0,0,Not Returned,637.3800000000001,2025-10,1-3 days
ORD100940,CUST1739,Books,2026-08-16,66.94,1.0,15,107.6,Credit Card,South,4.0,25.0,5.0,1,Not as Described,56.898999999999994,2026-08,4-5 days
ORD104664,CUST3347,Books,2026-04-25,443.49,1.0,15,12.36,Credit Card,West,3.0,17.0,4.0,0,Not Returned,376.9665,2026-04,1-3 days
ORD102780,CUST1090,Fashion,2026-07-28,757.52,1.0,0,60.03,Net Banking,Central,2.0,32.0,4.0,0,Not Returned,757.52,2026-07,1-3 days
ORD104356,CUST2489,Electronics,2024-12-09,4558.5,3.0,5,99.66,UPI,West,6.0,42.0,3.0,0,Not Returned,12991.724999999999,2024-12,6-7 days
ORD103353,CUST2682,Electronics,2025-08-20,2421.74,1.0,15,144.03,Credit Card,North,6.0,33.0,5.0,0,Not Returned,2058.479,2025-08,6-7 days
ORD102055,CUST2210,Books,2025-08-17,502.31,3.0,20,91.31,Debit Card,North,5.0,27.0,5.0,0,Not Returned,1205.544,2025-08,4-5 days
ORD100513,CUST3260,Books,2025-04-28,411.17,3.0,5,31.41,Net Banking,North,5.0,34.0,4.0,1,Late Delivery,1171.8345,2025-04,4-5 days
ORD104160,CUST2158,Toys,2026-06-27,513.53,1.0,10,31.23,Debit Card,West,4.0,23.0,4.0,0,Not Returned,462.17699999999996,2026-06,4-5 days
ORD102118,CUST1771,Fashion,2025-05-08,968.36,1.0,20,69.44,Debit Card,Central,6.0,40.0,4.0,0,Not Returned,774.6880000000001,2025-05,6-7 days
ORD100668,CUST1127,Grocery,2025-12-02,263.55,1.0,25,114.92,UPI,West,5.0,27.0,5.0,0,Not Returned,197.66250000000002,2025-12,4-5 days
ORD100644,CUST1515,Electronics,2025-02-13,4558.5,3.0,0,73.25,Net Banking,East,6.0,37.0,4.0,0,Not Returned,13675.5,2025-02,6-7 days
ORD102986,CUST3737,Books,2026-01-09,574.05,3.5,5,150.77,Net Banking,North,5.0,34.0,4.0,0,Not Returned,1908.7162499999997,2026-01,4-5 days
ORD100214,CUST3703,Sports,2025-01-28,1417.07,2.0,5,120.18,Cash on Delivery,East,6.0,27.0,4.0,0,Not Returned,2692.4329999999995,2025-01,6-7 days
ORD101909,CUST3885,Books,2026-06-02,91.42,1.0,25,97.21,Net Banking,West,5.0,16.0,1.0,0,Not Returned,68.565,2026-06,4-5 days
ORD101111,CUST1849,Toys,2024-11-27,603.23,1.0,5,83.96,UPI,South,6.0,32.0,2.0,0,Not Returned,573.0685,2024-11,6-7 days
ORD105291,CUST1106,Grocery,2025-07-01,82.51,1.0,5,104.38,Credit Card,East,5.0,29.0,3.0,0,Not Returned,78.3845,2025-07,4-5 days
ORD101876,CUST4157,Beauty,2026-05-02,747.48,1.0,0,66.34,Net Banking,West,7.0,38.0,5.0,0,Not Returned,747.48,2026-05,6-7 days
ORD101297,CUST1480,Fashion,2026-07-23,724.61,1.0,0,60.2,UPI,West,3.0,53.0,4.0,0,Not Returned,724.61,2026-07,1-3 days
ORD104121,CUST4331,Grocery,2025-01-14,410.7,3.5,25,48.69,Credit Card,Central,6.0,38.0,4.0,0,Not Returned,1078.0875,2025-01,6-7 days
ORD104465,CUST4029,Books,2024-12-30,539.06,3.5,10,146.27,Debit Card,North,4.0,24.0,4.0,1,Size Issue,1698.0389999999998,2024-12,4-5 days
ORD102950,CUST3245,Books,2026-02-14,382.38,1.0,0,48.16,Credit Card,Central,2.0,46.0,5.0,0,Not Returned,382.38,2026-02,1-3 days
ORD103065,CUST2799,Beauty,2026-06-27,386.0,1.0,0,58.9,UPI,North,6.0,45.0,4.0,0,Not Returned,386.0,2026-06,6-7 days
ORD103037,CUST1484,Fashion,2026-07-13,966.37,1.0,5,79.91,Cash on Delivery,North,4.0,31.0,4.0,0,Not Returned,918.0514999999999,2026-07,4-5 days
ORD102898,CUST2763,Fashion,2026-02-28,476.66,1.0,0,203.85999999999999,Net Banking,North,8.0,47.0,5.0,0,Not Returned,476.66,2026-02,8+ days
ORD102785,CUST3021,Toys,2024-12-07,744.47,1.0,20,130.81,Debit Card,Central,8.0,52.0,4.0,1,Defective Product,595.576,2024-12,8+ days
ORD100075,CUST1626,Home & Kitchen,2025-11-07,4558.5,2.0,0,119.3,Debit Card,North,5.0,29.0,2.0,1,Wrong Item Delivered,9117.0,2025-11,4-5 days
ORD102208,CUST4489,Grocery,2026-05-01,469.06,1.0,15,73.32,UPI,East,5.0,37.0,3.0,0,Not Returned,398.70099999999996,2026-05,4-5 days
ORD104821,CUST2849,Grocery,2025-10-09,324.01,1.0,15,63.95,UPI,North,5.0,33.0,4.0,1,Not as Described,275.4085,2025-10,4-5 days
ORD104545,CUST2027,Sports,2025-03-06,1766.97,2.0,0,28.15,UPI,West,2.0,27.0,3.0,1,Better Price Found,3533.94,2025-03,1-3 days
ORD101536,CUST3300,Books,2025-05-26,628.9,1.0,5,92.13,Net Banking,East,8.0,38.0,5.0,1,Changed Mind,597.4549999999999,2025-05,8+ days
ORD102496,CUST1943,Home & Kitchen,2024-11-13,3705.2,1.0,10,88.18,Debit Card,Central,5.0,37.0,5.0,0,Not Returned,3334.68,2024-11,4-5 days
ORD101381,CUST2358,Sports,2026-06-05,2021.64,1.0,0,83.91,Credit Card,South,10.5,21.0,4.0,1,Not as Described,2021.64,2026-06,8+ days
ORD101493,CUST4277,Home & Kitchen,2024-11-06,2097.0,3.0,15,77.96,UPI,East,1.0,34.0,1.0,0,Not Returned,5347.349999999999,2024-11,1-3 days
ORD104314,CUST4495,Books,2026-06-23,434.27,1.0,10,51.24,Net Banking,Central,1.0,16.0,5.0,0,Not Returned,390.843,2026-06,1-3 days
ORD103861,CUST1876,Toys,2024-10-30,794.87,1.0,10,15.75,Cash on Delivery,South,6.0,29.0,5.0,1,Changed Mind,715.383,2024-10,6-7 days
ORD102284,CUST2442,Home & Kitchen,2024-11-11,2812.54,1.0,20,203.85999999999999,Cash on Delivery,East,4.0,34.0,4.0,0,Not Returned,2250.032,2024-11,4-5 days
ORD101645,CUST1504,Books,2024-11-29,447.18,2.0,5,59.36,Cash on Delivery,South,5.0,34.0,4.0,0,Not Returned,849.6419999999999,2024-11,4-5 days
ORD102419,CUST3751,Grocery,2024-10-11,476.8,1.0,10,7.82,Net Banking,South,1.0,41.0,4.0,0,Not Returned,429.12,2024-10,1-3 days
ORD105120,CUST2827,Sports,2024-12-19,2935.29,1.0,15,58.98,Cash on Delivery,East,6.0,16.0,4.0,0,Not Returned,2494.9964999999997,2024-12,6-7 days
ORD101879,CUST3504,Fashion,2026-06-23,861.01,2.0,20,82.05,Debit Card,East,4.0,37.0,3.0,0,Not Returned,1377.616,2026-06,4-5 days
ORD103157,CUST4228,Grocery,2025-11-04,50.0,2.0,0,51.77,Net Banking,West,2.0,16.0,4.0,0,Not Returned,100.0,2025-11,1-3 days
ORD103178,CUST2229,Fashion,2024-10-07,1255.92,2.0,15,202.53,Net Banking,West,10.5,56.0,3.0,0,Not Returned,2135.064,2024-10,8+ days
ORD101258,CUST1231,Sports,2026-05-12,2073.13,1.0,0,74.15,UPI,North,5.0,29.0,3.0,0,Not Returned,2073.13,2026-05,4-5 days
ORD102001,CUST4196,Sports,2025-06-09,1957.78,1.0,15,60.31,Net Banking,West,7.0,16.0,5.0,1,Wrong Item Delivered,1664.1129999999998,2025-06,6-7 days
ORD103274,CUST2330,Fashion,2026-03-18,1239.92,2.0,5,82.68,UPI,Central,6.0,34.0,4.0,0,Not Returned,2355.848,2026-03,6-7 days
ORD105077,CUST1171,Home & Kitchen,2025-10-18,2513.78,1.0,5,85.29,Credit Card,East,4.0,19.0,5.0,0,Not Returned,2388.091,2025-10,4-5 days
ORD103084,CUST2247,Toys,2025-06-05,841.4,2.0,15,59.28,Cash on Delivery,East,4.0,35.0,4.0,0,Not Returned,1430.3799999999999,2025-06,4-5 days
ORD105697,CUST1153,Sports,2026-05-16,2475.14,1.0,5,67.33500000000001,Cash on Delivery,Central,5.0,31.0,3.0,1,Not as Described,2351.383,2026-05,4-5 days
ORD104142,CUST3483,Grocery,2026-06-13,216.88,1.0,25,90.11,Debit Card,West,4.0,45.0,5.0,0,Not Returned,162.66,2026-06,4-5 days
ORD101257,CUST4089,Electronics,2025-09-17,4558.5,2.0,20,26.81,UPI,West,3.0,21.0,3.0,0,Not Returned,7293.6,2025-09,1-3 days
ORD102989,CUST1697,Toys,2024-09-19,646.96,1.0,15,11.36,Net Banking,East,9.0,42.0,4.0,0,Not Returned,549.916,2024-09,8+ days
ORD103962,CUST2547,Electronics,2026-08-09,4558.5,1.0,20,68.84,Credit Card,North,5.0,46.0,5.0,1,Not as Described,3646.8,2026-08,4-5 days
ORD102561,CUST4210,Electronics,2025-06-17,4558.5,1.0,5,95.9,Credit Card,West,4.0,27.0,5.0,0,Not Returned,4330.575,2025-06,4-5 days
ORD104433,CUST2743,Beauty,2024-12-04,577.27,1.0,20,90.4,UPI,West,4.0,28.0,4.0,0,Not Returned,461.81600000000003,2024-12,4-5 days
ORD103443,CUST1532,Beauty,2026-05-07,952.38,1.0,30,126.1,Debit Card,Central,7.0,44.0,4.0,1,Wrong Item Delivered,666.6659999999999,2026-05,6-7 days
ORD100789,CUST2851,Fashion,2025-04-02,834.37,1.0,25,37.36,Credit Card,West,3.0,37.0,5.0,0,Not Returned,625.7775,2025-04,1-3 days
ORD104469,CUST2268,Fashion,2025-08-05,1181.23,2.0,0,87.37,Net Banking,Central,2.0,34.0,4.0,0,Not Returned,2362.46,2025-08,1-3 days
ORD105103,CUST1187,Toys,2025-05-09,669.01,2.0,25,57.39,UPI,North,4.0,41.0,3.0,0,Not Returned,1003.515,2025-05,4-5 days
ORD105314,CUST3177,Beauty,2026-07-27,619.32,1.0,10,86.47,Debit Card,East,3.0,29.0,4.0,0,Not Returned,557.388,2026-07,1-3 days
ORD104253,CUST3885,Toys,2025-06-19,577.27,1.0,0,81.29,UPI,South,8.0,30.0,5.0,0,Not Returned,577.27,2025-06,8+ days
ORD100294,CUST2669,Home & Kitchen,2024-10-04,2495.1,1.0,0,107.51,Net Banking,West,5.0,33.0,5.0,1,Size Issue,2495.1,2024-10,4-5 days
ORD100909,CUST1276,Fashion,2025-05-07,1271.08,1.0,5,91.65,Net Banking,South,1.0,36.0,4.0,0,Not Returned,1207.5259999999998,2025-05,1-3 days
ORD104515,CUST2597,Grocery,2024-09-30,305.48,1.0,20,30.52,Cash on Delivery,North,3.0,36.0,5.0,1,Better Price Found,244.38400000000001,2024-09,1-3 days
ORD101632,CUST2283,Books,2024-11-01,474.86,2.0,0,60.4,Net Banking,West,4.0,40.0,4.0,0,Not Returned,949.72,2024-11,4-5 days
ORD105019,CUST3087,Home & Kitchen,2026-01-28,4063.33,2.0,25,85.15,Net Banking,South,3.0,27.0,4.0,1,Wrong Item Delivered,6094.995,2026-01,1-3 days
ORD104943,CUST3729,Electronics,2026-08-03,4558.5,1.0,0,54.26,UPI,Central,6.0,33.0,5.0,0,Not Returned,4558.5,2026-08,6-7 days
ORD102335,CUST2301,Toys,2026-03-15,903.52,1.0,0,34.43,Debit Card,East,3.0,30.0,5.0,0,Not Returned,903.52,2026-03,1-3 days
ORD103639,CUST3829,Home & Kitchen,2024-10-09,2574.83,1.0,5,27.65,Debit Card,South,1.0,32.0,4.0,0,Not Returned,2446.0885,2024-10,1-3 days
ORD103255,CUST3441,Home & Kitchen,2024-12-27,3047.75,1.0,15,61.56,Cash on Delivery,East,1.0,21.0,3.0,0,Not Returned,2590.5875,2024-12,1-3 days
ORD103989,CUST3110,Home & Kitchen,2025-02-18,3205.76,1.0,10,190.69,Debit Card,Central,3.0,34.0,2.0,0,Not Returned,2885.184,2025-02,1-3 days
ORD101871,CUST2256,Beauty,2024-12-25,586.55,1.0,0,153.05,Credit Card,North,8.0,29.0,5.0,0,Not Returned,586.55,2024-12,8+ days
ORD105257,CUST3073,Toys,2026-08-05,671.01,1.0,20,24.88,UPI,South,4.0,37.0,5.0,0,Not Returned,536.808,2026-08,4-5 days
ORD101125,CUST2965,Electronics,2025-08-11,4558.5,2.0,10,77.44,Net Banking,South,10.0,31.0,2.0,0,Not Returned,8205.300000000001,2025-08,8+ days
ORD104680,CUST4355,Electronics,2025-02-08,4558.5,2.0,0,113.81,Cash on Delivery,Central,6.0,26.0,5.0,0,Not Returned,9117.0,2025-02,6-7 days
ORD102346,CUST3659,Toys,2026-02-19,1205.15,1.0,0,133.53,UPI,West,4.0,52.0,4.0,0,Not Returned,1205.15,2026-02,4-5 days
ORD102125,CUST1153,Sports,2025-12-07,1222.92,1.0,20,64.01,Cash on Delivery,South,5.0,34.0,5.0,0,Not Returned,978.3360000000001,2025-12,4-5 days
ORD105029,CUST2865,Fashion,2025-02-26,1251.72,2.0,25,49.4,Credit Card,North,1.0,25.0,4.0,1,Better Price Found,1877.58,2025-02,1-3 days
ORD104863,CUST1646,Home & Kitchen,2025-02-10,2903.8,1.0,20,203.85999999999999,Cash on Delivery,North,4.0,29.0,3.0,0,Not Returned,2323.0400000000004,2025-02,4-5 days
ORD104724,CUST1591,Grocery,2024-10-05,215.2,1.0,15,115.64,Credit Card,West,2.0,24.0,4.0,0,Not Returned,182.92,2024-10,1-3 days
ORD104894,CUST2119,Fashion,2024-08-27,1012.185,1.0,20,67.33500000000001,Cash on Delivery,South,3.0,16.0,2.0,0,Not Returned,809.748,2024-08,1-3 days
ORD104421,CUST3382,Beauty,2026-02-15,430.85,1.0,10,203.85999999999999,Net Banking,East,5.0,24.0,4.0,1,Wrong Item Delivered,387.76500000000004,2026-02,4-5 days
ORD105388,CUST3197,Home & Kitchen,2026-06-02,4535.53,2.0,10,115.1,Debit Card,Central,4.0,41.0,3.0,0,Not Returned,8163.954,2026-06,4-5 days
ORD101526,CUST1760,Books,2025-05-26,443.34,1.0,0,98.84,UPI,South,9.0,25.0,1.0,0,Not Returned,443.34,2025-05,8+ days
ORD102843,CUST2211,Toys,2024-12-10,1342.42,1.0,15,194.88,UPI,Central,3.0,54.0,4.0,0,Not Returned,1141.057,2024-12,1-3 days
ORD102755,CUST3817,Toys,2025-09-14,1093.23,1.0,0,41.67,UPI,North,6.0,20.0,5.0,0,Not Returned,1093.23,2025-09,6-7 days
ORD105954,CUST2347,Grocery,2024-08-26,164.96,1.0,25,63.33,Debit Card,East,7.0,37.0,2.0,0,Not Returned,123.72,2024-08,6-7 days
ORD103166,CUST3496,Fashion,2024-12-28,722.72,2.0,10,185.02,UPI,South,7.0,39.0,4.0,0,Not Returned,1300.8960000000002,2024-12,6-7 days
ORD101145,CUST4157,Home & Kitchen,2024-10-31,3549.98,1.0,0,117.6,Credit Card,West,4.0,32.0,5.0,0,Not Returned,3549.98,2024-10,4-5 days
ORD101960,CUST2309,Grocery,2025-10-27,213.46,2.0,20,121.96,Net Banking,Central,6.0,37.0,5.0,0,Not Returned,341.53600000000006,2025-10,6-7 days
ORD105411,CUST3048,Home & Kitchen,2024-12-10,50.0,1.0,0,60.38,Debit Card,Central,7.0,37.0,4.0,0,Not Returned,50.0,2024-12,6-7 days
ORD105153,CUST4469,Books,2025-09-14,460.37,1.0,20,19.03,UPI,West,2.0,46.0,3.0,0,Not Returned,368.29600000000005,2025-09,1-3 days
ORD105324,CUST3777,Home & Kitchen,2026-03-10,2984.76,1.0,10,7.94,Credit Card,West,3.0,25.0,4.0,0,Not Returned,2686.284,2026-03,1-3 days
ORD100002,CUST4016,Fashion,2025-01-29,818.63,1.0,20,17.1,Credit Card,North,3.0,35.0,4.0,0,Not Returned,654.904,2025-01,1-3 days
ORD101337,CUST3731,Fashion,2025-11-13,1040.37,3.0,25,67.33500000000001,UPI,South,8.0,31.0,5.0,0,Not Returned,2340.8324999999995,2025-11,8+ days
ORD103445,CUST3318,Fashion,2026-06-07,1086.61,2.0,15,8.47,Net Banking,Central,2.0,24.0,5.0,0,Not Returned,1847.2369999999999,2026-06,1-3 days
ORD102172,CUST1380,Fashion,2026-05-23,1111.0,1.0,10,36.32,Cash on Delivery,North,6.0,31.0,4.0,0,Not Returned,999.9,2026-05,6-7 days
ORD100964,CUST2630,Toys,2025-09-10,675.07,1.0,5,147.91,Net Banking,East,5.0,34.0,4.0,1,Better Price Found,641.3165,2025-09,4-5 days
ORD105387,CUST2754,Electronics,2025-03-25,4558.5,1.0,10,116.84,Net Banking,West,6.0,41.0,4.0,0,Not Returned,4102.650000000001,2025-03,6-7 days
ORD103196,CUST3194,Grocery,2025-04-06,222.01,1.0,0,28.69,Debit Card,West,4.0,47.0,4.0,0,Not Returned,222.01,2025-04,4-5 days
ORD104354,CUST3072,Home & Kitchen,2025-07-07,2549.11,1.0,0,176.5,Credit Card,Central,10.5,34.0,2.0,0,Not Returned,2549.11,2025-07,8+ days
ORD100653,CUST1714,Sports,2025-02-18,1819.37,2.0,0,4.22,Credit Card,North,7.0,35.0,3.0,0,Not Returned,3638.74,2025-02,6-7 days
ORD102631,CUST1731,Sports,2025-09-28,865.35,1.0,15,174.76,UPI,West,4.0,52.0,5.0,0,Not Returned,735.5475,2025-09,4-5 days
ORD104991,CUST1687,Electronics,2025-06-06,4558.5,1.0,0,46.86,Credit Card,West,5.0,18.0,5.0,0,Not Returned,4558.5,2025-06,4-5 days
ORD100744,CUST2343,Toys,2025-02-21,1055.26,2.0,5,119.64,UPI,North,5.0,34.0,3.0,0,Not Returned,2004.994,2025-02,4-5 days
ORD100259,CUST1603,Electronics,2026-03-31,4558.5,1.0,20,26.29,Debit Card,East,3.0,46.0,2.0,0,Not Returned,3646.8,2026-03,1-3 days
ORD104087,CUST3581,Books,2025-12-01,405.2,1.0,0,127.58,UPI,West,10.0,48.0,5.0,0,Not Returned,405.2,2025-12,8+ days
ORD100533,CUST2085,Books,2025-07-28,410.06,2.0,0,94.1,Cash on Delivery,South,8.0,40.0,4.0,0,Not Returned,820.12,2025-07,8+ days
ORD100633,CUST2821,Books,2025-01-24,225.02,2.0,10,36.91,Cash on Delivery,East,5.0,21.0,5.0,1,Size Issue,405.036,2025-01,4-5 days
ORD100556,CUST1986,Toys,2025-11-15,1073.84,1.0,20,108.32,Net Banking,North,3.0,35.0,5.0,0,Not Returned,859.072,2025-11,1-3 days
ORD100590,CUST2208,Electronics,2024-10-23,4558.5,2.0,10,39.93,Net Banking,North,6.0,28.0,5.0,1,Defective Product,8205.300000000001,2024-10,6-7 days
ORD102130,CUST4424,Home & Kitchen,2024-11-06,2441.27,2.0,0,32.25,Net Banking,North,3.0,22.0,3.0,0,Not Returned,4882.54,2024-11,1-3 days
ORD100886,CUST3247,Toys,2026-04-21,604.17,1.0,5,150.33,Debit Card,North,3.0,46.0,4.0,0,Not Returned,573.9614999999999,2026-04,1-3 days
ORD104485,CUST3342,Home & Kitchen,2026-01-17,1898.0,1.0,5,47.07,UPI,South,4.0,38.0,5.0,0,Not Returned,1803.1,2026-01,4-5 days
ORD100495,CUST3653,Sports,2026-07-12,1440.03,2.0,0,77.34,Net Banking,South,1.0,50.0,4.0,0,Not Returned,2880.06,2026-07,1-3 days
ORD103006,CUST2013,Sports,2024-09-03,1839.69,1.0,0,106.53,UPI,South,8.0,19.0,4.0,0,Not Returned,1839.69,2024-09,8+ days
ORD100362,CUST3204,Fashion,2025-11-12,259.94,2.0,0,6.17,Net Banking,West,3.0,49.0,5.0,0,Not Returned,519.88,2025-11,1-3 days
ORD102027,CUST3462,Beauty,2025-12-05,700.37,1.0,0,64.16,Debit Card,East,5.0,45.0,4.0,0,Not Returned,700.37,2025-12,4-5 days
ORD104310,CUST2922,Grocery,2026-01-31,276.53,1.0,20,44.55,Net Banking,Central,6.0,16.0,4.0,1,Changed Mind,221.224,2026-01,6-7 days
ORD101150,CUST2176,Grocery,2026-02-22,202.95,3.5,15,39.6,UPI,Central,7.0,39.0,1.0,1,Changed Mind,603.7762499999999,2026-02,6-7 days
ORD103408,CUST4056,Sports,2025-03-27,2136.32,1.0,5,41.58,Net Banking,North,3.0,51.0,5.0,0,Not Returned,2029.5040000000001,2025-03,1-3 days
ORD104329,CUST1857,Home & Kitchen,2025-03-28,3841.4,3.5,25,182.96,Cash on Delivery,West,2.0,30.0,3.0,0,Not Returned,10083.675,2025-03,1-3 days
ORD102788,CUST2521,Sports,2025-08-18,1949.57,1.0,15,27.1,UPI,West,5.0,31.0,4.0,0,Not Returned,1657.1345,2025-08,4-5 days
ORD103236,CUST1859,Books,2025-04-04,250.84,1.0,25,107.16,Debit Card,West,1.0,48.0,4.0,0,Not Returned,188.13,2025-04,1-3 days
ORD100662,CUST3102,Grocery,2026-03-10,438.89,3.0,10,58.31,UPI,North,4.0,30.0,5.0,0,Not Returned,1185.0030000000002,2026-03,4-5 days
ORD100993,CUST2630,Grocery,2024-10-06,438.05,2.0,10,142.51,UPI,West,6.0,46.0,4.0,1,Changed Mind,788.49,2024-10,6-7 days
ORD100648,CUST1954,Sports,2025-01-23,1721.32,1.0,25,67.48,Net Banking,East,4.0,34.0,4.0,0,Not Returned,1290.99,2025-01,4-5 days
ORD101712,CUST1010,Grocery,2026-02-11,290.28,1.0,10,9.24,Net Banking,Central,5.0,34.0,2.0,0,Not Returned,261.252,2026-02,4-5 days
ORD100070,CUST2078,Sports,2026-05-21,1854.55,1.0,20,58.95,UPI,South,4.0,29.0,3.0,0,Not Returned,1483.64,2026-05,4-5 days
ORD104928,CUST3662,Books,2026-04-06,1012.185,1.0,5,146.68,UPI,North,7.0,34.0,4.0,0,Not Returned,961.5757499999999,2026-04,6-7 days
ORD103567,CUST1793,Beauty,2025-03-09,403.41,1.0,30,48.53,UPI,South,6.0,25.0,4.0,0,Not Returned,282.387,2025-03,6-7 days
ORD102086,CUST3332,Fashion,2025-04-26,1452.66,1.0,15,137.01,Debit Card,West,3.0,21.0,5.0,1,Changed Mind,1234.761,2025-04,1-3 days
ORD105316,CUST3426,Books,2025-06-09,275.53,1.0,25,33.6,Cash on Delivery,East,3.0,52.0,5.0,0,Not Returned,206.64749999999998,2025-06,1-3 days
ORD101686,CUST4467,Beauty,2026-02-03,1013.08,2.0,0,49.21,UPI,East,8.0,40.0,5.0,0,Not Returned,2026.16,2026-02,8+ days
ORD103092,CUST3851,Books,2026-03-11,378.69,3.5,15,31.06,Net Banking,North,4.0,33.0,1.0,1,Better Price Found,1126.60275,2026-03,4-5 days
ORD101312,CUST1906,Toys,2025-10-04,543.71,1.0,0,75.58,Debit Card,East,6.0,43.0,4.0,0,Not Returned,543.71,2025-10,6-7 days
ORD105232,CUST4052,Home & Kitchen,2025-03-07,2292.56,1.0,0,66.47,UPI,North,3.0,47.0,5.0,1,Not as Described,2292.56,2025-03,1-3 days
ORD100906,CUST1178,Toys,2026-05-19,987.43,1.0,0,31.58,Credit Card,North,3.0,37.0,4.0,1,Changed Mind,987.43,2026-05,1-3 days
ORD102972,CUST4103,Toys,2025-05-19,925.59,2.0,20,5.17,Credit Card,North,4.0,21.0,4.0,0,Not Returned,1480.9440000000002,2025-05,4-5 days
ORD103895,CUST4432,Toys,2024-11-16,637.01,2.0,15,203.85999999999999,Cash on Delivery,South,5.0,24.0,4.0,1,Changed Mind,1082.917,2024-11,4-5 days
ORD105604,CUST2577,Books,2024-12-29,371.97,3.5,0,92.57,Net Banking,South,4.0,50.0,3.0,0,Not Returned,1301.895,2024-12,4-5 days
ORD103715,CUST1497,Sports,2025-09-13,1490.32,1.0,15,15.93,Debit Card,East,5.0,45.0,5.0,0,Not Returned,1266.772,2025-09,4-5 days
ORD102370,CUST4036,Books,2026-01-14,302.77,1.0,0,32.13,Net Banking,West,6.0,26.0,4.0,0,Not Returned,302.77,2026-01,6-7 days
ORD104333,CUST3062,Electronics,2024-12-24,4558.5,2.0,25,23.1,Debit Card,East,2.0,50.0,4.0,0,Not Returned,6837.75,2024-12,1-3 days
ORD104233,CUST3159,Fashion,2026-06-30,1394.7,1.0,5,80.99,Credit Card,North,2.0,21.0,5.0,0,Not Returned,1324.965,2026-06,1-3 days
ORD104588,CUST3940,Fashion,2025-03-28,1816.12,1.0,20,61.67,Cash on Delivery,West,3.0,58.0,4.0,0,Not Returned,1452.896,2025-03,1-3 days
ORD104885,CUST3691,Home & Kitchen,2024-10-18,2731.93,2.0,15,28.85,Credit Card,East,9.0,42.0,2.0,0,Not Returned,4644.281,2024-10,8+ days
ORD100009,CUST3872,Sports,2026-01-24,906.19,1.0,25,136.29,Net Banking,Central,3.0,42.0,2.0,0,Not Returned,679.6425,2026-01,1-3 days
ORD100873,CUST3056,Electronics,2024-09-26,4558.5,1.0,0,44.84,Cash on Delivery,North,4.0,34.0,3.0,1,Not as Described,4558.5,2024-09,4-5 days
ORD103554,CUST3500,Books,2026-07-05,268.64,1.0,10,203.85999999999999,Credit Card,South,7.0,18.0,4.0,0,Not Returned,241.77599999999998,2026-07,6-7 days
ORD103758,CUST3405,Fashion,2024-11-29,921.31,1.0,0,53.71,Debit Card,East,6.0,17.0,5.0,0,Not Returned,921.31,2024-11,6-7 days
ORD102773,CUST4495,Sports,2025-06-16,2387.02,1.0,0,93.54,UPI,Central,4.0,30.0,4.0,0,Not Returned,2387.02,2025-06,4-5 days
ORD104738,CUST1857,Toys,2026-05-28,664.48,1.0,15,55.38,Debit Card,South,3.0,54.0,1.0,0,Not Returned,564.808,2026-05,1-3 days
ORD104347,CUST3497,Fashion,2026-03-13,1173.56,1.0,0,98.64,Net Banking,East,5.0,16.0,4.0,1,Not as Described,1173.56,2026-03,4-5 days
ORD104375,CUST4302,Sports,2024-08-26,2121.15,1.0,20,105.19,Credit Card,East,8.0,34.0,4.0,0,Not Returned,1696.92,2024-08,8+ days
ORD104710,CUST2391,Electronics,2026-01-26,4558.5,3.5,0,203.85999999999999,UPI,South,3.0,24.0,2.0,1,Wrong Item Delivered,15954.75,2026-01,1-3 days
ORD105730,CUST1507,Beauty,2026-06-25,807.74,1.0,5,61.23,Cash on Delivery,North,3.0,17.0,5.0,0,Not Returned,767.353,2026-06,1-3 days
ORD103111,CUST1592,Home & Kitchen,2024-12-15,2615.69,2.0,15,72.0,Credit Card,Central,5.0,16.0,5.0,1,Not as Described,4446.673,2024-12,4-5 days
ORD105317,CUST1038,Toys,2024-11-20,785.75,1.0,10,61.16,Debit Card,West,4.0,32.0,4.0,1,Wrong Item Delivered,707.1750000000001,2024-11,4-5 days
ORD102614,CUST2024,Books,2026-03-21,530.27,1.0,20,84.08,Net Banking,Central,8.0,34.0,1.0,1,Better Price Found,424.216,2026-03,8+ days
ORD100284,CUST3611,Grocery,2025-02-15,310.96,1.0,25,67.33500000000001,UPI,South,6.0,30.0,3.0,1,Not as Described,233.21999999999997,2025-02,6-7 days
ORD102036,CUST2626,Beauty,2026-04-13,735.29,1.0,5,53.19,Debit Card,West,7.0,35.0,3.0,1,Late Delivery,698.5255,2026-04,6-7 days
ORD103090,CUST3959,Home & Kitchen,2025-07-15,2545.48,1.0,0,107.97,UPI,West,2.0,40.0,2.0,0,Not Returned,2545.48,2025-07,1-3 days
ORD102777,CUST3550,Home & Kitchen,2025-03-05,4197.3,1.0,5,17.58,UPI,North,7.0,53.0,4.0,0,Not Returned,3987.435,2025-03,6-7 days
ORD102667,CUST2405,Fashion,2026-07-20,1493.66,3.5,30,71.25,UPI,South,7.0,30.0,5.0,0,Not Returned,3659.467,2026-07,6-7 days
ORD101897,CUST2963,Toys,2024-11-01,1300.19,2.0,15,66.26,Credit Card,East,2.0,44.0,5.0,0,Not Returned,2210.323,2024-11,1-3 days
ORD102254,CUST1551,Sports,2026-07-18,2411.79,1.0,25,17.28,UPI,West,6.0,34.0,4.0,0,Not Returned,1808.8425,2026-07,6-7 days
ORD105725,CUST1733,Home & Kitchen,2024-10-23,2160.11,1.0,5,33.89,Net Banking,East,4.0,43.0,1.0,0,Not Returned,2052.1045,2024-10,4-5 days
ORD104371,CUST4491,Toys,2026-06-06,843.15,1.0,15,63.23,Credit Card,East,8.0,25.0,4.0,0,Not Returned,716.6775,2026-06,8+ days
ORD103766,CUST2697,Toys,2026-06-18,542.71,1.0,20,67.33500000000001,Credit Card,South,4.0,37.0,4.0,0,Not Returned,434.16800000000006,2026-06,4-5 days
ORD104036,CUST2031,Sports,2026-06-30,1121.89,3.5,15,72.5,UPI,West,3.0,30.0,5.0,0,Not Returned,3337.62275,2026-06,1-3 days
ORD102796,CUST4392,Home & Kitchen,2026-04-08,1803.04,1.0,10,45.55,UPI,East,4.0,16.0,4.0,1,Changed Mind,1622.736,2026-04,4-5 days
ORD100498,CUST2119,Sports,2025-08-25,1339.07,3.0,15,203.85999999999999,Net Banking,West,3.0,37.0,4.0,1,Defective Product,3414.6285,2025-08,1-3 days
ORD103929,CUST2241,Toys,2026-05-09,867.65,1.0,15,77.35,Credit Card,Central,7.0,34.0,3.0,0,Not Returned,737.5024999999999,2026-05,6-7 days
ORD102175,CUST2869,Books,2025-06-07,464.38,3.0,10,25.24,Credit Card,West,2.0,23.0,4.0,0,Not Returned,1253.826,2025-06,1-3 days
ORD104652,CUST1954,Grocery,2026-02-19,303.09,1.0,25,35.01,Credit Card,South,4.0,50.0,4.0,0,Not Returned,227.3175,2026-02,4-5 days
ORD100379,CUST2664,Toys,2025-02-11,218.24,1.0,20,51.1,UPI,East,4.0,24.0,4.0,0,Not Returned,174.592,2025-02,4-5 days
ORD104398,CUST2656,Fashion,2026-03-13,1557.27,1.0,0,15.38,Net Banking,Central,5.0,42.0,5.0,0,Not Returned,1557.27,2026-03,4-5 days
ORD103664,CUST2853,Grocery,2025-05-18,374.2,1.0,0,67.33500000000001,Cash on Delivery,South,3.0,30.0,4.0,0,Not Returned,374.2,2025-05,1-3 days
ORD101052,CUST3070,Books,2026-07-10,161.17,1.0,25,25.6,Net Banking,Central,5.0,42.0,2.0,0,Not Returned,120.8775,2026-07,4-5 days
ORD100190,CUST2512,Books,2024-09-14,347.8,1.0,5,78.96,Credit Card,East,6.0,52.0,1.0,0,Not Returned,330.40999999999997,2024-09,6-7 days
ORD104659,CUST2859,Sports,2026-03-14,1842.95,3.0,25,39.27,Net Banking,West,8.0,29.0,5.0,0,Not Returned,4146.637500000001,2026-03,8+ days
ORD101720,CUST3950,Grocery,2025-06-19,215.87,2.0,5,93.11,UPI,East,5.0,16.0,4.0,0,Not Returned,410.15299999999996,2025-06,4-5 days
ORD104818,CUST1260,Grocery,2026-07-13,429.07,1.0,20,41.92,Debit Card,North,3.0,39.0,4.0,0,Not Returned,343.25600000000003,2026-07,1-3 days
ORD102685,CUST2027,Sports,2025-08-09,2298.36,1.0,0,92.49,Debit Card,East,6.0,33.0,5.0,0,Not Returned,2298.36,2025-08,6-7 days
ORD100020,CUST3988,Grocery,2026-04-01,330.77,1.0,0,36.16,Debit Card,South,2.0,41.0,5.0,0,Not Returned,330.77,2026-04,1-3 days
ORD104291,CUST1420,Fashion,2025-04-20,1140.27,1.0,20,136.23,Credit Card,East,4.0,26.0,4.0,0,Not Returned,912.216,2025-04,4-5 days
ORD102209,CUST1677,Toys,2025-08-16,1105.19,2.0,15,110.19,Credit Card,Central,5.0,32.0,4.0,0,Not Returned,1878.823,2025-08,4-5 days
ORD105667,CUST3673,Fashion,2025-08-02,430.22,3.0,15,24.59,Net Banking,Central,5.0,37.0,2.0,1,Better Price Found,1097.0610000000001,2025-08,4-5 days
ORD102020,CUST1877,Books,2025-10-11,424.95,1.0,10,33.19,Cash on Delivery,Central,10.0,16.0,4.0,0,Not Returned,382.455,2025-10,8+ days
ORD105949,CUST2004,Grocery,2025-01-01,351.88,2.0,10,93.25,Cash on Delivery,North,5.0,23.0,1.0,0,Not Returned,633.384,2025-01,4-5 days
ORD105713,CUST2587,Beauty,2026-03-07,638.57,2.0,0,137.84,Credit Card,East,3.0,32.0,5.0,0,Not Returned,1277.14,2026-03,1-3 days
ORD104570,CUST2608,Beauty,2025-08-11,927.98,1.0,10,67.56,Net Banking,South,7.0,39.0,5.0,0,Not Returned,835.182,2025-08,6-7 days
ORD100208,CUST3872,Sports,2024-12-13,893.88,2.0,10,67.33500000000001,Debit Card,West,7.0,20.0,5.0,0,Not Returned,1608.984,2024-12,6-7 days
ORD104404,CUST1380,Home & Kitchen,2025-03-14,1992.13,1.0,0,34.88,UPI,Central,9.0,24.0,5.0,0,Not Returned,1992.13,2025-03,8+ days
ORD103110,CUST1614,Beauty,2026-05-17,1041.41,2.0,15,67.33500000000001,Credit Card,North,7.0,36.0,5.0,0,Not Returned,1770.3970000000002,2026-05,6-7 days
ORD104284,CUST1624,Home & Kitchen,2024-11-12,3678.53,2.0,0,19.29,Cash on Delivery,Central,3.0,40.0,1.0,0,Not Returned,7357.06,2024-11,1-3 days
ORD104352,CUST1643,Home & Kitchen,2026-06-15,1577.02,3.0,20,68.23,UPI,East,3.0,17.0,5.0,0,Not Returned,3784.848,2026-06,1-3 days
ORD100150,CUST3435,Sports,2025-02-14,2444.22,1.0,20,203.85999999999999,Credit Card,North,6.0,37.0,3.0,1,Late Delivery,1955.376,2025-02,6-7 days
ORD100022,CUST2550,Home & Kitchen,2026-07-31,1721.67,3.5,5,32.79,Credit Card,North,5.0,49.0,4.0,1,Changed Mind,5724.55275,2026-07,4-5 days
ORD104762,CUST2377,Fashion,2025-08-28,1205.5,1.0,10,22.86,Cash on Delivery,South,4.0,41.0,4.0,0,Not Returned,1084.95,2025-08,4-5 days
ORD102794,CUST1787,Books,2025-07-28,424.64,1.0,0,67.7,UPI,North,2.0,22.0,4.0,0,Not Returned,424.64,2025-07,1-3 days
ORD105399,CUST1815,Home & Kitchen,2024-12-14,3593.95,1.0,25,36.86,UPI,West,7.0,33.0,4.0,0,Not Returned,2695.4624999999996,2024-12,6-7 days
ORD101331,CUST4130,Beauty,2025-12-20,884.4,1.0,10,13.23,Net Banking,Central,9.0,24.0,4.0,0,Not Returned,795.96,2025-12,8+ days
ORD102991,CUST3531,Home & Kitchen,2026-03-18,3077.66,1.0,30,108.86,UPI,West,3.0,24.0,3.0,0,Not Returned,2154.3619999999996,2026-03,1-3 days
ORD100657,CUST1064,Sports,2025-10-23,837.96,1.0,0,43.9,Net Banking,West,1.0,25.0,5.0,0,Not Returned,837.96,2025-10,1-3 days
ORD103430,CUST1043,Books,2025-04-05,98.39,1.0,30,32.04,Credit Card,Central,4.0,48.0,5.0,0,Not Returned,68.87299999999999,2025-04,4-5 days
ORD101382,CUST4029,Grocery,2025-05-26,234.63,1.0,15,156.2,UPI,South,4.0,38.0,5.0,0,Not Returned,199.4355,2025-05,4-5 days
ORD101807,CUST2126,Fashion,2026-06-13,815.36,2.0,25,27.3,UPI,West,5.0,25.0,4.0,0,Not Returned,1223.04,2026-06,4-5 days
ORD104640,CUST3371,Grocery,2025-11-19,274.36,2.0,0,76.86,UPI,West,4.0,20.0,4.0,0,Not Returned,548.72,2025-11,4-5 days
ORD101962,CUST2589,Books,2024-10-06,404.24,1.0,0,91.62,Credit Card,North,5.0,72.0,3.0,1,Not as Described,404.24,2024-10,4-5 days
ORD104319,CUST3672,Electronics,2026-07-08,1012.185,1.0,5,64.63,Net Banking,South,5.0,22.0,4.0,0,Not Returned,961.5757499999999,2026-07,4-5 days
ORD103898,CUST3431,Electronics,2026-03-01,4558.5,1.0,0,81.91,Net Banking,Central,4.0,42.0,4.0,0,Not Returned,4558.5,2026-03,4-5 days
ORD105922,CUST3670,Home & Kitchen,2026-01-18,1891.0,3.5,5,31.45,Credit Card,West,3.0,27.0,4.0,1,Size Issue,6287.575,2026-01,1-3 days
ORD104477,CUST2332,Fashion,2026-05-14,1056.99,1.0,0,107.27,Debit Card,South,5.0,52.0,5.0,1,Not as Described,1056.99,2026-05,4-5 days
ORD102519,CUST2083,Books,2025-12-14,284.53,1.0,10,121.82,Credit Card,East,3.0,33.0,2.0,0,Not Returned,256.077,2025-12,1-3 days
ORD100939,CUST3467,Grocery,2024-10-15,316.78,1.0,0,21.44,Cash on Delivery,East,4.0,18.0,5.0,0,Not Returned,316.78,2024-10,4-5 days
ORD103529,CUST3778,Toys,2026-08-06,1022.66,1.0,10,19.49,Credit Card,West,5.0,46.0,5.0,0,Not Returned,920.394,2026-08,4-5 days
ORD104665,CUST3084,Electronics,2024-11-19,4558.5,1.0,25,51.87,Cash on Delivery,West,4.0,34.0,5.0,0,Not Returned,3418.875,2024-11,4-5 days
ORD105215,CUST2654,Fashion,2025-11-20,1025.96,1.0,10,170.5,Credit Card,East,6.0,22.0,2.0,0,Not Returned,923.364,2025-11,6-7 days
ORD102103,CUST2319,Home & Kitchen,2026-07-14,3957.19,1.0,20,203.85999999999999,Cash on Delivery,Central,6.0,24.0,1.0,0,Not Returned,3165.7520000000004,2026-07,6-7 days
ORD101527,CUST3201,Electronics,2025-08-09,4558.5,1.0,20,148.86,Debit Card,Central,3.0,34.0,5.0,0,Not Returned,3646.8,2025-08,1-3 days
ORD100340,CUST2274,Books,2026-04-09,420.28,2.0,5,67.91,Net Banking,West,5.0,18.0,5.0,0,Not Returned,798.5319999999999,2026-04,4-5 days
ORD102924,CUST1708,Sports,2026-03-21,1466.33,1.0,0,71.93,Credit Card,West,7.0,38.0,4.0,0,Not Returned,1466.33,2026-03,6-7 days
ORD100420,CUST3441,Home & Kitchen,2025-06-19,2287.65,1.0,0,26.47,Cash on Delivery,South,7.0,49.0,4.0,0,Not Returned,2287.65,2025-06,6-7 days
ORD100761,CUST1360,Home & Kitchen,2026-06-22,1365.27,1.0,0,38.16,Debit Card,East,4.0,42.0,5.0,1,Defective Product,1365.27,2026-06,4-5 days
ORD102510,CUST3947,Beauty,2025-11-28,903.68,1.0,30,154.43,Cash on Delivery,South,4.0,25.0,4.0,0,Not Returned,632.5759999999999,2025-11,4-5 days
ORD103305,CUST3641,Sports,2025-04-15,2917.21,2.0,0,142.47,Cash on Delivery,North,5.0,27.0,5.0,1,Better Price Found,5834.42,2025-04,4-5 days
ORD103914,CUST4113,Sports,2025-11-17,2153.91,1.0,0,14.22,UPI,East,3.0,38.0,5.0,1,Defective Product,2153.91,2025-11,1-3 days
ORD101868,CUST3513,Sports,2026-01-07,758.01,1.0,15,67.17,Cash on Delivery,North,7.0,44.0,3.0,0,Not Returned,644.3085,2026-01,6-7 days
ORD104842,CUST3406,Grocery,2026-07-06,457.81,2.0,0,49.12,UPI,East,7.0,25.0,4.0,0,Not Returned,915.62,2026-07,6-7 days
ORD102863,CUST3338,Home & Kitchen,2024-10-30,1398.99,1.0,25,93.83,Credit Card,North,6.0,32.0,4.0,0,Not Returned,1049.2425,2024-10,6-7 days
ORD102416,CUST4487,Grocery,2026-05-03,274.08,1.0,15,124.94,Net Banking,East,4.0,34.0,1.0,1,Late Delivery,232.968,2026-05,4-5 days
ORD103708,CUST3353,Books,2026-08-15,641.46,1.0,20,67.33500000000001,Debit Card,South,4.0,34.0,3.0,0,Not Returned,513.168,2026-08,4-5 days
ORD100884,CUST1324,Grocery,2024-08-22,290.25,1.0,15,136.92,Credit Card,East,5.0,16.0,1.0,1,Size Issue,246.7125,2024-08,4-5 days
ORD104692,CUST2860,Beauty,2024-12-15,699.77,1.0,15,40.07,Debit Card,Central,4.0,26.0,5.0,1,Not as Described,594.8045,2024-12,4-5 days
ORD103828,CUST2401,Home & Kitchen,2025-09-05,2123.01,2.0,0,32.97,Net Banking,West,7.0,41.0,4.0,0,Not Returned,4246.02,2025-09,6-7 days
ORD103375,CUST3447,Toys,2024-09-13,586.73,1.0,10,118.69,Debit Card,South,5.0,21.0,3.0,0,Not Returned,528.057,2024-09,4-5 days
ORD101286,CUST1378,Home & Kitchen,2026-04-30,2347.52,1.0,10,139.98,Credit Card,Central,5.0,34.0,5.0,0,Not Returned,2112.768,2026-04,4-5 days
ORD103170,CUST1483,Sports,2025-11-19,50.0,1.0,25,108.28,Debit Card,North,6.0,43.0,1.0,0,Not Returned,37.5,2025-11,6-7 days
ORD104397,CUST4325,Beauty,2025-04-28,866.64,1.0,25,102.19,Debit Card,North,5.0,17.0,5.0,1,Late Delivery,649.98,2025-04,4-5 days
ORD100710,CUST2757,Fashion,2025-01-31,930.73,1.0,0,203.85999999999999,UPI,West,5.0,28.0,5.0,1,Not as Described,930.73,2025-01,4-5 days
ORD105738,CUST2843,Electronics,2025-06-17,4558.5,1.0,0,51.55,Net Banking,South,4.0,40.0,2.0,0,Not Returned,4558.5,2025-06,4-5 days
ORD100098,CUST2384,Beauty,2025-01-30,793.15,2.0,15,103.43,Net Banking,West,4.0,16.0,3.0,0,Not Returned,1348.355,2025-01,4-5 days
ORD100890,CUST1195,Books,2025-03-27,203.01,1.0,0,72.11,UPI,South,4.0,33.0,4.0,0,Not Returned,203.01,2025-03,4-5 days
ORD105030,CUST1603,Electronics,2026-07-10,4558.5,2.0,0,10.7,Debit Card,South,4.0,28.0,5.0,0,Not Returned,9117.0,2026-07,4-5 days
ORD101982,CUST2357,Grocery,2025-06-04,1012.185,1.0,10,105.63,UPI,West,2.0,32.0,4.0,1,Size Issue,910.9665,2025-06,1-3 days
ORD102235,CUST1008,Books,2025-12-13,532.79,1.0,5,56.96,UPI,North,7.0,43.0,5.0,0,Not Returned,506.15049999999997,2025-12,6-7 days
ORD103135,CUST1359,Books,2025-03-25,501.14,1.0,10,83.82,Debit Card,Central,3.0,36.0,5.0,0,Not Returned,451.026,2025-03,1-3 days
ORD102595,CUST1644,Electronics,2025-12-10,2597.63,1.0,5,80.59,UPI,North,8.0,26.0,4.0,0,Not Returned,2467.7485,2025-12,8+ days
ORD101039,CUST2307,Home & Kitchen,2025-10-03,801.33,2.0,10,15.19,Debit Card,South,5.0,27.0,4.0,0,Not Returned,1442.394,2025-10,4-5 days
ORD100908,CUST1066,Sports,2025-02-20,2946.46,1.0,10,203.85999999999999,Net Banking,East,5.0,43.0,5.0,0,Not Returned,2651.8140000000003,2025-02,4-5 days
ORD105688,CUST2288,Beauty,2025-08-19,843.77,1.0,10,69.59,Net Banking,Central,5.0,16.0,4.0,1,Late Delivery,759.393,2025-08,4-5 days
ORD104367,CUST4086,Toys,2024-12-07,846.52,2.0,0,123.66,Cash on Delivery,East,3.0,31.0,5.0,0,Not Returned,1693.04,2024-12,1-3 days
ORD101062,CUST1185,Electronics,2025-06-09,4558.5,1.0,20,10.52,Credit Card,South,7.0,26.0,5.0,0,Not Returned,3646.8,2025-06,6-7 days
ORD103714,CUST1665,Toys,2025-09-17,922.77,1.0,25,98.1,UPI,East,5.0,36.0,1.0,1,Better Price Found,692.0775,2025-09,4-5 days
ORD103496,CUST2471,Beauty,2025-11-22,604.06,1.0,30,85.64,Cash on Delivery,Central,6.0,62.0,5.0,0,Not Returned,422.8419999999999,2025-11,6-7 days
ORD105024,CUST2956,Sports,2025-02-15,1883.55,1.0,15,75.34,Debit Card,East,5.0,30.0,5.0,0,Not Returned,1601.0175,2025-02,4-5 days
ORD101465,CUST3693,Sports,2026-03-04,1159.36,1.0,0,79.52,Net Banking,North,6.0,20.0,1.0,1,Changed Mind,1159.36,2026-03,6-7 days
ORD105780,CUST2716,Books,2025-05-01,319.69,1.0,15,60.29,Credit Card,North,4.0,33.0,4.0,0,Not Returned,271.7365,2025-05,4-5 days
ORD103474,CUST2602,Beauty,2026-01-12,1411.15,2.0,0,93.26,Cash on Delivery,East,5.0,32.0,4.0,0,Not Returned,2822.3,2026-01,4-5 days
ORD101991,CUST4382,Toys,2025-07-08,713.33,2.0,5,37.05,Debit Card,North,1.0,37.0,5.0,1,Not as Described,1355.327,2025-07,1-3 days
ORD105179,CUST1215,Home & Kitchen,2026-01-12,3224.73,1.0,0,33.13,Debit Card,South,2.0,25.0,3.0,1,Changed Mind,3224.73,2026-01,1-3 days
ORD101398,CUST2009,Home & Kitchen,2025-03-22,4055.13,3.5,0,37.9,UPI,West,4.0,42.0,4.0,0,Not Returned,14192.955,2025-03,4-5 days
ORD100670,CUST2746,Electronics,2026-04-30,4558.5,2.0,5,146.5,UPI,West,1.0,30.0,5.0,0,Not Returned,8661.15,2026-04,1-3 days
ORD101262,CUST3754,Fashion,2025-10-30,721.59,1.0,0,60.97,Net Banking,East,8.0,37.0,5.0,1,Defective Product,721.59,2025-10,8+ days
ORD104573,CUST1126,Home & Kitchen,2024-10-14,2827.9,1.0,0,43.54,Debit Card,West,7.0,42.0,4.0,1,Size Issue,2827.9,2024-10,6-7 days
ORD102376,CUST1729,Fashion,2024-10-11,1296.68,1.0,10,38.81,UPI,East,1.0,35.0,5.0,0,Not Returned,1167.0120000000002,2024-10,1-3 days
ORD105174,CUST1240,Fashion,2026-07-26,1212.12,1.0,5,23.55,Cash on Delivery,North,1.0,41.0,5.0,0,Not Returned,1151.514,2026-07,1-3 days
ORD102022,CUST1846,Books,2025-01-30,666.25,1.0,5,33.19,UPI,South,6.0,40.0,4.0,0,Not Returned,632.9375,2025-01,6-7 days
ORD101196,CUST2863,Toys,2025-08-03,1135.0,1.0,10,99.69,Credit Card,West,4.0,59.0,3.0,1,Defective Product,1021.5,2025-08,4-5 days
ORD100416,CUST1611,Books,2024-09-27,462.93,1.0,5,49.69,Debit Card,East,5.0,62.0,4.0,0,Not Returned,439.7835,2024-09,4-5 days
ORD104265,CUST2884,Fashion,2025-12-11,1534.68,2.0,15,89.49,Cash on Delivery,North,4.0,29.0,1.0,0,Not Returned,2608.956,2025-12,4-5 days
ORD104787,CUST4103,Sports,2026-04-11,1039.97,2.0,5,66.99,Net Banking,East,9.0,34.0,3.0,0,Not Returned,1975.943,2026-04,8+ days
ORD104745,CUST1733,Sports,2025-09-02,2111.53,3.0,0,26.23,Credit Card,West,2.0,22.0,3.0,0,Not Returned,6334.59,2025-09,1-3 days
ORD103350,CUST1030,Home & Kitchen,2025-06-25,2637.23,3.0,0,31.51,Debit Card,South,5.0,34.0,5.0,1,Better Price Found,7911.6900000000005,2025-06,4-5 days
ORD103834,CUST1533,Grocery,2024-11-18,257.02,2.0,5,174.09,Net Banking,Central,3.0,38.0,4.0,0,Not Returned,488.33799999999997,2024-11,1-3 days
ORD103023,CUST1984,Sports,2025-02-01,2555.91,1.0,10,77.29,Debit Card,East,4.0,36.0,5.0,0,Not Returned,2300.319,2025-02,4-5 days
ORD101011,CUST1804,Home & Kitchen,2024-10-15,2069.66,1.0,0,23.35,Credit Card,Central,3.0,38.0,5.0,0,Not Returned,2069.66,2024-10,1-3 days
ORD104423,CUST4459,Beauty,2025-12-18,622.17,1.0,5,62.15,Credit Card,Central,6.0,25.0,3.0,0,Not Returned,591.0614999999999,2025-12,6-7 days
ORD101236,CUST2424,Beauty,2024-11-24,640.57,1.0,15,98.92,Credit Card,Central,2.0,24.0,4.0,0,Not Returned,544.4845,2024-11,1-3 days
ORD101703,CUST1261,Sports,2025-03-05,2044.3,2.0,5,150.94,Net Banking,South,6.0,16.0,4.0,0,Not Returned,3884.1699999999996,2025-03,6-7 days
ORD102698,CUST3661,Sports,2025-10-14,2361.38,2.0,10,86.31,UPI,East,1.0,52.0,5.0,1,Wrong Item Delivered,4250.484,2025-10,1-3 days
ORD100898,CUST3518,Sports,2025-06-28,956.12,1.0,10,139.88,Debit Card,East,5.0,47.0,5.0,0,Not Returned,860.508,2025-06,4-5 days
ORD100200,CUST1969,Home & Kitchen,2024-12-09,378.79,1.0,25,123.53,Credit Card,North,5.0,39.0,5.0,0,Not Returned,284.09250000000003,2024-12,4-5 days
ORD101727,CUST2905,Grocery,2024-10-08,210.76,1.0,15,79.68,Debit Card,South,4.0,41.0,5.0,0,Not Returned,179.146,2024-10,4-5 days
ORD105454,CUST3260,Electronics,2024-08-28,4558.5,1.0,10,159.69,Credit Card,West,4.0,30.0,5.0,0,Not Returned,4102.650000000001,2024-08,4-5 days
ORD105608,CUST2365,Sports,2026-03-22,1330.77,1.0,25,41.41,Net Banking,Central,7.0,39.0,4.0,0,Not Returned,998.0775,2026-03,6-7 days
ORD100734,CUST4092,Beauty,2025-03-06,1004.63,1.0,10,152.31,Net Banking,East,3.0,26.0,3.0,0,Not Returned,904.167,2025-03,1-3 days
ORD104380,CUST1151,Beauty,2025-06-02,886.53,1.0,0,180.43,Cash on Delivery,South,4.0,26.0,4.0,0,Not Returned,886.53,2025-06,4-5 days
ORD101206,CUST3310,Home & Kitchen,2024-10-15,1894.44,1.0,0,62.81,Net Banking,North,7.0,35.0,3.0,0,Not Returned,1894.44,2024-10,6-7 days
ORD102836,CUST3855,Grocery,2025-03-22,277.88,1.0,25,118.38,Cash on Delivery,Central,3.0,38.0,4.0,1,Changed Mind,208.41,2025-03,1-3 days
ORD100599,CUST2918,Books,2026-03-29,563.35,1.0,10,63.27,Credit Card,South,7.0,31.0,5.0,0,Not Returned,507.01500000000004,2026-03,6-7 days
ORD100400,CUST4410,Grocery,2026-08-05,354.82,1.0,15,22.0,Credit Card,East,6.0,40.0,4.0,0,Not Returned,301.597,2026-08,6-7 days
ORD102817,CUST1172,Sports,2024-08-25,1408.53,2.0,0,120.83,Net Banking,East,4.0,46.0,5.0,0,Not Returned,2817.06,2024-08,4-5 days
ORD101776,CUST3471,Home & Kitchen,2026-01-16,2428.88,1.0,20,85.44,Cash on Delivery,West,4.0,26.0,5.0,0,Not Returned,1943.1040000000003,2026-01,4-5 days
ORD105392,CUST4060,Home & Kitchen,2024-11-29,1602.19,2.0,5,32.34,UPI,Central,2.0,53.0,1.0,0,Not Returned,3044.161,2024-11,1-3 days
ORD100514,CUST2545,Sports,2026-02-27,1728.51,1.0,15,78.77,Credit Card,North,6.0,27.0,5.0,0,Not Returned,1469.2335,2026-02,6-7 days
ORD105015,CUST3316,Home & Kitchen,2025-05-27,2939.06,2.0,5,144.24,Net Banking,South,4.0,53.0,5.0,1,Late Delivery,5584.214,2025-05,4-5 days
ORD104527,CUST1957,Beauty,2025-06-12,554.16,3.0,25,172.28,Net Banking,West,7.0,23.0,5.0,0,Not Returned,1246.8600000000001,2025-06,6-7 days
ORD104667,CUST3543,Home & Kitchen,2025-08-05,1034.12,1.0,10,82.52,Credit Card,Central,5.0,36.0,3.0,1,Defective Product,930.708,2025-08,4-5 days
ORD105432,CUST2121,Sports,2025-06-08,2097.67,1.0,0,20.8,Net Banking,South,4.0,29.0,3.0,0,Not Returned,2097.67,2025-06,4-5 days
ORD100814,CUST3778,Beauty,2024-10-27,934.71,1.0,0,107.14,Net Banking,West,4.0,30.0,4.0,0,Not Returned,934.71,2024-10,4-5 days
ORD103277,CUST2889,Home & Kitchen,2025-05-02,2785.02,2.0,25,77.01,UPI,North,5.0,34.0,3.0,0,Not Returned,4177.53,2025-05,4-5 days
ORD102206,CUST3635,Grocery,2024-09-27,410.02,1.0,20,152.53,Credit Card,Central,2.0,39.0,4.0,1,Wrong Item Delivered,328.016,2024-09,1-3 days
ORD100891,CUST3617,Beauty,2025-02-09,966.43,1.0,5,9.22,Net Banking,East,3.0,45.0,4.0,0,Not Returned,918.1084999999999,2025-02,1-3 days
ORD101505,CUST2140,Fashion,2025-01-23,1287.93,1.0,15,74.68,Debit Card,Central,1.0,32.0,4.0,0,Not Returned,1094.7405,2025-01,1-3 days
ORD105219,CUST3673,Books,2026-07-17,378.14,1.0,15,18.82,UPI,South,10.0,36.0,1.0,0,Not Returned,321.419,2026-07,8+ days
ORD104592,CUST1856,Home & Kitchen,2026-01-17,3064.13,2.0,15,125.45,Cash on Delivery,Central,7.0,38.0,3.0,0,Not Returned,5209.021,2026-01,6-7 days
ORD104300,CUST2998,Home & Kitchen,2026-06-11,2298.13,1.0,0,18.3,Debit Card,West,4.0,41.0,2.0,1,Changed Mind,2298.13,2026-06,4-5 days
ORD102588,CUST3690,Toys,2025-01-13,649.44,1.0,10,74.25,Net Banking,Central,6.0,20.0,2.0,0,Not Returned,584.4960000000001,2025-01,6-7 days
ORD101035,CUST2307,Toys,2026-05-10,953.99,1.0,0,101.81,Debit Card,North,5.0,22.0,3.0,0,Not Returned,953.99,2026-05,4-5 days
ORD103521,CUST2868,Beauty,2026-03-22,678.29,1.0,0,124.87,Net Banking,West,6.0,32.0,2.0,0,Not Returned,678.29,2026-03,6-7 days
ORD100219,CUST4455,Beauty,2025-06-07,736.78,1.0,25,80.6,Net Banking,Central,4.0,28.0,5.0,0,Not Returned,552.585,2025-06,4-5 days
ORD105123,CUST1698,Toys,2025-02-12,503.11,1.0,0,104.36,Cash on Delivery,Central,4.0,31.0,3.0,0,Not Returned,503.11,2025-02,4-5 days
ORD105934,CUST2827,Fashion,2025-07-01,857.89,1.0,25,67.33500000000001,Credit Card,East,6.0,44.0,5.0,1,Size Issue,643.4175,2025-07,6-7 days
ORD103801,CUST4139,Sports,2025-08-29,1511.84,1.0,5,72.77,Credit Card,South,8.0,31.0,2.0,0,Not Returned,1436.2479999999998,2025-08,8+ days
ORD100133,CUST4215,Sports,2026-06-27,2387.71,1.0,5,122.69,Credit Card,East,1.0,56.0,5.0,0,Not Returned,2268.3244999999997,2026-06,1-3 days
ORD105083,CUST2378,Toys,2025-11-03,839.75,3.5,5,57.8,Credit Card,West,3.0,35.0,5.0,0,Not Returned,2792.16875,2025-11,1-3 days
ORD105424,CUST2757,Home & Kitchen,2025-12-19,2714.14,1.0,10,5.05,Credit Card,South,4.0,16.0,4.0,1,Late Delivery,2442.726,2025-12,4-5 days
ORD100821,CUST3687,Grocery,2025-04-02,50.0,1.0,0,149.41,Net Banking,North,6.0,29.0,5.0,0,Not Returned,50.0,2025-04,6-7 days
ORD102658,CUST2872,Sports,2026-03-09,2049.65,1.0,0,52.29,Net Banking,East,8.0,28.0,3.0,0,Not Returned,2049.65,2026-03,8+ days
ORD101509,CUST2335,Toys,2025-01-02,828.59,1.0,15,11.29,Net Banking,Central,4.0,46.0,4.0,0,Not Returned,704.3015,2025-01,4-5 days
ORD101414,CUST2588,Electronics,2025-03-20,4558.5,1.0,30,88.31,UPI,North,6.0,42.0,5.0,0,Not Returned,3190.95,2025-03,6-7 days
ORD103807,CUST3807,Fashion,2025-03-27,1323.8,2.0,10,66.23,Cash on Delivery,South,4.0,16.0,5.0,0,Not Returned,2382.84,2025-03,4-5 days
ORD102744,CUST3310,Electronics,2026-02-17,4558.5,2.0,20,29.99,Net Banking,West,3.0,30.0,4.0,0,Not Returned,7293.6,2026-02,1-3 days
ORD105639,CUST1578,Toys,2024-12-04,815.01,2.0,0,126.77,Debit Card,West,2.0,42.0,5.0,1,Late Delivery,1630.02,2024-12,1-3 days
ORD104584,CUST2151,Home & Kitchen,2024-09-02,1737.47,1.0,5,101.03,Credit Card,East,4.0,41.0,3.0,0,Not Returned,1650.5964999999999,2024-09,4-5 days
ORD104005,CUST2783,Toys,2025-03-26,1058.63,3.0,10,67.33500000000001,Cash on Delivery,North,3.0,24.0,4.0,0,Not Returned,2858.3010000000004,2025-03,1-3 days
ORD102985,CUST1578,Fashion,2026-02-03,1290.89,1.0,10,43.24,Credit Card,Central,3.0,27.0,4.0,1,Size Issue,1161.8010000000002,2026-02,1-3 days
ORD102578,CUST2783,Beauty,2026-06-26,1053.43,3.0,0,184.32,UPI,West,4.0,51.0,4.0,0,Not Returned,3160.29,2026-06,4-5 days
ORD103075,CUST3132,Sports,2026-03-17,1674.55,1.0,0,92.24,UPI,North,4.0,43.0,2.0,0,Not Returned,1674.55,2026-03,4-5 days
ORD105979,CUST3641,Grocery,2024-09-16,239.86,1.0,10,72.23,Credit Card,North,8.0,34.0,4.0,0,Not Returned,215.87400000000002,2024-09,8+ days
ORD100600,CUST1576,Books,2026-07-23,344.02,1.0,0,95.06,Credit Card,North,1.0,25.0,5.0,0,Not Returned,344.02,2026-07,1-3 days
ORD103106,CUST1654,Grocery,2025-11-09,398.55,1.0,5,169.84,UPI,Central,5.0,16.0,3.0,0,Not Returned,378.6225,2025-11,4-5 days
ORD102940,CUST1612,Toys,2025-09-17,845.99,1.0,5,36.7,Credit Card,North,3.0,42.0,4.0,0,Not Returned,803.6904999999999,2025-09,1-3 days
ORD104987,CUST2836,Beauty,2025-03-15,851.97,1.0,0,36.78,UPI,West,1.0,38.0,4.0,0,Not Returned,851.97,2025-03,1-3 days
ORD103258,CUST2456,Fashion,2025-07-10,731.85,1.0,5,33.37,Debit Card,North,7.0,61.0,1.0,0,Not Returned,695.2574999999999,2025-07,6-7 days
ORD104360,CUST1026,Toys,2026-03-04,1504.21,1.0,5,98.25,Debit Card,East,6.0,22.0,4.0,1,Changed Mind,1428.9995,2026-03,6-7 days
ORD100854,CUST4420,Home & Kitchen,2026-03-15,656.47,1.0,0,7.98,Cash on Delivery,East,2.0,66.0,4.0,1,Better Price Found,656.47,2026-03,1-3 days
ORD100487,CUST3860,Home & Kitchen,2025-07-05,4558.5,1.0,25,161.26,Debit Card,South,3.0,44.0,1.0,0,Not Returned,3418.875,2025-07,1-3 days
ORD104394,CUST3229,Toys,2025-12-02,1555.37,1.0,15,81.09,Cash on Delivery,Central,7.0,40.0,2.0,1,Better Price Found,1322.0645,2025-12,6-7 days
ORD102536,CUST2517,Beauty,2025-09-04,1012.185,1.0,25,120.85,Net Banking,South,4.0,21.0,5.0,0,Not Returned,759.13875,2025-09,4-5 days
ORD100592,CUST1541,Books,2024-12-25,415.65,2.0,0,62.57,Debit Card,East,1.0,34.0,5.0,0,Not Returned,831.3,2024-12,1-3 days
ORD101608,CUST1508,Home & Kitchen,2025-07-20,2649.11,2.0,0,87.59,Net Banking,Central,5.0,16.0,5.0,1,Changed Mind,5298.22,2025-07,4-5 days
ORD105157,CUST3718,Books,2024-11-19,293.81,1.0,20,104.15,Net Banking,West,6.0,24.0,4.0,0,Not Returned,235.048,2024-11,6-7 days
ORD102373,CUST1629,Beauty,2026-02-15,781.84,1.0,10,167.18,UPI,Central,8.0,17.0,3.0,0,Not Returned,703.6560000000001,2026-02,8+ days
ORD105525,CUST3678,Books,2026-01-04,599.75,1.0,15,46.73,Cash on Delivery,North,1.0,16.0,4.0,0,Not Returned,509.78749999999997,2026-01,1-3 days
ORD100099,CUST3268,Books,2024-09-03,514.59,1.0,15,73.82,Credit Card,North,7.0,34.0,5.0,0,Not Returned,437.4015,2024-09,6-7 days
ORD105408,CUST2592,Fashion,2026-04-27,1683.88,1.0,5,133.21,Net Banking,West,4.0,56.0,5.0,0,Not Returned,1599.686,2026-04,4-5 days
ORD104649,CUST1213,Electronics,2024-09-28,4558.5,1.0,5,135.06,Net Banking,North,4.0,34.0,1.0,0,Not Returned,4330.575,2024-09,4-5 days
ORD102132,CUST2819,Sports,2024-11-11,1012.185,1.0,25,68.86,Credit Card,West,4.0,41.0,5.0,0,Not Returned,759.13875,2024-11,4-5 days
ORD103009,CUST1075,Beauty,2026-02-14,532.91,1.0,25,67.56,Net Banking,East,5.0,33.0,5.0,0,Not Returned,399.6825,2026-02,4-5 days
ORD100413,CUST1267,Sports,2024-11-10,1425.08,1.0,0,67.33500000000001,UPI,South,5.0,48.0,4.0,0,Not Returned,1425.08,2024-11,4-5 days
ORD100357,CUST3603,Grocery,2026-07-22,170.51,1.0,5,106.94,UPI,East,2.0,34.0,3.0,0,Not Returned,161.9845,2026-07,1-3 days
ORD104192,CUST3418,Sports,2025-06-03,1692.87,1.0,20,64.94,UPI,West,5.0,25.0,1.0,0,Not Returned,1354.296,2025-06,4-5 days
ORD102395,CUST1558,Toys,2025-09-12,689.05,3.0,0,21.25,Cash on Delivery,North,5.0,28.0,3.0,0,Not Returned,2067.1499999999996,2025-09,4-5 days
ORD104569,CUST3880,Electronics,2026-06-04,4558.5,1.0,0,67.51,Credit Card,East,6.0,49.0,4.0,0,Not Returned,4558.5,2026-06,6-7 days
ORD103559,CUST2715,Grocery,2025-03-27,384.9,1.0,0,42.95,Debit Card,Central,8.0,23.0,5.0,1,Wrong Item Delivered,384.9,2025-03,8+ days
ORD100015,CUST1881,Home & Kitchen,2025-03-10,3171.38,2.0,0,23.17,Debit Card,South,7.0,49.0,4.0,0,Not Returned,6342.76,2025-03,6-7 days
ORD101961,CUST4306,Beauty,2026-06-15,713.76,1.0,10,63.29,Credit Card,East,2.0,40.0,4.0,0,Not Returned,642.384,2026-06,1-3 days
ORD100203,CUST4016,Home & Kitchen,2024-09-06,3390.31,3.5,25,203.85999999999999,Credit Card,Central,5.0,53.0,2.0,0,Not Returned,8899.56375,2024-09,4-5 days
ORD100036,CUST3600,Books,2024-10-10,439.34,1.0,5,39.4,Net Banking,North,3.0,43.0,2.0,1,Changed Mind,417.37299999999993,2024-10,1-3 days
ORD100435,CUST1948,Home & Kitchen,2025-03-19,2508.28,1.0,10,99.09,Credit Card,East,5.0,35.0,4.0,1,Size Issue,2257.452,2025-03,4-5 days
ORD100589,CUST1538,Toys,2025-05-12,739.8,1.0,15,157.51,Net Banking,East,3.0,40.0,4.0,0,Not Returned,628.8299999999999,2025-05,1-3 days
ORD101965,CUST1050,Books,2025-09-02,372.89,2.0,10,22.42,Cash on Delivery,Central,2.0,49.0,3.0,1,Changed Mind,671.202,2025-09,1-3 days
ORD102862,CUST1784,Electronics,2024-11-05,4558.5,1.0,5,22.6,UPI,North,5.0,29.0,4.0,1,Better Price Found,4330.575,2024-11,4-5 days
ORD103752,CUST2819,Books,2025-01-23,537.0,1.0,25,104.09,Cash on Delivery,Central,4.0,35.0,2.0,0,Not Returned,402.75,2025-01,4-5 days
ORD100012,CUST1026,Beauty,2026-04-02,701.25,1.0,0,55.27,Debit Card,North,4.0,38.0,4.0,0,Not Returned,701.25,2026-04,4-5 days
ORD105091,CUST2645,Sports,2026-05-17,1390.35,1.0,25,114.41,Net Banking,Central,9.0,42.0,5.0,1,Wrong Item Delivered,1042.7624999999998,2026-05,8+ days
ORD101448,CUST4267,Electronics,2025-01-19,4558.5,1.0,10,40.6,UPI,South,4.0,37.0,2.0,0,Not Returned,4102.650000000001,2025-01,4-5 days
ORD104146,CUST3538,Grocery,2025-02-20,236.26,3.0,20,31.4,Debit Card,Central,5.0,37.0,4.0,1,Size Issue,567.024,2025-02,4-5 days
ORD102739,CUST3214,Electronics,2026-08-01,4558.5,2.0,0,108.13,Net Banking,South,5.0,25.0,5.0,0,Not Returned,9117.0,2026-08,4-5 days
ORD104967,CUST2403,Books,2026-02-05,392.4,2.0,30,101.02,Cash on Delivery,East,4.0,32.0,2.0,0,Not Returned,549.3599999999999,2026-02,4-5 days
ORD101530,CUST3005,Toys,2025-09-28,1250.29,3.0,25,42.05,UPI,East,1.0,35.0,5.0,1,Wrong Item Delivered,2813.1525,2025-09,1-3 days
ORD100540,CUST3216,Fashion,2025-08-10,935.39,1.0,5,112.06,UPI,South,5.0,38.0,5.0,0,Not Returned,888.6205,2025-08,4-5 days
ORD102562,CUST1732,Books,2025-09-30,617.53,1.0,10,18.71,Net Banking,Central,4.0,29.0,4.0,0,Not Returned,555.777,2025-09,4-5 days
ORD104017,CUST1151,Home & Kitchen,2025-06-23,3630.09,1.0,20,23.96,Net Banking,South,1.0,45.0,4.0,0,Not Returned,2904.072,2025-06,1-3 days
ORD104913,CUST1395,Fashion,2025-01-27,358.25,1.0,0,29.52,UPI,West,4.0,35.0,4.0,1,Changed Mind,358.25,2025-01,4-5 days
ORD101798,CUST1527,Toys,2025-07-09,1571.63,1.0,0,154.83,Net Banking,North,6.0,24.0,4.0,0,Not Returned,1571.63,2025-07,6-7 days
ORD104057,CUST4028,Beauty,2024-09-13,631.99,3.5,5,44.11,Credit Card,South,3.0,38.0,3.0,1,Size Issue,2101.36675,2024-09,1-3 days
ORD101495,CUST1714,Sports,2025-02-13,1562.48,1.0,5,203.85999999999999,UPI,North,6.0,19.0,4.0,1,Size Issue,1484.356,2025-02,6-7 days
ORD103931,CUST1550,Books,2025-08-13,450.33,1.0,0,47.56,Credit Card,North,4.0,28.0,5.0,0,Not Returned,450.33,2025-08,4-5 days
ORD105923,CUST4052,Home & Kitchen,2025-03-22,3178.99,1.0,20,26.17,Debit Card,South,6.0,38.0,4.0,1,Not as Described,2543.192,2025-03,6-7 days
ORD105816,CUST4133,Fashion,2025-09-05,1360.9,1.0,5,58.56,Net Banking,East,7.0,32.0,5.0,0,Not Returned,1292.855,2025-09,6-7 days
ORD103159,CUST4472,Sports,2025-06-27,957.61,1.0,10,67.33500000000001,Credit Card,West,5.0,57.0,1.0,0,Not Returned,861.849,2025-06,4-5 days
ORD103707,CUST1168,Electronics,2025-02-08,4558.5,1.0,10,56.81,Credit Card,West,5.0,16.0,5.0,0,Not Returned,4102.650000000001,2025-02,4-5 days
ORD102201,CUST2018,Toys,2025-12-15,932.2,3.5,15,46.52,Debit Card,North,5.0,26.0,1.0,0,Not Returned,2773.295,2025-12,4-5 days
ORD103354,CUST3360,Books,2026-06-27,118.27,1.0,15,203.85999999999999,Debit Card,West,3.0,29.0,5.0,0,Not Returned,100.5295,2026-06,1-3 days
ORD105789,CUST1592,Home & Kitchen,2025-10-15,4558.5,3.5,5,60.09,Net Banking,West,5.0,38.0,4.0,0,Not Returned,15157.012499999999,2025-10,4-5 days
ORD104706,CUST4135,Toys,2025-10-21,569.92,1.0,25,86.67,Debit Card,North,6.0,38.0,3.0,0,Not Returned,427.43999999999994,2025-10,6-7 days
ORD102307,CUST2562,Toys,2025-12-17,387.86,2.0,10,48.02,Cash on Delivery,West,6.0,49.0,1.0,0,Not Returned,698.148,2025-12,6-7 days
ORD101968,CUST2697,Beauty,2025-06-21,885.65,1.0,0,111.48,Cash on Delivery,Central,4.0,34.0,3.0,0,Not Returned,885.65,2025-06,4-5 days
ORD100705,CUST3689,Books,2025-01-21,449.2,1.0,25,45.22,UPI,East,4.0,17.0,4.0,0,Not Returned,336.9,2025-01,4-5 days
ORD102558,CUST2497,Home & Kitchen,2025-06-24,3711.09,1.0,15,46.51,Cash on Delivery,West,7.0,30.0,2.0,0,Not Returned,3154.4265,2025-06,6-7 days
ORD103846,CUST3464,Sports,2026-03-13,2314.61,1.0,0,60.47,Debit Card,South,3.0,35.0,5.0,0,Not Returned,2314.61,2026-03,1-3 days
ORD101980,CUST3788,Fashion,2025-11-13,1012.185,1.0,5,43.48,Debit Card,West,6.0,32.0,3.0,0,Not Returned,961.5757499999999,2025-11,6-7 days
ORD100439,CUST4226,Sports,2026-06-25,2119.68,1.0,5,104.13,UPI,East,7.0,42.0,2.0,0,Not Returned,2013.6959999999997,2026-06,6-7 days
ORD102981,CUST3203,Home & Kitchen,2025-01-18,4172.79,1.0,30,203.85999999999999,Debit Card,West,3.0,23.0,3.0,0,Not Returned,2920.953,2025-01,1-3 days
ORD102117,CUST3007,Electronics,2026-08-17,4558.5,2.0,0,35.26,Credit Card,South,4.0,30.0,5.0,1,Late Delivery,9117.0,2026-08,4-5 days
ORD103890,CUST1416,Sports,2026-01-09,2081.57,3.0,10,41.66,Credit Card,West,3.0,33.0,5.0,0,Not Returned,5620.239000000001,2026-01,1-3 days
ORD100924,CUST3111,Home & Kitchen,2026-07-02,1803.51,1.0,0,51.64,Net Banking,Central,5.0,36.0,5.0,1,Late Delivery,1803.51,2026-07,4-5 days
ORD101688,CUST2779,Beauty,2024-10-21,453.64,1.0,10,49.45,UPI,West,3.0,46.0,5.0,1,Size Issue,408.276,2024-10,1-3 days
ORD103882,CUST4286,Sports,2026-06-04,1877.92,1.0,10,182.31,Debit Card,North,2.0,17.0,4.0,0,Not Returned,1690.1280000000002,2026-06,1-3 days
ORD105851,CUST2533,Grocery,2024-12-09,243.09,1.0,30,66.81,Credit Card,South,6.0,26.0,4.0,0,Not Returned,170.16299999999998,2024-12,6-7 days
ORD104395,CUST3532,Electronics,2025-11-18,4558.5,1.0,15,23.24,Credit Card,Central,6.0,32.0,1.0,0,Not Returned,3874.725,2025-11,6-7 days
ORD104507,CUST1406,Toys,2024-10-24,958.73,1.0,0,97.31,Net Banking,North,4.0,47.0,4.0,0,Not Returned,958.73,2024-10,4-5 days
ORD101134,CUST4061,Electronics,2025-12-11,4558.5,1.0,0,109.54,Credit Card,South,4.0,40.0,5.0,0,Not Returned,4558.5,2025-12,4-5 days
ORD104707,CUST1121,Electronics,2025-05-09,4558.5,1.0,10,41.55,Cash on Delivery,North,5.0,32.0,1.0,1,Better Price Found,4102.650000000001,2025-05,4-5 days
ORD101108,CUST2931,Grocery,2025-11-08,211.02,1.0,10,10.7,Cash on Delivery,West,4.0,33.0,4.0,1,Wrong Item Delivered,189.918,2025-11,4-5 days
ORD104064,CUST3190,Books,2026-01-01,616.34,2.0,20,29.45,Cash on Delivery,West,3.0,52.0,5.0,1,Late Delivery,986.1440000000001,2026-01,1-3 days
ORD102684,CUST4216,Grocery,2026-01-27,318.8,2.0,0,34.46,Net Banking,Central,6.0,22.0,5.0,0,Not Returned,637.6,2026-01,6-7 days
ORD104563,CUST2345,Home & Kitchen,2026-07-21,2421.41,1.0,5,19.59,Cash on Delivery,West,3.0,36.0,5.0,0,Not Returned,2300.3394999999996,2026-07,1-3 days
ORD102605,CUST3483,Sports,2025-03-09,2701.48,2.0,0,66.31,Cash on Delivery,Central,6.0,31.0,4.0,0,Not Returned,5402.96,2025-03,6-7 days
ORD102522,CUST1281,Beauty,2025-10-29,648.51,1.0,15,49.39,Cash on Delivery,South,4.0,46.0,4.0,0,Not Returned,551.2334999999999,2025-10,4-5 days
ORD100768,CUST3593,Home & Kitchen,2024-10-13,3453.67,2.0,10,41.31,Net Banking,Central,4.0,41.0,4.0,0,Not Returned,6216.606000000001,2024-10,4-5 days
ORD103015,CUST4337,Grocery,2026-05-31,281.15,2.0,15,29.93,UPI,North,3.0,17.0,1.0,0,Not Returned,477.9549999999999,2026-05,1-3 days
ORD105938,CUST1818,Toys,2025-05-26,699.64,2.0,5,59.66,UPI,West,4.0,33.0,5.0,0,Not Returned,1329.3159999999998,2025-05,4-5 days
ORD104820,CUST2346,Home & Kitchen,2025-08-01,3565.35,1.0,15,95.62,Net Banking,West,3.0,39.0,4.0,1,Late Delivery,3030.5474999999997,2025-08,1-3 days
ORD104349,CUST1171,Sports,2026-04-13,1247.13,1.0,5,67.33500000000001,Cash on Delivery,North,3.0,33.0,4.0,0,Not Returned,1184.7735,2026-04,1-3 days
ORD101919,CUST4440,Books,2025-10-10,442.53,1.0,5,106.07,Net Banking,South,7.0,35.0,5.0,0,Not Returned,420.40349999999995,2025-10,6-7 days
ORD102138,CUST3131,Home & Kitchen,2024-10-31,2897.84,1.0,5,99.39,UPI,North,1.0,38.0,4.0,1,Wrong Item Delivered,2752.948,2024-10,1-3 days
ORD105119,CUST2912,Grocery,2026-08-17,258.15,1.0,5,143.63,Net Banking,East,6.0,34.0,2.0,0,Not Returned,245.24249999999998,2026-08,6-7 days
ORD100795,CUST4243,Fashion,2025-09-28,1608.81,1.0,5,104.35,Credit Card,East,9.0,43.0,3.0,0,Not Returned,1528.3694999999998,2025-09,8+ days
ORD104323,CUST4068,Toys,2025-03-13,576.42,2.0,15,161.62,UPI,North,6.0,21.0,4.0,0,Not Returned,979.9139999999999,2025-03,6-7 days
ORD103885,CUST3013,Toys,2026-08-19,1224.76,1.0,15,64.9,Credit Card,South,6.0,24.0,4.0,0,Not Returned,1041.046,2026-08,6-7 days
ORD100637,CUST2630,Grocery,2025-05-08,165.98,1.0,25,32.33,Debit Card,East,5.0,26.0,2.0,0,Not Returned,124.48499999999999,2025-05,4-5 days
ORD104010,CUST2050,Books,2025-12-04,256.08,3.0,0,73.42,UPI,East,6.0,33.0,4.0,0,Not Returned,768.24,2025-12,6-7 days
ORD102749,CUST2261,Home & Kitchen,2024-10-23,2555.37,1.0,0,61.37,Debit Card,West,4.0,32.0,5.0,0,Not Returned,2555.37,2024-10,4-5 days
ORD101325,CUST1693,Sports,2026-03-23,1925.81,1.0,25,150.71,Debit Card,North,5.0,39.0,5.0,0,Not Returned,1444.3575,2026-03,4-5 days
ORD105907,CUST2982,Grocery,2026-08-15,349.47,3.0,0,67.33500000000001,Credit Card,North,5.0,26.0,2.0,0,Not Returned,1048.41,2026-08,4-5 days
ORD103698,CUST4152,Home & Kitchen,2026-07-29,1192.17,1.0,15,38.5,Credit Card,South,4.0,25.0,4.0,0,Not Returned,1013.3445,2026-07,4-5 days
ORD102753,CUST1558,Fashion,2026-02-24,531.04,3.0,15,29.63,Net Banking,South,3.0,27.0,4.0,0,Not Returned,1354.1519999999998,2026-02,1-3 days
ORD105105,CUST2819,Electronics,2025-04-13,2576.17,1.0,15,29.47,UPI,Central,3.0,37.0,5.0,1,Not as Described,2189.7445,2025-04,1-3 days
ORD104716,CUST4225,Sports,2025-05-22,1809.45,1.0,0,36.53,Debit Card,South,2.0,27.0,5.0,0,Not Returned,1809.45,2025-05,1-3 days
ORD103981,CUST3320,Grocery,2025-03-06,369.59,1.0,15,97.66,Debit Card,South,6.0,26.0,4.0,1,Late Delivery,314.1515,2025-03,6-7 days
ORD100157,CUST3643,Sports,2024-11-22,2571.49,1.0,0,190.55,Cash on Delivery,Central,5.0,33.0,2.0,0,Not Returned,2571.49,2024-11,4-5 days
ORD100438,CUST1956,Fashion,2024-10-10,1782.27,1.0,5,26.91,Debit Card,West,3.0,35.0,5.0,0,Not Returned,1693.1564999999998,2024-10,1-3 days
ORD102470,CUST2082,Books,2025-02-04,410.67,2.0,25,134.57,Cash on Delivery,Central,5.0,16.0,2.0,1,Defective Product,616.005,2025-02,4-5 days
ORD103498,CUST1776,Toys,2025-07-05,655.68,1.0,0,73.78,Credit Card,East,4.0,34.0,5.0,0,Not Returned,655.68,2025-07,4-5 days
ORD101569,CUST2151,Books,2025-05-02,353.24,1.0,0,34.08,Credit Card,North,10.0,20.0,1.0,1,Defective Product,353.24,2025-05,8+ days
ORD101237,CUST3200,Sports,2024-11-13,1515.87,1.0,15,104.6,Cash on Delivery,North,4.0,29.0,4.0,0,Not Returned,1288.4895,2024-11,4-5 days
ORD105102,CUST3595,Grocery,2025-04-11,311.86,1.0,0,125.08,Net Banking,West,3.0,29.0,4.0,0,Not Returned,311.86,2025-04,1-3 days
ORD102304,CUST3092,Fashion,2025-05-30,853.5,1.0,30,79.83,Cash on Delivery,East,7.0,47.0,3.0,1,Changed Mind,597.4499999999999,2025-05,6-7 days
ORD105889,CUST1454,Fashion,2026-05-14,876.77,1.0,25,50.39,Net Banking,West,3.0,23.0,3.0,1,Late Delivery,657.5775,2026-05,1-3 days
ORD105519,CUST1898,Beauty,2026-04-13,418.31,2.0,10,84.84,Debit Card,North,8.0,34.0,2.0,0,Not Returned,752.958,2026-04,8+ days
ORD104490,CUST3219,Fashion,2026-07-18,1477.87,1.0,5,36.29,Net Banking,South,5.0,30.0,5.0,0,Not Returned,1403.9764999999998,2026-07,4-5 days
ORD105376,CUST2222,Toys,2025-07-21,863.32,1.0,0,50.21,Cash on Delivery,North,5.0,33.0,4.0,0,Not Returned,863.32,2025-07,4-5 days
ORD104932,CUST1417,Toys,2025-10-30,506.31,1.0,30,70.52,Net Banking,South,7.0,44.0,5.0,1,Size Issue,354.417,2025-10,6-7 days
ORD104281,CUST2232,Sports,2025-01-05,2242.96,2.0,20,107.85,UPI,South,4.0,33.0,5.0,0,Not Returned,3588.7360000000003,2025-01,4-5 days
ORD105063,CUST1241,Books,2025-01-01,304.2,1.0,15,138.36,Credit Card,South,3.0,55.0,3.0,0,Not Returned,258.57,2025-01,1-3 days
ORD102779,CUST1203,Toys,2024-09-02,989.72,1.0,25,48.07,Net Banking,Central,6.0,58.0,3.0,0,Not Returned,742.29,2024-09,6-7 days
ORD103139,CUST3866,Electronics,2025-12-15,4558.5,1.0,5,76.65,Credit Card,South,1.0,55.0,5.0,0,Not Returned,4330.575,2025-12,1-3 days
ORD105269,CUST1183,Electronics,2025-12-16,4551.76,1.0,15,203.85999999999999,Debit Card,North,7.0,34.0,3.0,0,Not Returned,3868.996,2025-12,6-7 days
ORD101539,CUST4440,Home & Kitchen,2025-06-18,2278.5,1.0,25,190.06,Cash on Delivery,East,4.0,39.0,2.0,0,Not Returned,1708.875,2025-06,4-5 days
ORD105304,CUST3983,Sports,2024-12-25,3402.4,1.0,10,60.33,UPI,West,4.0,25.0,4.0,0,Not Returned,3062.1600000000003,2024-12,4-5 days
ORD105855,CUST2761,Fashion,2026-07-21,1012.185,1.0,10,130.64,UPI,South,1.0,44.0,4.0,1,Better Price Found,910.9665,2026-07,1-3 days
ORD102982,CUST3238,Sports,2025-01-20,1164.79,1.0,25,39.85,UPI,South,2.0,31.0,5.0,0,Not Returned,873.5925,2025-01,1-3 days
ORD100461,CUST3360,Electronics,2026-04-11,4558.5,2.0,15,99.52,Credit Card,South,4.0,34.0,4.0,0,Not Returned,7749.45,2026-04,4-5 days
ORD104220,CUST3725,Sports,2024-11-22,2647.99,1.0,5,89.82,Debit Card,Central,6.0,45.0,4.0,0,Not Returned,2515.5905,2024-11,6-7 days
ORD100813,CUST2350,Toys,2025-04-20,974.89,1.0,0,27.33,UPI,North,3.0,36.0,4.0,0,Not Returned,974.89,2025-04,1-3 days
ORD104411,CUST2731,Beauty,2025-03-29,1101.67,1.0,25,203.85999999999999,UPI,West,5.0,47.0,4.0,0,Not Returned,826.2525,2025-03,4-5 days
ORD102933,CUST1493,Fashion,2025-07-02,1358.28,1.0,15,67.33500000000001,Net Banking,East,3.0,39.0,4.0,0,Not Returned,1154.538,2025-07,1-3 days
ORD101793,CUST3640,Fashion,2025-11-22,1800.49,2.0,25,202.73,Debit Card,West,4.0,26.0,3.0,0,Not Returned,2700.735,2025-11,4-5 days
ORD101054,CUST2445,Toys,2025-01-23,626.34,3.0,0,10.53,Cash on Delivery,North,3.0,42.0,1.0,0,Not Returned,1879.02,2025-01,1-3 days
ORD105856,CUST2603,Sports,2025-02-11,1561.04,1.0,15,17.4,UPI,West,2.0,51.0,4.0,0,Not Returned,1326.884,2025-02,1-3 days
ORD105043,CUST3400,Electronics,2026-05-29,4558.5,1.0,10,54.0,Net Banking,South,4.0,20.0,4.0,0,Not Returned,4102.650000000001,2026-05,4-5 days
ORD102218,CUST2831,Grocery,2026-05-07,431.57,1.0,10,26.16,UPI,South,5.0,32.0,4.0,0,Not Returned,388.413,2026-05,4-5 days
ORD101806,CUST1879,Electronics,2024-12-23,4558.5,2.0,10,116.85,Credit Card,Central,6.0,23.0,5.0,1,Changed Mind,8205.300000000001,2024-12,6-7 days
ORD103479,CUST4216,Books,2026-03-12,403.25,3.0,0,43.02,Debit Card,South,5.0,20.0,5.0,0,Not Returned,1209.75,2026-03,4-5 days
ORD104994,CUST1638,Books,2025-07-01,412.35,1.0,15,38.58,Debit Card,East,4.0,44.0,4.0,0,Not Returned,350.4975,2025-07,4-5 days
ORD104159,CUST2476,Toys,2025-03-12,673.53,1.0,0,75.49,Net Banking,South,5.0,33.0,4.0,0,Not Returned,673.53,2025-03,4-5 days
ORD101180,CUST1575,Sports,2024-10-27,1277.06,1.0,5,72.75,Net Banking,South,4.0,33.0,3.0,0,Not Returned,1213.2069999999999,2024-10,4-5 days
ORD100177,CUST3597,Toys,2025-01-14,953.04,1.0,15,55.53,Net Banking,North,5.0,29.0,2.0,0,Not Returned,810.084,2025-01,4-5 days
ORD102853,CUST3146,Fashion,2025-05-29,1099.59,1.0,15,106.74,Net Banking,South,6.0,48.0,5.0,1,Defective Product,934.6514999999999,2025-05,6-7 days
ORD102157,CUST1307,Sports,2026-03-11,2531.81,3.5,0,137.66,Debit Card,North,7.0,39.0,5.0,0,Not Returned,8861.335,2026-03,6-7 days
ORD100736,CUST2160,Grocery,2025-06-29,214.17,1.0,5,67.33500000000001,Net Banking,Central,2.0,52.0,4.0,0,Not Returned,203.46149999999997,2025-06,1-3 days
ORD105470,CUST4117,Electronics,2026-01-31,4558.5,1.0,5,73.85,Cash on Delivery,Central,4.0,41.0,5.0,0,Not Returned,4330.575,2026-01,4-5 days
ORD103669,CUST2507,Home & Kitchen,2025-07-15,2878.06,1.0,30,55.5,Credit Card,Central,7.0,18.0,4.0,0,Not Returned,2014.6419999999998,2025-07,6-7 days
ORD102783,CUST3978,Home & Kitchen,2026-01-23,1959.45,1.0,0,22.11,Cash on Delivery,North,6.0,16.0,3.0,1,Not as Described,1959.45,2026-01,6-7 days
ORD102946,CUST2769,Home & Kitchen,2024-10-23,2235.88,1.0,10,203.85999999999999,Cash on Delivery,West,6.0,42.0,4.0,1,Defective Product,2012.2920000000001,2024-10,6-7 days
ORD100689,CUST3724,Sports,2025-06-26,1031.91,1.0,25,61.43,Debit Card,North,8.0,43.0,5.0,0,Not Returned,773.9325000000001,2025-06,8+ days
ORD105328,CUST2174,Sports,2025-07-27,1618.93,1.0,15,40.39,Credit Card,West,5.0,45.0,4.0,1,Defective Product,1376.0905,2025-07,4-5 days
ORD101533,CUST2470,Home & Kitchen,2025-11-14,1359.6,1.0,0,45.96,Net Banking,North,3.0,31.0,1.0,0,Not Returned,1359.6,2025-11,1-3 days
ORD100191,CUST1606,Grocery,2025-10-18,221.15,1.0,5,76.46,Debit Card,West,3.0,27.0,4.0,1,Changed Mind,210.0925,2025-10,1-3 days
ORD102273,CUST4453,Beauty,2025-08-28,636.97,1.0,25,40.84,Debit Card,West,4.0,34.0,3.0,1,Changed Mind,477.7275,2025-08,4-5 days
ORD100652,CUST3212,Books,2026-08-10,415.0,3.0,5,25.04,Debit Card,West,5.0,28.0,3.0,1,Better Price Found,1182.75,2026-08,4-5 days
ORD105089,CUST4302,Books,2026-05-19,340.83,1.0,0,69.0,Net Banking,Central,7.0,45.0,4.0,0,Not Returned,340.83,2026-05,6-7 days
ORD104702,CUST1302,Grocery,2025-05-11,327.94,1.0,20,69.08,UPI,East,4.0,37.0,3.0,1,Better Price Found,262.35200000000003,2025-05,4-5 days
ORD102087,CUST2874,Electronics,2026-06-02,4558.5,1.0,0,32.33,Debit Card,Central,8.0,42.0,5.0,0,Not Returned,4558.5,2026-06,8+ days
ORD101458,CUST3188,Fashion,2025-10-18,2084.14,1.0,0,24.36,UPI,North,3.0,34.0,5.0,0,Not Returned,2084.14,2025-10,1-3 days
ORD103161,CUST3552,Grocery,2025-10-13,412.34,1.0,5,43.64,Cash on Delivery,East,4.0,39.0,2.0,0,Not Returned,391.72299999999996,2025-10,4-5 days
ORD103604,CUST3504,Fashion,2025-11-28,1344.69,1.0,15,60.55,Credit Card,North,2.0,21.0,5.0,1,Better Price Found,1142.9865,2025-11,1-3 days
ORD100895,CUST3588,Sports,2025-09-14,2132.19,1.0,10,43.98,UPI,East,5.0,37.0,4.0,0,Not Returned,1918.971,2025-09,4-5 days
ORD104733,CUST1608,Electronics,2025-03-22,4558.5,3.0,5,60.09,Net Banking,South,6.0,27.0,4.0,0,Not Returned,12991.724999999999,2025-03,6-7 days
ORD101732,CUST4213,Toys,2025-03-20,240.25,1.0,20,31.41,Debit Card,South,7.0,40.0,2.0,0,Not Returned,192.20000000000002,2025-03,6-7 days
ORD105313,CUST3776,Fashion,2026-03-31,1536.9,1.0,5,17.88,Credit Card,North,10.0,31.0,5.0,0,Not Returned,1460.055,2026-03,8+ days
ORD102355,CUST1101,Grocery,2026-01-30,304.85,1.0,10,48.69,Cash on Delivery,East,1.0,33.0,3.0,0,Not Returned,274.365,2026-01,1-3 days
ORD100127,CUST4476,Beauty,2026-06-27,634.05,1.0,5,62.32,UPI,Central,6.0,40.0,3.0,0,Not Returned,602.3475,2026-06,6-7 days
ORD102165,CUST2744,Home & Kitchen,2025-12-26,2172.17,1.0,15,24.6,Credit Card,North,8.0,28.0,2.0,0,Not Returned,1846.3445,2025-12,8+ days
ORD103998,CUST4492,Grocery,2026-04-02,315.34,1.0,10,18.37,Debit Card,North,8.0,36.0,3.0,0,Not Returned,283.806,2026-04,8+ days
ORD100819,CUST3718,Sports,2024-10-17,2115.74,1.0,0,67.24,Net Banking,East,5.0,45.0,4.0,0,Not Returned,2115.74,2024-10,4-5 days
ORD103317,CUST2780,Grocery,2026-06-21,205.18,1.0,20,94.91,UPI,South,4.0,34.0,4.0,0,Not Returned,164.144,2026-06,4-5 days
ORD105578,CUST1451,Beauty,2025-08-13,606.62,1.0,0,27.03,Debit Card,Central,5.0,35.0,4.0,0,Not Returned,606.62,2025-08,4-5 days
ORD103845,CUST1395,Electronics,2024-08-26,4558.5,3.0,0,31.68,UPI,East,4.0,33.0,4.0,0,Not Returned,13675.5,2024-08,4-5 days
ORD100030,CUST2556,Electronics,2026-05-14,2329.6,2.0,0,76.77,Credit Card,North,6.0,43.0,4.0,0,Not Returned,4659.2,2026-05,6-7 days
ORD102460,CUST4473,Electronics,2025-12-16,4558.5,1.0,0,70.55,UPI,East,7.0,40.0,4.0,0,Not Returned,4558.5,2025-12,6-7 days
ORD105694,CUST1615,Electronics,2026-04-01,4558.5,1.0,5,47.39,UPI,South,4.0,19.0,4.0,0,Not Returned,4330.575,2026-04,4-5 days
ORD102904,CUST2626,Beauty,2025-07-12,885.73,2.0,0,203.85999999999999,Debit Card,North,6.0,37.0,4.0,0,Not Returned,1771.46,2025-07,6-7 days
ORD105712,CUST3919,Books,2024-09-17,359.42,1.0,15,108.15,Net Banking,West,3.0,18.0,4.0,0,Not Returned,305.507,2024-09,1-3 days
ORD104016,CUST2786,Sports,2025-10-02,1203.4,2.0,30,71.78,Credit Card,North,6.0,24.0,4.0,0,Not Returned,1684.76,2025-10,6-7 days
ORD102547,CUST3227,Fashion,2025-03-14,1311.2,2.0,0,10.1,UPI,East,5.0,24.0,4.0,1,Size Issue,2622.4,2025-03,4-5 days
ORD104958,CUST3970,Home & Kitchen,2025-02-09,1155.49,3.5,25,67.33500000000001,Debit Card,Central,2.0,33.0,4.0,0,Not Returned,3033.16125,2025-02,1-3 days
ORD100927,CUST3649,Home & Kitchen,2024-09-14,2258.57,1.0,25,11.68,Net Banking,Central,3.0,49.0,1.0,1,Defective Product,1693.9275000000002,2024-09,1-3 days
ORD105931,CUST2276,Electronics,2026-03-02,4558.5,1.0,15,43.83,Cash on Delivery,East,6.0,34.0,1.0,0,Not Returned,3874.725,2026-03,6-7 days
ORD105917,CUST1900,Fashion,2025-04-15,1911.11,2.0,10,75.28,Cash on Delivery,Central,6.0,53.0,4.0,0,Not Returned,3439.998,2025-04,6-7 days
ORD100450,CUST3866,Sports,2026-01-04,2638.74,1.0,0,70.41,Debit Card,Central,2.0,26.0,5.0,0,Not Returned,2638.74,2026-01,1-3 days
ORD103426,CUST3752,Home & Kitchen,2025-02-11,985.1,1.0,30,18.27,Cash on Delivery,Central,5.0,30.0,4.0,0,Not Returned,689.5699999999999,2025-02,4-5 days
ORD102882,CUST3155,Books,2025-01-04,536.57,1.0,5,111.01,Credit Card,Central,3.0,31.0,1.0,1,Changed Mind,509.74150000000003,2025-01,1-3 days
ORD101119,CUST3498,Books,2026-01-07,182.31,1.0,25,53.54,Cash on Delivery,South,4.0,41.0,5.0,0,Not Returned,136.73250000000002,2026-01,4-5 days
ORD102857,CUST1452,Books,2025-11-30,386.53,1.0,5,67.33500000000001,UPI,South,3.0,45.0,3.0,0,Not Returned,367.20349999999996,2025-11,1-3 days
ORD101781,CUST3773,Home & Kitchen,2025-08-29,2706.66,1.0,15,34.5,Net Banking,North,1.0,24.0,1.0,0,Not Returned,2300.6609999999996,2025-08,1-3 days
ORD103613,CUST3373,Fashion,2025-04-15,1511.63,1.0,5,16.14,Credit Card,East,5.0,24.0,1.0,0,Not Returned,1436.0485,2025-04,4-5 days
ORD100324,CUST4419,Grocery,2025-06-23,329.47,2.0,20,203.85999999999999,Cash on Delivery,Central,7.0,27.0,4.0,1,Defective Product,527.152,2025-06,6-7 days
ORD105852,CUST3125,Grocery,2026-04-25,434.01,1.0,10,43.46,Net Banking,Central,4.0,18.0,5.0,0,Not Returned,390.609,2026-04,4-5 days
ORD103648,CUST1211,Home & Kitchen,2025-05-12,1702.5,1.0,0,118.84,Debit Card,Central,4.0,19.0,5.0,1,Defective Product,1702.5,2025-05,4-5 days
ORD100456,CUST1374,Books,2025-02-18,267.3,3.5,5,102.45,Debit Card,North,3.0,48.0,5.0,0,Not Returned,888.7725,2025-02,1-3 days
ORD101353,CUST1996,Sports,2025-07-20,1738.65,2.0,0,49.84,UPI,North,5.0,29.0,5.0,1,Defective Product,3477.3,2025-07,4-5 days
ORD103709,CUST2066,Home & Kitchen,2024-11-19,1128.07,2.0,25,85.78,Credit Card,East,4.0,43.0,4.0,0,Not Returned,1692.105,2024-11,4-5 days
ORD104578,CUST1725,Sports,2025-05-07,1769.27,1.0,0,9.96,Net Banking,North,3.0,41.0,5.0,0,Not Returned,1769.27,2025-05,1-3 days
ORD104814,CUST4273,Books,2025-10-08,247.27,1.0,0,67.28,Debit Card,East,1.0,38.0,1.0,0,Not Returned,247.27,2025-10,1-3 days
ORD101496,CUST2355,Beauty,2025-09-26,630.29,1.0,20,70.74,Credit Card,West,6.0,34.0,4.0,0,Not Returned,504.23199999999997,2025-09,6-7 days
ORD105995,CUST1697,Books,2025-07-03,598.93,1.0,0,48.09,Credit Card,North,7.0,36.0,4.0,1,Better Price Found,598.93,2025-07,6-7 days
ORD103580,CUST1963,Grocery,2024-11-11,259.71,3.5,0,4.03,Debit Card,Central,5.0,18.0,4.0,0,Not Returned,908.9849999999999,2024-11,4-5 days
ORD105624,CUST2478,Beauty,2026-06-16,600.45,3.0,25,141.46,Cash on Delivery,East,3.0,16.0,3.0,0,Not Returned,1351.0125,2026-06,1-3 days
ORD104048,CUST2534,Home & Kitchen,2025-08-12,2659.7,1.0,0,38.58,Credit Card,East,8.0,37.0,3.0,0,Not Returned,2659.7,2025-08,8+ days
ORD101881,CUST3032,Electronics,2024-11-03,4558.5,1.0,30,18.61,UPI,North,6.0,16.0,4.0,0,Not Returned,3190.95,2024-11,6-7 days
ORD101736,CUST4178,Fashion,2026-08-18,1032.59,3.5,5,150.56,UPI,West,5.0,30.0,5.0,0,Not Returned,3433.3617499999996,2026-08,4-5 days
ORD100409,CUST2922,Beauty,2025-10-12,737.35,1.0,25,106.37,Net Banking,Central,2.0,31.0,5.0,0,Not Returned,553.0125,2025-10,1-3 days
ORD105433,CUST1598,Toys,2026-08-12,841.08,3.5,0,17.86,Net Banking,South,2.0,34.0,4.0,0,Not Returned,2943.78,2026-08,1-3 days
ORD102434,CUST3624,Fashion,2026-01-21,1859.27,2.0,15,12.09,Credit Card,East,6.0,40.0,5.0,1,Not as Described,3160.759,2026-01,6-7 days
ORD105572,CUST1098,Home & Kitchen,2026-06-16,4558.5,1.0,20,94.37,Cash on Delivery,West,2.0,50.0,4.0,0,Not Returned,3646.8,2026-06,1-3 days
ORD100136,CUST3276,Home & Kitchen,2026-08-16,2975.65,1.0,10,49.3,UPI,East,4.0,21.0,5.0,0,Not Returned,2678.085,2026-08,4-5 days
ORD102128,CUST3432,Beauty,2025-11-17,407.11,2.0,0,104.4,Credit Card,West,4.0,23.0,3.0,0,Not Returned,814.22,2025-11,4-5 days
ORD102651,CUST2147,Books,2026-06-19,384.44,2.0,0,163.95,Debit Card,West,3.0,41.0,3.0,0,Not Returned,768.88,2026-06,1-3 days
ORD105429,CUST3421,Toys,2026-08-14,1348.66,3.5,5,29.28,Credit Card,North,4.0,38.0,5.0,1,Better Price Found,4484.2945,2026-08,4-5 days
ORD104358,CUST1826,Toys,2024-11-16,782.03,1.0,0,64.81,Net Banking,East,2.0,41.0,5.0,0,Not Returned,782.03,2024-11,1-3 days
ORD100801,CUST4321,Toys,2025-07-14,594.33,1.0,15,201.59,Credit Card,West,10.5,36.0,4.0,0,Not Returned,505.1805,2025-07,8+ days
ORD104474,CUST3606,Grocery,2024-11-28,348.62,1.0,0,66.12,Cash on Delivery,West,1.0,59.0,3.0,0,Not Returned,348.62,2024-11,1-3 days
ORD102662,CUST2554,Electronics,2025-12-24,4558.5,1.0,10,51.92,Cash on Delivery,Central,4.0,60.0,5.0,0,Not Returned,4102.650000000001,2025-12,4-5 days
ORD104747,CUST2979,Beauty,2025-09-07,554.93,3.5,0,15.67,Cash on Delivery,Central,1.0,26.0,5.0,0,Not Returned,1942.2549999999999,2025-09,1-3 days
ORD100532,CUST1306,Grocery,2026-07-29,106.6,2.0,0,124.16,Net Banking,East,5.0,58.0,4.0,0,Not Returned,213.2,2026-07,4-5 days
ORD102280,CUST3662,Toys,2026-08-06,658.02,1.0,5,35.57,Net Banking,West,5.0,42.0,3.0,0,Not Returned,625.1189999999999,2026-08,4-5 days
ORD105177,CUST4000,Sports,2025-01-19,1988.03,1.0,30,30.61,Net Banking,West,4.0,23.0,4.0,0,Not Returned,1391.6209999999999,2025-01,4-5 days
ORD103164,CUST3588,Toys,2025-09-02,1051.53,1.0,0,65.32,Debit Card,North,9.0,18.0,4.0,0,Not Returned,1051.53,2025-09,8+ days
ORD103688,CUST2686,Home & Kitchen,2025-12-03,3095.33,1.0,0,19.0,Cash on Delivery,North,1.0,16.0,4.0,0,Not Returned,3095.33,2025-12,1-3 days
ORD103421,CUST2372,Toys,2026-05-08,368.7,1.0,10,89.55,Cash on Delivery,North,2.0,40.0,2.0,0,Not Returned,331.83,2026-05,1-3 days
ORD103465,CUST2808,Grocery,2025-12-02,367.02,1.0,15,91.69,UPI,South,9.0,23.0,5.0,1,Wrong Item Delivered,311.967,2025-12,8+ days
ORD104555,CUST2769,Fashion,2026-08-19,1154.82,1.0,0,72.76,Cash on Delivery,East,5.0,44.0,4.0,0,Not Returned,1154.82,2026-08,4-5 days
ORD100539,CUST4110,Books,2025-11-20,346.49,1.0,0,37.34,Cash on Delivery,Central,3.0,20.0,4.0,0,Not Returned,346.49,2025-11,1-3 days
ORD102998,CUST3659,Toys,2025-03-20,1097.25,1.0,0,29.05,Net Banking,South,8.0,52.0,5.0,1,Defective Product,1097.25,2025-03,8+ days
ORD104473,CUST4120,Fashion,2025-11-04,1140.7,2.0,0,7.11,Debit Card,East,7.0,24.0,2.0,0,Not Returned,2281.4,2025-11,6-7 days
ORD103415,CUST3779,Home & Kitchen,2025-07-13,3152.23,2.0,10,60.82,Net Banking,West,4.0,30.0,4.0,0,Not Returned,5674.014,2025-07,4-5 days
ORD103649,CUST2497,Fashion,2024-11-08,1720.71,1.0,15,37.88,Net Banking,West,4.0,37.0,4.0,1,Not as Described,1462.6035,2024-11,4-5 days
ORD103224,CUST3114,Grocery,2026-04-11,451.9,1.0,20,22.83,Credit Card,East,5.0,41.0,5.0,1,Not as Described,361.52,2026-04,4-5 days
ORD100034,CUST3874,Home & Kitchen,2025-12-21,3761.11,1.0,25,16.61,Cash on Delivery,West,5.0,27.0,1.0,0,Not Returned,2820.8325,2025-12,4-5 days
ORD103448,CUST2206,Home & Kitchen,2024-12-31,1859.94,2.0,0,36.47,Cash on Delivery,West,5.0,20.0,4.0,0,Not Returned,3719.88,2024-12,4-5 days
ORD103223,CUST1402,Books,2026-03-04,367.37,1.0,25,13.92,UPI,East,2.0,42.0,5.0,0,Not Returned,275.52750000000003,2026-03,1-3 days
ORD102839,CUST2918,Sports,2025-04-12,1125.08,1.0,15,47.22,UPI,South,5.0,49.0,1.0,0,Not Returned,956.3179999999999,2025-04,4-5 days
ORD100743,CUST4130,Grocery,2026-03-02,442.53,1.0,15,203.85999999999999,Net Banking,Central,4.0,29.0,4.0,0,Not Returned,376.15049999999997,2026-03,4-5 days
ORD103365,CUST3739,Beauty,2026-02-12,759.84,1.0,0,67.33500000000001,UPI,West,8.0,33.0,4.0,0,Not Returned,759.84,2026-02,8+ days
ORD100903,CUST3228,Home & Kitchen,2026-07-16,3987.62,3.5,10,10.67,Net Banking,East,2.0,46.0,4.0,0,Not Returned,12561.003,2026-07,1-3 days
ORD103340,CUST2993,Fashion,2024-12-02,1136.51,1.0,25,96.52,Net Banking,South,4.0,42.0,5.0,0,Not Returned,852.3824999999999,2024-12,4-5 days
ORD100262,CUST1298,Beauty,2026-05-02,1012.185,1.0,0,77.38,UPI,South,4.0,29.0,5.0,1,Changed Mind,1012.185,2026-05,4-5 days
ORD101916,CUST3705,Fashion,2025-09-17,807.72,1.0,10,41.4,Net Banking,West,6.0,38.0,5.0,0,Not Returned,726.9480000000001,2025-09,6-7 days
ORD102953,CUST1534,Toys,2026-03-07,1218.05,1.0,25,49.06,Credit Card,South,2.0,34.0,2.0,0,Not Returned,913.5374999999999,2026-03,1-3 days
ORD104239,CUST4446,Sports,2026-06-10,1382.09,1.0,0,42.74,Cash on Delivery,East,7.0,39.0,4.0,0,Not Returned,1382.09,2026-06,6-7 days
ORD102296,CUST1599,Electronics,2025-12-31,1012.185,1.0,5,82.6,Net Banking,West,7.0,31.0,5.0,0,Not Returned,961.5757499999999,2025-12,6-7 days
ORD103583,CUST3772,Grocery,2025-01-11,359.68,1.0,5,32.17,Cash on Delivery,South,2.0,53.0,2.0,0,Not Returned,341.69599999999997,2025-01,1-3 days
ORD102892,CUST2382,Books,2025-06-08,511.18,1.0,10,155.5,Credit Card,South,6.0,26.0,5.0,1,Size Issue,460.062,2025-06,6-7 days
ORD103303,CUST3442,Sports,2026-01-02,374.25,1.0,10,54.95,Debit Card,West,5.0,24.0,4.0,0,Not Returned,336.825,2026-01,4-5 days
ORD103397,CUST4365,Home & Kitchen,2025-10-28,4219.04,1.0,15,80.74,Credit Card,West,3.0,38.0,3.0,0,Not Returned,3586.1839999999997,2025-10,1-3 days
ORD104735,CUST2147,Sports,2025-11-22,4558.5,1.0,0,128.95,UPI,North,3.0,16.0,1.0,0,Not Returned,4558.5,2025-11,1-3 days
ORD102169,CUST1698,Beauty,2025-12-16,488.99,1.0,20,11.01,UPI,South,6.0,59.0,4.0,0,Not Returned,391.192,2025-12,6-7 days
ORD104922,CUST1875,Home & Kitchen,2024-11-15,2328.44,2.0,10,27.5,Cash on Delivery,Central,9.0,36.0,4.0,0,Not Returned,4191.192,2024-11,8+ days
ORD100497,CUST2195,Beauty,2026-07-01,777.05,1.0,0,203.85999999999999,UPI,East,6.0,16.0,5.0,0,Not Returned,777.05,2026-07,6-7 days
ORD102478,CUST2120,Toys,2025-11-25,888.48,2.0,10,17.09,Debit Card,Central,5.0,34.0,4.0,0,Not Returned,1599.2640000000001,2025-11,4-5 days
ORD104432,CUST1401,Books,2025-05-10,245.59,1.0,25,18.25,UPI,West,7.0,23.0,4.0,0,Not Returned,184.1925,2025-05,6-7 days
ORD104548,CUST3396,Fashion,2025-11-24,1463.66,3.5,10,93.62,Debit Card,South,1.0,46.0,5.0,0,Not Returned,4610.529,2025-11,1-3 days
ORD104396,CUST3856,Toys,2025-12-08,896.45,1.0,5,37.63,Credit Card,Central,4.0,43.0,3.0,1,Wrong Item Delivered,851.6275,2025-12,4-5 days
ORD104493,CUST2949,Home & Kitchen,2025-01-04,1625.25,1.0,0,203.85999999999999,Credit Card,East,4.0,31.0,1.0,0,Not Returned,1625.25,2025-01,4-5 days
ORD100997,CUST1513,Books,2025-10-13,576.94,1.0,0,26.93,UPI,Central,3.0,25.0,1.0,0,Not Returned,576.94,2025-10,1-3 days
ORD103743,CUST3478,Electronics,2025-04-08,4558.5,1.0,5,110.17,Credit Card,East,6.0,44.0,4.0,1,Wrong Item Delivered,4330.575,2025-04,6-7 days
ORD101662,CUST3432,Books,2025-08-19,280.09,1.0,10,100.32,Net Banking,East,8.0,38.0,4.0,1,Size Issue,252.081,2025-08,8+ days
ORD104977,CUST1579,Sports,2024-09-26,1683.94,2.0,0,61.89,Debit Card,West,1.0,28.0,5.0,0,Not Returned,3367.88,2024-09,1-3 days
ORD105492,CUST3487,Home & Kitchen,2025-05-31,2527.91,2.0,10,67.12,Net Banking,South,7.0,32.0,1.0,1,Wrong Item Delivered,4550.238,2025-05,6-7 days
ORD103001,CUST2292,Electronics,2024-10-30,4558.5,1.0,5,62.62,Credit Card,East,2.0,34.0,3.0,0,Not Returned,4330.575,2024-10,1-3 days
ORD102081,CUST1796,Books,2024-10-10,333.14,1.0,25,26.91,Credit Card,East,5.0,34.0,4.0,0,Not Returned,249.855,2024-10,4-5 days
ORD104313,CUST2389,Grocery,2026-06-14,371.27,1.0,5,56.87,Credit Card,South,4.0,21.0,3.0,0,Not Returned,352.70649999999995,2026-06,4-5 days
ORD103313,CUST1801,Beauty,2025-10-15,988.81,1.0,15,47.53,UPI,North,1.0,53.0,5.0,0,Not Returned,840.4884999999999,2025-10,1-3 days
ORD100198,CUST2664,Fashion,2025-10-02,780.68,2.0,15,83.5,UPI,South,4.0,31.0,3.0,1,Late Delivery,1327.156,2025-10,4-5 days
ORD104777,CUST2239,Electronics,2025-04-16,4558.5,1.0,5,39.22,Net Banking,South,8.0,23.0,5.0,0,Not Returned,4330.575,2025-04,8+ days
ORD102063,CUST3751,Books,2025-08-01,348.21,2.0,25,84.29,Net Banking,North,8.0,40.0,4.0,0,Not Returned,522.3149999999999,2025-08,8+ days
ORD104370,CUST2676,Toys,2025-06-28,1240.63,2.0,0,32.94,Credit Card,North,4.0,38.0,5.0,0,Not Returned,2481.26,2025-06,4-5 days
ORD104562,CUST2883,Home & Kitchen,2025-04-25,1317.12,1.0,10,111.61,Credit Card,North,4.0,41.0,5.0,0,Not Returned,1185.408,2025-04,4-5 days
ORD101844,CUST4427,Home & Kitchen,2026-07-13,2684.73,1.0,0,47.32,Debit Card,East,5.0,17.0,5.0,0,Not Returned,2684.73,2026-07,4-5 days
ORD100547,CUST3842,Grocery,2025-07-09,286.88,1.0,10,33.14,Credit Card,West,3.0,38.0,2.0,0,Not Returned,258.192,2025-07,1-3 days
ORD104529,CUST3400,Electronics,2025-03-03,4558.5,1.0,0,77.09,UPI,North,9.0,36.0,4.0,0,Not Returned,4558.5,2025-03,8+ days
ORD104024,CUST1226,Home & Kitchen,2026-03-13,1564.91,1.0,0,15.59,Credit Card,East,1.0,51.0,1.0,1,Late Delivery,1564.91,2026-03,1-3 days
ORD100564,CUST2415,Grocery,2025-07-07,133.72,3.0,0,67.33500000000001,Net Banking,East,6.0,36.0,3.0,1,Better Price Found,401.15999999999997,2025-07,6-7 days
ORD100694,CUST4026,Grocery,2024-10-28,261.65,1.0,15,12.25,Debit Card,North,3.0,38.0,5.0,1,Size Issue,222.40249999999997,2024-10,1-3 days
ORD105799,CUST1514,Books,2026-07-09,224.02,1.0,20,134.69,Cash on Delivery,West,7.0,24.0,5.0,1,Late Delivery,179.216,2026-07,6-7 days
ORD104388,CUST2246,Toys,2026-01-13,563.98,1.0,10,61.02,Net Banking,South,6.0,33.0,2.0,0,Not Returned,507.58200000000005,2026-01,6-7 days
ORD102956,CUST3340,Fashion,2025-06-03,944.89,1.0,30,194.98,Net Banking,North,6.0,52.0,4.0,0,Not Returned,661.423,2025-06,6-7 days
ORD103437,CUST1376,Electronics,2024-09-05,4558.5,1.0,25,42.15,Debit Card,South,6.0,51.0,5.0,1,Defective Product,3418.875,2024-09,6-7 days
ORD101050,CUST2263,Electronics,2025-08-18,4558.5,2.0,20,126.77,Debit Card,North,5.0,38.0,5.0,0,Not Returned,7293.6,2025-08,4-5 days
ORD103915,CUST4078,Toys,2024-10-13,655.77,1.0,0,67.33500000000001,UPI,West,7.0,16.0,5.0,0,Not Returned,655.77,2024-10,6-7 days
ORD100704,CUST3078,Electronics,2024-11-02,4558.5,1.0,0,10.53,Debit Card,South,5.0,44.0,5.0,0,Not Returned,4558.5,2024-11,4-5 days
ORD101332,CUST1563,Beauty,2024-08-23,474.56,1.0,0,67.33500000000001,Credit Card,West,5.0,38.0,2.0,1,Wrong Item Delivered,474.56,2024-08,4-5 days
ORD103734,CUST1225,Books,2024-10-25,676.72,1.0,15,35.7,UPI,West,4.0,26.0,5.0,0,Not Returned,575.212,2024-10,4-5 days
ORD105140,CUST3969,Sports,2026-02-13,1439.77,2.0,0,81.53,UPI,Central,4.0,32.0,4.0,0,Not Returned,2879.54,2026-02,4-5 days
ORD103921,CUST3238,Home & Kitchen,2026-05-09,3168.96,2.0,0,45.15,Cash on Delivery,Central,3.0,34.0,4.0,0,Not Returned,6337.92,2026-05,1-3 days
ORD101116,CUST2451,Books,2025-04-26,261.87,3.0,25,27.54,UPI,West,9.0,35.0,4.0,0,Not Returned,589.2075,2025-04,8+ days
ORD101399,CUST1336,Toys,2026-01-22,1191.06,1.0,25,95.78,UPI,Central,5.0,46.0,5.0,0,Not Returned,893.295,2026-01,4-5 days
ORD103690,CUST2336,Grocery,2025-12-04,220.1,2.0,15,73.16,Debit Card,North,6.0,34.0,4.0,1,Wrong Item Delivered,374.16999999999996,2025-12,6-7 days
ORD104995,CUST4250,Fashion,2026-04-10,1439.0,1.0,0,94.56,UPI,North,6.0,16.0,5.0,0,Not Returned,1439.0,2026-04,6-7 days
ORD101438,CUST3846,Books,2025-03-20,350.77,1.0,10,67.33500000000001,Debit Card,West,2.0,45.0,4.0,1,Better Price Found,315.693,2025-03,1-3 days
ORD104843,CUST3935,Home & Kitchen,2025-01-14,3078.68,1.0,10,114.06,Cash on Delivery,East,7.0,33.0,2.0,1,Wrong Item Delivered,2770.812,2025-01,6-7 days
ORD100240,CUST3270,Grocery,2026-01-10,250.25,1.0,30,65.92,Cash on Delivery,North,4.0,29.0,3.0,0,Not Returned,175.17499999999998,2026-01,4-5 days
ORD101158,CUST1148,Books,2024-12-25,339.24,1.0,15,38.37,Cash on Delivery,North,1.0,34.0,5.0,0,Not Returned,288.354,2024-12,1-3 days
ORD104678,CUST3693,Grocery,2025-09-01,1012.185,1.0,20,91.49,Net Banking,West,5.0,53.0,3.0,0,Not Returned,809.748,2025-09,4-5 days
ORD100455,CUST3472,Home & Kitchen,2026-02-06,2864.81,1.0,15,67.82,Credit Card,South,2.0,54.0,5.0,0,Not Returned,2435.0885,2026-02,1-3 days
ORD104558,CUST2403,Electronics,2026-05-27,4558.5,1.0,0,58.73,Net Banking,North,7.0,34.0,4.0,0,Not Returned,4558.5,2026-05,6-7 days
ORD104840,CUST2944,Books,2026-01-19,107.24,1.0,5,158.59,Net Banking,Central,7.0,16.0,4.0,0,Not Returned,101.87799999999999,2026-01,6-7 days
ORD105480,CUST3063,Electronics,2025-09-05,1012.185,1.0,0,17.45,Credit Card,South,9.0,28.0,2.0,0,Not Returned,1012.185,2025-09,8+ days
ORD103021,CUST3508,Fashion,2026-07-22,898.67,3.5,10,17.72,Credit Card,South,3.0,34.0,4.0,0,Not Returned,2830.8105,2026-07,1-3 days
ORD100105,CUST2140,Grocery,2025-08-29,187.59,3.0,20,108.5,Net Banking,North,9.0,26.0,3.0,0,Not Returned,450.216,2025-08,8+ days
ORD101893,CUST2718,Toys,2025-07-05,1052.97,1.0,15,153.9,Net Banking,Central,5.0,29.0,2.0,1,Late Delivery,895.0245,2025-07,4-5 days
ORD100727,CUST3324,Fashion,2025-04-13,2003.35,2.0,10,5.63,Credit Card,East,2.0,37.0,5.0,0,Not Returned,3606.0299999999997,2025-04,1-3 days
ORD103838,CUST4102,Books,2026-03-08,174.66,1.0,10,23.66,Credit Card,South,6.0,39.0,5.0,1,Wrong Item Delivered,157.194,2026-03,6-7 days
ORD104361,CUST4314,Toys,2025-02-14,418.57,1.0,10,56.8,Credit Card,South,5.0,34.0,5.0,0,Not Returned,376.713,2025-02,4-5 days
ORD105168,CUST2265,Beauty,2025-10-30,363.6,1.0,5,23.28,Net Banking,North,5.0,45.0,3.0,0,Not Returned,345.42,2025-10,4-5 days
ORD103725,CUST3349,Electronics,2026-08-05,4558.5,2.0,0,45.57,Credit Card,South,4.0,27.0,1.0,0,Not Returned,9117.0,2026-08,4-5 days
ORD100822,CUST2605,Fashion,2026-01-11,1193.19,1.0,15,67.33500000000001,Credit Card,East,4.0,46.0,4.0,0,Not Returned,1014.2115,2026-01,4-5 days
ORD103242,CUST3551,Toys,2024-11-10,900.55,1.0,15,105.14,Cash on Delivery,Central,6.0,44.0,5.0,1,Better Price Found,765.4675,2024-11,6-7 days
ORD105070,CUST1510,Books,2024-10-20,556.73,1.0,0,97.7,Credit Card,West,6.0,38.0,4.0,1,Wrong Item Delivered,556.73,2024-10,6-7 days
ORD101005,CUST1226,Home & Kitchen,2025-08-21,3299.98,1.0,5,146.34,Credit Card,North,7.0,33.0,5.0,0,Not Returned,3134.9809999999998,2025-08,6-7 days
ORD100196,CUST3731,Fashion,2025-12-30,1259.17,1.0,25,10.7,Cash on Delivery,West,6.0,28.0,4.0,0,Not Returned,944.3775,2025-12,6-7 days
ORD105378,CUST3959,Electronics,2025-05-01,2550.49,1.0,10,22.26,Net Banking,Central,4.0,17.0,4.0,0,Not Returned,2295.441,2025-05,4-5 days
ORD102746,CUST2268,Books,2025-11-29,437.94,2.0,5,68.18,Credit Card,West,6.0,42.0,4.0,0,Not Returned,832.086,2025-11,6-7 days
ORD105277,CUST2563,Grocery,2025-02-21,1012.185,2.0,0,14.58,Cash on Delivery,Central,3.0,39.0,4.0,0,Not Returned,2024.37,2025-02,1-3 days
ORD102881,CUST2578,Fashion,2025-02-03,174.51,1.0,0,35.04,Net Banking,Central,5.0,17.0,1.0,0,Not Returned,174.51,2025-02,4-5 days
ORD105743,CUST1633,Grocery,2025-10-02,396.94,1.0,15,78.64,Cash on Delivery,South,5.0,26.0,4.0,0,Not Returned,337.399,2025-10,4-5 days
ORD104639,CUST1391,Sports,2025-07-05,1952.61,1.0,25,52.96,UPI,South,6.0,38.0,4.0,0,Not Returned,1464.4575,2025-07,6-7 days
ORD104942,CUST2302,Beauty,2026-05-27,806.44,1.0,25,129.43,Net Banking,South,9.0,45.0,4.0,0,Not Returned,604.83,2026-05,8+ days
ORD102961,CUST3359,Fashion,2025-04-12,1494.59,1.0,30,117.73,Credit Card,South,6.0,48.0,4.0,0,Not Returned,1046.213,2025-04,6-7 days
ORD105331,CUST4334,Books,2026-05-25,456.82,1.0,20,136.48,UPI,North,7.0,47.0,4.0,0,Not Returned,365.456,2026-05,6-7 days
ORD103717,CUST4147,Books,2026-06-30,495.09,1.0,15,120.18,Credit Card,Central,7.0,37.0,4.0,0,Not Returned,420.82649999999995,2026-06,6-7 days
ORD103026,CUST3220,Home & Kitchen,2025-04-16,2829.61,2.0,20,37.15,UPI,North,5.0,17.0,2.0,0,Not Returned,4527.376,2025-04,4-5 days
ORD105563,CUST2259,Home & Kitchen,2026-04-07,1059.4,3.0,0,49.06,Cash on Delivery,South,6.0,48.0,4.0,0,Not Returned,3178.2000000000003,2026-04,6-7 days
ORD101364,CUST3317,Beauty,2026-03-15,366.39,2.0,10,68.51,UPI,Central,2.0,31.0,2.0,0,Not Returned,659.502,2026-03,1-3 days
ORD102456,CUST2191,Beauty,2025-10-23,459.63,1.0,5,72.14,Credit Card,East,3.0,64.0,3.0,0,Not Returned,436.64849999999996,2025-10,1-3 days
ORD102306,CUST3838,Grocery,2026-01-09,221.71,1.0,0,34.36,Credit Card,South,7.0,30.0,4.0,0,Not Returned,221.71,2026-01,6-7 days
ORD100023,CUST2200,Home & Kitchen,2024-10-15,1269.4,2.0,0,64.9,UPI,Central,4.0,42.0,5.0,0,Not Returned,2538.8,2024-10,4-5 days
ORD100636,CUST3641,Grocery,2025-05-14,544.09,1.0,0,36.46,UPI,North,2.0,52.0,1.0,0,Not Returned,544.09,2025-05,1-3 days
ORD105825,CUST4301,Home & Kitchen,2026-08-16,1493.65,1.0,20,29.64,Credit Card,West,5.0,25.0,5.0,0,Not Returned,1194.92,2026-08,4-5 days
ORD100430,CUST1332,Grocery,2025-02-28,212.63,1.0,10,19.72,Net Banking,East,3.0,37.0,4.0,1,Not as Described,191.367,2025-02,1-3 days
ORD100720,CUST2641,Home & Kitchen,2025-10-06,952.08,3.0,20,87.46,Debit Card,South,4.0,23.0,3.0,0,Not Returned,2284.992,2025-10,4-5 days
ORD105585,CUST3456,Home & Kitchen,2025-09-10,2296.88,2.0,10,71.72,Credit Card,North,6.0,46.0,4.0,0,Not Returned,4134.384,2025-09,6-7 days
ORD101678,CUST1342,Sports,2024-12-08,1091.55,1.0,0,70.94,Debit Card,East,3.0,34.0,4.0,0,Not Returned,1091.55,2024-12,1-3 days
ORD104035,CUST4174,Beauty,2025-10-17,564.23,1.0,5,35.46,UPI,South,3.0,57.0,5.0,0,Not Returned,536.0185,2025-10,1-3 days
ORD102315,CUST3652,Grocery,2026-01-16,282.14,1.0,0,74.58,Debit Card,North,9.0,16.0,5.0,0,Not Returned,282.14,2026-01,8+ days
ORD104140,CUST2363,Books,2024-09-30,263.37,1.0,15,51.69,Cash on Delivery,Central,3.0,30.0,3.0,0,Not Returned,223.8645,2024-09,1-3 days
ORD101305,CUST2473,Home & Kitchen,2025-04-01,3326.04,1.0,0,203.85999999999999,Cash on Delivery,East,4.0,20.0,3.0,0,Not Returned,3326.04,2025-04,4-5 days
ORD101210,CUST2343,Beauty,2024-12-06,1012.2,1.0,15,76.8,Net Banking,West,5.0,49.0,4.0,0,Not Returned,860.37,2024-12,4-5 days
ORD102147,CUST1826,Toys,2025-09-05,936.33,1.0,15,203.85999999999999,Net Banking,West,5.0,42.0,5.0,0,Not Returned,795.8805,2025-09,4-5 days
ORD103673,CUST2600,Toys,2024-10-21,920.75,1.0,20,48.53,Cash on Delivery,West,8.0,26.0,5.0,1,Wrong Item Delivered,736.6,2024-10,8+ days
ORD105062,CUST1870,Electronics,2025-10-07,4558.5,1.0,25,117.4,UPI,North,6.0,37.0,2.0,1,Late Delivery,3418.875,2025-10,6-7 days
ORD102327,CUST3906,Fashion,2025-04-17,1330.76,1.0,0,61.76,Net Banking,North,9.0,16.0,3.0,0,Not Returned,1330.76,2025-04,8+ days
ORD100619,CUST1477,Fashion,2025-12-06,1703.72,1.0,5,67.33500000000001,Debit Card,North,5.0,42.0,3.0,1,Late Delivery,1618.5339999999999,2025-12,4-5 days
ORD103908,CUST4022,Home & Kitchen,2024-09-09,3434.93,1.0,0,23.24,Net Banking,Central,3.0,19.0,4.0,0,Not Returned,3434.93,2024-09,1-3 days
ORD102623,CUST3772,Grocery,2026-08-15,334.61,1.0,15,111.21,Cash on Delivery,South,5.0,21.0,5.0,0,Not Returned,284.4185,2026-08,4-5 days
ORD104306,CUST3550,Books,2024-11-12,430.85,1.0,0,49.05,Net Banking,North,7.0,48.0,3.0,0,Not Returned,430.85,2024-11,6-7 days
ORD105702,CUST4307,Books,2026-05-27,704.4,3.5,25,46.14,Credit Card,Central,4.0,30.0,4.0,1,Size Issue,1849.0500000000002,2026-05,4-5 days
ORD105374,CUST1235,Sports,2026-05-01,1322.72,1.0,20,96.91,UPI,North,6.0,38.0,5.0,1,Not as Described,1058.1760000000002,2026-05,6-7 days
ORD102922,CUST4007,Toys,2026-06-20,901.93,2.0,5,85.67,Debit Card,West,3.0,27.0,3.0,0,Not Returned,1713.667,2026-06,1-3 days
ORD105677,CUST1044,Electronics,2025-01-20,4044.92,1.0,0,67.33500000000001,UPI,Central,1.0,22.0,2.0,0,Not Returned,4044.92,2025-01,1-3 days
ORD104830,CUST3147,Electronics,2025-03-19,4558.5,1.0,15,110.62,Debit Card,Central,3.0,30.0,5.0,0,Not Returned,3874.725,2025-03,1-3 days
ORD105111,CUST4007,Electronics,2026-06-11,4558.5,1.0,5,16.71,Debit Card,Central,4.0,34.0,4.0,0,Not Returned,4330.575,2026-06,4-5 days
ORD101932,CUST2562,Fashion,2025-05-17,2407.11,3.0,0,24.52,Debit Card,South,5.0,55.0,3.0,1,Wrong Item Delivered,7221.33,2025-05,4-5 days
ORD103219,CUST2393,Grocery,2024-12-09,186.26,1.0,30,51.65,Net Banking,West,6.0,32.0,2.0,1,Changed Mind,130.38199999999998,2024-12,6-7 days
ORD103622,CUST1401,Toys,2026-01-10,495.05,2.0,0,7.39,UPI,Central,2.0,31.0,3.0,0,Not Returned,990.1,2026-01,1-3 days
ORD103444,CUST4128,Fashion,2025-05-20,1372.9,1.0,0,116.14,Debit Card,South,6.0,49.0,2.0,0,Not Returned,1372.9,2025-05,6-7 days
ORD102508,CUST2660,Home & Kitchen,2025-08-31,3371.08,1.0,15,102.66,Net Banking,East,7.0,39.0,3.0,0,Not Returned,2865.4179999999997,2025-08,6-7 days
ORD105671,CUST2105,Electronics,2025-06-25,4558.5,3.0,5,16.5,UPI,East,7.0,36.0,3.0,0,Not Returned,12991.724999999999,2025-06,6-7 days
ORD102736,CUST3717,Sports,2024-09-08,1952.31,1.0,15,81.8,UPI,South,7.0,48.0,5.0,0,Not Returned,1659.4634999999998,2024-09,6-7 days
ORD105305,CUST3411,Electronics,2026-05-20,4558.5,3.5,0,29.47,Cash on Delivery,North,5.0,24.0,5.0,0,Not Returned,15954.75,2026-05,4-5 days
ORD105629,CUST4390,Books,2025-02-12,50.0,2.0,10,20.01,UPI,North,3.0,50.0,4.0,1,Wrong Item Delivered,90.0,2025-02,1-3 days
ORD100717,CUST2265,Home & Kitchen,2026-01-14,4558.5,1.0,15,70.51,Net Banking,Central,6.0,22.0,1.0,0,Not Returned,3874.725,2026-01,6-7 days
ORD102407,CUST2248,Toys,2026-07-12,1359.97,2.0,0,198.32,Net Banking,Central,4.0,16.0,5.0,1,Defective Product,2719.94,2026-07,4-5 days
ORD105819,CUST3436,Electronics,2024-12-26,4558.5,1.0,5,90.25,Net Banking,East,8.0,23.0,4.0,0,Not Returned,4330.575,2024-12,8+ days
ORD104957,CUST1155,Books,2025-01-15,413.07,1.0,30,43.65,Net Banking,South,5.0,33.0,4.0,0,Not Returned,289.149,2025-01,4-5 days
ORD100527,CUST1411,Beauty,2025-04-18,296.52,1.0,5,67.33500000000001,UPI,North,3.0,35.0,3.0,1,Defective Product,281.69399999999996,2025-04,1-3 days
ORD102053,CUST1573,Beauty,2025-04-09,954.08,1.0,25,66.86,Net Banking,West,7.0,30.0,5.0,0,Not Returned,715.5600000000001,2025-04,6-7 days
ORD101657,CUST2604,Home & Kitchen,2025-01-03,2616.49,1.0,0,203.85999999999999,Cash on Delivery,East,7.0,47.0,5.0,0,Not Returned,2616.49,2025-01,6-7 days
ORD102318,CUST3969,Toys,2025-01-09,433.84,1.0,0,48.61,Credit Card,West,8.0,33.0,5.0,1,Wrong Item Delivered,433.84,2025-01,8+ days
ORD101947,CUST1323,Books,2025-08-02,505.01,2.0,5,65.37,Credit Card,East,3.0,42.0,4.0,1,Better Price Found,959.5189999999999,2025-08,1-3 days
ORD105159,CUST1037,Sports,2024-11-04,1012.185,2.0,25,51.34,Debit Card,South,5.0,29.0,4.0,1,Defective Product,1518.2775,2024-11,4-5 days
ORD104790,CUST2628,Beauty,2026-07-15,868.4,1.0,0,94.6,Debit Card,North,8.0,24.0,5.0,0,Not Returned,868.4,2026-07,8+ days
ORD105184,CUST1652,Electronics,2026-06-16,4558.5,1.0,25,10.62,Net Banking,South,7.0,19.0,4.0,0,Not Returned,3418.875,2026-06,6-7 days
ORD103190,CUST3199,Fashion,2025-07-21,1808.03,3.5,10,84.21,UPI,South,7.0,34.0,4.0,0,Not Returned,5695.2945,2025-07,6-7 days
ORD100524,CUST3028,Home & Kitchen,2026-08-05,4086.73,3.5,0,50.48,Net Banking,East,3.0,27.0,1.0,0,Not Returned,14303.555,2026-08,1-3 days
ORD105728,CUST4125,Fashion,2026-08-04,185.35,2.0,20,60.16,Net Banking,South,3.0,26.0,5.0,0,Not Returned,296.56,2026-08,1-3 days
ORD100910,CUST4002,Books,2025-04-28,283.2,1.0,25,125.17,Net Banking,West,4.0,32.0,2.0,1,Not as Described,212.39999999999998,2025-04,4-5 days
ORD102541,CUST4295,Electronics,2025-05-02,4558.5,1.0,10,137.23,UPI,West,4.0,22.0,1.0,0,Not Returned,4102.650000000001,2025-05,4-5 days
ORD103681,CUST3217,Electronics,2026-07-28,4558.5,2.0,20,63.46,Cash on Delivery,West,3.0,44.0,4.0,0,Not Returned,7293.6,2026-07,1-3 days
ORD100503,CUST1559,Fashion,2025-08-25,2204.12,1.0,10,88.1,Debit Card,South,3.0,27.0,4.0,0,Not Returned,1983.7079999999999,2025-08,1-3 days
ORD100124,CUST3671,Home & Kitchen,2024-10-29,3235.56,1.0,10,38.33,Credit Card,South,4.0,16.0,4.0,0,Not Returned,2912.004,2024-10,4-5 days
ORD101470,CUST2358,Sports,2026-07-26,2094.27,2.0,10,50.28,Cash on Delivery,East,3.0,16.0,4.0,0,Not Returned,3769.686,2026-07,1-3 days
ORD104739,CUST4213,Fashion,2026-02-01,895.95,3.0,0,51.18,Credit Card,East,4.0,23.0,2.0,0,Not Returned,2687.8500000000004,2026-02,4-5 days
ORD101284,CUST3648,Beauty,2025-01-14,839.88,1.0,20,86.15,Net Banking,North,4.0,39.0,1.0,0,Not Returned,671.904,2025-01,4-5 days
ORD105434,CUST3525,Sports,2025-06-26,2333.95,1.0,10,37.46,Debit Card,South,5.0,16.0,5.0,0,Not Returned,2100.555,2025-06,4-5 days
ORD101094,CUST3685,Toys,2025-07-31,814.19,1.0,15,104.02,UPI,Central,4.0,48.0,2.0,1,Wrong Item Delivered,692.0615,2025-07,4-5 days
ORD104444,CUST3005,Sports,2026-06-30,2093.79,1.0,0,131.59,Credit Card,North,4.0,54.0,1.0,0,Not Returned,2093.79,2026-06,4-5 days
ORD101774,CUST4307,Books,2024-10-24,447.57,2.0,20,203.85999999999999,Credit Card,East,5.0,42.0,5.0,0,Not Returned,716.1120000000001,2024-10,4-5 days
ORD101212,CUST1841,Grocery,2024-11-11,404.15,1.0,5,65.73,Cash on Delivery,West,5.0,33.0,4.0,0,Not Returned,383.94249999999994,2024-11,4-5 days
ORD101183,CUST4087,Beauty,2025-02-07,378.5,1.0,20,60.48,Cash on Delivery,North,6.0,38.0,5.0,0,Not Returned,302.8,2025-02,6-7 days
ORD100224,CUST3984,Sports,2025-07-02,1950.17,3.0,15,76.94,Credit Card,North,7.0,16.0,4.0,1,Defective Product,4972.9335,2025-07,6-7 days
ORD103213,CUST1716,Grocery,2025-09-06,344.91,1.0,10,67.33500000000001,Debit Card,North,4.0,34.0,5.0,0,Not Returned,310.41900000000004,2025-09,4-5 days
ORD101951,CUST3775,Electronics,2026-03-27,4520.09,1.0,25,174.39,Net Banking,North,5.0,32.0,3.0,1,Changed Mind,3390.0675,2026-03,4-5 days
ORD101040,CUST1501,Grocery,2025-02-11,232.68,1.0,10,53.89,Cash on Delivery,East,6.0,34.0,5.0,0,Not Returned,209.412,2025-02,6-7 days
ORD100428,CUST4124,Sports,2024-10-30,2158.95,3.0,0,91.81,Cash on Delivery,Central,1.0,36.0,4.0,1,Defective Product,6476.849999999999,2024-10,1-3 days
ORD100784,CUST2801,Electronics,2025-04-07,4558.5,3.0,0,115.1,Credit Card,North,3.0,35.0,5.0,1,Late Delivery,13675.5,2025-04,1-3 days
ORD101371,CUST3308,Toys,2026-06-07,1293.03,3.0,0,100.19,Cash on Delivery,South,4.0,34.0,4.0,1,Changed Mind,3879.09,2026-06,4-5 days
ORD103897,CUST3922,Books,2025-03-10,263.41,1.0,25,74.17,Cash on Delivery,West,4.0,23.0,4.0,0,Not Returned,197.5575,2025-03,4-5 days
ORD100684,CUST1880,Fashion,2025-09-26,373.72,2.0,25,65.58,Credit Card,East,8.0,38.0,2.0,0,Not Returned,560.58,2025-09,8+ days
ORD100827,CUST3878,Toys,2024-11-20,259.21,2.0,10,20.89,Credit Card,Central,5.0,18.0,4.0,0,Not Returned,466.578,2024-11,4-5 days
ORD105465,CUST3680,Toys,2026-07-27,979.04,1.0,10,116.44,Credit Card,North,7.0,30.0,1.0,1,Size Issue,881.136,2026-07,6-7 days
ORD100632,CUST2517,Electronics,2024-09-11,4558.5,3.0,0,52.12,UPI,South,7.0,16.0,5.0,0,Not Returned,13675.5,2024-09,6-7 days
ORD101241,CUST2222,Electronics,2024-09-04,4558.5,1.0,5,4.98,Debit Card,Central,6.0,41.0,3.0,0,Not Returned,4330.575,2024-09,6-7 days
ORD102525,CUST3065,Books,2025-01-13,843.41,1.0,15,37.9,UPI,East,3.0,41.0,1.0,0,Not Returned,716.8984999999999,2025-01,1-3 days
ORD101671,CUST1247,Books,2025-01-23,366.24,1.0,25,20.7,Credit Card,West,6.0,34.0,5.0,0,Not Returned,274.68,2025-01,6-7 days
ORD101460,CUST1150,Electronics,2025-06-20,4558.5,2.0,0,39.15,Net Banking,Central,2.0,48.0,4.0,0,Not Returned,9117.0,2025-06,1-3 days
ORD101397,CUST3533,Toys,2024-10-20,1141.35,1.0,0,113.98,Debit Card,East,4.0,16.0,4.0,0,Not Returned,1141.35,2024-10,4-5 days
ORD101277,CUST1987,Books,2025-09-16,446.92,1.0,20,153.96,UPI,West,2.0,26.0,3.0,0,Not Returned,357.53600000000006,2025-09,1-3 days
ORD103489,CUST2392,Fashion,2026-05-04,1473.84,1.0,10,98.56,Debit Card,North,5.0,33.0,5.0,0,Not Returned,1326.456,2026-05,4-5 days
ORD100745,CUST3037,Sports,2024-11-14,2242.93,2.0,25,42.96,Credit Card,South,9.0,27.0,4.0,0,Not Returned,3364.3949999999995,2024-11,8+ days
ORD101748,CUST1245,Electronics,2025-06-21,4558.5,1.0,0,152.01,Debit Card,West,4.0,28.0,3.0,0,Not Returned,4558.5,2025-06,4-5 days
ORD100167,CUST3881,Grocery,2026-04-20,558.81,2.0,0,52.34,Credit Card,West,4.0,23.0,1.0,0,Not Returned,1117.62,2026-04,4-5 days
ORD105793,CUST1616,Beauty,2025-04-07,719.1,1.0,15,57.41,Credit Card,Central,6.0,34.0,5.0,0,Not Returned,611.235,2025-04,6-7 days
ORD100141,CUST2284,Beauty,2024-10-02,555.75,1.0,30,67.15,UPI,West,5.0,38.0,5.0,1,Late Delivery,389.025,2024-10,4-5 days
ORD100804,CUST1706,Home & Kitchen,2025-08-22,2818.99,1.0,5,37.35,Net Banking,Central,5.0,31.0,4.0,1,Changed Mind,2678.0404999999996,2025-08,4-5 days
ORD102008,CUST2508,Fashion,2025-01-11,1496.9,2.0,10,70.15,Cash on Delivery,South,6.0,24.0,5.0,0,Not Returned,2694.42,2025-01,6-7 days
ORD104362,CUST2174,Electronics,2025-07-31,4558.5,1.0,25,85.79,Debit Card,West,1.0,28.0,2.0,0,Not Returned,3418.875,2025-07,1-3 days
ORD103769,CUST1816,Grocery,2026-06-18,1012.185,3.5,0,114.05,Cash on Delivery,West,5.0,18.0,4.0,0,Not Returned,3542.6475,2026-06,4-5 days
ORD105953,CUST3819,Sports,2024-08-26,2182.76,1.0,0,94.97,Credit Card,East,4.0,37.0,5.0,1,Defective Product,2182.76,2024-08,4-5 days
ORD102248,CUST1441,Toys,2026-01-24,674.4,2.0,15,77.04,UPI,North,2.0,44.0,5.0,0,Not Returned,1146.48,2026-01,1-3 days
ORD100454,CUST2769,Books,2024-09-17,341.87,1.0,25,109.23,Net Banking,North,6.0,32.0,2.0,0,Not Returned,256.40250000000003,2024-09,6-7 days
ORD102399,CUST3774,Grocery,2024-12-02,320.59,1.0,25,132.64,Debit Card,Central,7.0,31.0,2.0,1,Size Issue,240.4425,2024-12,6-7 days
ORD102864,CUST2591,Toys,2025-12-01,899.74,1.0,0,112.63,Credit Card,Central,1.0,24.0,3.0,0,Not Returned,899.74,2025-12,1-3 days
ORD105589,CUST2426,Books,2026-04-08,435.24,1.0,5,73.46,Debit Card,South,1.0,44.0,4.0,0,Not Returned,413.478,2026-04,1-3 days
ORD105822,CUST3786,Electronics,2025-12-14,4558.5,1.0,15,38.06,Credit Card,East,4.0,31.0,4.0,0,Not Returned,3874.725,2025-12,4-5 days
ORD100440,CUST3415,Beauty,2026-03-20,688.22,1.0,5,69.03,Debit Card,West,5.0,17.0,5.0,1,Wrong Item Delivered,653.809,2026-03,4-5 days
ORD104889,CUST1073,Grocery,2024-12-21,382.81,1.0,0,39.32,Debit Card,East,7.0,31.0,3.0,0,Not Returned,382.81,2024-12,6-7 days
ORD104179,CUST1834,Electronics,2025-05-01,4558.5,1.0,15,12.23,Debit Card,North,3.0,27.0,5.0,1,Wrong Item Delivered,3874.725,2025-05,1-3 days
ORD101827,CUST2932,Beauty,2026-04-02,1116.85,3.0,20,120.5,Debit Card,North,3.0,30.0,5.0,0,Not Returned,2680.44,2026-04,1-3 days
ORD103265,CUST3861,Sports,2026-03-28,1491.93,3.0,20,50.64,Net Banking,Central,6.0,61.0,1.0,0,Not Returned,3580.632,2026-03,6-7 days
ORD103240,CUST2116,Fashion,2025-12-22,1430.57,1.0,0,129.26,UPI,Central,4.0,35.0,4.0,0,Not Returned,1430.57,2025-12,4-5 days
ORD103629,CUST3740,Toys,2024-08-30,750.56,3.0,20,108.57,Credit Card,East,5.0,34.0,1.0,1,Defective Product,1801.344,2024-08,4-5 days
ORD105137,CUST3460,Electronics,2026-03-02,4558.5,1.0,0,90.94,Cash on Delivery,South,1.0,31.0,4.0,1,Defective Product,4558.5,2026-03,1-3 days
ORD100984,CUST3612,Beauty,2026-06-27,4558.5,3.0,15,63.76,Debit Card,West,6.0,31.0,5.0,0,Not Returned,11624.175,2026-06,6-7 days
ORD103748,CUST1049,Books,2025-05-28,497.18,1.0,0,53.7,Cash on Delivery,East,1.0,34.0,4.0,0,Not Returned,497.18,2025-05,1-3 days
ORD101745,CUST3978,Toys,2026-05-01,1018.1,1.0,5,7.85,Net Banking,South,3.0,30.0,5.0,0,Not Returned,967.1949999999999,2026-05,1-3 days
ORD103939,CUST3026,Sports,2025-06-01,1065.69,1.0,20,68.87,Debit Card,East,2.0,34.0,4.0,0,Not Returned,852.5520000000001,2025-06,1-3 days
ORD104595,CUST3331,Fashion,2026-05-16,886.5,2.0,0,195.14,Debit Card,East,7.0,37.0,4.0,1,Wrong Item Delivered,1773.0,2026-05,6-7 days
ORD103181,CUST2398,Toys,2026-01-02,1173.28,1.0,25,28.72,Net Banking,Central,7.0,34.0,2.0,0,Not Returned,879.96,2026-01,6-7 days
ORD101842,CUST3325,Books,2025-05-03,72.97,3.5,5,32.81,Credit Card,West,6.0,29.0,4.0,0,Not Returned,242.62524999999997,2025-05,6-7 days
ORD105680,CUST1132,Sports,2025-11-28,1227.98,1.0,15,65.91,Net Banking,East,6.0,23.0,1.0,0,Not Returned,1043.783,2025-11,6-7 days
ORD103863,CUST2501,Fashion,2026-01-18,898.38,1.0,0,22.87,Cash on Delivery,Central,5.0,38.0,5.0,1,Better Price Found,898.38,2026-01,4-5 days
ORD104510,CUST1631,Books,2026-03-03,225.49,1.0,0,203.85999999999999,Cash on Delivery,West,2.0,46.0,5.0,1,Late Delivery,225.49,2026-03,1-3 days
ORD100376,CUST2131,Sports,2026-01-13,1087.97,1.0,30,203.85999999999999,Net Banking,East,8.0,40.0,1.0,0,Not Returned,761.579,2026-01,8+ days
ORD105750,CUST4351,Sports,2025-09-14,987.11,1.0,15,92.15,Net Banking,South,5.0,30.0,5.0,0,Not Returned,839.0435,2025-09,4-5 days
ORD100205,CUST4285,Grocery,2026-06-30,307.75,2.0,10,39.19,UPI,North,6.0,28.0,5.0,0,Not Returned,553.95,2026-06,6-7 days
ORD102211,CUST2355,Grocery,2025-04-10,356.51,1.0,5,62.8,Credit Card,East,7.0,46.0,3.0,1,Not as Described,338.68449999999996,2025-04,6-7 days
ORD102194,CUST3776,Toys,2024-08-28,733.36,1.0,0,128.61,UPI,South,3.0,36.0,2.0,0,Not Returned,733.36,2024-08,1-3 days
ORD101376,CUST4362,Beauty,2026-04-10,1020.45,1.0,25,114.35,Credit Card,North,6.0,18.0,4.0,0,Not Returned,765.3375000000001,2026-04,6-7 days
ORD103480,CUST1925,Home & Kitchen,2024-10-09,1746.53,1.0,15,41.32,Net Banking,East,2.0,37.0,5.0,0,Not Returned,1484.5504999999998,2024-10,1-3 days
ORD105794,CUST1604,Beauty,2026-06-05,806.72,3.0,0,79.83,Debit Card,East,5.0,18.0,4.0,1,Wrong Item Delivered,2420.16,2026-06,4-5 days
ORD103826,CUST1569,Toys,2026-01-06,1218.32,2.0,20,119.24,Credit Card,North,5.0,16.0,5.0,0,Not Returned,1949.312,2026-01,4-5 days
ORD105366,CUST1482,Grocery,2026-05-02,198.4,2.0,20,50.64,Debit Card,West,1.0,38.0,5.0,0,Not Returned,317.44000000000005,2026-05,1-3 days
ORD102987,CUST3387,Fashion,2024-09-01,1242.91,1.0,5,77.26,UPI,Central,5.0,38.0,4.0,0,Not Returned,1180.7645,2024-09,4-5 days
ORD102417,CUST3248,Grocery,2026-02-19,237.91,1.0,25,26.18,Debit Card,Central,7.0,47.0,4.0,0,Not Returned,178.4325,2026-02,6-7 days
ORD100418,CUST2016,Grocery,2024-10-20,349.89,1.0,15,125.86,Net Banking,South,1.0,37.0,5.0,0,Not Returned,297.4065,2024-10,1-3 days
ORD100283,CUST4079,Home & Kitchen,2025-07-14,2528.5,1.0,0,14.57,Cash on Delivery,Central,8.0,51.0,3.0,1,Changed Mind,2528.5,2025-07,8+ days
ORD100871,CUST2431,Books,2026-04-08,213.57,1.0,0,187.91,Net Banking,West,3.0,63.0,5.0,0,Not Returned,213.57,2026-04,1-3 days
ORD102145,CUST1818,Fashion,2025-01-11,487.37,1.0,5,16.48,Net Banking,West,6.0,25.0,5.0,1,Changed Mind,463.00149999999996,2025-01,6-7 days
ORD103618,CUST4004,Toys,2026-08-13,831.9,1.0,25,17.42,UPI,Central,7.0,46.0,3.0,1,Wrong Item Delivered,623.925,2026-08,6-7 days
ORD100354,CUST1051,Grocery,2025-12-05,350.62,1.0,10,87.58,UPI,East,4.0,43.0,3.0,1,Better Price Found,315.558,2025-12,4-5 days
ORD105287,CUST4360,Beauty,2025-12-12,363.19,1.0,0,203.85999999999999,Debit Card,West,6.0,33.0,5.0,0,Not Returned,363.19,2025-12,6-7 days
ORD104195,CUST2885,Beauty,2024-09-09,943.76,3.5,20,90.21,Debit Card,North,1.0,19.0,4.0,0,Not Returned,2642.5280000000002,2024-09,1-3 days
ORD105345,CUST3772,Toys,2025-08-30,863.64,3.5,25,203.85999999999999,Credit Card,Central,3.0,39.0,4.0,0,Not Returned,2267.055,2025-08,1-3 days
ORD105513,CUST3889,Grocery,2025-04-13,312.99,1.0,15,138.85,UPI,Central,5.0,41.0,3.0,0,Not Returned,266.0415,2025-04,4-5 days
ORD104002,CUST2894,Home & Kitchen,2025-01-12,1768.79,2.0,10,41.71,UPI,Central,4.0,36.0,2.0,0,Not Returned,3183.822,2025-01,4-5 days
ORD104101,CUST2154,Beauty,2025-04-15,513.48,1.0,10,31.08,Debit Card,South,2.0,34.0,5.0,0,Not Returned,462.132,2025-04,1-3 days
ORD103787,CUST3316,Fashion,2025-10-17,1334.82,3.0,20,59.33,Cash on Delivery,North,8.0,46.0,4.0,0,Not Returned,3203.568,2025-10,8+ days
ORD102842,CUST3175,Grocery,2024-12-14,125.73,1.0,0,20.56,Cash on Delivery,South,8.0,36.0,4.0,0,Not Returned,125.73,2024-12,8+ days
ORD101596,CUST2467,Toys,2025-12-17,1207.23,1.0,0,196.78,Debit Card,North,5.0,16.0,3.0,1,Defective Product,1207.23,2025-12,4-5 days
ORD102840,CUST4405,Toys,2025-03-08,1175.13,1.0,20,18.02,Debit Card,East,4.0,42.0,3.0,0,Not Returned,940.1040000000002,2025-03,4-5 days
ORD101469,CUST2636,Grocery,2025-12-27,289.83,1.0,5,203.85999999999999,UPI,North,5.0,40.0,4.0,0,Not Returned,275.33849999999995,2025-12,4-5 days
ORD105940,CUST4356,Sports,2026-06-06,1721.81,1.0,0,12.66,Cash on Delivery,Central,5.0,52.0,5.0,0,Not Returned,1721.81,2026-06,4-5 days
ORD101601,CUST2161,Electronics,2025-04-12,4558.5,2.0,10,48.52,Credit Card,South,5.0,22.0,5.0,0,Not Returned,8205.300000000001,2025-04,4-5 days
ORD105698,CUST1620,Toys,2025-03-19,733.55,2.0,15,133.88,Debit Card,West,6.0,39.0,5.0,0,Not Returned,1247.0349999999999,2025-03,6-7 days
ORD102447,CUST3587,Toys,2026-05-02,855.1,3.5,0,51.25,Credit Card,South,4.0,30.0,3.0,0,Not Returned,2992.85,2026-05,4-5 days
ORD100458,CUST3356,Books,2026-04-22,395.1,1.0,20,115.82,UPI,South,4.0,27.0,5.0,1,Wrong Item Delivered,316.08000000000004,2026-04,4-5 days
ORD102023,CUST2677,Home & Kitchen,2025-03-03,2617.2,2.0,15,118.86,Cash on Delivery,South,6.0,21.0,4.0,0,Not Returned,4449.24,2025-03,6-7 days
ORD105044,CUST2685,Toys,2025-04-01,1129.19,1.0,10,5.48,Net Banking,North,6.0,21.0,5.0,0,Not Returned,1016.2710000000001,2025-04,6-7 days
ORD101638,CUST3499,Home & Kitchen,2025-10-04,992.31,1.0,20,91.94,UPI,North,4.0,23.0,4.0,0,Not Returned,793.848,2025-10,4-5 days
ORD103784,CUST3019,Sports,2026-03-01,1291.22,1.0,30,38.52,Cash on Delivery,South,6.0,37.0,4.0,0,Not Returned,903.8539999999999,2026-03,6-7 days
ORD105261,CUST3127,Toys,2024-09-21,473.65,1.0,20,41.16,UPI,West,3.0,29.0,5.0,0,Not Returned,378.92,2024-09,1-3 days
ORD104455,CUST2673,Grocery,2025-11-01,323.68,1.0,15,46.36,Credit Card,West,3.0,51.0,4.0,0,Not Returned,275.128,2025-11,1-3 days
ORD100375,CUST3441,Electronics,2025-03-11,4558.5,2.0,5,117.84,Cash on Delivery,East,5.0,39.0,2.0,0,Not Returned,8661.15,2025-03,4-5 days
ORD103522,CUST4421,Fashion,2025-11-08,1768.82,2.0,10,71.67,Debit Card,South,6.0,29.0,4.0,0,Not Returned,3183.8759999999997,2025-11,6-7 days
ORD100883,CUST3520,Fashion,2025-07-27,1012.185,1.0,25,12.95,Credit Card,Central,6.0,34.0,4.0,1,Late Delivery,759.13875,2025-07,6-7 days
ORD104108,CUST1936,Grocery,2025-11-09,297.49,1.0,20,91.88,Debit Card,South,3.0,38.0,2.0,0,Not Returned,237.99200000000002,2025-11,1-3 days
ORD100691,CUST2942,Beauty,2026-01-03,536.31,2.0,0,67.33500000000001,Credit Card,West,4.0,39.0,2.0,0,Not Returned,1072.62,2026-01,4-5 days
ORD105537,CUST1721,Electronics,2025-01-01,4558.5,1.0,25,39.67,Debit Card,North,3.0,27.0,5.0,0,Not Returned,3418.875,2025-01,1-3 days
ORD104015,CUST2988,Home & Kitchen,2025-04-03,1547.77,3.5,0,67.33500000000001,Net Banking,South,4.0,16.0,5.0,0,Not Returned,5417.195,2025-04,4-5 days
ORD102763,CUST1668,Beauty,2025-06-03,511.86,1.0,0,68.98,Debit Card,South,2.0,34.0,5.0,1,Wrong Item Delivered,511.86,2025-06,1-3 days
ORD103835,CUST2740,Home & Kitchen,2026-08-06,1944.69,1.0,20,203.85999999999999,Debit Card,Central,4.0,43.0,4.0,0,Not Returned,1555.7520000000002,2026-08,4-5 days
ORD103582,CUST2716,Books,2025-10-16,234.15,1.0,15,60.35,Credit Card,West,8.0,27.0,3.0,0,Not Returned,199.0275,2025-10,8+ days
ORD100317,CUST3632,Toys,2024-09-07,458.79,2.0,15,67.41,UPI,South,4.0,51.0,4.0,1,Changed Mind,779.943,2024-09,4-5 days
ORD104402,CUST1516,Grocery,2026-01-26,267.1,2.0,5,25.66,Cash on Delivery,East,6.0,47.0,5.0,0,Not Returned,507.49,2026-01,6-7 days
ORD101902,CUST1082,Grocery,2024-09-12,403.96,2.0,0,87.5,Cash on Delivery,East,2.0,47.0,5.0,0,Not Returned,807.92,2024-09,1-3 days
ORD103986,CUST2773,Electronics,2026-03-29,4558.5,3.0,0,28.29,Debit Card,West,8.0,32.0,3.0,0,Not Returned,13675.5,2026-03,8+ days
ORD100508,CUST3973,Toys,2024-08-20,391.0,1.0,25,83.37,Debit Card,North,4.0,38.0,4.0,0,Not Returned,293.25,2024-08,4-5 days
ORD105996,CUST3965,Home & Kitchen,2024-10-22,3365.33,2.0,0,200.99,UPI,West,2.0,18.0,4.0,0,Not Returned,6730.66,2024-10,1-3 days
ORD105266,CUST2442,Fashion,2026-06-15,1899.96,2.0,25,73.89,Cash on Delivery,South,3.0,39.0,1.0,0,Not Returned,2849.94,2026-06,1-3 days
ORD102594,CUST1979,Sports,2024-09-14,1884.66,2.0,5,46.7,UPI,West,6.0,27.0,3.0,0,Not Returned,3580.854,2024-09,6-7 days
ORD105927,CUST3814,Sports,2024-12-23,1858.17,1.0,10,203.85999999999999,Credit Card,North,5.0,34.0,4.0,0,Not Returned,1672.353,2024-12,4-5 days
ORD104708,CUST2163,Home & Kitchen,2025-01-11,1012.185,1.0,30,76.25,UPI,East,6.0,43.0,3.0,1,Not as Described,708.5294999999999,2025-01,6-7 days
ORD105330,CUST3942,Grocery,2025-09-03,117.12,3.5,20,84.31,Credit Card,West,5.0,39.0,4.0,0,Not Returned,327.93600000000004,2025-09,4-5 days
ORD103841,CUST3429,Books,2025-12-14,1012.185,1.0,10,149.38,Cash on Delivery,East,1.0,22.0,1.0,0,Not Returned,910.9665,2025-12,1-3 days
ORD105792,CUST4002,Fashion,2026-04-14,1675.12,1.0,10,87.04,Credit Card,North,5.0,30.0,4.0,0,Not Returned,1507.608,2026-04,4-5 days
ORD100754,CUST3358,Fashion,2026-05-11,374.47,1.0,0,67.33500000000001,UPI,East,2.0,34.0,4.0,0,Not Returned,374.47,2026-05,1-3 days
ORD105340,CUST3018,Electronics,2025-09-28,4558.5,1.0,0,18.24,Cash on Delivery,North,5.0,50.0,4.0,0,Not Returned,4558.5,2025-09,4-5 days
ORD101550,CUST2502,Books,2025-09-20,229.02,1.0,0,122.01,Debit Card,South,3.0,34.0,2.0,0,Not Returned,229.02,2025-09,1-3 days
ORD105109,CUST2950,Sports,2025-06-27,2117.92,1.0,25,21.57,Net Banking,West,1.0,34.0,5.0,0,Not Returned,1588.44,2025-06,1-3 days
ORD100125,CUST4424,Sports,2026-08-19,4558.5,2.0,20,24.64,Credit Card,East,4.0,29.0,5.0,0,Not Returned,7293.6,2026-08,4-5 days
ORD102896,CUST2329,Beauty,2025-09-25,716.14,1.0,5,61.54,Credit Card,West,3.0,32.0,4.0,1,Size Issue,680.333,2025-09,1-3 days
ORD102174,CUST2641,Fashion,2024-12-30,141.42,2.0,0,67.53,UPI,South,2.0,22.0,3.0,0,Not Returned,282.84,2024-12,1-3 days
ORD101599,CUST4378,Fashion,2026-07-27,1918.18,3.0,10,67.33500000000001,Net Banking,West,6.0,49.0,5.0,0,Not Returned,5179.086,2026-07,6-7 days
ORD101502,CUST1808,Books,2025-11-10,460.38,1.0,0,22.56,Credit Card,North,7.0,26.0,4.0,0,Not Returned,460.38,2025-11,6-7 days
ORD103222,CUST1586,Toys,2026-03-08,1137.26,1.0,20,24.07,Net Banking,West,1.0,20.0,5.0,0,Not Returned,909.808,2026-03,1-3 days
ORD103535,CUST2374,Sports,2025-10-26,673.0,1.0,30,60.36,Credit Card,West,5.0,16.0,5.0,0,Not Returned,471.09999999999997,2025-10,4-5 days
ORD102014,CUST2432,Toys,2025-10-22,550.0,1.0,25,44.42,Net Banking,South,6.0,42.0,3.0,0,Not Returned,412.5,2025-10,6-7 days
ORD103073,CUST3196,Grocery,2025-10-11,362.66,1.0,5,36.75,Net Banking,South,10.5,25.0,1.0,0,Not Returned,344.527,2025-10,8+ days
ORD103433,CUST1425,Toys,2024-10-29,1009.26,1.0,15,96.32,Debit Card,West,5.0,47.0,5.0,0,Not Returned,857.871,2024-10,4-5 days
ORD103706,CUST1660,Beauty,2026-03-22,726.41,1.0,20,67.74,Credit Card,South,6.0,30.0,4.0,1,Changed Mind,581.128,2026-03,6-7 days
ORD105428,CUST1772,Grocery,2025-11-08,301.38,1.0,25,57.49,Cash on Delivery,North,6.0,47.0,4.0,0,Not Returned,226.035,2025-11,6-7 days
ORD103831,CUST1527,Fashion,2024-11-13,917.63,1.0,0,46.9,Credit Card,North,2.0,45.0,4.0,0,Not Returned,917.63,2024-11,1-3 days
ORD101416,CUST1994,Fashion,2026-06-08,1343.68,1.0,5,79.24,Cash on Delivery,South,3.0,42.0,1.0,0,Not Returned,1276.496,2026-06,1-3 days
ORD104224,CUST3306,Sports,2025-08-02,2335.18,2.0,0,131.9,Net Banking,West,6.0,46.0,4.0,1,Late Delivery,4670.36,2025-08,6-7 days
ORD103612,CUST2015,Electronics,2026-05-18,4558.5,3.0,0,63.19,UPI,South,1.0,44.0,4.0,0,Not Returned,13675.5,2026-05,1-3 days
ORD102555,CUST2745,Electronics,2024-11-04,4558.5,1.0,10,120.67,UPI,North,4.0,49.0,4.0,1,Late Delivery,4102.650000000001,2024-11,4-5 days
ORD103276,CUST1462,Home & Kitchen,2024-10-05,2494.83,1.0,0,59.95,Credit Card,East,7.0,42.0,5.0,0,Not Returned,2494.83,2024-10,6-7 days
ORD102292,CUST1217,Sports,2025-05-24,1577.17,2.0,0,141.77,Cash on Delivery,South,7.0,43.0,4.0,0,Not Returned,3154.34,2025-05,6-7 days
ORD101168,CUST2917,Home & Kitchen,2026-05-03,618.69,2.0,10,5.75,Debit Card,East,5.0,37.0,1.0,0,Not Returned,1113.642,2026-05,4-5 days
ORD101415,CUST3968,Fashion,2026-03-11,1218.49,2.0,15,12.28,Credit Card,North,6.0,37.0,5.0,0,Not Returned,2071.433,2026-03,6-7 days
ORD105577,CUST1460,Grocery,2026-04-12,424.01,1.0,0,67.33500000000001,UPI,West,5.0,16.0,4.0,1,Not as Described,424.01,2026-04,4-5 days
ORD100300,CUST4135,Home & Kitchen,2026-05-07,2138.22,1.0,0,81.03,Cash on Delivery,North,5.0,25.0,3.0,0,Not Returned,2138.22,2026-05,4-5 days
ORD102976,CUST4409,Toys,2026-06-27,1148.28,1.0,15,96.08,Net Banking,Central,2.0,26.0,4.0,1,Changed Mind,976.0379999999999,2026-06,1-3 days
ORD103642,CUST3508,Beauty,2025-03-04,769.08,1.0,15,89.94,Net Banking,South,4.0,34.0,5.0,0,Not Returned,653.718,2025-03,4-5 days
ORD105586,CUST2741,Fashion,2024-12-29,1024.5,1.0,5,35.99,UPI,North,6.0,34.0,1.0,0,Not Returned,973.275,2024-12,6-7 days
ORD105817,CUST1720,Books,2025-04-21,427.09,1.0,0,53.22,UPI,North,5.0,41.0,2.0,0,Not Returned,427.09,2025-04,4-5 days
ORD105795,CUST2296,Electronics,2025-08-19,4558.5,2.0,25,101.02,Debit Card,Central,7.0,44.0,4.0,0,Not Returned,6837.75,2025-08,6-7 days
ORD104055,CUST1086,Home & Kitchen,2026-04-11,3617.92,1.0,0,203.85999999999999,Net Banking,South,3.0,17.0,5.0,0,Not Returned,3617.92,2026-04,1-3 days
ORD105074,CUST1038,Toys,2026-02-25,1012.185,2.0,0,87.91,UPI,West,5.0,34.0,5.0,0,Not Returned,2024.37,2026-02,4-5 days
ORD103207,CUST3888,Sports,2026-02-19,1123.92,2.0,5,48.59,Net Banking,South,5.0,21.0,2.0,0,Not Returned,2135.448,2026-02,4-5 days
ORD105438,CUST1908,Home & Kitchen,2026-08-05,4170.13,1.0,30,18.59,UPI,East,5.0,23.0,4.0,1,Not as Described,2919.091,2026-08,4-5 days
ORD100862,CUST2968,Electronics,2024-09-26,4558.5,1.0,0,15.8,Credit Card,West,8.0,34.0,4.0,0,Not Returned,4558.5,2024-09,8+ days
ORD105602,CUST1370,Books,2025-03-10,165.85,1.0,20,30.17,Debit Card,East,6.0,26.0,1.0,1,Not as Described,132.68,2025-03,6-7 days
ORD101140,CUST1207,Home & Kitchen,2025-02-09,4261.86,2.0,0,14.89,Debit Card,West,3.0,48.0,3.0,1,Better Price Found,8523.72,2025-02,1-3 days
ORD104752,CUST1831,Beauty,2025-01-17,369.88,1.0,5,110.6,Debit Card,East,1.0,19.0,4.0,0,Not Returned,351.38599999999997,2025-01,1-3 days
ORD100935,CUST3037,Toys,2025-08-16,908.37,1.0,10,124.28,Credit Card,South,4.0,40.0,2.0,0,Not Returned,817.533,2025-08,4-5 days
ORD102358,CUST2825,Grocery,2026-03-28,1012.185,1.0,5,47.43,Debit Card,South,2.0,32.0,4.0,0,Not Returned,961.5757499999999,2026-03,1-3 days
ORD103192,CUST2695,Beauty,2026-03-15,578.57,1.0,10,116.61,Cash on Delivery,Central,3.0,22.0,4.0,0,Not Returned,520.7130000000001,2026-03,1-3 days
ORD105622,CUST1547,Fashion,2025-07-31,822.24,2.0,0,78.19,UPI,South,5.0,50.0,5.0,0,Not Returned,1644.48,2025-07,4-5 days
ORD102745,CUST3620,Fashion,2025-07-02,1598.86,2.0,10,67.33500000000001,UPI,North,4.0,33.0,4.0,0,Not Returned,2877.948,2025-07,4-5 days
ORD100041,CUST4452,Home & Kitchen,2026-01-01,3174.34,2.0,0,107.39,Cash on Delivery,West,1.0,53.0,5.0,0,Not Returned,6348.68,2026-01,1-3 days
ORD101933,CUST2825,Fashion,2025-05-16,1124.5,1.0,15,93.54,Credit Card,North,5.0,52.0,4.0,0,Not Returned,955.8249999999999,2025-05,4-5 days
ORD103351,CUST4468,Electronics,2025-10-15,4558.5,1.0,5,93.18,Credit Card,North,4.0,29.0,5.0,0,Not Returned,4330.575,2025-10,4-5 days
ORD103345,CUST2743,Sports,2025-11-03,2744.38,1.0,0,36.23,Net Banking,Central,5.0,35.0,5.0,0,Not Returned,2744.38,2025-11,4-5 days
ORD102378,CUST4365,Electronics,2024-10-09,4558.5,1.0,10,31.63,UPI,West,4.0,54.0,4.0,0,Not Returned,4102.650000000001,2024-10,4-5 days
ORD102959,CUST1293,Electronics,2025-02-15,4558.5,1.0,0,73.07,UPI,West,4.0,24.0,4.0,1,Late Delivery,4558.5,2025-02,4-5 days
ORD105546,CUST1410,Home & Kitchen,2026-07-29,2224.08,2.0,0,43.68,Debit Card,East,4.0,39.0,5.0,0,Not Returned,4448.16,2026-07,4-5 days
ORD100928,CUST2462,Electronics,2025-01-05,4558.5,1.0,0,54.67,Net Banking,South,1.0,39.0,3.0,0,Not Returned,4558.5,2025-01,1-3 days
ORD101913,CUST1778,Grocery,2025-04-18,88.47,1.0,0,53.85,Debit Card,West,3.0,42.0,5.0,0,Not Returned,88.47,2025-04,1-3 days
ORD100281,CUST1651,Toys,2025-07-10,1006.78,1.0,25,18.56,Debit Card,East,1.0,16.0,5.0,1,Wrong Item Delivered,755.085,2025-07,1-3 days
ORD104073,CUST2664,Sports,2026-03-02,1276.43,1.0,0,189.2,Credit Card,East,6.0,39.0,5.0,0,Not Returned,1276.43,2026-03,6-7 days
ORD101849,CUST3156,Toys,2025-01-25,1119.39,1.0,5,116.75,UPI,Central,6.0,40.0,5.0,0,Not Returned,1063.4205,2025-01,6-7 days
ORD102784,CUST1369,Toys,2024-08-24,1187.88,1.0,0,129.26,Cash on Delivery,South,4.0,24.0,5.0,0,Not Returned,1187.88,2024-08,4-5 days
ORD105087,CUST2550,Beauty,2025-12-18,1190.84,1.0,20,171.43,UPI,North,7.0,50.0,5.0,0,Not Returned,952.672,2025-12,6-7 days
ORD101578,CUST3686,Grocery,2026-08-14,410.12,1.0,5,10.29,Cash on Delivery,South,7.0,30.0,4.0,1,Not as Described,389.614,2026-08,6-7 days
ORD100339,CUST4185,Fashion,2026-01-26,1012.185,1.0,20,104.76,Net Banking,West,6.0,37.0,4.0,0,Not Returned,809.748,2026-01,6-7 days
ORD102509,CUST3308,Sports,2025-10-31,1745.83,1.0,5,53.29,Debit Card,North,7.0,51.0,3.0,0,Not Returned,1658.5384999999999,2025-10,6-7 days
ORD100897,CUST2193,Electronics,2026-01-26,4558.5,1.0,20,52.89,Debit Card,North,2.0,40.0,4.0,0,Not Returned,3646.8,2026-01,1-3 days
ORD104221,CUST2505,Sports,2024-10-28,2352.98,1.0,0,38.33,Credit Card,North,2.0,55.0,5.0,1,Defective Product,2352.98,2024-10,1-3 days
ORD100178,CUST3070,Beauty,2026-05-04,745.25,1.0,30,67.33500000000001,Debit Card,East,3.0,41.0,3.0,0,Not Returned,521.675,2026-05,1-3 days
ORD104668,CUST1995,Home & Kitchen,2025-07-10,1012.185,1.0,15,87.18,Net Banking,North,4.0,30.0,5.0,1,Wrong Item Delivered,860.3572499999999,2025-07,4-5 days
ORD105682,CUST3313,Books,2026-08-02,540.21,1.0,10,39.61,Credit Card,South,5.0,37.0,4.0,0,Not Returned,486.189,2026-08,4-5 days
ORD101067,CUST2145,Books,2026-02-28,559.5,1.0,20,127.98,Debit Card,Central,5.0,30.0,4.0,0,Not Returned,447.6,2026-02,4-5 days
ORD100802,CUST2406,Books,2026-06-07,446.22,1.0,0,32.85,Net Banking,West,4.0,39.0,5.0,0,Not Returned,446.22,2026-06,4-5 days
ORD101918,CUST2609,Home & Kitchen,2024-10-28,2616.97,2.0,10,146.08,Cash on Delivery,East,7.0,41.0,5.0,0,Not Returned,4710.545999999999,2024-10,6-7 days
ORD105253,CUST1844,Grocery,2024-11-21,283.79,2.0,15,151.5,Debit Card,West,5.0,25.0,5.0,0,Not Returned,482.44300000000004,2024-11,4-5 days
ORD103728,CUST1460,Sports,2025-04-23,2816.24,3.5,20,61.47,Debit Card,West,6.0,41.0,1.0,0,Not Returned,7885.472000000001,2025-04,6-7 days
ORD104959,CUST2817,Grocery,2025-10-30,245.39,1.0,0,53.23,UPI,East,4.0,51.0,4.0,1,Changed Mind,245.39,2025-10,4-5 days
ORD100206,CUST4010,Grocery,2025-12-21,199.9,1.0,0,67.33500000000001,Debit Card,North,1.0,33.0,5.0,1,Late Delivery,199.9,2025-12,1-3 days
ORD100451,CUST2115,Fashion,2025-06-09,543.5,1.0,15,61.28,UPI,North,6.0,47.0,5.0,0,Not Returned,461.97499999999997,2025-06,6-7 days
ORD103271,CUST2488,Beauty,2025-02-23,432.99,2.0,0,106.37,Debit Card,South,3.0,48.0,5.0,0,Not Returned,865.98,2025-02,1-3 days
ORD100069,CUST3957,Grocery,2025-07-16,416.16,1.0,10,114.98,Credit Card,West,5.0,34.0,3.0,0,Not Returned,374.54400000000004,2025-07,4-5 days
ORD104786,CUST2661,Sports,2026-08-17,1614.26,1.0,0,97.71,Cash on Delivery,North,7.0,32.0,5.0,0,Not Returned,1614.26,2026-08,6-7 days
ORD105706,CUST3984,Toys,2025-08-31,1557.21,1.0,0,121.21,Debit Card,West,1.0,37.0,1.0,0,Not Returned,1557.21,2025-08,1-3 days
ORD103553,CUST1979,Electronics,2025-07-14,1594.31,1.0,15,69.84,UPI,North,2.0,18.0,4.0,1,Changed Mind,1355.1634999999999,2025-07,1-3 days
ORD104436,CUST2950,Sports,2026-05-30,2268.86,1.0,10,35.46,Cash on Delivery,North,6.0,18.0,5.0,1,Changed Mind,2041.9740000000002,2026-05,6-7 days
ORD104904,CUST3450,Electronics,2025-07-09,3503.14,1.0,0,112.86,UPI,West,6.0,40.0,4.0,0,Not Returned,3503.14,2025-07,6-7 days
ORD104845,CUST1584,Grocery,2025-01-13,399.56,1.0,5,59.11,Net Banking,Central,4.0,45.0,4.0,0,Not Returned,379.582,2025-01,4-5 days
ORD104744,CUST3042,Toys,2025-08-26,1340.61,1.0,15,28.29,Debit Card,North,7.0,39.0,5.0,0,Not Returned,1139.5185,2025-08,6-7 days
ORD102166,CUST1389,Electronics,2026-02-09,4558.5,2.0,0,52.04,Cash on Delivery,South,6.0,33.0,4.0,1,Defective Product,9117.0,2026-02,6-7 days
ORD103396,CUST1594,Electronics,2026-08-08,4558.5,1.0,20,83.13,Debit Card,South,5.0,44.0,3.0,0,Not Returned,3646.8,2026-08,4-5 days
ORD103509,CUST3678,Home & Kitchen,2025-01-20,3154.54,3.0,0,67.58,Cash on Delivery,Central,6.0,33.0,5.0,0,Not Returned,9463.619999999999,2025-01,6-7 days
ORD100858,CUST3059,Fashion,2026-03-10,1383.59,1.0,10,23.93,Debit Card,East,3.0,52.0,4.0,0,Not Returned,1245.231,2026-03,1-3 days
ORD103550,CUST3835,Sports,2026-03-06,2105.3,1.0,30,114.11,Debit Card,Central,2.0,20.0,5.0,0,Not Returned,1473.71,2026-03,1-3 days
ORD103025,CUST3479,Toys,2026-07-29,888.27,1.0,0,36.24,Net Banking,West,6.0,18.0,4.0,0,Not Returned,888.27,2026-07,6-7 days
ORD100629,CUST4414,Fashion,2025-12-10,1615.23,3.0,25,79.41,Credit Card,South,6.0,58.0,4.0,0,Not Returned,3634.2675000000004,2025-12,6-7 days
ORD100296,CUST1847,Toys,2025-06-18,1054.99,1.0,5,43.02,Net Banking,East,4.0,24.0,3.0,0,Not Returned,1002.2405,2025-06,4-5 days
ORD103155,CUST1359,Home & Kitchen,2025-09-09,2122.49,1.0,0,13.42,UPI,South,9.0,28.0,3.0,0,Not Returned,2122.49,2025-09,8+ days
ORD104249,CUST4033,Electronics,2024-08-30,4558.5,1.0,0,20.98,UPI,Central,9.0,33.0,5.0,0,Not Returned,4558.5,2024-08,8+ days
ORD101358,CUST1382,Toys,2026-02-25,1209.88,1.0,5,31.68,UPI,East,3.0,36.0,5.0,0,Not Returned,1149.386,2026-02,1-3 days
ORD104524,CUST2303,Grocery,2025-03-03,2999.7919004694286,1.0,20,203.85999999999999,UPI,East,5.0,30.0,1.0,0,Not Returned,2399.833520375543,2025-03,4-5 days
ORD102168,CUST1566,Home & Kitchen,2024-08-26,1641.65,2.0,25,128.82,UPI,South,6.0,29.0,3.0,1,Late Delivery,2462.4750000000004,2024-08,6-7 days
ORD101000,CUST2411,Beauty,2025-12-29,526.68,1.0,0,203.85999999999999,Credit Card,North,8.0,56.0,1.0,0,Not Returned,526.68,2025-12,8+ days
ORD105964,CUST4097,Toys,2025-06-23,654.76,1.0,15,93.23,Net Banking,Central,5.0,27.0,3.0,0,Not Returned,556.5459999999999,2025-06,4-5 days
ORD103640,CUST1133,Home & Kitchen,2025-04-19,2278.86,1.0,10,31.05,UPI,Central,5.0,41.0,3.0,0,Not Returned,2050.974,2025-04,4-5 days
ORD104906,CUST1826,Electronics,2025-05-21,4558.5,1.0,15,141.18,Debit Card,North,5.0,35.0,4.0,0,Not Returned,3874.725,2025-05,4-5 days
ORD105920,CUST1816,Books,2025-03-07,240.08,1.0,5,129.15,Net Banking,West,5.0,21.0,5.0,0,Not Returned,228.076,2025-03,4-5 days
ORD104817,CUST1836,Books,2026-08-05,123.85,1.0,0,89.85,Credit Card,West,8.0,47.0,3.0,0,Not Returned,123.85,2026-08,8+ days
ORD104198,CUST3433,Electronics,2026-07-18,4558.5,2.0,20,72.56,Net Banking,Central,6.0,34.0,4.0,0,Not Returned,7293.6,2026-07,6-7 days
ORD102543,CUST3359,Sports,2026-04-22,1012.185,1.0,10,32.26,UPI,South,7.0,16.0,4.0,0,Not Returned,910.9665,2026-04,6-7 days
ORD103942,CUST2165,Sports,2026-03-02,1307.35,1.0,10,124.6,Debit Card,West,4.0,31.0,3.0,0,Not Returned,1176.615,2026-03,4-5 days
ORD102090,CUST3584,Books,2025-08-10,250.42,1.0,5,90.19,Credit Card,North,5.0,40.0,5.0,0,Not Returned,237.89899999999997,2025-08,4-5 days
ORD101604,CUST2407,Home & Kitchen,2025-08-08,1012.185,3.0,0,67.21,Net Banking,West,2.0,23.0,4.0,0,Not Returned,3036.555,2025-08,1-3 days
ORD103326,CUST1449,Books,2026-08-04,1012.185,1.0,15,137.58,Net Banking,North,8.0,33.0,1.0,1,Size Issue,860.3572499999999,2026-08,8+ days
ORD101255,CUST1181,Sports,2025-02-13,2072.52,1.0,20,29.4,Net Banking,North,4.0,40.0,2.0,0,Not Returned,1658.016,2025-02,4-5 days
ORD102154,CUST4421,Books,2026-06-12,146.83,2.0,25,59.72,Net Banking,North,3.0,41.0,4.0,0,Not Returned,220.245,2026-06,1-3 days
ORD104078,CUST2362,Fashion,2026-06-27,1287.05,1.0,20,37.73,Credit Card,Central,3.0,42.0,2.0,0,Not Returned,1029.64,2026-06,1-3 days
ORD102872,CUST2478,Grocery,2025-11-29,50.0,1.0,0,62.36,Cash on Delivery,East,3.0,37.0,4.0,1,Better Price Found,50.0,2025-11,1-3 days
ORD104748,CUST3026,Books,2026-01-24,392.81,1.0,15,48.83,UPI,Central,5.0,52.0,3.0,0,Not Returned,333.88849999999996,2026-01,4-5 days
ORD102320,CUST3796,Beauty,2025-07-13,733.05,1.0,0,9.84,Net Banking,West,5.0,40.0,4.0,0,Not Returned,733.05,2025-07,4-5 days
ORD103623,CUST1985,Books,2025-07-15,518.62,1.0,15,42.83,Cash on Delivery,East,6.0,34.0,4.0,0,Not Returned,440.827,2025-07,6-7 days
ORD105967,CUST3023,Electronics,2024-09-24,3109.63,1.0,30,8.96,Cash on Delivery,South,1.0,20.0,5.0,1,Size Issue,2176.741,2024-09,1-3 days
ORD103957,CUST3694,Toys,2024-09-15,397.57,1.0,5,30.94,Net Banking,North,6.0,28.0,5.0,1,Late Delivery,377.69149999999996,2024-09,6-7 days
ORD104091,CUST1336,Electronics,2025-04-05,4558.5,1.0,15,85.41,Debit Card,West,5.0,44.0,3.0,0,Not Returned,3874.725,2025-04,4-5 days
ORD103066,CUST3006,Sports,2026-05-14,2255.48,3.0,10,80.27,Credit Card,East,3.0,40.0,1.0,0,Not Returned,6089.796,2026-05,1-3 days
ORD102665,CUST2076,Toys,2025-01-02,1042.43,2.0,0,86.4,Debit Card,Central,6.0,28.0,4.0,0,Not Returned,2084.86,2025-01,6-7 days
ORD101812,CUST2962,Electronics,2026-05-26,3675.53,3.5,25,100.38,UPI,East,4.0,34.0,2.0,1,Better Price Found,9648.26625,2026-05,4-5 days
ORD103860,CUST3971,Sports,2025-09-15,1556.6,1.0,5,165.0,Cash on Delivery,South,3.0,34.0,3.0,0,Not Returned,1478.7699999999998,2025-09,1-3 days
ORD105670,CUST3648,Home & Kitchen,2026-03-29,2076.36,2.0,10,42.84,Net Banking,West,8.0,31.0,4.0,0,Not Returned,3737.4480000000003,2026-03,8+ days
ORD103273,CUST2353,Home & Kitchen,2026-06-20,2725.75,1.0,20,26.82,Debit Card,South,4.0,27.0,4.0,0,Not Returned,2180.6,2026-06,4-5 days
ORD105154,CUST2735,Fashion,2025-05-29,898.31,2.0,25,76.21,Cash on Delivery,West,3.0,42.0,4.0,0,Not Returned,1347.465,2025-05,1-3 days
ORD103355,CUST1155,Home & Kitchen,2025-05-14,1934.37,2.0,10,105.56,Credit Card,East,5.0,42.0,5.0,0,Not Returned,3481.866,2025-05,4-5 days
ORD103174,CUST4301,Books,2025-05-01,412.1,1.0,15,49.74,Net Banking,Central,3.0,38.0,4.0,0,Not Returned,350.285,2025-05,1-3 days
ORD103829,CUST2247,Grocery,2024-12-22,541.48,1.0,15,7.82,Net Banking,South,3.0,45.0,4.0,0,Not Returned,460.258,2024-12,1-3 days
ORD100836,CUST1634,Beauty,2026-08-19,904.12,3.5,0,39.13,UPI,East,3.0,23.0,4.0,0,Not Returned,3164.42,2026-08,1-3 days
ORD101770,CUST2467,Books,2024-11-15,382.22,1.0,15,146.56,Cash on Delivery,East,4.0,52.0,4.0,0,Not Returned,324.887,2024-11,4-5 days
ORD101379,CUST4418,Home & Kitchen,2025-02-10,2184.11,3.0,10,58.01,UPI,West,5.0,31.0,5.0,0,Not Returned,5897.097,2025-02,4-5 days
ORD100545,CUST4114,Sports,2026-08-04,1107.22,3.0,25,61.24,Credit Card,South,6.0,40.0,5.0,0,Not Returned,2491.245,2026-08,6-7 days
ORD100515,CUST2318,Sports,2025-07-17,1698.22,1.0,5,39.32,Debit Card,West,7.0,28.0,4.0,1,Changed Mind,1613.309,2025-07,6-7 days
ORD102409,CUST2408,Grocery,2026-06-10,340.89,1.0,0,35.48,Credit Card,West,6.0,49.0,3.0,0,Not Returned,340.89,2026-06,6-7 days
ORD103626,CUST1892,Electronics,2025-06-12,4558.5,1.0,10,79.97,Credit Card,North,3.0,44.0,3.0,0,Not Returned,4102.650000000001,2025-06,1-3 days
ORD104374,CUST4154,Beauty,2025-07-08,995.95,1.0,15,153.79,UPI,West,4.0,30.0,5.0,0,Not Returned,846.5575,2025-07,4-5 days
ORD103545,CUST1029,Home & Kitchen,2024-10-17,2440.33,3.0,20,193.98,Credit Card,South,5.0,32.0,4.0,0,Not Returned,5856.792,2024-10,4-5 days
ORD103460,CUST1821,Toys,2025-08-13,713.98,1.0,15,48.07,UPI,Central,2.0,40.0,4.0,0,Not Returned,606.883,2025-08,1-3 days
ORD101285,CUST2842,Toys,2024-10-15,1509.93,1.0,0,31.67,Net Banking,South,2.0,24.0,1.0,0,Not Returned,1509.93,2024-10,1-3 days
ORD105581,CUST2476,Books,2025-04-19,440.99,1.0,10,67.15,UPI,North,3.0,34.0,3.0,1,Defective Product,396.891,2025-04,1-3 days
ORD101979,CUST1589,Toys,2025-03-08,877.03,1.0,30,203.85999999999999,Net Banking,South,7.0,29.0,3.0,1,Defective Product,613.9209999999999,2025-03,6-7 days
ORD103830,CUST4336,Home & Kitchen,2024-09-09,1022.35,1.0,10,27.26,Credit Card,North,1.0,23.0,2.0,0,Not Returned,920.115,2024-09,1-3 days
ORD104258,CUST4317,Home & Kitchen,2026-07-26,2229.53,1.0,0,135.55,UPI,North,6.0,23.0,4.0,0,Not Returned,2229.53,2026-07,6-7 days
ORD100268,CUST4154,Grocery,2026-06-02,375.41,3.5,0,107.8,Debit Card,West,6.0,44.0,4.0,0,Not Returned,1313.9350000000002,2026-06,6-7 days
ORD105757,CUST3876,Books,2025-08-09,351.96,2.0,10,33.95,Debit Card,South,7.0,41.0,5.0,1,Defective Product,633.528,2025-08,6-7 days
ORD100017,CUST2556,Toys,2024-11-01,1068.95,3.5,25,67.33500000000001,Credit Card,East,4.0,40.0,5.0,0,Not Returned,2805.99375,2024-11,4-5 days
ORD102621,CUST1276,Electronics,2024-11-11,4558.5,1.0,25,27.64,Debit Card,Central,5.0,75.0,4.0,1,Better Price Found,3418.875,2024-11,4-5 days
ORD101151,CUST3645,Electronics,2025-04-10,4558.5,1.0,0,36.61,UPI,Central,2.0,17.0,3.0,0,Not Returned,4558.5,2025-04,1-3 days
ORD100778,CUST3572,Sports,2026-07-15,1237.04,1.0,10,12.75,UPI,East,7.0,33.0,5.0,1,Defective Product,1113.336,2026-07,6-7 days
ORD104085,CUST1112,Electronics,2025-07-16,1012.185,1.0,10,133.14,Debit Card,South,9.0,16.0,4.0,0,Not Returned,910.9665,2025-07,8+ days
ORD104544,CUST2975,Toys,2024-10-01,1181.83,1.0,5,93.84,Cash on Delivery,Central,3.0,36.0,4.0,0,Not Returned,1122.7385,2024-10,1-3 days
ORD100252,CUST4260,Fashion,2026-06-08,1416.79,1.0,20,148.84,Credit Card,East,6.0,25.0,4.0,0,Not Returned,1133.432,2026-06,6-7 days
ORD100643,CUST2366,Grocery,2024-09-24,253.31,1.0,20,41.8,UPI,North,4.0,34.0,5.0,0,Not Returned,202.64800000000002,2024-09,4-5 days
ORD101504,CUST3886,Books,2025-05-30,491.71,2.0,30,85.13,UPI,East,7.0,46.0,4.0,0,Not Returned,688.3939999999999,2025-05,6-7 days
ORD104882,CUST2339,Beauty,2026-06-20,1040.13,1.0,15,28.67,Net Banking,West,5.0,33.0,4.0,0,Not Returned,884.1105000000001,2026-06,4-5 days
ORD105924,CUST2786,Fashion,2026-04-02,823.61,2.0,0,7.19,UPI,West,3.0,31.0,4.0,0,Not Returned,1647.22,2026-04,1-3 days
ORD105690,CUST1530,Books,2025-05-06,222.31,1.0,0,153.21,UPI,Central,2.0,50.0,4.0,0,Not Returned,222.31,2025-05,1-3 days
ORD102270,CUST1546,Sports,2025-07-16,1441.49,1.0,15,38.97,UPI,Central,5.0,45.0,5.0,0,Not Returned,1225.2665,2025-07,4-5 days
ORD101202,CUST3786,Grocery,2026-02-26,296.06,2.0,10,76.98,Debit Card,Central,4.0,36.0,4.0,0,Not Returned,532.908,2026-02,4-5 days
ORD102160,CUST2212,Books,2025-02-03,243.54,1.0,5,182.78,Net Banking,South,7.0,43.0,5.0,0,Not Returned,231.36299999999997,2025-02,6-7 days
ORD103686,CUST4284,Grocery,2024-09-04,205.4,1.0,5,48.72,Cash on Delivery,North,2.0,30.0,5.0,1,Defective Product,195.13,2024-09,1-3 days
ORD105281,CUST3844,Grocery,2025-06-25,403.95,1.0,5,41.58,Net Banking,West,7.0,24.0,3.0,0,Not Returned,383.7525,2025-06,6-7 days
ORD101511,CUST3004,Beauty,2025-02-26,659.06,1.0,25,109.9,Debit Card,East,4.0,33.0,4.0,0,Not Returned,494.29499999999996,2025-02,4-5 days
ORD105292,CUST2013,Fashion,2026-07-24,570.39,2.0,5,95.98,UPI,Central,3.0,36.0,4.0,1,Changed Mind,1083.741,2026-07,1-3 days
ORD102341,CUST3717,Beauty,2026-05-26,845.21,1.0,5,44.88,Net Banking,West,7.0,34.0,4.0,0,Not Returned,802.9495,2026-05,6-7 days
ORD103637,CUST3594,Toys,2025-07-24,621.04,1.0,5,68.44,Credit Card,Central,5.0,43.0,4.0,0,Not Returned,589.9879999999999,2025-07,4-5 days
ORD105598,CUST4263,Books,2025-07-11,146.58,1.0,10,39.02,Net Banking,Central,5.0,39.0,4.0,1,Size Issue,131.92200000000003,2025-07,4-5 days
ORD103357,CUST3376,Grocery,2025-05-15,370.67,1.0,10,69.88,Debit Card,South,7.0,42.0,4.0,1,Not as Described,333.603,2025-05,6-7 days
ORD104878,CUST2407,Sports,2025-07-22,1403.1,1.0,0,51.33,Net Banking,East,6.0,25.0,4.0,0,Not Returned,1403.1,2025-07,6-7 days
ORD100902,CUST1277,Home & Kitchen,2026-08-01,1761.63,1.0,20,20.23,Debit Card,Central,7.0,18.0,3.0,0,Not Returned,1409.304,2026-08,6-7 days
ORD102740,CUST3246,Beauty,2026-07-03,613.19,1.0,20,203.85999999999999,Credit Card,South,6.0,44.0,4.0,1,Better Price Found,490.5520000000001,2026-07,6-7 days
ORD101862,CUST2321,Electronics,2025-04-22,3352.26,1.0,10,71.36,Credit Card,North,4.0,55.0,4.0,1,Not as Described,3017.034,2025-04,4-5 days
ORD105583,CUST3476,Home & Kitchen,2026-06-04,3885.34,1.0,15,28.94,Cash on Delivery,West,3.0,29.0,4.0,0,Not Returned,3302.539,2026-06,1-3 days
ORD104189,CUST2346,Beauty,2025-12-26,599.9,1.0,10,61.18,UPI,West,5.0,35.0,5.0,0,Not Returned,539.91,2025-12,4-5 days
ORD101389,CUST3439,Grocery,2025-11-10,478.93,1.0,25,30.01,Cash on Delivery,East,7.0,26.0,4.0,0,Not Returned,359.1975,2025-11,6-7 days
ORD100847,CUST1178,Electronics,2026-01-28,4558.5,2.0,25,58.02,UPI,South,7.0,33.0,5.0,0,Not Returned,6837.75,2026-01,6-7 days
ORD103337,CUST3744,Electronics,2025-03-17,4558.5,1.0,0,37.23,UPI,West,4.0,39.0,4.0,0,Not Returned,4558.5,2025-03,4-5 days
ORD103329,CUST3560,Home & Kitchen,2025-10-24,4077.64,1.0,20,33.37,Debit Card,Central,3.0,34.0,4.0,0,Not Returned,3262.112,2025-10,1-3 days
ORD104074,CUST2122,Electronics,2026-03-18,4558.5,1.0,30,39.36,Cash on Delivery,Central,6.0,20.0,2.0,0,Not Returned,3190.95,2026-03,6-7 days
ORD105361,CUST1208,Electronics,2025-05-04,4558.5,3.0,0,203.85999999999999,Debit Card,Central,3.0,30.0,4.0,0,Not Returned,13675.5,2025-05,1-3 days
ORD101605,CUST4122,Electronics,2026-06-03,4558.5,2.0,25,80.02,UPI,East,5.0,37.0,3.0,1,Not as Described,6837.75,2026-06,4-5 days
ORD105450,CUST1757,Home & Kitchen,2024-10-31,1012.185,2.0,10,70.45,Cash on Delivery,East,1.0,49.0,1.0,0,Not Returned,1821.933,2024-10,1-3 days
ORD104206,CUST2323,Sports,2025-12-02,1433.15,1.0,0,48.92,UPI,South,3.0,26.0,1.0,0,Not Returned,1433.15,2025-12,1-3 days
ORD103785,CUST1273,Electronics,2026-08-15,4558.5,1.0,0,97.15,UPI,West,4.0,31.0,5.0,0,Not Returned,4558.5,2026-08,4-5 days
ORD100442,CUST3230,Beauty,2025-06-25,816.48,1.0,15,156.97,Cash on Delivery,North,1.0,35.0,2.0,0,Not Returned,694.008,2025-06,1-3 days
ORD105689,CUST3972,Fashion,2026-02-19,1491.77,2.0,10,25.4,Net Banking,South,5.0,37.0,4.0,0,Not Returned,2685.186,2026-02,4-5 days
ORD102983,CUST2059,Books,2025-09-05,518.37,1.0,20,13.56,Debit Card,Central,6.0,27.0,4.0,0,Not Returned,414.696,2025-09,6-7 days
ORD105848,CUST1017,Grocery,2025-12-24,365.88,1.0,10,61.03,Net Banking,East,5.0,55.0,4.0,0,Not Returned,329.29200000000003,2025-12,4-5 days
ORD102671,CUST2640,Electronics,2025-05-12,4558.5,1.0,15,84.76,Credit Card,East,1.0,49.0,5.0,0,Not Returned,3874.725,2025-05,1-3 days
ORD104580,CUST1034,Electronics,2026-01-10,4558.5,1.0,15,61.46,Credit Card,Central,4.0,44.0,4.0,0,Not Returned,3874.725,2026-01,4-5 days
ORD105868,CUST2065,Fashion,2026-02-27,1484.25,1.0,10,67.33500000000001,Cash on Delivery,South,4.0,29.0,3.0,0,Not Returned,1335.825,2026-02,4-5 days
ORD100907,CUST2529,Toys,2025-11-26,1333.95,1.0,5,148.96,Cash on Delivery,East,7.0,41.0,5.0,0,Not Returned,1267.2525,2025-11,6-7 days
ORD105300,CUST1401,Electronics,2025-03-07,4558.5,1.0,25,35.94,Credit Card,West,2.0,16.0,4.0,0,Not Returned,3418.875,2025-03,1-3 days
ORD100234,CUST3720,Beauty,2025-06-30,4558.5,3.0,0,87.13,Debit Card,Central,4.0,31.0,4.0,0,Not Returned,13675.5,2025-06,4-5 days
ORD105626,CUST2207,Home & Kitchen,2026-04-09,1983.88,3.0,5,142.34,UPI,Central,4.0,39.0,3.0,0,Not Returned,5654.058,2026-04,4-5 days
ORD102228,CUST1222,Fashion,2025-05-11,1012.185,2.0,0,108.89,Net Banking,West,6.0,32.0,4.0,1,Wrong Item Delivered,2024.37,2025-05,6-7 days
ORD103956,CUST2335,Books,2024-09-02,414.24,1.0,0,89.53,Credit Card,South,4.0,39.0,5.0,0,Not Returned,414.24,2024-09,4-5 days
ORD104003,CUST1616,Home & Kitchen,2024-12-05,2647.26,1.0,0,129.72,Net Banking,West,3.0,42.0,2.0,0,Not Returned,2647.26,2024-12,1-3 days
ORD102326,CUST1023,Toys,2026-04-29,557.88,2.0,0,74.14,Cash on Delivery,South,7.0,34.0,5.0,0,Not Returned,1115.76,2026-04,6-7 days
ORD103452,CUST4153,Home & Kitchen,2026-06-10,2444.36,1.0,30,26.67,UPI,East,1.0,47.0,5.0,0,Not Returned,1711.052,2026-06,1-3 days
ORD102473,CUST2479,Electronics,2026-06-13,4558.5,1.0,0,150.97,Net Banking,South,5.0,42.0,5.0,0,Not Returned,4558.5,2026-06,4-5 days
ORD103556,CUST3047,Fashion,2024-12-28,1012.185,2.0,0,49.06,Credit Card,West,1.0,23.0,4.0,0,Not Returned,2024.37,2024-12,1-3 days
ORD105648,CUST1054,Beauty,2025-12-03,599.18,1.0,15,146.78,Debit Card,South,3.0,21.0,5.0,0,Not Returned,509.30299999999994,2025-12,1-3 days
ORD104025,CUST1343,Home & Kitchen,2026-05-09,3967.92,2.0,0,97.41,Debit Card,West,3.0,34.0,2.0,0,Not Returned,7935.84,2026-05,1-3 days
ORD104274,CUST1458,Electronics,2024-08-29,4558.5,1.0,15,55.5,Debit Card,Central,4.0,16.0,4.0,0,Not Returned,3874.725,2024-08,4-5 days
ORD103647,CUST3763,Toys,2025-08-30,1055.7,2.0,10,19.23,Debit Card,West,3.0,48.0,4.0,0,Not Returned,1900.2600000000002,2025-08,1-3 days
ORD102973,CUST1351,Home & Kitchen,2026-02-02,1940.6,1.0,10,42.99,Credit Card,South,5.0,19.0,1.0,0,Not Returned,1746.54,2026-02,4-5 days
ORD101635,CUST1545,Home & Kitchen,2026-04-05,2632.52,1.0,5,50.73,Cash on Delivery,North,4.0,47.0,4.0,0,Not Returned,2500.894,2026-04,4-5 days
ORD102061,CUST3811,Toys,2026-01-22,1151.21,1.0,15,67.39,Credit Card,North,6.0,34.0,5.0,0,Not Returned,978.5285,2026-01,6-7 days
ORD104292,CUST3920,Home & Kitchen,2025-11-22,2137.45,3.5,0,66.84,Debit Card,Central,6.0,51.0,4.0,1,Wrong Item Delivered,7481.074999999999,2025-11,6-7 days
ORD100057,CUST1449,Beauty,2026-02-22,430.19,1.0,25,95.15,Credit Card,Central,4.0,28.0,1.0,0,Not Returned,322.6425,2026-02,4-5 days
ORD102192,CUST1259,Sports,2025-07-07,2169.84,3.5,0,193.99,Cash on Delivery,Central,8.0,34.0,5.0,0,Not Returned,7594.4400000000005,2025-07,8+ days
ORD101472,CUST1403,Grocery,2024-11-04,458.05,2.0,25,160.97,Cash on Delivery,South,3.0,34.0,4.0,0,Not Returned,687.075,2024-11,1-3 days
ORD104756,CUST4450,Toys,2025-10-10,563.2,1.0,20,10.29,Net Banking,South,5.0,24.0,4.0,0,Not Returned,450.56000000000006,2025-10,4-5 days
ORD105401,CUST1486,Sports,2026-08-07,2174.74,2.0,10,163.37,Net Banking,Central,4.0,45.0,3.0,0,Not Returned,3914.5319999999997,2026-08,4-5 days
ORD105541,CUST1727,Books,2025-04-02,353.26,1.0,15,99.74,Debit Card,South,3.0,37.0,5.0,1,Late Delivery,300.27099999999996,2025-04,1-3 days
ORD105216,CUST1486,Beauty,2025-02-14,1226.71,1.0,0,38.55,Cash on Delivery,West,3.0,29.0,4.0,0,Not Returned,1226.71,2025-02,1-3 days
ORD102786,CUST2721,Beauty,2025-01-24,590.46,1.0,10,183.51,Cash on Delivery,Central,3.0,32.0,5.0,0,Not Returned,531.4140000000001,2025-01,1-3 days
ORD101474,CUST3285,Books,2026-02-15,521.74,1.0,30,53.04,Debit Card,East,8.0,41.0,5.0,0,Not Returned,365.21799999999996,2026-02,8+ days
ORD101568,CUST3335,Fashion,2026-03-30,497.77,1.0,0,45.11,UPI,North,6.0,21.0,4.0,0,Not Returned,497.77,2026-03,6-7 days
ORD100465,CUST3397,Beauty,2024-12-29,745.89,1.0,0,132.5,Credit Card,Central,3.0,38.0,4.0,1,Size Issue,745.89,2024-12,1-3 days
ORD101589,CUST3845,Grocery,2026-02-18,373.4,1.0,5,12.18,Net Banking,West,5.0,18.0,4.0,0,Not Returned,354.72999999999996,2026-02,4-5 days
ORD101008,CUST3905,Grocery,2024-12-15,308.3,3.5,5,67.33500000000001,Cash on Delivery,East,5.0,35.0,4.0,0,Not Returned,1025.0974999999999,2024-12,4-5 days
ORD103918,CUST3039,Electronics,2025-03-21,4558.5,1.0,20,67.33500000000001,Net Banking,South,5.0,33.0,5.0,0,Not Returned,3646.8,2025-03,4-5 days
ORD101579,CUST1543,Beauty,2024-11-19,928.77,3.0,0,114.76,Net Banking,North,6.0,48.0,5.0,0,Not Returned,2786.31,2024-11,6-7 days
ORD101304,CUST2471,Electronics,2025-09-13,4558.5,1.0,20,95.09,Credit Card,North,5.0,45.0,5.0,0,Not Returned,3646.8,2025-09,4-5 days
ORD104139,CUST3281,Sports,2024-10-11,1490.21,1.0,25,129.19,Cash on Delivery,South,3.0,34.0,2.0,0,Not Returned,1117.6575,2024-10,1-3 days
ORD105418,CUST2756,Grocery,2024-10-18,226.0,2.0,0,43.19,UPI,Central,4.0,60.0,4.0,0,Not Returned,452.0,2024-10,4-5 days
ORD100346,CUST3569,Home & Kitchen,2026-01-05,334.79,1.0,5,59.18,Credit Card,North,2.0,40.0,5.0,0,Not Returned,318.0505,2026-01,1-3 days
ORD100502,CUST3455,Fashion,2025-05-26,332.67,2.0,0,68.15,UPI,Central,8.0,37.0,4.0,0,Not Returned,665.34,2025-05,8+ days
ORD101232,CUST2566,Sports,2025-05-19,2231.96,1.0,0,41.38,UPI,North,6.0,51.0,5.0,1,Better Price Found,2231.96,2025-05,6-7 days
ORD101643,CUST1889,Fashion,2026-01-02,2154.46,2.0,5,96.5,Credit Card,West,3.0,31.0,5.0,1,Size Issue,4093.4739999999997,2026-01,1-3 days
ORD102990,CUST1822,Grocery,2024-10-01,311.44,1.0,5,203.85999999999999,Debit Card,South,5.0,46.0,5.0,0,Not Returned,295.868,2024-10,4-5 days
ORD100833,CUST1877,Sports,2024-12-28,1601.92,1.0,15,13.55,UPI,West,6.0,21.0,4.0,0,Not Returned,1361.632,2024-12,6-7 days
ORD103825,CUST2276,Toys,2025-08-04,854.65,1.0,0,145.08,Credit Card,West,2.0,42.0,3.0,0,Not Returned,854.65,2025-08,1-3 days
ORD102140,CUST2715,Home & Kitchen,2026-01-13,2514.79,1.0,0,67.33500000000001,Cash on Delivery,North,5.0,52.0,4.0,0,Not Returned,2514.79,2026-01,4-5 days
ORD103797,CUST2479,Electronics,2024-09-26,4558.5,1.0,15,72.8,Credit Card,West,4.0,41.0,4.0,0,Not Returned,3874.725,2024-09,4-5 days
ORD101362,CUST3047,Sports,2024-12-22,725.72,1.0,0,62.89,Cash on Delivery,South,5.0,33.0,2.0,0,Not Returned,725.72,2024-12,4-5 days
ORD101164,CUST2372,Grocery,2024-11-05,195.29,1.0,5,46.07,Cash on Delivery,South,4.0,63.0,3.0,1,Not as Described,185.5255,2024-11,4-5 days
ORD101764,CUST1956,Grocery,2025-07-15,263.42,3.0,10,153.89,Cash on Delivery,Central,3.0,32.0,5.0,0,Not Returned,711.234,2025-07,1-3 days
ORD104117,CUST4167,Home & Kitchen,2025-09-07,2276.16,1.0,25,11.82,Cash on Delivery,South,6.0,48.0,5.0,0,Not Returned,1707.12,2025-09,6-7 days
ORD101425,CUST3030,Books,2026-01-27,404.94,1.0,5,67.33500000000001,Credit Card,West,6.0,38.0,3.0,0,Not Returned,384.693,2026-01,6-7 days
ORD100542,CUST3803,Electronics,2025-02-06,4558.5,2.0,0,135.78,Debit Card,Central,6.0,21.0,4.0,0,Not Returned,9117.0,2025-02,6-7 days
ORD101491,CUST1092,Electronics,2026-01-20,3854.93,1.0,15,37.49,UPI,North,1.0,29.0,3.0,0,Not Returned,3276.6904999999997,2026-01,1-3 days
ORD103234,CUST2279,Books,2025-12-13,445.86,2.0,10,15.53,Debit Card,North,1.0,19.0,4.0,0,Not Returned,802.548,2025-12,1-3 days
ORD101666,CUST2496,Books,2025-10-08,1012.185,1.0,30,28.0,Net Banking,South,5.0,28.0,5.0,1,Changed Mind,708.5294999999999,2025-10,4-5 days
ORD101945,CUST2944,Beauty,2026-01-03,752.53,1.0,15,68.63,Cash on Delivery,Central,4.0,25.0,5.0,0,Not Returned,639.6505,2026-01,4-5 days
ORD103602,CUST3472,Toys,2026-05-28,1088.37,1.0,20,8.05,UPI,East,5.0,21.0,5.0,0,Not Returned,870.6959999999999,2026-05,4-5 days
ORD103050,CUST3442,Books,2025-11-09,345.13,1.0,5,67.33500000000001,UPI,East,6.0,26.0,5.0,0,Not Returned,327.8735,2025-11,6-7 days
ORD104946,CUST3093,Toys,2025-07-13,845.12,1.0,20,46.76,UPI,West,7.0,25.0,5.0,0,Not Returned,676.096,2025-07,6-7 days
ORD103906,CUST3036,Toys,2025-02-18,469.14,1.0,0,101.98,UPI,North,4.0,36.0,4.0,0,Not Returned,469.14,2025-02,4-5 days
ORD100565,CUST2225,Home & Kitchen,2026-08-10,2456.95,3.0,15,95.25,Net Banking,Central,3.0,30.0,2.0,0,Not Returned,6265.222499999999,2026-08,1-3 days
ORD100263,CUST3579,Toys,2025-07-17,1012.185,1.0,0,67.54,UPI,Central,7.0,30.0,5.0,0,Not Returned,1012.185,2025-07,6-7 days
ORD103856,CUST1057,Beauty,2025-10-15,912.13,1.0,10,51.06,Credit Card,North,4.0,28.0,3.0,0,Not Returned,820.917,2025-10,4-5 days
ORD101324,CUST4001,Toys,2025-07-21,316.07,3.0,5,56.71,Debit Card,East,7.0,37.0,5.0,0,Not Returned,900.7995,2025-07,6-7 days
ORD100381,CUST2950,Fashion,2025-02-10,1341.15,1.0,10,203.85999999999999,Net Banking,North,5.0,34.0,4.0,0,Not Returned,1207.035,2025-02,4-5 days
ORD104803,CUST2251,Grocery,2026-05-19,390.37,1.0,20,31.49,Net Banking,North,2.0,25.0,4.0,0,Not Returned,312.29600000000005,2026-05,1-3 days
ORD100613,CUST3537,Home & Kitchen,2025-07-29,1924.76,1.0,5,46.75,Credit Card,Central,5.0,22.0,5.0,0,Not Returned,1828.522,2025-07,4-5 days
ORD105150,CUST2557,Beauty,2025-04-05,908.4,1.0,10,60.26,UPI,North,7.0,44.0,5.0,0,Not Returned,817.56,2025-04,6-7 days
ORD100215,CUST2344,Home & Kitchen,2025-01-07,2140.63,1.0,15,14.98,UPI,West,7.0,38.0,4.0,0,Not Returned,1819.5355,2025-01,6-7 days
ORD101977,CUST3494,Grocery,2025-08-08,313.26,3.0,0,121.76,UPI,North,2.0,34.0,5.0,0,Not Returned,939.78,2025-08,1-3 days
ORD101102,CUST3345,Grocery,2025-02-12,371.99,3.5,15,94.95,Credit Card,West,5.0,53.0,5.0,0,Not Returned,1106.6702500000001,2025-02,4-5 days
ORD101978,CUST1705,Electronics,2025-07-30,4558.5,2.0,10,203.85999999999999,Debit Card,West,7.0,25.0,4.0,0,Not Returned,8205.300000000001,2025-07,6-7 days
ORD103892,CUST1815,Sports,2024-10-05,3134.98,1.0,10,14.27,Cash on Delivery,East,5.0,35.0,5.0,0,Not Returned,2821.482,2024-10,4-5 days
ORD102865,CUST3153,Toys,2025-12-12,770.83,2.0,0,149.24,Debit Card,Central,4.0,41.0,3.0,0,Not Returned,1541.66,2025-12,4-5 days
ORD101112,CUST3712,Sports,2025-10-03,1934.93,1.0,10,47.09,UPI,West,3.0,47.0,5.0,0,Not Returned,1741.4370000000001,2025-10,1-3 days
ORD103687,CUST3128,Fashion,2025-02-04,1223.51,1.0,5,173.81,Credit Card,South,5.0,43.0,3.0,1,Changed Mind,1162.3345,2025-02,4-5 days
ORD104811,CUST3324,Toys,2025-10-22,400.74,1.0,0,15.64,Debit Card,West,7.0,34.0,1.0,0,Not Returned,400.74,2025-10,6-7 days
ORD105562,CUST2819,Fashion,2025-10-04,1342.86,1.0,30,122.98,Net Banking,West,2.0,31.0,4.0,0,Not Returned,940.0019999999998,2025-10,1-3 days
ORD103738,CUST1092,Books,2025-03-10,764.26,1.0,5,68.63,UPI,Central,4.0,49.0,2.0,0,Not Returned,726.0469999999999,2025-03,4-5 days
ORD101693,CUST1562,Sports,2024-08-28,1429.19,1.0,0,189.97,Credit Card,Central,8.0,31.0,5.0,0,Not Returned,1429.19,2024-08,8+ days
ORD101617,CUST3657,Sports,2025-12-17,2266.39,2.0,0,156.32,Cash on Delivery,East,7.0,23.0,4.0,0,Not Returned,4532.78,2025-12,6-7 days
ORD105720,CUST1357,Electronics,2026-03-13,4558.5,1.0,0,55.88,Cash on Delivery,Central,8.0,27.0,3.0,0,Not Returned,4558.5,2026-03,8+ days
ORD105610,CUST2569,Beauty,2026-06-23,876.59,2.0,0,37.79,Cash on Delivery,East,2.0,34.0,2.0,0,Not Returned,1753.18,2026-06,1-3 days
ORD103055,CUST3916,Sports,2025-11-04,1614.71,1.0,5,92.66,UPI,East,10.5,40.0,4.0,0,Not Returned,1533.9745,2025-11,8+ days
ORD100032,CUST1666,Fashion,2026-04-20,561.86,1.0,20,44.66,Net Banking,North,5.0,42.0,4.0,0,Not Returned,449.48800000000006,2026-04,4-5 days
ORD103293,CUST3230,Beauty,2026-03-17,1139.5,1.0,0,34.33,Net Banking,East,4.0,38.0,4.0,1,Better Price Found,1139.5,2026-03,4-5 days
ORD100114,CUST3986,Home & Kitchen,2025-07-26,2822.59,2.0,10,48.35,Cash on Delivery,Central,5.0,34.0,4.0,0,Not Returned,5080.662,2025-07,4-5 days
ORD103268,CUST2906,Books,2026-01-20,564.46,1.0,30,33.72,Debit Card,West,6.0,35.0,4.0,0,Not Returned,395.122,2026-01,6-7 days
ORD104275,CUST3850,Grocery,2026-04-07,290.78,1.0,20,118.38,Cash on Delivery,West,3.0,43.0,5.0,0,Not Returned,232.624,2026-04,1-3 days
ORD102288,CUST4446,Sports,2026-02-16,1811.11,2.0,0,102.21,UPI,North,3.0,16.0,4.0,0,Not Returned,3622.22,2026-02,1-3 days
ORD100820,CUST2432,Toys,2024-11-30,684.01,2.0,0,118.63,Net Banking,East,3.0,22.0,4.0,0,Not Returned,1368.02,2024-11,1-3 days
ORD102249,CUST1190,Home & Kitchen,2026-02-23,3180.19,1.0,0,24.55,Cash on Delivery,East,6.0,34.0,5.0,0,Not Returned,3180.19,2026-02,6-7 days
ORD104891,CUST3189,Beauty,2025-03-22,1086.25,1.0,0,163.25,Cash on Delivery,West,3.0,24.0,4.0,0,Not Returned,1086.25,2025-03,1-3 days
ORD100586,CUST3647,Electronics,2026-06-10,4558.5,2.0,20,121.78,Net Banking,East,10.5,21.0,5.0,0,Not Returned,7293.6,2026-06,8+ days
ORD101347,CUST1394,Grocery,2024-11-05,399.43,1.0,5,77.4,Debit Card,East,5.0,27.0,4.0,1,Not as Described,379.4585,2024-11,4-5 days
ORD101098,CUST3147,Electronics,2025-08-05,4558.5,1.0,10,104.73,Debit Card,East,4.0,29.0,4.0,0,Not Returned,4102.650000000001,2025-08,4-5 days
ORD101363,CUST3641,Sports,2026-04-28,777.69,1.0,10,90.3,Debit Card,South,3.0,51.0,5.0,0,Not Returned,699.921,2026-04,1-3 days
ORD100393,CUST2292,Books,2026-01-28,316.85,1.0,10,61.33,UPI,Central,4.0,34.0,5.0,0,Not Returned,285.165,2026-01,4-5 days
ORD101515,CUST2441,Grocery,2024-11-10,314.4,1.0,15,168.79,Debit Card,South,6.0,24.0,3.0,0,Not Returned,267.23999999999995,2024-11,6-7 days
ORD105107,CUST3509,Beauty,2025-06-07,843.54,1.0,25,33.06,Debit Card,West,2.0,22.0,5.0,0,Not Returned,632.655,2025-06,1-3 days
ORD105484,CUST3319,Books,2024-09-21,333.98,1.0,0,73.94,Cash on Delivery,Central,3.0,18.0,4.0,0,Not Returned,333.98,2024-09,1-3 days
ORD103790,CUST4351,Beauty,2026-08-01,629.53,1.0,5,159.72,Credit Card,South,1.0,26.0,4.0,0,Not Returned,598.0535,2026-08,1-3 days
ORD102445,CUST1313,Toys,2026-05-28,718.91,1.0,15,203.85999999999999,Debit Card,East,6.0,25.0,4.0,0,Not Returned,611.0735,2026-05,6-7 days
ORD101851,CUST1825,Home & Kitchen,2026-06-20,3138.84,3.5,0,121.38,UPI,East,5.0,38.0,5.0,0,Not Returned,10985.94,2026-06,4-5 days
ORD101522,CUST1749,Books,2025-03-30,307.81,1.0,0,76.06,Net Banking,West,2.0,39.0,4.0,0,Not Returned,307.81,2025-03,1-3 days
ORD100217,CUST2143,Sports,2026-07-26,2130.29,1.0,15,8.34,Net Banking,East,5.0,39.0,5.0,0,Not Returned,1810.7465,2026-07,4-5 days
ORD104466,CUST1501,Sports,2025-08-11,917.11,1.0,10,55.02,Debit Card,South,5.0,41.0,3.0,0,Not Returned,825.399,2025-08,4-5 days
ORD101709,CUST1421,Fashion,2025-02-21,718.86,2.0,5,124.76,Credit Card,Central,6.0,23.0,5.0,0,Not Returned,1365.834,2025-02,6-7 days
ORD100983,CUST3906,Sports,2024-12-12,2876.65,1.0,15,97.22,Net Banking,West,4.0,26.0,3.0,0,Not Returned,2445.1525,2024-12,4-5 days
ORD100189,CUST3234,Grocery,2026-06-10,452.76,2.0,0,16.33,Debit Card,Central,2.0,41.0,5.0,0,Not Returned,905.52,2026-06,1-3 days
ORD104832,CUST1045,Fashion,2025-05-15,236.76,2.0,20,97.09,Debit Card,West,5.0,43.0,5.0,1,Better Price Found,378.81600000000003,2025-05,4-5 days
ORD105136,CUST3359,Grocery,2026-05-18,256.88,3.5,30,24.93,Net Banking,Central,3.0,31.0,4.0,0,Not Returned,629.3559999999999,2026-05,1-3 days
ORD101621,CUST1373,Sports,2025-06-28,2136.6,2.0,0,33.35,Net Banking,Central,1.0,47.0,1.0,0,Not Returned,4273.2,2025-06,1-3 days
ORD100553,CUST4246,Electronics,2025-10-06,4558.5,3.5,5,68.94,Cash on Delivery,West,7.0,47.0,5.0,0,Not Returned,15157.012499999999,2025-10,6-7 days
ORD105260,CUST2231,Grocery,2024-08-19,129.16,1.0,5,64.23,Cash on Delivery,South,7.0,24.0,5.0,0,Not Returned,122.70199999999998,2024-08,6-7 days
ORD104133,CUST1042,Books,2025-07-19,543.55,2.0,20,67.49,Cash on Delivery,North,3.0,32.0,5.0,0,Not Returned,869.68,2025-07,1-3 days
ORD104689,CUST3318,Electronics,2026-05-03,4558.5,1.0,0,110.8,Credit Card,North,4.0,23.0,3.0,0,Not Returned,4558.5,2026-05,4-5 days
ORD101380,CUST3773,Toys,2026-05-01,1583.93,3.0,5,88.72,UPI,East,5.0,31.0,5.0,0,Not Returned,4514.2005,2026-05,4-5 days
ORD104506,CUST2053,Sports,2025-04-08,1700.73,1.0,0,152.65,UPI,East,2.0,36.0,5.0,1,Late Delivery,1700.73,2025-04,1-3 days
ORD101253,CUST3752,Books,2025-07-11,491.67,1.0,5,72.56,Net Banking,Central,8.0,42.0,3.0,0,Not Returned,467.0865,2025-07,8+ days
ORD103691,CUST3727,Sports,2025-08-09,2089.89,3.0,10,58.63,Net Banking,East,3.0,28.0,4.0,0,Not Returned,5642.703,2025-08,1-3 days
ORD103309,CUST1000,Fashion,2025-11-27,794.4,1.0,10,10.24,Cash on Delivery,East,1.0,33.0,4.0,0,Not Returned,714.96,2025-11,1-3 days
ORD104188,CUST3040,Books,2025-02-14,253.54,1.0,10,34.56,Cash on Delivery,West,4.0,41.0,4.0,0,Not Returned,228.186,2025-02,4-5 days
ORD104202,CUST3996,Grocery,2025-04-13,462.52,1.0,25,109.42,Net Banking,East,2.0,34.0,1.0,0,Not Returned,346.89,2025-04,1-3 days
ORD102787,CUST4274,Books,2025-04-03,474.5,1.0,5,74.58,Credit Card,West,5.0,45.0,3.0,0,Not Returned,450.775,2025-04,4-5 days
ORD103399,CUST2691,Beauty,2026-02-20,462.68,1.0,30,63.75,Net Banking,South,6.0,46.0,2.0,1,Late Delivery,323.876,2026-02,6-7 days
ORD104288,CUST1824,Electronics,2025-10-20,4558.5,1.0,25,82.98,Credit Card,North,7.0,29.0,5.0,0,Not Returned,3418.875,2025-10,6-7 days
ORD100404,CUST1186,Home & Kitchen,2024-11-19,3832.83,1.0,5,35.45,Cash on Delivery,West,6.0,40.0,5.0,0,Not Returned,3641.1884999999997,2024-11,6-7 days
ORD101783,CUST1127,Books,2026-08-13,428.49,2.0,15,99.8,Cash on Delivery,Central,3.0,53.0,4.0,0,Not Returned,728.433,2026-08,1-3 days
ORD100666,CUST3698,Sports,2026-06-14,1924.99,1.0,0,66.19,Credit Card,Central,5.0,16.0,4.0,1,Changed Mind,1924.99,2026-06,4-5 days
ORD104637,CUST1298,Toys,2025-02-08,1093.13,1.0,0,7.25,Cash on Delivery,North,4.0,38.0,3.0,0,Not Returned,1093.13,2025-02,4-5 days
ORD102679,CUST1612,Grocery,2026-07-21,256.95,1.0,5,63.71,Cash on Delivery,North,4.0,16.0,3.0,0,Not Returned,244.10249999999996,2026-07,4-5 days
ORD101413,CUST1050,Books,2026-05-12,353.19,1.0,5,83.44,Credit Card,North,4.0,43.0,2.0,0,Not Returned,335.53049999999996,2026-05,4-5 days
ORD103730,CUST3256,Electronics,2024-11-28,4558.5,1.0,20,11.13,UPI,Central,3.0,27.0,5.0,0,Not Returned,3646.8,2024-11,1-3 days
ORD100528,CUST2803,Home & Kitchen,2026-05-20,469.17,1.0,5,1.21,Net Banking,East,6.0,16.0,5.0,0,Not Returned,445.7115,2026-05,6-7 days
ORD101386,CUST2790,Electronics,2024-09-27,4558.5,1.0,20,19.39,UPI,West,5.0,47.0,2.0,0,Not Returned,3646.8,2024-09,4-5 days
ORD104838,CUST1842,Beauty,2024-11-21,640.49,2.0,0,203.85999999999999,Debit Card,East,1.0,38.0,5.0,0,Not Returned,1280.98,2024-11,1-3 days
ORD103300,CUST2823,Home & Kitchen,2024-10-29,2230.8,1.0,25,113.0,Debit Card,North,8.0,24.0,4.0,0,Not Returned,1673.1000000000001,2024-10,8+ days
ORD102060,CUST3975,Sports,2025-01-04,2135.23,1.0,30,151.23,UPI,West,2.0,20.0,5.0,0,Not Returned,1494.6609999999998,2025-01,1-3 days
ORD100485,CUST3249,Books,2025-01-14,560.59,1.0,0,42.64,Cash on Delivery,East,4.0,33.0,2.0,0,Not Returned,560.59,2025-01,4-5 days
ORD105945,CUST3172,Beauty,2026-05-22,963.92,1.0,5,77.6,Credit Card,West,4.0,16.0,4.0,1,Wrong Item Delivered,915.7239999999999,2026-05,4-5 days
ORD103227,CUST3923,Electronics,2025-07-20,4558.5,1.0,10,121.24,Debit Card,Central,5.0,40.0,5.0,0,Not Returned,4102.650000000001,2025-07,4-5 days
ORD104633,CUST1441,Books,2025-02-18,487.53,1.0,10,58.09,UPI,South,4.0,22.0,4.0,0,Not Returned,438.777,2025-02,4-5 days
ORD104947,CUST1952,Beauty,2025-11-30,814.24,1.0,0,47.74,Debit Card,East,6.0,32.0,5.0,0,Not Returned,814.24,2025-11,6-7 days
ORD104613,CUST2666,Fashion,2025-07-01,1715.16,1.0,5,48.55,Cash on Delivery,North,2.0,34.0,4.0,1,Defective Product,1629.402,2025-07,1-3 days
ORD103722,CUST3889,Electronics,2025-04-18,4558.5,1.0,0,25.07,UPI,West,5.0,29.0,4.0,0,Not Returned,4558.5,2025-04,4-5 days
ORD102781,CUST1418,Beauty,2025-01-01,853.61,1.0,10,35.45,Debit Card,North,4.0,42.0,3.0,0,Not Returned,768.249,2025-01,4-5 days
ORD103209,CUST2695,Electronics,2024-09-11,4558.5,1.0,15,57.39,Debit Card,North,3.0,39.0,2.0,0,Not Returned,3874.725,2024-09,1-3 days
ORD102917,CUST1566,Books,2025-05-05,632.24,1.0,15,21.83,Credit Card,West,3.0,40.0,4.0,0,Not Returned,537.404,2025-05,1-3 days
ORD105158,CUST1909,Sports,2025-11-01,2239.15,2.0,15,62.57,Net Banking,West,2.0,45.0,4.0,1,Not as Described,3806.555,2025-11,1-3 days
ORD104063,CUST4326,Books,2025-05-11,297.08,1.0,0,106.38,Net Banking,East,3.0,26.0,4.0,0,Not Returned,297.08,2025-05,1-3 days
ORD102687,CUST1405,Beauty,2024-09-22,4558.5,2.0,0,9.28,Cash on Delivery,Central,6.0,34.0,5.0,1,Size Issue,9117.0,2024-09,6-7 days
ORD105425,CUST3893,Home & Kitchen,2025-01-11,2398.49,1.0,0,3.7,Cash on Delivery,Central,8.0,26.0,4.0,1,Changed Mind,2398.49,2025-01,8+ days
ORD101597,CUST4259,Beauty,2026-05-02,905.85,1.0,5,150.62,UPI,East,7.0,23.0,2.0,0,Not Returned,860.5575,2026-05,6-7 days
ORD104112,CUST2756,Fashion,2025-06-08,865.44,1.0,25,160.78,Net Banking,East,4.0,36.0,3.0,1,Late Delivery,649.08,2025-06,4-5 days
ORD100598,CUST2387,Grocery,2026-02-15,302.04,1.0,20,24.59,UPI,North,1.0,30.0,4.0,0,Not Returned,241.63200000000003,2026-02,1-3 days
ORD100158,CUST2295,Electronics,2025-03-26,4558.5,1.0,15,100.58,Debit Card,East,8.0,21.0,4.0,0,Not Returned,3874.725,2025-03,8+ days
ORD103368,CUST1216,Books,2025-04-04,468.18,1.0,25,33.32,Cash on Delivery,South,6.0,32.0,3.0,0,Not Returned,351.135,2025-04,6-7 days
ORD101467,CUST1181,Books,2025-12-04,401.02,1.0,10,14.01,Credit Card,Central,8.0,27.0,5.0,0,Not Returned,360.918,2025-12,8+ days
ORD105797,CUST3132,Sports,2025-06-12,1508.78,1.0,5,73.64,Debit Card,West,3.0,40.0,4.0,1,Wrong Item Delivered,1433.341,2025-06,1-3 days
ORD104237,CUST1608,Sports,2025-08-03,1352.86,1.0,30,184.13,Debit Card,Central,3.0,61.0,4.0,0,Not Returned,947.0019999999998,2025-08,1-3 days
ORD103447,CUST3849,Sports,2026-06-04,458.25,1.0,15,17.67,Debit Card,West,1.0,26.0,5.0,0,Not Returned,389.5125,2026-06,1-3 days
ORD103636,CUST3567,Electronics,2026-05-18,4558.5,1.0,5,114.24,Cash on Delivery,South,5.0,41.0,4.0,0,Not Returned,4330.575,2026-05,4-5 days
ORD104246,CUST2037,Beauty,2025-10-08,1011.72,1.0,25,91.75,UPI,East,2.0,35.0,1.0,0,Not Returned,758.79,2025-10,1-3 days
ORD103471,CUST1003,Electronics,2025-12-09,4558.5,1.0,30,90.25,UPI,West,6.0,32.0,5.0,1,Late Delivery,3190.95,2025-12,6-7 days
ORD100522,CUST3718,Beauty,2025-05-28,703.14,1.0,10,94.64,Net Banking,South,4.0,31.0,3.0,1,Better Price Found,632.826,2025-05,4-5 days
ORD101123,CUST3887,Home & Kitchen,2026-03-05,3351.12,1.0,20,60.19,Debit Card,North,4.0,46.0,5.0,1,Defective Product,2680.896,2026-03,4-5 days
ORD105508,CUST2019,Electronics,2025-12-01,4558.5,1.0,0,61.92,Debit Card,North,3.0,52.0,5.0,0,Not Returned,4558.5,2025-12,1-3 days
ORD100226,CUST3094,Home & Kitchen,2025-11-05,3149.36,1.0,0,57.99,UPI,Central,5.0,52.0,4.0,0,Not Returned,3149.36,2025-11,4-5 days
ORD104420,CUST4298,Fashion,2026-08-07,1328.73,1.0,10,203.85999999999999,Credit Card,North,3.0,46.0,4.0,1,Wrong Item Delivered,1195.857,2026-08,1-3 days
ORD101028,CUST4296,Books,2025-08-07,448.04,2.0,0,43.78,Net Banking,South,5.0,19.0,4.0,0,Not Returned,896.08,2025-08,4-5 days
ORD103671,CUST1268,Grocery,2026-04-02,50.0,2.0,5,35.78,Cash on Delivery,Central,6.0,20.0,2.0,0,Not Returned,95.0,2026-04,6-7 days
ORD100555,CUST2566,Sports,2024-10-15,2427.34,1.0,5,97.91,Cash on Delivery,South,5.0,16.0,3.0,1,Better Price Found,2305.973,2024-10,4-5 days
ORD103891,CUST1691,Toys,2026-02-11,354.6,1.0,0,203.85999999999999,Credit Card,South,3.0,40.0,4.0,0,Not Returned,354.6,2026-02,1-3 days
ORD103635,CUST4235,Grocery,2025-06-11,406.49,1.0,0,47.18,Net Banking,South,5.0,34.0,3.0,1,Late Delivery,406.49,2025-06,4-5 days
ORD104407,CUST1095,Grocery,2025-11-26,324.24,1.0,15,123.39,Cash on Delivery,East,1.0,39.0,2.0,1,Size Issue,275.604,2025-11,1-3 days
ORD103910,CUST1109,Home & Kitchen,2025-08-18,1313.82,1.0,0,64.72,Cash on Delivery,Central,6.0,36.0,3.0,0,Not Returned,1313.82,2025-08,6-7 days
ORD103732,CUST4444,Sports,2025-06-08,2034.09,1.0,20,171.11,Debit Card,North,5.0,34.0,5.0,0,Not Returned,1627.272,2025-06,4-5 days
ORD102920,CUST1376,Books,2026-04-03,333.01,1.0,0,141.63,Net Banking,West,4.0,29.0,3.0,1,Late Delivery,333.01,2026-04,4-5 days
ORD104482,CUST2814,Grocery,2026-07-20,433.57,1.0,20,67.33500000000001,Cash on Delivery,West,3.0,30.0,3.0,0,Not Returned,346.856,2026-07,1-3 days
ORD100577,CUST4052,Toys,2026-06-15,1444.91,1.0,5,15.78,Cash on Delivery,South,3.0,26.0,5.0,0,Not Returned,1372.6645,2026-06,1-3 days
ORD102345,CUST4373,Books,2026-08-17,241.75,1.0,25,121.31,Credit Card,Central,7.0,26.0,2.0,1,Defective Product,181.3125,2026-08,6-7 days
ORD105893,CUST3024,Toys,2024-10-25,1613.49,2.0,20,165.14,Net Banking,East,3.0,23.0,5.0,0,Not Returned,2581.5840000000003,2024-10,1-3 days
ORD104554,CUST3279,Electronics,2024-11-29,4558.5,1.0,20,45.64,Credit Card,South,6.0,27.0,4.0,0,Not Returned,3646.8,2024-11,6-7 days
ORD105991,CUST1917,Sports,2024-11-02,2387.41,1.0,0,168.91,Debit Card,Central,4.0,37.0,5.0,1,Defective Product,2387.41,2024-11,4-5 days
ORD100707,CUST4462,Grocery,2024-11-06,467.9,1.0,15,100.18,UPI,North,1.0,30.0,3.0,0,Not Returned,397.715,2024-11,1-3 days
ORD105171,CUST2959,Toys,2026-01-17,1301.63,1.0,30,50.14,Net Banking,East,7.0,19.0,3.0,1,Late Delivery,911.141,2026-01,6-7 days
ORD105741,CUST4238,Toys,2024-09-29,879.69,1.0,15,39.57,Net Banking,North,5.0,41.0,2.0,1,Changed Mind,747.7365,2024-09,4-5 days
ORD105147,CUST4049,Grocery,2026-07-05,302.56,1.0,25,75.88,Debit Card,North,9.0,34.0,5.0,0,Not Returned,226.92000000000002,2026-07,8+ days
ORD105267,CUST3091,Grocery,2025-11-05,100.49,3.5,20,36.79,Debit Card,North,4.0,34.0,4.0,0,Not Returned,281.372,2025-11,4-5 days
ORD103451,CUST3835,Home & Kitchen,2026-03-04,1433.94,2.0,0,54.8,UPI,North,6.0,54.0,5.0,0,Not Returned,2867.88,2026-03,6-7 days
ORD101171,CUST3655,Books,2026-02-04,562.85,1.0,0,52.64,Debit Card,East,4.0,16.0,5.0,0,Not Returned,562.85,2026-02,4-5 days
ORD101455,CUST4232,Electronics,2026-01-23,4558.5,2.0,10,62.55,Credit Card,West,6.0,50.0,3.0,0,Not Returned,8205.300000000001,2026-01,6-7 days
ORD102776,CUST2854,Sports,2025-07-17,1357.91,1.0,5,51.33,Net Banking,North,5.0,17.0,2.0,0,Not Returned,1290.0145,2025-07,4-5 days
ORD105860,CUST3606,Toys,2025-06-28,1318.63,1.0,0,28.34,UPI,East,5.0,38.0,5.0,1,Wrong Item Delivered,1318.63,2025-06,4-5 days
ORD104478,CUST3559,Sports,2024-10-23,3311.89,2.0,15,78.42,Debit Card,South,4.0,36.0,4.0,0,Not Returned,5630.213,2024-10,4-5 days
ORD105840,CUST4360,Sports,2025-06-16,926.3,1.0,0,147.85,Cash on Delivery,West,5.0,36.0,4.0,0,Not Returned,926.3,2025-06,4-5 days
ORD102676,CUST3274,Electronics,2026-03-29,4558.5,1.0,15,85.72,UPI,North,5.0,54.0,1.0,0,Not Returned,3874.725,2026-03,4-5 days
ORD104338,CUST2393,Fashion,2025-02-23,1116.9,1.0,0,88.1,Net Banking,South,3.0,51.0,4.0,0,Not Returned,1116.9,2025-02,1-3 days
ORD100326,CUST1213,Books,2026-02-17,315.06,1.0,20,78.18,UPI,South,1.0,40.0,3.0,0,Not Returned,252.048,2026-02,1-3 days
ORD103307,CUST1569,Fashion,2025-01-25,847.2,1.0,30,5.45,Credit Card,West,6.0,34.0,4.0,0,Not Returned,593.04,2025-01,6-7 days
ORD100476,CUST1474,Beauty,2025-02-19,565.11,1.0,0,76.46,UPI,East,7.0,31.0,5.0,0,Not Returned,565.11,2025-02,6-7 days
ORD105692,CUST4036,Books,2025-04-18,263.24,1.0,20,67.33500000000001,Cash on Delivery,Central,4.0,34.0,5.0,0,Not Returned,210.592,2025-04,4-5 days
ORD104973,CUST1751,Fashion,2025-09-04,1047.29,1.0,5,86.5,UPI,North,3.0,28.0,2.0,1,Late Delivery,994.9254999999999,2025-09,1-3 days
ORD105286,CUST3308,Sports,2026-01-23,1945.16,1.0,5,69.51,Debit Card,South,5.0,50.0,4.0,0,Not Returned,1847.902,2026-01,4-5 days
ORD102512,CUST1351,Fashion,2025-03-14,1097.98,1.0,15,68.84,Cash on Delivery,West,6.0,53.0,3.0,0,Not Returned,933.283,2025-03,6-7 days
ORD103894,CUST2655,Grocery,2026-04-27,415.64,1.0,0,59.88,Cash on Delivery,North,5.0,33.0,4.0,0,Not Returned,415.64,2026-04,4-5 days
ORD100103,CUST1128,Books,2024-10-07,528.78,3.5,20,84.22,Net Banking,West,3.0,42.0,2.0,0,Not Returned,1480.584,2024-10,1-3 days
ORD104972,CUST2562,Books,2025-01-28,678.29,1.0,0,67.33500000000001,Credit Card,South,5.0,43.0,5.0,0,Not Returned,678.29,2025-01,4-5 days
ORD101419,CUST2233,Toys,2024-11-28,480.17,2.0,15,203.85999999999999,Cash on Delivery,South,5.0,48.0,5.0,1,Not as Described,816.289,2024-11,4-5 days
ORD104351,CUST1841,Books,2025-11-22,423.75,1.0,0,28.92,Credit Card,West,4.0,34.0,3.0,1,Wrong Item Delivered,423.75,2025-11,4-5 days
ORD103390,CUST3699,Home & Kitchen,2026-02-10,3728.33,1.0,0,44.36,Credit Card,West,5.0,32.0,4.0,0,Not Returned,3728.33,2026-02,4-5 days
ORD104823,CUST1427,Electronics,2024-10-26,4558.5,2.0,25,203.85999999999999,UPI,Central,7.0,39.0,5.0,0,Not Returned,6837.75,2024-10,6-7 days
ORD100523,CUST3670,Home & Kitchen,2026-03-21,2366.29,1.0,0,178.82,UPI,West,2.0,33.0,5.0,0,Not Returned,2366.29,2026-03,1-3 days
ORD100992,CUST1353,Sports,2024-11-21,1012.185,1.0,20,203.85999999999999,Cash on Delivery,West,2.0,38.0,2.0,0,Not Returned,809.748,2024-11,1-3 days
ORD105455,CUST1533,Grocery,2026-03-05,271.07,3.5,10,48.74,Net Banking,North,1.0,35.0,4.0,0,Not Returned,853.8705,2026-03,1-3 days
ORD101830,CUST1410,Books,2026-07-31,302.99,2.0,15,101.09,Debit Card,East,4.0,27.0,4.0,0,Not Returned,515.083,2026-07,4-5 days
ORD105788,CUST3735,Home & Kitchen,2024-10-14,3429.47,1.0,5,35.22,Debit Card,North,6.0,28.0,3.0,1,Better Price Found,3257.9964999999997,2024-10,6-7 days
ORD102606,CUST2862,Beauty,2026-07-23,602.04,1.0,30,203.85999999999999,UPI,Central,4.0,26.0,4.0,0,Not Returned,421.42799999999994,2026-07,4-5 days
ORD100066,CUST4148,Fashion,2026-02-18,957.76,1.0,15,113.78,Credit Card,Central,1.0,39.0,5.0,1,Size Issue,814.096,2026-02,1-3 days
ORD103398,CUST3031,Beauty,2024-12-09,787.07,1.0,0,115.07,Credit Card,North,4.0,20.0,4.0,0,Not Returned,787.07,2024-12,4-5 days
ORD104150,CUST1734,Electronics,2024-09-18,4558.5,1.0,15,42.89,Cash on Delivery,North,3.0,30.0,5.0,0,Not Returned,3874.725,2024-09,1-3 days
ORD103359,CUST3990,Grocery,2024-10-16,360.55,1.0,10,99.3,Credit Card,East,2.0,38.0,5.0,0,Not Returned,324.495,2024-10,1-3 days
ORD105727,CUST2938,Electronics,2025-02-23,4558.5,2.0,20,15.21,Debit Card,Central,2.0,40.0,4.0,0,Not Returned,7293.6,2025-02,1-3 days
ORD103416,CUST3171,Beauty,2025-04-06,440.09,2.0,10,68.27,Credit Card,Central,7.0,19.0,4.0,1,Not as Described,792.1619999999999,2025-04,6-7 days
ORD101939,CUST2408,Electronics,2024-10-20,3967.94,1.0,5,36.1,UPI,South,5.0,41.0,4.0,0,Not Returned,3769.5429999999997,2024-10,4-5 days
ORD102666,CUST2930,Grocery,2025-02-08,289.44,1.0,25,57.02,Net Banking,North,9.0,35.0,5.0,0,Not Returned,217.07999999999998,2025-02,8+ days
ORD101396,CUST2556,Electronics,2025-10-21,4558.5,1.0,5,45.37,Credit Card,South,2.0,29.0,4.0,1,Wrong Item Delivered,4330.575,2025-10,1-3 days
ORD102868,CUST3940,Home & Kitchen,2025-01-27,1189.58,1.0,0,31.23,Debit Card,Central,6.0,43.0,1.0,0,Not Returned,1189.58,2025-01,6-7 days
ORD100751,CUST4039,Beauty,2025-06-05,348.34,1.0,5,41.0,Cash on Delivery,Central,7.0,31.0,4.0,0,Not Returned,330.92299999999994,2025-06,6-7 days
ORD100885,CUST1883,Fashion,2024-09-01,1661.24,1.0,15,95.03,Cash on Delivery,West,8.0,36.0,3.0,0,Not Returned,1412.0539999999999,2024-09,8+ days
ORD100488,CUST1118,Grocery,2025-08-08,325.52,1.0,10,83.49,Credit Card,Central,5.0,37.0,4.0,0,Not Returned,292.968,2025-08,4-5 days
ORD105034,CUST1378,Books,2024-11-12,693.8,1.0,0,8.84,Net Banking,North,3.0,16.0,2.0,1,Size Issue,693.8,2024-11,1-3 days
ORD101016,CUST3378,Beauty,2024-12-20,783.05,1.0,5,90.71,Net Banking,West,4.0,29.0,5.0,0,Not Returned,743.8974999999999,2024-12,4-5 days
ORD102106,CUST4004,Beauty,2024-08-22,628.33,2.0,15,107.67,Credit Card,South,5.0,22.0,5.0,0,Not Returned,1068.161,2024-08,4-5 days
ORD104893,CUST4127,Home & Kitchen,2024-10-14,2991.55,3.5,20,28.3,Credit Card,East,6.0,22.0,4.0,0,Not Returned,8376.340000000002,2024-10,6-7 days
ORD102724,CUST1421,Grocery,2024-12-19,385.88,1.0,5,67.33500000000001,Net Banking,East,5.0,40.0,1.0,0,Not Returned,366.58599999999996,2024-12,4-5 days
ORD105791,CUST4042,Toys,2026-07-06,1215.47,1.0,30,43.95,Cash on Delivery,West,6.0,21.0,4.0,0,Not Returned,850.829,2026-07,6-7 days
ORD103762,CUST1270,Home & Kitchen,2026-08-10,2844.31,1.0,0,11.77,Net Banking,East,4.0,36.0,4.0,0,Not Returned,2844.31,2026-08,4-5 days
ORD102319,CUST2204,Books,2026-07-24,277.16,2.0,5,26.2,Cash on Delivery,Central,7.0,61.0,1.0,0,Not Returned,526.604,2026-07,6-7 days
ORD102003,CUST1789,Sports,2024-09-09,1802.06,1.0,5,8.33,Net Banking,South,1.0,46.0,4.0,1,Size Issue,1711.9569999999999,2024-09,1-3 days
ORD105362,CUST2552,Books,2025-06-24,484.63,1.0,25,11.6,Credit Card,North,6.0,36.0,5.0,0,Not Returned,363.47249999999997,2025-06,6-7 days
ORD104068,CUST4369,Fashion,2025-03-26,1301.84,1.0,0,85.0,Net Banking,Central,7.0,60.0,5.0,0,Not Returned,1301.84,2025-03,6-7 days
ORD100702,CUST2178,Fashion,2024-09-25,666.2,1.0,25,48.97,Net Banking,North,6.0,53.0,5.0,1,Better Price Found,499.65000000000003,2024-09,6-7 days
ORD100617,CUST2901,Home & Kitchen,2025-11-26,1618.66,1.0,10,130.31,UPI,North,5.0,34.0,5.0,0,Not Returned,1456.794,2025-11,4-5 days
ORD101724,CUST1734,Fashion,2026-06-09,1315.27,1.0,15,124.92,Net Banking,West,4.0,37.0,5.0,0,Not Returned,1117.9795,2026-06,4-5 days
ORD100010,CUST1902,Fashion,2025-09-21,860.43,3.0,20,43.97,Cash on Delivery,East,3.0,34.0,5.0,0,Not Returned,2065.032,2025-09,1-3 days
ORD104100,CUST4386,Toys,2026-01-03,937.19,1.0,15,185.08,Cash on Delivery,East,2.0,23.0,4.0,1,Late Delivery,796.6115,2026-01,1-3 days
ORD102200,CUST2772,Fashion,2025-11-13,1294.42,1.0,15,69.35,Net Banking,West,3.0,40.0,2.0,0,Not Returned,1100.257,2025-11,1-3 days
ORD102097,CUST1530,Sports,2026-03-11,1562.68,1.0,30,95.79,UPI,West,5.0,44.0,4.0,0,Not Returned,1093.876,2026-03,4-5 days
ORD100978,CUST4463,Home & Kitchen,2026-04-03,3061.7,1.0,15,53.66,Debit Card,East,4.0,30.0,1.0,0,Not Returned,2602.4449999999997,2026-04,4-5 days
ORD102272,CUST4065,Beauty,2026-01-12,828.08,1.0,20,43.96,Credit Card,East,3.0,26.0,4.0,0,Not Returned,662.464,2026-01,1-3 days
ORD105365,CUST3208,Electronics,2025-02-17,4558.5,1.0,30,171.48,UPI,South,5.0,25.0,2.0,0,Not Returned,3190.95,2025-02,4-5 days
ORD100774,CUST2048,Books,2024-11-02,458.35,2.0,10,146.92,Credit Card,North,7.0,22.0,5.0,0,Not Returned,825.0300000000001,2024-11,6-7 days
ORD100759,CUST3531,Beauty,2024-12-22,616.38,1.0,25,98.26,Debit Card,Central,2.0,34.0,3.0,0,Not Returned,462.28499999999997,2024-12,1-3 days
ORD103079,CUST2620,Toys,2025-09-02,1238.14,1.0,30,13.52,Cash on Delivery,South,4.0,16.0,4.0,0,Not Returned,866.698,2025-09,4-5 days
ORD101611,CUST2752,Home & Kitchen,2026-08-14,2153.65,1.0,25,105.76,Net Banking,North,9.0,30.0,1.0,0,Not Returned,1615.2375000000002,2026-08,8+ days
ORD100936,CUST4265,Books,2025-05-14,352.71,1.0,20,39.23,Net Banking,Central,4.0,25.0,4.0,1,Size Issue,282.168,2025-05,4-5 days
ORD102220,CUST1072,Beauty,2026-02-14,1012.185,3.0,20,67.15,Net Banking,East,6.0,26.0,4.0,0,Not Returned,2429.244,2026-02,6-7 days
ORD104151,CUST3063,Toys,2025-02-25,859.44,1.0,30,13.99,Net Banking,West,2.0,25.0,2.0,0,Not Returned,601.608,2025-02,1-3 days
ORD102075,CUST2357,Fashion,2026-03-18,1563.16,1.0,15,70.55,Debit Card,West,4.0,21.0,5.0,0,Not Returned,1328.686,2026-03,4-5 days
ORD105397,CUST4047,Electronics,2025-06-03,4558.5,3.0,0,88.4,Credit Card,South,4.0,25.0,3.0,0,Not Returned,13675.5,2025-06,4-5 days
ORD100110,CUST4307,Electronics,2026-03-15,4558.5,1.0,0,67.33500000000001,Credit Card,East,3.0,34.0,5.0,0,Not Returned,4558.5,2026-03,1-3 days
ORD105026,CUST3894,Home & Kitchen,2025-05-10,3546.42,1.0,0,26.97,Net Banking,East,4.0,39.0,4.0,0,Not Returned,3546.42,2025-05,4-5 days
ORD105234,CUST2983,Home & Kitchen,2024-12-29,1512.28,1.0,10,121.19,UPI,South,5.0,26.0,5.0,0,Not Returned,1361.052,2024-12,4-5 days
ORD105884,CUST2548,Fashion,2026-03-31,1953.1,1.0,25,67.33500000000001,Cash on Delivery,East,5.0,26.0,3.0,1,Changed Mind,1464.8249999999998,2026-03,4-5 days
ORD102992,CUST2904,Grocery,2025-03-05,272.45,2.0,20,53.63,Net Banking,West,7.0,16.0,5.0,1,Size Issue,435.92,2025-03,6-7 days
ORD100490,CUST3907,Books,2026-03-26,132.88,1.0,20,167.62,Debit Card,North,6.0,30.0,1.0,1,Not as Described,106.304,2026-03,6-7 days
ORD101190,CUST3810,Toys,2024-12-13,1212.07,1.0,5,47.92,UPI,Central,6.0,21.0,5.0,1,Wrong Item Delivered,1151.4665,2024-12,6-7 days
ORD101089,CUST3759,Electronics,2025-05-15,4558.5,3.0,20,94.18,Credit Card,West,5.0,49.0,1.0,0,Not Returned,10940.400000000001,2025-05,4-5 days
ORD104484,CUST1678,Electronics,2024-10-22,4558.5,1.0,20,100.63,Net Banking,West,5.0,34.0,5.0,0,Not Returned,3646.8,2024-10,4-5 days
ORD101479,CUST2412,Electronics,2025-08-19,4558.5,1.0,5,77.05,Net Banking,West,6.0,27.0,5.0,0,Not Returned,4330.575,2025-08,6-7 days
ORD105879,CUST2466,Sports,2025-11-23,1012.185,3.0,0,19.89,Net Banking,South,3.0,43.0,2.0,1,Size Issue,3036.555,2025-11,1-3 days
ORD103201,CUST1127,Fashion,2025-03-12,1428.61,1.0,5,151.19,UPI,South,3.0,42.0,5.0,0,Not Returned,1357.1794999999997,2025-03,1-3 days
ORD103610,CUST1059,Toys,2025-07-23,752.42,2.0,0,88.38,Net Banking,Central,6.0,41.0,4.0,0,Not Returned,1504.84,2025-07,6-7 days
ORD101906,CUST3240,Electronics,2026-02-05,50.0,1.0,25,82.39,Debit Card,South,3.0,48.0,5.0,1,Wrong Item Delivered,37.5,2026-02,1-3 days
ORD105405,CUST4196,Toys,2026-02-19,914.15,1.0,20,38.83,Net Banking,East,4.0,29.0,5.0,0,Not Returned,731.32,2026-02,4-5 days
ORD103047,CUST4122,Toys,2025-01-01,499.52,2.0,20,55.32,UPI,Central,3.0,16.0,4.0,0,Not Returned,799.232,2025-01,1-3 days
ORD101298,CUST4089,Toys,2026-02-15,1082.41,1.0,5,110.99,Cash on Delivery,South,5.0,16.0,4.0,1,Late Delivery,1028.2895,2026-02,4-5 days
ORD102072,CUST1910,Home & Kitchen,2025-12-10,3154.5,1.0,5,21.22,UPI,South,5.0,31.0,4.0,1,Defective Product,2996.7749999999996,2025-12,4-5 days
ORD102743,CUST3584,Toys,2025-10-29,429.15,1.0,25,83.69,Credit Card,West,4.0,31.0,3.0,1,Size Issue,321.86249999999995,2025-10,4-5 days
ORD104657,CUST2391,Toys,2025-11-14,915.88,2.0,0,90.5,Cash on Delivery,West,3.0,50.0,4.0,0,Not Returned,1831.76,2025-11,1-3 days
ORD100071,CUST4120,Sports,2026-07-30,1012.185,1.0,5,135.66,Cash on Delivery,West,5.0,48.0,4.0,1,Late Delivery,961.5757499999999,2026-07,4-5 days
ORD102608,CUST1716,Sports,2024-08-22,1345.38,1.0,20,15.69,Net Banking,South,5.0,31.0,4.0,0,Not Returned,1076.304,2024-08,4-5 days
ORD104552,CUST2619,Grocery,2025-03-26,237.06,1.0,20,85.66,Debit Card,West,5.0,44.0,5.0,0,Not Returned,189.64800000000002,2025-03,4-5 days
ORD105180,CUST4178,Electronics,2026-06-24,4558.5,1.0,10,47.35,UPI,North,4.0,30.0,3.0,1,Changed Mind,4102.650000000001,2026-06,4-5 days
ORD101852,CUST2395,Grocery,2026-03-31,109.29,1.0,20,11.77,Net Banking,West,5.0,35.0,3.0,1,Late Delivery,87.43200000000002,2026-03,4-5 days
ORD102727,CUST3146,Grocery,2026-03-05,307.84,1.0,5,26.64,Net Banking,Central,4.0,30.0,1.0,0,Not Returned,292.448,2026-03,4-5 days
ORD101942,CUST1249,Fashion,2025-02-01,1440.98,1.0,30,72.38,UPI,West,3.0,18.0,4.0,0,Not Returned,1008.6859999999999,2025-02,1-3 days
ORD101254,CUST1199,Beauty,2026-01-15,1062.04,2.0,25,11.7,Net Banking,West,4.0,26.0,5.0,0,Not Returned,1593.06,2026-01,4-5 days
ORD104464,CUST1883,Books,2026-05-30,387.21,3.0,10,29.09,Cash on Delivery,South,6.0,33.0,3.0,0,Not Returned,1045.4669999999999,2026-05,6-7 days
ORD103087,CUST1223,Toys,2025-03-22,1088.68,1.0,5,124.44,Debit Card,South,7.0,34.0,5.0,0,Not Returned,1034.246,2025-03,6-7 days
ORD100184,CUST1661,Grocery,2026-08-05,329.67,1.0,20,107.09,Debit Card,Central,7.0,37.0,5.0,0,Not Returned,263.73600000000005,2026-08,6-7 days
ORD104938,CUST3776,Electronics,2026-01-10,4558.5,1.0,0,67.33500000000001,Cash on Delivery,South,5.0,16.0,4.0,0,Not Returned,4558.5,2026-01,4-5 days
ORD100824,CUST2268,Fashion,2026-07-05,1291.72,1.0,10,157.83,Debit Card,West,9.0,28.0,5.0,1,Wrong Item Delivered,1162.548,2026-07,8+ days
ORD100386,CUST3382,Grocery,2025-03-30,323.65,1.0,5,109.22,Credit Card,North,3.0,53.0,5.0,0,Not Returned,307.4675,2025-03,1-3 days
ORD101719,CUST2016,Toys,2025-01-30,398.37,1.0,5,23.73,Debit Card,South,5.0,22.0,5.0,1,Better Price Found,378.4515,2025-01,4-5 days
ORD100347,CUST3855,Books,2025-02-12,376.69,2.0,0,78.22,Debit Card,North,5.0,34.0,4.0,1,Better Price Found,753.38,2025-02,4-5 days
ORD103552,CUST3142,Electronics,2025-11-29,4558.5,1.0,15,203.85999999999999,UPI,East,4.0,48.0,5.0,0,Not Returned,3874.725,2025-11,4-5 days
ORD102769,CUST4307,Electronics,2026-06-15,4558.5,1.0,0,22.38,Credit Card,South,1.0,34.0,3.0,0,Not Returned,4558.5,2026-06,1-3 days
ORD103667,CUST3778,Fashion,2026-01-19,817.25,1.0,0,96.02,UPI,South,8.0,27.0,5.0,0,Not Returned,817.25,2026-01,8+ days
ORD100468,CUST2672,Toys,2025-07-28,1083.56,1.0,5,121.52,Debit Card,East,3.0,43.0,5.0,0,Not Returned,1029.3819999999998,2025-07,1-3 days
ORD101418,CUST1694,Home & Kitchen,2026-01-01,2526.37,1.0,20,166.77,Cash on Delivery,East,5.0,40.0,4.0,0,Not Returned,2021.096,2026-01,4-5 days
ORD104278,CUST1990,Books,2024-12-03,434.05,1.0,15,45.04,UPI,South,2.0,42.0,5.0,0,Not Returned,368.9425,2024-12,1-3 days
ORD100536,CUST4491,Grocery,2026-05-03,87.71,1.0,5,61.57,Debit Card,East,9.0,17.0,5.0,1,Late Delivery,83.32449999999999,2026-05,8+ days
ORD100341,CUST1105,Toys,2024-11-06,834.96,1.0,0,100.0,Net Banking,North,7.0,40.0,5.0,1,Not as Described,834.96,2024-11,6-7 days
ORD104214,CUST2167,Grocery,2026-03-11,439.45,2.0,10,53.42,Net Banking,West,7.0,23.0,4.0,0,Not Returned,791.01,2026-03,6-7 days
ORD101299,CUST1993,Toys,2025-08-04,687.58,1.0,0,67.62,Cash on Delivery,South,2.0,29.0,2.0,0,Not Returned,687.58,2025-08,1-3 days
ORD101117,CUST3952,Home & Kitchen,2025-12-26,3000.24,1.0,0,41.28,Cash on Delivery,Central,1.0,31.0,5.0,1,Late Delivery,3000.24,2025-12,1-3 days
ORD101995,CUST4374,Beauty,2025-01-20,847.21,1.0,25,95.03,UPI,South,3.0,28.0,5.0,0,Not Returned,635.4075,2025-01,1-3 days
ORD104103,CUST2611,Home & Kitchen,2025-05-14,2631.43,1.0,0,134.41,UPI,West,4.0,20.0,5.0,0,Not Returned,2631.43,2025-05,4-5 days
ORD101619,CUST3973,Beauty,2025-11-19,627.97,1.0,20,32.81,Cash on Delivery,East,6.0,39.0,3.0,0,Not Returned,502.37600000000003,2025-11,6-7 days
ORD104519,CUST1212,Beauty,2026-06-07,526.25,1.0,0,60.17,UPI,Central,4.0,16.0,2.0,0,Not Returned,526.25,2026-06,4-5 days
ORD103753,CUST2702,Sports,2026-02-12,1294.33,1.0,25,72.03,Net Banking,North,9.0,25.0,4.0,0,Not Returned,970.7475,2026-02,8+ days
ORD102490,CUST1569,Home & Kitchen,2025-08-20,2702.48,3.0,10,49.15,Cash on Delivery,North,3.0,25.0,3.0,0,Not Returned,7296.696000000001,2025-08,1-3 days
ORD104385,CUST3129,Home & Kitchen,2025-12-14,2798.93,1.0,10,22.6,UPI,West,6.0,31.0,4.0,1,Changed Mind,2519.037,2025-12,6-7 days
ORD104373,CUST1121,Sports,2025-05-10,649.06,1.0,30,81.69,Debit Card,East,3.0,30.0,4.0,0,Not Returned,454.3419999999999,2025-05,1-3 days
ORD105315,CUST4480,Electronics,2025-09-26,4558.5,1.0,0,98.08,Net Banking,South,4.0,29.0,3.0,1,Better Price Found,4558.5,2025-09,4-5 days
ORD105606,CUST3840,Beauty,2025-06-24,759.68,2.0,0,62.05,Net Banking,West,3.0,35.0,5.0,0,Not Returned,1519.36,2025-06,1-3 days
ORD101927,CUST1473,Home & Kitchen,2025-07-31,2067.69,3.5,5,67.33500000000001,Credit Card,Central,6.0,54.0,5.0,0,Not Returned,6875.06925,2025-07,6-7 days
ORD104456,CUST2513,Sports,2024-11-07,1752.39,1.0,30,26.3,UPI,Central,3.0,58.0,3.0,0,Not Returned,1226.673,2024-11,1-3 days
ORD100719,CUST1586,Books,2024-08-23,346.93,1.0,20,110.9,Cash on Delivery,Central,2.0,39.0,4.0,0,Not Returned,277.54400000000004,2024-08,1-3 days
ORD105554,CUST1342,Sports,2025-02-16,1907.42,1.0,0,82.04,UPI,South,3.0,42.0,5.0,0,Not Returned,1907.42,2025-02,1-3 days
ORD101083,CUST4028,Books,2026-08-13,388.28,1.0,10,130.34,Cash on Delivery,North,5.0,23.0,1.0,0,Not Returned,349.452,2026-08,4-5 days
ORD105413,CUST3778,Electronics,2025-02-07,4558.5,3.0,10,203.85999999999999,Credit Card,Central,4.0,30.0,5.0,0,Not Returned,12307.95,2025-02,4-5 days
ORD102765,CUST2549,Sports,2025-05-30,2046.22,1.0,0,16.68,Debit Card,East,4.0,37.0,4.0,0,Not Returned,2046.22,2025-05,4-5 days
ORD103306,CUST1370,Fashion,2025-12-14,1880.11,1.0,0,93.38,Credit Card,South,1.0,34.0,4.0,0,Not Returned,1880.11,2025-12,1-3 days
ORD103180,CUST1466,Electronics,2026-03-02,4558.5,1.0,25,32.95,Net Banking,West,4.0,34.0,4.0,1,Wrong Item Delivered,3418.875,2026-03,4-5 days
ORD104445,CUST2707,Beauty,2026-02-04,923.23,1.0,5,29.23,Cash on Delivery,North,4.0,28.0,4.0,0,Not Returned,877.0685,2026-02,4-5 days
ORD101653,CUST1109,Fashion,2026-07-08,732.17,1.0,15,71.97,Credit Card,East,6.0,24.0,2.0,1,Better Price Found,622.3444999999999,2026-07,6-7 days
ORD100749,CUST3736,Electronics,2025-10-01,4558.5,1.0,0,203.6,UPI,East,6.0,20.0,3.0,1,Size Issue,4558.5,2025-10,6-7 days
ORD100688,CUST2280,Beauty,2026-02-03,872.27,2.0,0,98.17,Debit Card,West,4.0,43.0,4.0,0,Not Returned,1744.54,2026-02,4-5 days
ORD105165,CUST4059,Toys,2025-03-14,1184.55,1.0,15,80.21,Debit Card,South,3.0,20.0,4.0,0,Not Returned,1006.8675,2025-03,1-3 days
ORD104149,CUST3291,Toys,2026-07-27,1170.04,1.0,30,22.3,Credit Card,South,3.0,34.0,4.0,0,Not Returned,819.0279999999999,2026-07,1-3 days
ORD103016,CUST3273,Grocery,2026-08-12,408.34,1.0,10,60.08,UPI,South,5.0,61.0,4.0,0,Not Returned,367.506,2026-08,4-5 days
ORD103096,CUST3918,Fashion,2025-10-24,663.28,1.0,10,3.52,Credit Card,North,3.0,52.0,5.0,0,Not Returned,596.952,2025-10,1-3 days
ORD101558,CUST2427,Grocery,2025-07-13,330.78,3.0,10,163.83,Net Banking,North,6.0,35.0,4.0,1,Size Issue,893.106,2025-07,6-7 days
ORD101081,CUST3511,Sports,2025-04-15,2463.24,1.0,25,10.42,Cash on Delivery,West,10.0,36.0,5.0,0,Not Returned,1847.4299999999998,2025-04,8+ days
ORD100920,CUST2874,Books,2026-01-24,417.7,1.0,15,83.76,UPI,North,4.0,19.0,5.0,0,Not Returned,355.04499999999996,2026-01,4-5 days
ORD104760,CUST1942,Books,2025-09-02,291.25,1.0,15,56.41,Debit Card,North,4.0,34.0,4.0,1,Better Price Found,247.5625,2025-09,4-5 days
ORD101853,CUST4286,Beauty,2026-01-25,696.62,1.0,0,33.88,Credit Card,East,4.0,16.0,5.0,0,Not Returned,696.62,2026-01,4-5 days
ORD104298,CUST3420,Books,2025-08-09,550.9,2.0,20,76.81,Net Banking,North,3.0,55.0,4.0,1,Wrong Item Delivered,881.44,2025-08,1-3 days
ORD105841,CUST4213,Beauty,2025-12-03,907.47,1.0,15,79.79,Cash on Delivery,North,3.0,43.0,1.0,0,Not Returned,771.3495,2025-12,1-3 days
ORD102782,CUST1512,Beauty,2025-03-13,453.34,1.0,0,102.65,UPI,Central,5.0,25.0,4.0,0,Not Returned,453.34,2025-03,4-5 days
ORD100848,CUST3770,Grocery,2025-06-15,516.74,2.0,0,75.17,UPI,Central,5.0,52.0,4.0,0,Not Returned,1033.48,2025-06,4-5 days
ORD101603,CUST4491,Grocery,2024-11-22,487.92,1.0,5,12.91,UPI,East,6.0,21.0,4.0,0,Not Returned,463.524,2024-11,6-7 days
ORD104897,CUST3764,Fashion,2024-09-13,1012.185,1.0,20,58.25,Net Banking,North,7.0,26.0,2.0,0,Not Returned,809.748,2024-09,6-7 days
ORD103040,CUST2305,Sports,2024-09-09,1566.52,1.0,15,13.38,Credit Card,Central,6.0,38.0,5.0,0,Not Returned,1331.542,2024-09,6-7 days
ORD105194,CUST3377,Sports,2026-02-19,50.0,1.0,15,54.67,Credit Card,North,7.0,19.0,4.0,0,Not Returned,42.5,2026-02,6-7 days
ORD103366,CUST3595,Books,2024-10-15,376.38,1.0,20,26.09,Net Banking,South,2.0,42.0,2.0,0,Not Returned,301.104,2024-10,1-3 days
ORD104553,CUST4401,Sports,2026-01-11,1592.26,1.0,0,153.99,UPI,West,3.0,29.0,4.0,0,Not Returned,1592.26,2026-01,1-3 days
ORD105402,CUST3253,Home & Kitchen,2025-06-22,2113.7,3.0,10,38.75,UPI,South,8.0,50.0,1.0,1,Defective Product,5706.99,2025-06,8+ days
ORD104583,CUST4043,Sports,2024-08-25,2174.67,2.0,25,58.89,Net Banking,Central,5.0,21.0,3.0,0,Not Returned,3262.005,2024-08,4-5 days
ORD105507,CUST1211,Books,2026-05-19,488.58,3.0,0,59.06,Cash on Delivery,North,1.0,34.0,4.0,0,Not Returned,1465.74,2026-05,1-3 days
ORD105936,CUST2305,Books,2025-03-05,520.7,2.0,0,45.64,Cash on Delivery,North,6.0,33.0,4.0,0,Not Returned,1041.4,2025-03,6-7 days
ORD105903,CUST1731,Beauty,2025-03-25,690.77,1.0,0,61.18,Cash on Delivery,South,3.0,34.0,4.0,1,Wrong Item Delivered,690.77,2025-03,1-3 days
ORD102659,CUST3860,Home & Kitchen,2026-08-02,3424.73,1.0,5,84.22,Debit Card,South,1.0,27.0,3.0,0,Not Returned,3253.4935,2026-08,1-3 days
ORD101294,CUST2363,Home & Kitchen,2025-01-18,2607.18,1.0,0,80.15,UPI,North,2.0,40.0,3.0,0,Not Returned,2607.18,2025-01,1-3 days
ORD102189,CUST1535,Books,2026-07-31,499.98,1.0,0,92.52,Cash on Delivery,North,5.0,26.0,5.0,1,Not as Described,499.98,2026-07,4-5 days
ORD101531,CUST1766,Books,2025-03-18,302.63,1.0,10,31.53,Cash on Delivery,East,7.0,32.0,4.0,0,Not Returned,272.367,2025-03,6-7 days
ORD105941,CUST1685,Toys,2024-10-04,665.81,1.0,0,103.56,UPI,South,9.0,41.0,5.0,0,Not Returned,665.81,2024-10,8+ days
ORD101387,CUST1311,Home & Kitchen,2025-02-04,4021.45,1.0,10,40.15,Cash on Delivery,South,3.0,34.0,1.0,0,Not Returned,3619.305,2025-02,1-3 days
ORD103555,CUST3442,Grocery,2026-01-06,1012.185,1.0,0,26.64,Debit Card,South,6.0,37.0,5.0,1,Late Delivery,1012.185,2026-01,6-7 days
ORD102721,CUST2030,Toys,2025-02-06,378.13,2.0,5,105.03,Cash on Delivery,East,4.0,35.0,3.0,0,Not Returned,718.447,2025-02,4-5 days
ORD102347,CUST3739,Electronics,2024-08-25,4558.5,1.0,15,175.16,Credit Card,Central,7.0,44.0,3.0,0,Not Returned,3874.725,2024-08,6-7 days
ORD101251,CUST1275,Beauty,2025-02-10,974.65,1.0,0,59.31,UPI,North,4.0,45.0,5.0,0,Not Returned,974.65,2025-02,4-5 days
ORD101892,CUST2580,Toys,2024-08-19,658.29,1.0,5,59.62,Cash on Delivery,North,8.0,36.0,1.0,0,Not Returned,625.3755,2024-08,8+ days
ORD100568,CUST1815,Books,2026-04-28,470.12,1.0,30,30.81,Net Banking,West,6.0,26.0,2.0,1,Changed Mind,329.084,2026-04,6-7 days
ORD105672,CUST1318,Fashion,2024-11-06,1259.67,1.0,30,114.93,Credit Card,East,4.0,48.0,1.0,0,Not Returned,881.769,2024-11,4-5 days
ORD102910,CUST2289,Books,2025-01-23,356.84,1.0,15,31.61,Cash on Delivery,North,1.0,18.0,4.0,0,Not Returned,303.31399999999996,2025-01,1-3 days
ORD100436,CUST2158,Books,2025-03-17,212.86,1.0,25,67.33500000000001,UPI,East,4.0,16.0,4.0,1,Changed Mind,159.645,2025-03,4-5 days
ORD101559,CUST1356,Grocery,2026-05-11,253.43,1.0,15,60.12,Debit Card,East,2.0,31.0,5.0,0,Not Returned,215.4155,2026-05,1-3 days
ORD104318,CUST4412,Books,2026-07-21,440.5,1.0,5,45.61,UPI,South,5.0,30.0,4.0,0,Not Returned,418.47499999999997,2026-07,4-5 days
ORD100655,CUST2467,Beauty,2024-11-23,865.74,1.0,0,53.7,Credit Card,South,4.0,34.0,5.0,0,Not Returned,865.74,2024-11,4-5 days
ORD103361,CUST2904,Electronics,2026-03-11,4558.5,1.0,15,137.73,UPI,South,4.0,23.0,4.0,0,Not Returned,3874.725,2026-03,4-5 days
ORD103716,CUST2657,Grocery,2026-06-22,241.28,2.0,30,104.7,UPI,West,5.0,29.0,5.0,0,Not Returned,337.792,2026-06,4-5 days
ORD100780,CUST3373,Grocery,2025-10-05,276.71,1.0,0,130.3,Debit Card,West,3.0,37.0,2.0,0,Not Returned,276.71,2025-10,1-3 days
ORD103677,CUST1606,Home & Kitchen,2024-11-08,2486.02,1.0,15,178.76,Cash on Delivery,North,6.0,42.0,5.0,0,Not Returned,2113.1169999999997,2024-11,6-7 days
ORD104158,CUST4419,Toys,2025-08-18,1094.16,3.5,15,183.84,Credit Card,East,4.0,23.0,5.0,0,Not Returned,3255.126,2025-08,4-5 days
ORD102042,CUST1442,Fashion,2025-03-25,1679.57,1.0,10,20.3,Net Banking,South,3.0,39.0,2.0,0,Not Returned,1511.613,2025-03,1-3 days
ORD102532,CUST3471,Electronics,2025-12-14,4558.5,1.0,25,86.09,UPI,South,7.0,56.0,2.0,0,Not Returned,3418.875,2025-12,6-7 days
ORD101197,CUST3481,Electronics,2026-02-16,4558.5,1.0,0,151.72,Credit Card,North,3.0,34.0,5.0,0,Not Returned,4558.5,2026-02,1-3 days
ORD105726,CUST2887,Beauty,2026-01-20,351.23,1.0,10,96.89,Credit Card,East,7.0,37.0,1.0,0,Not Returned,316.107,2026-01,6-7 days
ORD104442,CUST2734,Fashion,2025-08-18,1229.69,1.0,30,71.35,Cash on Delivery,West,5.0,16.0,2.0,0,Not Returned,860.783,2025-08,4-5 days
ORD103643,CUST4254,Beauty,2025-09-19,703.93,1.0,0,59.33,Net Banking,East,5.0,35.0,4.0,0,Not Returned,703.93,2025-09,4-5 days
ORD101987,CUST2148,Home & Kitchen,2025-03-28,356.61,2.0,0,129.53,UPI,North,8.0,25.0,5.0,1,Wrong Item Delivered,713.22,2025-03,8+ days
ORD100845,CUST4158,Beauty,2026-04-18,771.19,2.0,10,112.61,UPI,North,4.0,44.0,3.0,0,Not Returned,1388.142,2026-04,4-5 days
ORD100602,CUST3966,Home & Kitchen,2026-05-09,2132.99,1.0,0,83.83,Debit Card,North,4.0,23.0,5.0,0,Not Returned,2132.99,2026-05,4-5 days
ORD102877,CUST1288,Fashion,2024-09-17,1683.54,1.0,5,9.93,UPI,Central,5.0,40.0,5.0,0,Not Returned,1599.3629999999998,2024-09,4-5 days
ORD100611,CUST2521,Fashion,2025-11-28,864.45,2.0,25,45.35,UPI,East,3.0,25.0,5.0,0,Not Returned,1296.6750000000002,2025-11,1-3 days
ORD103837,CUST1077,Home & Kitchen,2024-11-08,1199.58,1.0,15,15.17,UPI,South,2.0,34.0,4.0,0,Not Returned,1019.6429999999999,2024-11,1-3 days
ORD103705,CUST3729,Fashion,2026-01-18,632.72,3.5,25,146.52,Debit Card,West,5.0,16.0,5.0,0,Not Returned,1660.8899999999999,2026-01,4-5 days
ORD100108,CUST3338,Beauty,2026-07-03,496.07,2.0,0,94.09,Net Banking,East,8.0,53.0,2.0,0,Not Returned,992.14,2026-07,8+ days
ORD100397,CUST2132,Toys,2026-02-09,1112.04,1.0,10,58.18,Debit Card,Central,4.0,21.0,5.0,1,Better Price Found,1000.836,2026-02,4-5 days
ORD105231,CUST2964,Beauty,2026-08-10,953.11,2.0,5,79.68,Cash on Delivery,South,1.0,20.0,4.0,1,Not as Described,1810.9089999999999,2026-08,1-3 days
ORD103017,CUST1923,Toys,2026-07-13,990.46,2.0,5,31.42,Debit Card,South,5.0,44.0,5.0,0,Not Returned,1881.874,2026-07,4-5 days
ORD102471,CUST1175,Home & Kitchen,2025-05-16,1012.185,1.0,25,34.72,Cash on Delivery,West,5.0,40.0,4.0,0,Not Returned,759.13875,2025-05,4-5 days
ORD101733,CUST3550,Sports,2025-03-29,1854.19,1.0,15,66.19,Debit Card,East,5.0,34.0,4.0,1,Wrong Item Delivered,1576.0615,2025-03,4-5 days
ORD105205,CUST4217,Sports,2024-11-01,2122.58,2.0,25,25.31,Credit Card,East,4.0,47.0,4.0,1,Size Issue,3183.87,2024-11,4-5 days
ORD101302,CUST4176,Grocery,2025-09-26,353.23,3.0,0,141.68,Credit Card,South,2.0,23.0,5.0,0,Not Returned,1059.69,2025-09,1-3 days
ORD100828,CUST4026,Fashion,2026-04-16,658.42,1.0,25,69.73,Cash on Delivery,Central,3.0,36.0,4.0,0,Not Returned,493.81499999999994,2026-04,1-3 days
ORD100151,CUST1335,Sports,2024-09-17,1681.0,1.0,10,99.5,Net Banking,East,6.0,27.0,4.0,0,Not Returned,1512.9,2024-09,6-7 days
ORD104734,CUST1218,Electronics,2025-04-15,1012.185,3.0,10,153.38,Cash on Delivery,South,6.0,31.0,4.0,0,Not Returned,2732.8995,2025-04,6-7 days
ORD101417,CUST1694,Home & Kitchen,2025-10-11,2543.22,2.0,0,37.0,Credit Card,North,4.0,28.0,1.0,0,Not Returned,5086.44,2025-10,4-5 days
ORD104186,CUST3337,Electronics,2025-09-07,4558.5,1.0,15,52.43,UPI,North,5.0,48.0,4.0,0,Not Returned,3874.725,2025-09,4-5 days
ORD105348,CUST4405,Sports,2025-11-12,2019.92,1.0,5,30.71,UPI,North,5.0,47.0,3.0,0,Not Returned,1918.924,2025-11,4-5 days
ORD102084,CUST4498,Books,2025-06-16,472.38,2.0,15,69.88,UPI,Central,4.0,18.0,2.0,0,Not Returned,803.0459999999999,2025-06,4-5 days
ORD102073,CUST4048,Sports,2025-05-05,1737.06,1.0,15,139.86,Cash on Delivery,West,6.0,33.0,1.0,0,Not Returned,1476.501,2025-05,6-7 days
ORD100782,CUST3558,Electronics,2025-12-02,4558.5,2.0,20,95.82,UPI,North,3.0,30.0,4.0,0,Not Returned,7293.6,2025-12,1-3 days
ORD103053,CUST2952,Books,2026-01-04,4558.5,1.0,25,157.62,Credit Card,North,5.0,18.0,5.0,0,Not Returned,3418.875,2026-01,4-5 days
ORD100166,CUST2794,Books,2025-03-15,375.51,1.0,15,34.76,Cash on Delivery,West,7.0,39.0,2.0,0,Not Returned,319.1835,2025-03,6-7 days
ORD105658,CUST1642,Fashion,2025-02-01,1528.28,2.0,0,67.33500000000001,Debit Card,East,2.0,25.0,2.0,1,Not as Described,3056.56,2025-02,1-3 days
ORD105114,CUST3342,Home & Kitchen,2026-05-16,2452.63,1.0,20,146.09,Net Banking,East,4.0,44.0,5.0,0,Not Returned,1962.1040000000003,2026-05,4-5 days
ORD101225,CUST1246,Home & Kitchen,2025-09-18,2824.98,3.5,5,203.85999999999999,Net Banking,East,4.0,59.0,3.0,0,Not Returned,9393.0585,2025-09,4-5 days
ORD101796,CUST1264,Beauty,2024-10-12,478.95,1.0,0,46.92,Net Banking,North,9.0,45.0,4.0,0,Not Returned,478.95,2024-10,8+ days
ORD104289,CUST4397,Electronics,2025-03-22,4558.5,2.0,15,62.56,Debit Card,Central,5.0,30.0,5.0,0,Not Returned,7749.45,2025-03,4-5 days
ORD101642,CUST3523,Sports,2026-06-22,1569.04,1.0,0,30.02,Net Banking,North,3.0,48.0,4.0,1,Wrong Item Delivered,1569.04,2026-06,1-3 days
ORD105611,CUST3036,Electronics,2025-06-21,4558.5,1.0,5,83.27,UPI,East,5.0,20.0,5.0,0,Not Returned,4330.575,2025-06,4-5 days
ORD100142,CUST3392,Toys,2024-09-29,1214.37,1.0,15,1.07,Cash on Delivery,East,7.0,22.0,3.0,0,Not Returned,1032.2144999999998,2024-09,6-7 days
ORD101240,CUST4097,Electronics,2026-04-21,4558.5,2.0,15,26.38,Cash on Delivery,East,5.0,33.0,2.0,0,Not Returned,7749.45,2026-04,4-5 days
ORD101986,CUST4250,Electronics,2025-04-22,4558.5,1.0,5,28.29,UPI,North,5.0,34.0,2.0,1,Changed Mind,4330.575,2025-04,4-5 days
ORD104124,CUST1846,Beauty,2024-11-22,531.57,1.0,0,157.48,Credit Card,Central,5.0,46.0,1.0,0,Not Returned,531.57,2024-11,4-5 days
ORD102452,CUST3210,Books,2026-06-03,343.42,1.0,10,184.86,UPI,East,5.0,18.0,5.0,0,Not Returned,309.07800000000003,2026-06,4-5 days
ORD105798,CUST2845,Toys,2026-01-28,4558.5,2.0,20,136.84,Cash on Delivery,West,6.0,34.0,5.0,0,Not Returned,7293.6,2026-01,6-7 days
ORD105717,CUST1061,Books,2024-10-29,405.44,1.0,20,47.87,Net Banking,East,7.0,29.0,5.0,0,Not Returned,324.35200000000003,2024-10,6-7 days
ORD102461,CUST3515,Fashion,2026-07-24,734.0,1.0,5,83.49,Cash on Delivery,South,5.0,40.0,5.0,0,Not Returned,697.3,2026-07,4-5 days
ORD103788,CUST2056,Fashion,2025-07-03,1654.95,2.0,10,120.25,Credit Card,Central,2.0,42.0,3.0,1,Defective Product,2978.9100000000003,2025-07,1-3 days
ORD102223,CUST1372,Beauty,2024-08-19,996.02,3.5,25,24.55,Net Banking,North,4.0,40.0,4.0,1,Defective Product,2614.5525,2024-08,4-5 days
ORD100237,CUST2230,Electronics,2024-11-18,2905.94,1.0,5,36.9,Cash on Delivery,East,3.0,50.0,3.0,0,Not Returned,2760.643,2024-11,1-3 days
ORD100989,CUST2478,Toys,2025-08-15,994.74,1.0,0,114.68,Cash on Delivery,Central,5.0,42.0,4.0,1,Size Issue,994.74,2025-08,4-5 days
ORD103422,CUST4286,Fashion,2025-03-04,1605.65,1.0,15,38.85,Net Banking,North,6.0,35.0,4.0,0,Not Returned,1364.8025,2025-03,6-7 days
ORD105146,CUST3425,Toys,2025-04-24,556.86,1.0,0,145.88,Credit Card,East,5.0,47.0,1.0,0,Not Returned,556.86,2025-04,4-5 days
ORD101758,CUST1255,Fashion,2025-10-25,1002.62,1.0,0,2.66,Cash on Delivery,South,5.0,34.0,4.0,0,Not Returned,1002.62,2025-10,4-5 days
ORD104023,CUST2990,Beauty,2026-07-24,1029.61,2.0,0,21.24,Debit Card,North,9.0,22.0,5.0,0,Not Returned,2059.22,2026-07,8+ days
ORD101021,CUST3627,Grocery,2024-10-17,1012.185,1.0,10,99.64,Cash on Delivery,West,5.0,42.0,4.0,0,Not Returned,910.9665,2024-10,4-5 days
ORD103094,CUST2846,Electronics,2025-06-17,4558.5,1.0,25,159.5,Debit Card,North,4.0,36.0,5.0,0,Not Returned,3418.875,2025-06,4-5 days
ORD100866,CUST1343,Electronics,2024-11-18,4558.5,1.0,25,37.13,Debit Card,West,7.0,29.0,5.0,0,Not Returned,3418.875,2024-11,6-7 days
ORD103020,CUST3132,Beauty,2026-02-03,541.56,1.0,15,102.25,Cash on Delivery,Central,5.0,27.0,3.0,0,Not Returned,460.32599999999996,2026-02,4-5 days
ORD104948,CUST3886,Books,2025-08-22,219.86,1.0,5,67.33500000000001,Debit Card,Central,6.0,47.0,4.0,1,Wrong Item Delivered,208.867,2025-08,6-7 days
ORD103481,CUST3823,Toys,2024-08-21,1012.185,1.0,0,49.6,Credit Card,North,5.0,65.0,3.0,0,Not Returned,1012.185,2024-08,4-5 days
ORD105375,CUST3521,Grocery,2025-05-06,240.91,1.0,5,80.21,Credit Card,East,9.0,46.0,4.0,0,Not Returned,228.8645,2025-05,8+ days
ORD103663,CUST1259,Fashion,2025-03-09,940.83,1.0,30,61.82,Cash on Delivery,Central,7.0,34.0,4.0,0,Not Returned,658.581,2025-03,6-7 days
ORD101697,CUST2061,Beauty,2026-04-12,227.49,1.0,10,87.38,Net Banking,Central,6.0,39.0,5.0,0,Not Returned,204.741,2026-04,6-7 days
ORD103615,CUST3349,Fashion,2026-07-11,1078.24,1.0,15,33.91,Cash on Delivery,West,6.0,42.0,3.0,0,Not Returned,916.504,2026-07,6-7 days
ORD102217,CUST1360,Books,2025-10-11,417.23,1.0,20,49.81,Debit Card,South,2.0,44.0,4.0,0,Not Returned,333.78400000000005,2025-10,1-3 days
ORD105035,CUST2574,Grocery,2025-12-03,272.69,1.0,10,83.26,UPI,North,3.0,44.0,5.0,1,Wrong Item Delivered,245.421,2025-12,1-3 days
ORD100327,CUST2433,Books,2026-08-19,224.4,1.0,5,15.9,Credit Card,Central,7.0,44.0,1.0,0,Not Returned,213.18,2026-08,6-7 days
ORD104415,CUST1507,Electronics,2025-08-24,4558.5,1.0,5,67.33500000000001,Debit Card,Central,7.0,22.0,5.0,0,Not Returned,4330.575,2025-08,6-7 days
ORD105138,CUST2405,Beauty,2024-10-05,939.66,1.0,20,80.89,Cash on Delivery,Central,5.0,20.0,3.0,0,Not Returned,751.7280000000001,2024-10,4-5 days
ORD101582,CUST3769,Grocery,2026-02-26,313.81,1.0,20,13.74,Credit Card,Central,5.0,36.0,5.0,0,Not Returned,251.048,2026-02,4-5 days
ORD100803,CUST1345,Books,2026-08-07,450.35,1.0,15,71.04,Debit Card,North,5.0,39.0,3.0,0,Not Returned,382.7975,2026-08,4-5 days
ORD104340,CUST3281,Electronics,2024-09-22,4558.5,1.0,20,13.3,UPI,West,2.0,16.0,5.0,1,Wrong Item Delivered,3646.8,2024-09,1-3 days
ORD104254,CUST3405,Grocery,2025-03-24,166.71,2.0,15,27.14,Debit Card,South,4.0,27.0,5.0,1,Changed Mind,283.407,2025-03,4-5 days
ORD101226,CUST1282,Books,2026-07-03,257.82,1.0,30,75.13,Debit Card,South,6.0,33.0,4.0,0,Not Returned,180.474,2026-07,6-7 days
ORD101203,CUST4225,Sports,2026-02-21,3323.59,1.0,0,67.33500000000001,UPI,East,6.0,29.0,3.0,1,Changed Mind,3323.59,2026-02,6-7 days
ORD102887,CUST3361,Home & Kitchen,2026-03-02,1698.21,1.0,10,14.3,Credit Card,South,5.0,29.0,4.0,0,Not Returned,1528.3890000000001,2026-03,4-5 days
ORD102903,CUST2853,Electronics,2025-02-20,4558.5,1.0,0,62.88,Credit Card,North,1.0,39.0,3.0,0,Not Returned,4558.5,2025-02,1-3 days
ORD101034,CUST2280,Fashion,2025-11-05,1120.54,1.0,5,62.31,UPI,South,3.0,42.0,1.0,0,Not Returned,1064.513,2025-11,1-3 days
ORD104027,CUST2667,Toys,2026-05-14,678.03,1.0,5,36.45,Debit Card,Central,3.0,47.0,3.0,0,Not Returned,644.1284999999999,2026-05,1-3 days
ORD104952,CUST2755,Fashion,2025-02-07,1494.35,1.0,10,78.19,Cash on Delivery,North,4.0,56.0,3.0,0,Not Returned,1344.915,2025-02,4-5 days
ORD102392,CUST2562,Electronics,2026-06-27,4558.5,1.0,10,52.97,Credit Card,East,2.0,37.0,1.0,0,Not Returned,4102.650000000001,2026-06,1-3 days
ORD105765,CUST2761,Grocery,2025-05-10,274.98,1.0,5,101.36,UPI,North,4.0,16.0,2.0,0,Not Returned,261.231,2025-05,4-5 days
ORD104122,CUST2179,Electronics,2026-03-13,4558.5,3.0,5,38.22,Net Banking,East,5.0,38.0,4.0,1,Changed Mind,12991.724999999999,2026-03,4-5 days
ORD100401,CUST1931,Toys,2025-01-07,1251.36,2.0,0,19.23,Cash on Delivery,East,8.0,41.0,5.0,0,Not Returned,2502.72,2025-01,8+ days
ORD104104,CUST4418,Beauty,2026-05-21,965.4,1.0,5,21.22,Debit Card,West,7.0,28.0,5.0,1,Wrong Item Delivered,917.1299999999999,2026-05,6-7 days
ORD103803,CUST4082,Books,2024-10-27,350.92,1.0,10,178.9,Cash on Delivery,West,4.0,39.0,3.0,0,Not Returned,315.82800000000003,2024-10,4-5 days
ORD101346,CUST1734,Beauty,2026-03-31,680.2,1.0,25,54.18,Cash on Delivery,North,4.0,16.0,5.0,1,Size Issue,510.15000000000003,2026-03,4-5 days
ORD105719,CUST4266,Books,2025-09-22,280.57,1.0,15,67.33500000000001,Cash on Delivery,West,5.0,25.0,2.0,0,Not Returned,238.4845,2025-09,4-5 days
ORD102391,CUST4134,Books,2024-10-21,430.04,1.0,10,32.14,UPI,Central,2.0,24.0,2.0,0,Not Returned,387.036,2024-10,1-3 days
ORD101267,CUST3280,Home & Kitchen,2025-03-08,1526.38,1.0,15,20.55,UPI,East,4.0,36.0,4.0,1,Late Delivery,1297.423,2025-03,4-5 days
ORD100805,CUST3898,Grocery,2024-09-16,323.92,2.0,0,12.62,UPI,Central,6.0,24.0,4.0,1,Better Price Found,647.84,2024-09,6-7 days
ORD101443,CUST3309,Fashion,2024-11-10,1588.16,1.0,30,38.75,Net Banking,West,7.0,35.0,2.0,1,Late Delivery,1111.712,2024-11,6-7 days
ORD100959,CUST3323,Grocery,2025-05-10,1012.185,2.0,0,79.51,Net Banking,West,2.0,33.0,3.0,0,Not Returned,2024.37,2025-05,1-3 days
ORD105306,CUST3005,Sports,2026-04-11,1341.19,1.0,5,27.47,Debit Card,Central,2.0,48.0,4.0,0,Not Returned,1274.1305,2026-04,1-3 days
ORD100185,CUST3259,Home & Kitchen,2026-02-11,2526.52,1.0,0,118.06,Net Banking,East,6.0,47.0,5.0,0,Not Returned,2526.52,2026-02,6-7 days
ORD104029,CUST1369,Sports,2025-12-12,2197.07,3.5,15,51.01,Credit Card,North,2.0,50.0,5.0,0,Not Returned,6536.28325,2025-12,1-3 days
ORD104784,CUST2154,Grocery,2026-03-04,145.26,1.0,10,162.7,Net Banking,West,2.0,26.0,4.0,0,Not Returned,130.734,2026-03,1-3 days
ORD102085,CUST1820,Sports,2024-12-07,2055.26,1.0,15,62.83,Debit Card,East,4.0,43.0,4.0,0,Not Returned,1746.9710000000002,2024-12,4-5 days
ORD103226,CUST1149,Electronics,2025-01-15,4558.5,3.0,10,97.09,Cash on Delivery,East,9.0,27.0,4.0,0,Not Returned,12307.95,2025-01,8+ days
ORD100096,CUST3119,Beauty,2025-05-18,981.57,1.0,0,36.55,Credit Card,South,3.0,53.0,3.0,0,Not Returned,981.57,2025-05,1-3 days
ORD105033,CUST1050,Beauty,2026-04-26,684.4,2.0,10,67.48,Cash on Delivery,North,2.0,29.0,4.0,0,Not Returned,1231.92,2026-04,1-3 days
ORD105806,CUST1859,Toys,2025-01-23,982.58,2.0,5,106.39,Net Banking,East,1.0,52.0,4.0,0,Not Returned,1866.902,2025-01,1-3 days
ORD102119,CUST4325,Books,2024-12-17,491.19,1.0,10,203.85999999999999,Net Banking,West,3.0,29.0,4.0,0,Not Returned,442.071,2024-12,1-3 days
ORD102789,CUST4241,Grocery,2025-07-23,323.37,1.0,0,106.8,UPI,North,5.0,32.0,5.0,1,Wrong Item Delivered,323.37,2025-07,4-5 days
ORD102927,CUST3438,Books,2026-06-13,664.22,1.0,20,67.33500000000001,Net Banking,West,6.0,26.0,5.0,0,Not Returned,531.3760000000001,2026-06,6-7 days
ORD101250,CUST1064,Books,2025-11-11,426.8,1.0,15,67.33500000000001,Net Banking,South,3.0,25.0,2.0,0,Not Returned,362.78,2025-11,1-3 days
ORD103746,CUST3932,Books,2025-06-05,1012.185,1.0,0,20.44,Debit Card,North,3.0,32.0,3.0,0,Not Returned,1012.185,2025-06,1-3 days
ORD100669,CUST2961,Home & Kitchen,2024-10-02,2728.22,1.0,5,65.39,Cash on Delivery,South,7.0,23.0,5.0,0,Not Returned,2591.8089999999997,2024-10,6-7 days
ORD101752,CUST3128,Toys,2026-06-05,665.4,1.0,0,27.51,Credit Card,West,3.0,41.0,2.0,0,Not Returned,665.4,2026-06,1-3 days
ORD100469,CUST3744,Books,2025-04-19,165.89,1.0,25,17.16,Net Banking,South,4.0,26.0,2.0,0,Not Returned,124.41749999999999,2025-04,4-5 days
ORD103916,CUST3016,Home & Kitchen,2025-09-03,1246.47,3.5,0,163.72,Debit Card,South,3.0,28.0,3.0,0,Not Returned,4362.645,2025-09,1-3 days
ORD100576,CUST1200,Grocery,2026-03-10,1012.185,3.5,10,5.65,Debit Card,Central,5.0,48.0,5.0,1,Not as Described,3188.38275,2026-03,4-5 days
ORD101659,CUST4251,Home & Kitchen,2026-03-14,3016.53,1.0,5,68.21,UPI,North,5.0,28.0,4.0,1,Wrong Item Delivered,2865.7035,2026-03,4-5 days
ORD103238,CUST3180,Electronics,2025-03-16,3846.85,1.0,5,61.29,Net Banking,North,7.0,47.0,4.0,0,Not Returned,3654.5074999999997,2025-03,6-7 days
ORD103425,CUST4068,Sports,2026-03-07,1625.51,2.0,0,129.65,Debit Card,North,2.0,45.0,5.0,0,Not Returned,3251.02,2026-03,1-3 days
ORD101476,CUST2532,Books,2025-01-27,515.07,2.0,10,42.09,Credit Card,South,3.0,34.0,3.0,0,Not Returned,927.1260000000001,2025-01,1-3 days
ORD105881,CUST2216,Electronics,2026-06-06,4558.5,2.0,10,94.48,Debit Card,North,5.0,34.0,4.0,0,Not Returned,8205.300000000001,2026-06,4-5 days
ORD100693,CUST2768,Toys,2024-10-20,891.01,1.0,15,72.98,Credit Card,East,2.0,57.0,5.0,0,Not Returned,757.3584999999999,2024-10,1-3 days
ORD103935,CUST3807,Beauty,2025-12-14,297.79,2.0,15,67.33500000000001,Debit Card,Central,5.0,34.0,3.0,0,Not Returned,506.243,2025-12,4-5 days
ORD105989,CUST1497,Grocery,2026-05-01,346.75,1.0,0,63.87,Cash on Delivery,West,4.0,32.0,4.0,0,Not Returned,346.75,2026-05,4-5 days
ORD101377,CUST1315,Grocery,2025-06-06,310.45,2.0,25,67.33500000000001,Debit Card,West,2.0,24.0,5.0,1,Better Price Found,465.67499999999995,2025-06,1-3 days
ORD104848,CUST2347,Electronics,2025-02-15,4558.5,1.0,0,99.28,UPI,Central,3.0,56.0,5.0,0,Not Returned,4558.5,2025-02,1-3 days
ORD103041,CUST2695,Electronics,2026-05-24,4558.5,1.0,30,37.99,Debit Card,West,4.0,16.0,5.0,0,Not Returned,3190.95,2026-05,4-5 days
ORD104320,CUST4260,Books,2026-02-06,386.35,1.0,10,91.65,Credit Card,West,2.0,30.0,2.0,1,Better Price Found,347.71500000000003,2026-02,1-3 days
ORD101869,CUST1914,Home & Kitchen,2026-03-17,2379.72,1.0,15,72.93,Credit Card,West,4.0,34.0,2.0,0,Not Returned,2022.7619999999997,2026-03,4-5 days
ORD103210,CUST1973,Sports,2024-10-21,2128.89,1.0,0,91.45,Net Banking,West,6.0,27.0,3.0,0,Not Returned,2128.89,2024-10,6-7 days
ORD101221,CUST1012,Toys,2025-02-21,488.33,3.0,20,79.31,Cash on Delivery,East,8.0,41.0,4.0,0,Not Returned,1171.992,2025-02,8+ days
ORD103847,CUST1819,Fashion,2025-01-16,1292.14,1.0,25,192.94,Debit Card,West,7.0,33.0,4.0,1,Wrong Item Delivered,969.105,2025-01,6-7 days
ORD102126,CUST3622,Grocery,2025-05-20,391.54,2.0,15,69.24,Debit Card,East,4.0,32.0,1.0,0,Not Returned,665.618,2025-05,4-5 days
ORD105638,CUST1123,Home & Kitchen,2026-05-17,1012.185,1.0,0,50.19,UPI,West,3.0,22.0,5.0,0,Not Returned,1012.185,2026-05,1-3 days
ORD102422,CUST2355,Books,2025-08-10,379.14,1.0,5,59.56,Net Banking,East,2.0,28.0,4.0,0,Not Returned,360.183,2025-08,1-3 days
ORD104247,CUST3398,Grocery,2025-05-05,385.62,1.0,25,28.9,Cash on Delivery,Central,6.0,47.0,5.0,0,Not Returned,289.21500000000003,2025-05,6-7 days
ORD105679,CUST1826,Electronics,2025-01-03,4558.5,1.0,15,140.74,Cash on Delivery,South,4.0,28.0,4.0,0,Not Returned,3874.725,2025-01,4-5 days
ORD105223,CUST4351,Home & Kitchen,2026-03-10,1769.89,1.0,0,81.1,Debit Card,North,2.0,23.0,4.0,0,Not Returned,1769.89,2026-03,1-3 days
ORD100943,CUST2255,Home & Kitchen,2025-12-15,3716.54,2.0,0,160.32,Credit Card,North,7.0,34.0,2.0,0,Not Returned,7433.08,2025-12,6-7 days
ORD104941,CUST4119,Home & Kitchen,2024-12-25,2658.75,1.0,30,46.06,Cash on Delivery,North,4.0,34.0,5.0,0,Not Returned,1861.1249999999998,2024-12,4-5 days
ORD103840,CUST4248,Grocery,2024-11-05,309.04,1.0,0,87.54,Net Banking,East,6.0,36.0,5.0,0,Not Returned,309.04,2024-11,6-7 days
ORD100241,CUST2722,Grocery,2024-11-20,110.6,3.0,0,49.96,Cash on Delivery,East,5.0,43.0,5.0,1,Better Price Found,331.79999999999995,2024-11,4-5 days
ORD101789,CUST4401,Home & Kitchen,2024-08-27,2872.2,1.0,5,37.58,Cash on Delivery,West,5.0,49.0,3.0,1,Wrong Item Delivered,2728.5899999999997,2024-08,4-5 days
ORD101926,CUST1335,Home & Kitchen,2025-11-28,2161.3,3.0,10,38.68,Net Banking,East,5.0,31.0,4.0,0,Not Returned,5835.51,2025-11,4-5 days
ORD103077,CUST1173,Electronics,2026-04-15,4558.5,1.0,30,156.08,Net Banking,South,6.0,26.0,5.0,0,Not Returned,3190.95,2026-04,6-7 days
ORD102603,CUST3387,Sports,2026-04-17,1474.34,1.0,5,42.82,Credit Card,South,9.0,33.0,3.0,0,Not Returned,1400.6229999999998,2026-04,8+ days
ORD100526,CUST3417,Sports,2025-08-21,296.23,2.0,25,44.2,Net Banking,Central,1.0,40.0,3.0,0,Not Returned,444.345,2025-08,1-3 days
ORD105968,CUST2124,Grocery,2025-08-18,345.3,1.0,15,17.64,UPI,Central,2.0,38.0,4.0,0,Not Returned,293.505,2025-08,1-3 days
ORD103776,CUST1010,Fashion,2024-09-07,1215.38,1.0,0,133.03,Net Banking,South,7.0,16.0,1.0,1,Better Price Found,1215.38,2024-09,6-7 days
ORD103806,CUST4276,Sports,2026-04-28,1119.85,1.0,10,203.85999999999999,Credit Card,North,5.0,16.0,1.0,0,Not Returned,1007.8649999999999,2026-04,4-5 days
ORD103966,CUST2376,Grocery,2025-12-25,364.8,1.0,0,118.44,Net Banking,Central,4.0,36.0,3.0,0,Not Returned,364.8,2025-12,4-5 days
ORD102960,CUST2761,Books,2025-03-01,390.08,1.0,5,94.88,UPI,West,3.0,31.0,5.0,0,Not Returned,370.57599999999996,2025-03,1-3 days
ORD102252,CUST2845,Home & Kitchen,2026-03-06,2335.07,1.0,5,47.6,Credit Card,East,4.0,57.0,5.0,0,Not Returned,2218.3165,2026-03,4-5 days
ORD105014,CUST1509,Books,2026-08-14,545.68,1.0,15,79.38,Debit Card,South,5.0,24.0,4.0,0,Not Returned,463.8279999999999,2026-08,4-5 days
ORD105230,CUST3346,Home & Kitchen,2024-09-04,1148.89,2.0,0,18.19,Net Banking,West,5.0,37.0,2.0,0,Not Returned,2297.78,2024-09,4-5 days
ORD102136,CUST1038,Beauty,2026-01-02,240.86,1.0,15,203.85999999999999,Cash on Delivery,Central,7.0,16.0,3.0,0,Not Returned,204.731,2026-01,6-7 days
ORD104631,CUST3565,Home & Kitchen,2025-10-26,3166.04,3.0,20,28.04,Cash on Delivery,North,6.0,29.0,4.0,1,Better Price Found,7598.495999999999,2025-10,6-7 days
ORD100429,CUST1864,Fashion,2025-01-17,1398.52,2.0,30,40.61,Net Banking,Central,6.0,55.0,4.0,0,Not Returned,1957.9279999999999,2025-01,6-7 days
ORD105556,CUST4245,Beauty,2025-10-31,760.44,1.0,25,52.78,UPI,West,6.0,39.0,4.0,0,Not Returned,570.33,2025-10,6-7 days
ORD102066,CUST3286,Toys,2025-12-12,704.34,1.0,15,28.87,Net Banking,West,7.0,23.0,4.0,0,Not Returned,598.689,2025-12,6-7 days
ORD102325,CUST3392,Beauty,2024-11-22,690.4,3.5,15,62.96,Net Banking,Central,2.0,59.0,4.0,0,Not Returned,2053.94,2024-11,1-3 days
ORD101928,CUST2628,Home & Kitchen,2025-04-01,2869.38,1.0,25,120.88,Credit Card,West,8.0,48.0,3.0,0,Not Returned,2152.035,2025-04,8+ days
ORD103029,CUST1828,Electronics,2026-01-01,2090.78,1.0,25,65.78,UPI,Central,5.0,18.0,3.0,0,Not Returned,1568.085,2026-01,4-5 days
ORD103335,CUST2475,Sports,2026-04-27,1012.185,2.0,15,68.28,UPI,East,6.0,16.0,4.0,0,Not Returned,1720.7144999999998,2026-04,6-7 days
ORD102807,CUST3251,Books,2024-09-18,501.84,1.0,0,129.53,Credit Card,North,5.0,34.0,4.0,0,Not Returned,501.84,2024-09,4-5 days
ORD105459,CUST1975,Sports,2025-11-04,1528.36,1.0,0,68.85,Net Banking,East,9.0,19.0,5.0,0,Not Returned,1528.36,2025-11,8+ days
ORD101478,CUST3828,Beauty,2025-12-28,725.61,1.0,0,70.42,Debit Card,South,4.0,30.0,5.0,1,Wrong Item Delivered,725.61,2025-12,4-5 days
ORD100338,CUST4063,Toys,2025-11-04,579.74,1.0,5,54.84,UPI,East,7.0,19.0,3.0,1,Not as Described,550.7529999999999,2025-11,6-7 days
ORD102074,CUST2722,Beauty,2026-05-18,1246.72,1.0,0,50.07,Credit Card,South,5.0,56.0,3.0,0,Not Returned,1246.72,2026-05,4-5 days
ORD102011,CUST1990,Books,2025-12-29,433.18,1.0,15,5.21,Debit Card,Central,6.0,22.0,4.0,0,Not Returned,368.203,2025-12,6-7 days
ORD102674,CUST4334,Beauty,2026-01-02,690.14,1.0,20,71.1,Debit Card,South,5.0,25.0,3.0,1,Size Issue,552.112,2026-01,4-5 days
ORD100253,CUST3698,Home & Kitchen,2026-02-07,2685.34,1.0,5,57.28,Cash on Delivery,Central,3.0,16.0,4.0,0,Not Returned,2551.073,2026-02,1-3 days
ORD103221,CUST2271,Electronics,2026-05-19,4558.5,1.0,5,66.09,Credit Card,East,4.0,34.0,2.0,0,Not Returned,4330.575,2026-05,4-5 days
ORD100320,CUST1866,Grocery,2025-05-23,155.35,1.0,30,41.55,Credit Card,North,1.0,16.0,4.0,0,Not Returned,108.74499999999999,2025-05,1-3 days
ORD102048,CUST1614,Beauty,2025-03-25,660.45,1.0,25,125.44,Cash on Delivery,West,5.0,45.0,5.0,0,Not Returned,495.33750000000003,2025-03,4-5 days
ORD103976,CUST2646,Toys,2026-08-17,893.28,1.0,0,56.48,Credit Card,East,9.0,41.0,3.0,0,Not Returned,893.28,2026-08,8+ days
ORD100946,CUST2831,Electronics,2025-07-09,4558.5,1.0,20,21.31,Cash on Delivery,Central,3.0,50.0,3.0,0,Not Returned,3646.8,2025-07,1-3 days
ORD105590,CUST2110,Beauty,2026-05-20,528.68,1.0,25,82.34,Cash on Delivery,South,8.0,42.0,4.0,0,Not Returned,396.51,2026-05,8+ days
ORD102455,CUST4162,Books,2025-01-29,246.93,1.0,15,34.11,UPI,West,9.0,51.0,3.0,0,Not Returned,209.8905,2025-01,8+ days
ORD101084,CUST3431,Books,2026-04-26,303.86,1.0,25,142.92,Cash on Delivery,North,8.0,46.0,4.0,0,Not Returned,227.895,2026-04,8+ days
ORD103903,CUST3094,Home & Kitchen,2026-08-10,2554.46,2.0,10,140.57,Net Banking,East,4.0,16.0,4.0,1,Defective Product,4598.028,2026-08,4-5 days
ORD105477,CUST3938,Beauty,2025-07-12,1072.46,2.0,20,88.31,Credit Card,North,6.0,41.0,5.0,1,Better Price Found,1715.9360000000001,2025-07,6-7 days
ORD101191,CUST3881,Toys,2025-08-21,815.44,1.0,25,67.33500000000001,Credit Card,East,5.0,54.0,1.0,0,Not Returned,611.58,2025-08,4-5 days
ORD100620,CUST1152,Beauty,2024-11-29,937.54,1.0,25,64.04,Credit Card,West,6.0,39.0,4.0,0,Not Returned,703.155,2024-11,6-7 days
ORD102098,CUST3594,Beauty,2025-11-11,706.62,1.0,0,203.85999999999999,UPI,South,5.0,18.0,4.0,0,Not Returned,706.62,2025-11,4-5 days
ORD100750,CUST1295,Books,2026-03-31,520.89,1.0,15,75.92,Net Banking,East,2.0,27.0,4.0,0,Not Returned,442.75649999999996,2026-03,1-3 days
ORD102993,CUST1034,Grocery,2025-12-10,521.65,1.0,20,28.32,Net Banking,West,3.0,41.0,4.0,0,Not Returned,417.32,2025-12,1-3 days
ORD104844,CUST2128,Beauty,2026-01-01,506.69,2.0,20,84.48,Debit Card,North,5.0,51.0,5.0,0,Not Returned,810.7040000000001,2026-01,4-5 days
ORD102803,CUST1853,Beauty,2025-12-18,943.68,1.0,0,34.49,Credit Card,Central,6.0,32.0,3.0,0,Not Returned,943.68,2025-12,6-7 days
ORD101797,CUST3645,Fashion,2025-01-10,879.99,1.0,5,70.72,Net Banking,West,6.0,36.0,2.0,0,Not Returned,835.9905,2025-01,6-7 days
ORD101864,CUST2789,Sports,2026-02-05,1851.79,1.0,25,50.97,Debit Card,East,6.0,25.0,5.0,0,Not Returned,1388.8425,2026-02,6-7 days
ORD103678,CUST1836,Electronics,2025-08-16,4558.5,2.0,20,47.75,Cash on Delivery,South,5.0,34.0,5.0,0,Not Returned,7293.6,2025-08,4-5 days
ORD101958,CUST4369,Sports,2025-07-03,2060.6,1.0,15,23.46,UPI,South,3.0,30.0,4.0,0,Not Returned,1751.5099999999998,2025-07,1-3 days
ORD102295,CUST2173,Fashion,2024-12-14,1207.56,3.0,20,47.05,Net Banking,West,2.0,42.0,4.0,1,Defective Product,2898.1440000000002,2024-12,1-3 days
ORD103827,CUST3447,Books,2026-04-08,445.4,1.0,10,203.85999999999999,Credit Card,South,6.0,34.0,5.0,0,Not Returned,400.86,2026-04,6-7 days
ORD101777,CUST4423,Electronics,2024-09-17,4558.5,2.0,5,32.71,Credit Card,West,4.0,50.0,3.0,0,Not Returned,8661.15,2024-09,4-5 days
ORD105636,CUST1302,Home & Kitchen,2025-12-16,2443.88,1.0,15,154.07,Net Banking,West,3.0,34.0,5.0,0,Not Returned,2077.2980000000002,2025-12,1-3 days
ORD105364,CUST3781,Beauty,2025-04-23,661.68,1.0,15,116.2,UPI,West,7.0,24.0,5.0,0,Not Returned,562.428,2025-04,6-7 days
ORD101667,CUST1707,Electronics,2025-09-22,4558.5,1.0,0,96.61,Cash on Delivery,North,7.0,32.0,3.0,0,Not Returned,4558.5,2025-09,6-7 days
ORD101395,CUST3784,Grocery,2025-06-30,193.51,1.0,0,134.66,Cash on Delivery,Central,5.0,30.0,4.0,0,Not Returned,193.51,2025-06,4-5 days
ORD103700,CUST2867,Electronics,2025-05-04,4558.5,1.0,30,71.1,Net Banking,North,8.0,41.0,5.0,0,Not Returned,3190.95,2025-05,8+ days
ORD102183,CUST2977,Electronics,2026-06-16,3961.13,2.0,25,156.04,Debit Card,North,10.5,23.0,4.0,0,Not Returned,5941.695,2026-06,8+ days
ORD102754,CUST2921,Sports,2025-04-27,2588.93,1.0,20,80.69,UPI,East,3.0,19.0,5.0,0,Not Returned,2071.144,2025-04,1-3 days
ORD101805,CUST2747,Home & Kitchen,2025-05-25,2513.62,1.0,30,43.92,Debit Card,South,2.0,26.0,5.0,0,Not Returned,1759.5339999999999,2025-05,1-3 days
ORD102854,CUST4136,Beauty,2025-12-31,736.92,1.0,25,36.74,Debit Card,South,6.0,40.0,5.0,0,Not Returned,552.6899999999999,2025-12,6-7 days
ORD105329,CUST2752,Books,2025-03-08,682.48,3.0,5,20.13,Credit Card,Central,3.0,37.0,3.0,0,Not Returned,1945.068,2025-03,1-3 days
ORD100270,CUST1720,Home & Kitchen,2025-06-25,2713.46,1.0,5,61.48,UPI,North,1.0,26.0,5.0,0,Not Returned,2577.787,2025-06,1-3 days
ORD100170,CUST3271,Grocery,2025-12-20,315.61,3.5,0,50.73,Debit Card,Central,3.0,30.0,5.0,0,Not Returned,1104.635,2025-12,1-3 days
ORD102041,CUST2157,Home & Kitchen,2025-10-27,2437.9,1.0,15,81.52,Cash on Delivery,South,2.0,37.0,4.0,0,Not Returned,2072.215,2025-10,1-3 days
ORD100344,CUST3928,Grocery,2025-06-04,264.81,1.0,20,85.95,Net Banking,East,5.0,39.0,5.0,0,Not Returned,211.848,2025-06,4-5 days
ORD101233,CUST2546,Electronics,2025-07-12,4558.5,2.0,0,21.85,UPI,North,7.0,37.0,3.0,0,Not Returned,9117.0,2025-07,6-7 days
ORD101815,CUST4265,Toys,2025-01-11,1352.23,3.5,0,47.33,Credit Card,West,10.5,31.0,3.0,0,Not Returned,4732.805,2025-01,8+ days
ORD105976,CUST4447,Grocery,2025-03-14,370.56,1.0,15,200.47,Debit Card,East,2.0,31.0,5.0,1,Size Issue,314.976,2025-03,1-3 days
ORD105790,CUST4373,Books,2025-04-12,524.12,2.0,5,67.33500000000001,Debit Card,South,3.0,16.0,2.0,0,Not Returned,995.828,2025-04,1-3 days
ORD103774,CUST3290,Beauty,2025-03-29,718.32,1.0,20,39.43,UPI,Central,9.0,56.0,5.0,0,Not Returned,574.6560000000001,2025-03,8+ days
ORD105567,CUST1086,Books,2025-09-20,421.21,1.0,20,36.14,Net Banking,Central,1.0,34.0,5.0,0,Not Returned,336.968,2025-09,1-3 days
ORD102722,CUST3870,Fashion,2026-07-07,944.92,1.0,20,40.5,Cash on Delivery,North,4.0,20.0,4.0,0,Not Returned,755.936,2026-07,4-5 days
ORD105296,CUST1364,Fashion,2025-04-16,1239.25,1.0,5,82.08,Credit Card,South,6.0,38.0,4.0,0,Not Returned,1177.2875,2025-04,6-7 days
ORD104416,CUST3666,Books,2024-09-22,477.16,3.0,0,154.14,Debit Card,South,5.0,16.0,4.0,0,Not Returned,1431.48,2024-09,4-5 days
ORD104655,CUST2901,Sports,2025-07-16,1241.0,1.0,30,30.46,Net Banking,South,4.0,32.0,5.0,0,Not Returned,868.6999999999999,2025-07,4-5 days
ORD104572,CUST3667,Toys,2026-05-21,1084.81,1.0,0,92.98,Net Banking,West,4.0,18.0,3.0,0,Not Returned,1084.81,2026-05,4-5 days
ORD101275,CUST2228,Electronics,2025-06-13,4558.5,3.5,0,3.35,UPI,West,4.0,34.0,5.0,1,Defective Product,15954.75,2025-06,4-5 days
ORD101309,CUST2311,Home & Kitchen,2026-02-26,1012.185,1.0,30,13.38,Credit Card,East,3.0,22.0,4.0,1,Changed Mind,708.5294999999999,2026-02,1-3 days
ORD101786,CUST1387,Books,2025-09-25,567.46,1.0,15,21.53,Cash on Delivery,West,4.0,52.0,1.0,1,Better Price Found,482.341,2025-09,4-5 days
ORD103118,CUST4135,Electronics,2024-08-21,4558.5,1.0,5,32.86,Debit Card,East,4.0,44.0,4.0,0,Not Returned,4330.575,2024-08,4-5 days
ORD104262,CUST3188,Books,2024-11-04,323.98,1.0,30,13.15,UPI,South,8.0,16.0,4.0,0,Not Returned,226.786,2024-11,8+ days
ORD102949,CUST3340,Fashion,2024-10-18,929.14,2.0,0,60.65,Net Banking,West,6.0,39.0,5.0,0,Not Returned,1858.28,2024-10,6-7 days
ORD105957,CUST2579,Beauty,2025-10-03,404.46,1.0,20,107.94,Cash on Delivery,East,3.0,17.0,5.0,0,Not Returned,323.568,2025-10,1-3 days
ORD101890,CUST2051,Beauty,2024-10-07,674.94,2.0,15,24.61,Net Banking,North,5.0,48.0,3.0,0,Not Returned,1147.3980000000001,2024-10,4-5 days
ORD100677,CUST2331,Toys,2025-09-23,996.25,3.0,10,20.62,Credit Card,East,6.0,29.0,4.0,0,Not Returned,2689.875,2025-09,6-7 days
ORD104603,CUST3142,Electronics,2026-05-06,4558.5,1.0,25,28.87,Net Banking,North,4.0,37.0,5.0,0,Not Returned,3418.875,2026-05,4-5 days
ORD102170,CUST2792,Beauty,2025-04-16,860.2,1.0,25,18.41,UPI,North,7.0,29.0,4.0,0,Not Returned,645.1500000000001,2025-04,6-7 days
ORD103685,CUST1257,Beauty,2025-03-20,317.02,1.0,0,144.98,Net Banking,West,6.0,35.0,5.0,0,Not Returned,317.02,2025-03,6-7 days
ORD102301,CUST3766,Fashion,2024-11-01,1366.03,3.0,25,115.91,UPI,East,5.0,65.0,4.0,0,Not Returned,3073.5675,2024-11,4-5 days
ORD103672,CUST2875,Grocery,2025-01-03,312.84,1.0,0,18.18,UPI,Central,2.0,19.0,5.0,1,Late Delivery,312.84,2025-01,1-3 days
ORD104238,CUST3802,Home & Kitchen,2026-08-08,3318.52,2.0,15,61.35,Cash on Delivery,Central,6.0,31.0,1.0,1,Defective Product,5641.4839999999995,2026-08,6-7 days
ORD102733,CUST2815,Home & Kitchen,2026-02-09,2657.53,2.0,0,113.43,Cash on Delivery,Central,10.0,33.0,5.0,0,Not Returned,5315.06,2026-02,8+ days
ORD103756,CUST2736,Grocery,2026-07-29,316.43,1.0,5,89.35,Credit Card,West,5.0,42.0,4.0,0,Not Returned,300.6085,2026-07,4-5 days
ORD104608,CUST3294,Toys,2025-02-19,1289.77,2.0,0,78.63,Credit Card,North,4.0,16.0,5.0,0,Not Returned,2579.54,2025-02,4-5 days
ORD103532,CUST2317,Beauty,2025-09-22,1109.85,1.0,25,96.33,Net Banking,South,8.0,36.0,1.0,0,Not Returned,832.3874999999999,2025-09,8+ days
ORD100295,CUST2908,Toys,2025-04-17,881.01,1.0,15,93.02,UPI,North,8.0,34.0,5.0,1,Not as Described,748.8584999999999,2025-04,8+ days
ORD101070,CUST1396,Toys,2024-11-21,1576.71,1.0,25,126.99,Net Banking,East,5.0,34.0,4.0,0,Not Returned,1182.5325,2024-11,4-5 days
ORD100053,CUST2754,Electronics,2026-02-16,4558.5,1.0,10,52.17,UPI,North,5.0,46.0,4.0,0,Not Returned,4102.650000000001,2026-02,4-5 days
ORD105710,CUST2475,Electronics,2025-04-23,4558.5,1.0,0,56.31,Debit Card,South,3.0,17.0,3.0,0,Not Returned,4558.5,2025-04,1-3 days
ORD103400,CUST1974,Fashion,2026-03-05,762.23,1.0,10,23.5,Credit Card,South,3.0,45.0,3.0,1,Changed Mind,686.0070000000001,2026-03,1-3 days
ORD103679,CUST3569,Toys,2025-09-03,1250.97,1.0,10,30.58,UPI,South,6.0,26.0,3.0,0,Not Returned,1125.873,2025-09,6-7 days
ORD103791,CUST3099,Beauty,2024-11-14,749.47,1.0,30,168.7,Net Banking,North,1.0,35.0,5.0,0,Not Returned,524.629,2024-11,1-3 days
ORD104277,CUST3656,Books,2025-01-18,645.39,1.0,30,38.23,UPI,North,6.0,46.0,5.0,1,Not as Described,451.77299999999997,2025-01,6-7 days
ORD104067,CUST2046,Electronics,2026-06-28,4260.79,1.0,20,203.85999999999999,UPI,Central,3.0,46.0,4.0,1,Not as Described,3408.632,2026-06,1-3 days
ORD103342,CUST3630,Books,2024-10-19,391.54,1.0,0,98.77,UPI,Central,2.0,23.0,4.0,1,Late Delivery,391.54,2024-10,1-3 days
ORD102006,CUST1207,Sports,2024-09-12,1012.185,1.0,25,11.78,Debit Card,East,1.0,52.0,4.0,0,Not Returned,759.13875,2024-09,1-3 days
ORD100301,CUST2953,Books,2025-10-13,611.9,2.0,5,39.74,UPI,East,3.0,26.0,4.0,0,Not Returned,1162.61,2025-10,1-3 days
ORD100365,CUST2320,Toys,2025-10-26,643.4,1.0,20,42.25,Cash on Delivery,South,5.0,29.0,3.0,0,Not Returned,514.72,2025-10,4-5 days
ORD104795,CUST4335,Grocery,2025-07-27,294.59,1.0,25,177.63,UPI,Central,4.0,18.0,4.0,1,Wrong Item Delivered,220.9425,2025-07,4-5 days
ORD100102,CUST1937,Grocery,2025-11-23,308.64,3.0,20,67.33500000000001,Cash on Delivery,Central,3.0,49.0,4.0,1,Not as Described,740.736,2025-11,1-3 days
ORD105486,CUST4336,Beauty,2025-01-05,757.25,1.0,0,74.02,Net Banking,North,4.0,40.0,4.0,1,Wrong Item Delivered,757.25,2025-01,4-5 days
ORD102792,CUST4177,Electronics,2024-09-28,4207.12,3.5,25,26.08,Debit Card,West,6.0,33.0,4.0,0,Not Returned,11043.69,2024-09,6-7 days
ORD103682,CUST2941,Grocery,2026-07-01,292.41,1.0,15,109.87,Cash on Delivery,West,6.0,27.0,3.0,1,Wrong Item Delivered,248.54850000000002,2026-07,6-7 days
ORD102795,CUST2024,Beauty,2026-06-04,837.32,1.0,0,67.33500000000001,Credit Card,Central,2.0,44.0,4.0,1,Wrong Item Delivered,837.32,2026-06,1-3 days
ORD104348,CUST1417,Fashion,2026-03-13,1004.2,1.0,5,135.65,UPI,East,5.0,46.0,3.0,1,Wrong Item Delivered,953.99,2026-03,4-5 days
ORD102731,CUST2596,Grocery,2026-06-30,195.65,1.0,0,167.8,UPI,Central,1.0,40.0,5.0,0,Not Returned,195.65,2026-06,1-3 days
ORD105344,CUST3039,Home & Kitchen,2024-11-26,2723.02,1.0,0,175.29,UPI,North,6.0,39.0,4.0,0,Not Returned,2723.02,2024-11,6-7 days
ORD104080,CUST1656,Home & Kitchen,2024-10-31,2774.02,1.0,10,86.01,UPI,Central,1.0,41.0,2.0,0,Not Returned,2496.618,2024-10,1-3 days
ORD103854,CUST3335,Electronics,2025-02-11,4558.5,1.0,30,36.59,Debit Card,East,6.0,35.0,1.0,0,Not Returned,3190.95,2025-02,6-7 days
ORD103005,CUST3918,Books,2025-10-02,192.01,1.0,5,67.94,Debit Card,Central,3.0,41.0,2.0,0,Not Returned,182.40949999999998,2025-10,1-3 days
ORD104236,CUST4283,Electronics,2025-07-04,4390.73,1.0,5,43.21,Credit Card,West,4.0,34.0,5.0,0,Not Returned,4171.193499999999,2025-07,4-5 days
ORD101487,CUST1399,Sports,2025-04-30,736.75,2.0,15,96.6,Cash on Delivery,North,6.0,35.0,4.0,1,Defective Product,1252.475,2025-04,6-7 days
ORD104528,CUST1076,Beauty,2026-06-17,614.46,2.0,0,137.75,Cash on Delivery,North,3.0,22.0,4.0,0,Not Returned,1228.92,2026-06,1-3 days
ORD105031,CUST3466,Home & Kitchen,2025-02-20,1714.56,2.0,10,107.99,Debit Card,South,5.0,36.0,4.0,0,Not Returned,3086.208,2025-02,4-5 days
ORD100374,CUST2394,Sports,2026-03-25,937.96,1.0,0,203.85999999999999,Net Banking,Central,7.0,24.0,4.0,0,Not Returned,937.96,2026-03,6-7 days
ORD101213,CUST3002,Toys,2026-01-25,1211.79,1.0,5,10.91,Debit Card,East,7.0,31.0,4.0,1,Not as Described,1151.2005,2026-01,6-7 days
ORD100544,CUST2777,Home & Kitchen,2026-02-15,1927.84,3.5,10,68.09,Net Banking,North,1.0,34.0,3.0,0,Not Returned,6072.696,2026-02,1-3 days
ORD101351,CUST2625,Home & Kitchen,2025-03-02,1656.44,1.0,20,62.99,UPI,North,3.0,26.0,5.0,0,Not Returned,1325.152,2025-03,1-3 days
ORD100291,CUST1617,Home & Kitchen,2024-10-16,2592.15,1.0,15,130.38,Credit Card,East,6.0,55.0,4.0,0,Not Returned,2203.3275,2024-10,6-7 days
ORD104503,CUST1095,Books,2025-08-13,509.18,1.0,0,34.18,Debit Card,West,5.0,59.0,3.0,0,Not Returned,509.18,2025-08,4-5 days
ORD100389,CUST3254,Grocery,2026-08-17,437.34,2.0,25,22.44,Credit Card,North,5.0,30.0,5.0,0,Not Returned,656.01,2026-08,4-5 days
ORD102869,CUST1854,Home & Kitchen,2024-10-09,2923.09,1.0,25,61.32,Cash on Delivery,North,5.0,38.0,5.0,0,Not Returned,2192.3175,2024-10,4-5 days
ORD105367,CUST2978,Fashion,2025-03-19,1207.15,1.0,0,136.18,Cash on Delivery,North,3.0,69.0,3.0,0,Not Returned,1207.15,2025-03,1-3 days
ORD103799,CUST2194,Electronics,2024-09-23,4558.5,1.0,20,99.73,Net Banking,Central,5.0,40.0,5.0,0,Not Returned,3646.8,2024-09,4-5 days
ORD101870,CUST4336,Fashion,2025-12-18,1139.76,2.0,10,64.99,Credit Card,Central,3.0,24.0,4.0,1,Defective Product,2051.568,2025-12,1-3 days
ORD104523,CUST1471,Electronics,2025-08-22,3774.7,1.0,0,134.08,Debit Card,South,6.0,35.0,2.0,0,Not Returned,3774.7,2025-08,6-7 days
ORD100247,CUST4218,Grocery,2025-01-19,286.92,3.5,10,22.6,Credit Card,Central,2.0,24.0,3.0,1,Defective Product,903.798,2025-01,1-3 days
ORD105467,CUST1404,Beauty,2026-01-16,507.53,1.0,0,93.76,Credit Card,North,4.0,32.0,5.0,0,Not Returned,507.53,2026-01,4-5 days
ORD103231,CUST2365,Grocery,2026-05-18,501.85,1.0,0,154.26,Cash on Delivery,North,5.0,16.0,5.0,0,Not Returned,501.85,2026-05,4-5 days
ORD102164,CUST4283,Fashion,2025-03-19,2319.14,2.0,30,203.85999999999999,Net Banking,East,5.0,34.0,4.0,0,Not Returned,3246.796,2025-03,4-5 days
ORD101296,CUST1778,Fashion,2025-01-20,962.55,1.0,15,58.18,Cash on Delivery,South,4.0,35.0,4.0,0,Not Returned,818.1674999999999,2025-01,4-5 days
ORD105711,CUST2764,Sports,2025-11-17,2707.19,1.0,15,147.13,UPI,East,9.0,45.0,4.0,0,Not Returned,2301.1115,2025-11,8+ days
ORD103064,CUST1725,Home & Kitchen,2025-01-15,2177.58,2.0,0,130.99,UPI,South,3.0,49.0,4.0,0,Not Returned,4355.16,2025-01,1-3 days
ORD105551,CUST1055,Books,2024-11-07,584.4,2.0,15,80.52,Credit Card,Central,1.0,35.0,4.0,1,Better Price Found,993.4799999999999,2024-11,1-3 days
ORD100410,CUST2395,Books,2025-08-03,406.44,1.0,15,67.33500000000001,Net Banking,Central,4.0,25.0,4.0,0,Not Returned,345.474,2025-08,4-5 days
ORD102005,CUST2021,Electronics,2026-04-22,4558.5,3.0,0,27.36,UPI,West,4.0,38.0,5.0,0,Not Returned,13675.5,2026-04,4-5 days
ORD105282,CUST1834,Electronics,2024-12-01,4558.5,1.0,0,80.96,Debit Card,South,9.0,35.0,4.0,1,Late Delivery,4558.5,2024-12,8+ days
ORD101894,CUST2695,Books,2026-07-28,125.71,1.0,25,53.17,UPI,North,4.0,42.0,5.0,0,Not Returned,94.2825,2026-07,4-5 days
ORD101184,CUST2350,Grocery,2025-03-02,295.74,1.0,25,98.41,Net Banking,Central,2.0,30.0,2.0,1,Wrong Item Delivered,221.805,2025-03,1-3 days
ORD105011,CUST3005,Grocery,2025-05-18,247.88,1.0,0,15.87,Credit Card,Central,3.0,51.0,4.0,0,Not Returned,247.88,2025-05,1-3 days
ORD103004,CUST2875,Home & Kitchen,2025-01-11,2538.16,1.0,5,42.81,UPI,Central,5.0,44.0,4.0,0,Not Returned,2411.252,2025-01,4-5 days
ORD101898,CUST3367,Electronics,2026-03-18,4558.5,2.0,30,87.31,Net Banking,East,8.0,47.0,4.0,0,Not Returned,6381.9,2026-03,8+ days
ORD100832,CUST2265,Toys,2024-09-01,776.08,1.0,30,34.54,Cash on Delivery,South,5.0,19.0,1.0,0,Not Returned,543.256,2024-09,4-5 days
ORD102227,CUST2396,Sports,2025-12-22,1926.75,2.0,0,63.34,Debit Card,Central,1.0,34.0,3.0,0,Not Returned,3853.5,2025-12,1-3 days
ORD101803,CUST3967,Fashion,2025-07-01,1678.54,3.0,20,67.33500000000001,Credit Card,Central,3.0,26.0,3.0,0,Not Returned,4028.496,2025-07,1-3 days
ORD100690,CUST1625,Books,2025-02-21,567.37,1.0,0,14.97,UPI,Central,2.0,17.0,4.0,1,Wrong Item Delivered,567.37,2025-02,1-3 days
ORD105427,CUST3057,Sports,2026-01-13,587.32,3.0,0,25.21,Cash on Delivery,South,3.0,49.0,4.0,0,Not Returned,1761.96,2026-01,1-3 days
ORD102518,CUST3552,Grocery,2026-03-03,329.38,1.0,0,28.39,Credit Card,Central,5.0,42.0,5.0,0,Not Returned,329.38,2026-03,4-5 days
ORD102752,CUST4339,Home & Kitchen,2024-08-19,1327.94,1.0,5,60.56,Debit Card,East,7.0,35.0,5.0,0,Not Returned,1261.543,2024-08,6-7 days
ORD104454,CUST1486,Fashion,2025-05-15,1555.03,1.0,0,19.58,UPI,Central,9.0,47.0,5.0,0,Not Returned,1555.03,2025-05,8+ days
ORD101512,CUST3617,Home & Kitchen,2025-09-08,2905.76,1.0,10,22.73,Cash on Delivery,West,5.0,42.0,5.0,0,Not Returned,2615.184,2025-09,4-5 days
ORD105380,CUST2764,Grocery,2024-08-25,183.21,1.0,0,116.68,Debit Card,South,4.0,45.0,4.0,1,Wrong Item Delivered,183.21,2024-08,4-5 days
ORD103674,CUST2181,Electronics,2026-06-06,4558.5,2.0,0,112.75,Credit Card,East,5.0,21.0,5.0,0,Not Returned,9117.0,2026-06,4-5 days
ORD105164,CUST3463,Electronics,2025-07-18,4558.5,2.0,5,30.85,Credit Card,East,7.0,27.0,5.0,0,Not Returned,8661.15,2025-07,6-7 days
ORD104644,CUST4205,Toys,2026-01-07,530.23,2.0,20,33.25,Credit Card,East,6.0,30.0,5.0,0,Not Returned,848.368,2026-01,6-7 days
ORD101075,CUST3048,Beauty,2025-08-26,313.14,1.0,0,74.78,UPI,Central,1.0,40.0,4.0,0,Not Returned,313.14,2025-08,1-3 days
ORD105946,CUST1122,Home & Kitchen,2025-05-03,2300.09,1.0,10,22.65,Credit Card,North,3.0,32.0,1.0,0,Not Returned,2070.081,2025-05,1-3 days
ORD103490,CUST2882,Home & Kitchen,2024-10-16,4442.81,1.0,5,97.26,UPI,East,4.0,42.0,5.0,0,Not Returned,4220.6695,2024-10,4-5 days
ORD104144,CUST4064,Home & Kitchen,2025-10-30,1217.69,1.0,15,67.33500000000001,Net Banking,North,8.0,38.0,1.0,1,Changed Mind,1035.0365,2025-10,8+ days
ORD102357,CUST3106,Fashion,2026-03-05,1573.47,1.0,30,156.68,Net Banking,Central,3.0,28.0,3.0,0,Not Returned,1101.4289999999999,2026-03,1-3 days
ORD102439,CUST2994,Beauty,2026-03-08,635.89,2.0,30,67.94,Net Banking,South,7.0,48.0,4.0,0,Not Returned,890.246,2026-03,6-7 days
ORD102111,CUST4374,Grocery,2024-12-19,444.58,1.0,0,33.21,UPI,West,5.0,39.0,4.0,0,Not Returned,444.58,2024-12,4-5 days
ORD100769,CUST3088,Grocery,2024-11-10,439.4,1.0,5,67.33500000000001,Debit Card,North,4.0,27.0,3.0,0,Not Returned,417.42999999999995,2024-11,4-5 days
ORD104634,CUST2395,Electronics,2025-07-31,4558.5,2.0,5,49.83,Credit Card,West,7.0,32.0,2.0,1,Defective Product,8661.15,2025-07,6-7 days
ORD102867,CUST2500,Fashion,2025-02-22,1282.81,2.0,10,46.6,Cash on Delivery,East,8.0,47.0,3.0,0,Not Returned,2309.058,2025-02,8+ days
ORD105768,CUST3800,Books,2026-07-16,326.19,2.0,0,66.23,Debit Card,South,3.0,33.0,2.0,0,Not Returned,652.38,2026-07,1-3 days
ORD102966,CUST2248,Beauty,2024-09-05,889.29,1.0,10,41.44,UPI,North,5.0,30.0,4.0,0,Not Returned,800.361,2024-09,4-5 days
ORD102602,CUST3974,Fashion,2025-09-24,783.9,3.5,15,18.62,Credit Card,East,4.0,37.0,4.0,0,Not Returned,2332.1025,2025-09,4-5 days
ORD101946,CUST1965,Home & Kitchen,2025-10-11,2388.56,1.0,0,36.05,UPI,West,4.0,40.0,3.0,0,Not Returned,2388.56,2025-10,4-5 days
ORD100554,CUST1717,Books,2024-12-28,273.92,1.0,15,23.61,Debit Card,South,1.0,16.0,2.0,0,Not Returned,232.832,2024-12,1-3 days
ORD105935,CUST4060,Electronics,2025-06-24,4558.5,1.0,5,203.85999999999999,Net Banking,North,5.0,37.0,5.0,1,Late Delivery,4330.575,2025-06,4-5 days
ORD100752,CUST1076,Books,2024-09-18,467.06,1.0,15,31.35,UPI,Central,5.0,38.0,4.0,1,Defective Product,397.001,2024-09,4-5 days
ORD103115,CUST2182,Electronics,2026-07-22,4558.5,1.0,0,13.96,Net Banking,North,5.0,25.0,3.0,1,Better Price Found,4558.5,2026-07,4-5 days
ORD101361,CUST3878,Grocery,2025-11-27,197.65,1.0,0,85.24,Debit Card,East,2.0,33.0,5.0,1,Size Issue,197.65,2025-11,1-3 days
ORD103814,CUST1667,Grocery,2026-06-23,484.23,1.0,0,67.33500000000001,Credit Card,Central,6.0,43.0,2.0,0,Not Returned,484.23,2026-06,6-7 days
ORD102682,CUST4479,Beauty,2024-11-25,1038.69,1.0,0,93.59,UPI,Central,4.0,32.0,4.0,0,Not Returned,1038.69,2024-11,4-5 days
ORD101041,CUST2015,Electronics,2025-03-02,4558.5,2.0,0,61.14,Debit Card,Central,7.0,16.0,4.0,0,Not Returned,9117.0,2025-03,6-7 days
ORD103284,CUST2237,Beauty,2024-10-09,816.58,1.0,0,20.07,Credit Card,North,5.0,26.0,4.0,1,Wrong Item Delivered,816.58,2024-10,4-5 days
ORD103857,CUST3931,Fashion,2025-09-09,828.14,1.0,10,107.71,Net Banking,West,8.0,41.0,4.0,0,Not Returned,745.326,2025-09,8+ days
ORD105785,CUST4371,Sports,2025-10-09,1070.51,2.0,0,57.67,Cash on Delivery,North,5.0,30.0,4.0,1,Defective Product,2141.02,2025-10,4-5 days
ORD100363,CUST2904,Books,2026-03-08,316.09,1.0,15,67.33500000000001,Credit Card,South,3.0,34.0,1.0,1,Not as Described,268.6765,2026-03,1-3 days
ORD104725,CUST1535,Grocery,2026-05-26,190.23,3.5,0,62.43,UPI,East,6.0,34.0,4.0,0,Not Returned,665.805,2026-05,6-7 days
ORD102764,CUST3645,Beauty,2026-01-23,856.45,1.0,25,38.48,Credit Card,West,5.0,20.0,3.0,1,Defective Product,642.3375000000001,2026-01,4-5 days
ORD101135,CUST1827,Sports,2025-08-04,520.12,2.0,0,51.95,UPI,East,4.0,30.0,5.0,0,Not Returned,1040.24,2025-08,4-5 days
ORD103212,CUST1885,Books,2026-07-14,1012.185,1.0,0,82.48,Net Banking,South,8.0,36.0,4.0,0,Not Returned,1012.185,2026-07,8+ days
ORD104753,CUST1960,Books,2025-07-15,311.89,1.0,15,20.85,Net Banking,South,4.0,32.0,4.0,0,Not Returned,265.1065,2025-07,4-5 days
ORD103411,CUST2943,Home & Kitchen,2026-01-16,3311.14,1.0,5,36.94,Cash on Delivery,South,1.0,30.0,5.0,1,Better Price Found,3145.5829999999996,2026-01,1-3 days
ORD102427,CUST2344,Fashion,2025-08-09,1504.03,1.0,30,33.58,Debit Card,North,3.0,46.0,5.0,1,Late Delivery,1052.821,2025-08,1-3 days
ORD101679,CUST3094,Toys,2025-04-02,948.87,1.0,0,83.73,Cash on Delivery,East,8.0,58.0,5.0,0,Not Returned,948.87,2025-04,8+ days
ORD100550,CUST2468,Beauty,2024-09-29,905.72,1.0,30,18.27,Cash on Delivery,South,7.0,44.0,5.0,0,Not Returned,634.004,2024-09,6-7 days
ORD103589,CUST3396,Grocery,2024-10-11,261.87,1.0,5,21.15,Credit Card,South,7.0,42.0,1.0,1,Defective Product,248.7765,2024-10,6-7 days
ORD102356,CUST4367,Beauty,2026-06-16,962.07,1.0,15,67.64,UPI,Central,5.0,20.0,5.0,0,Not Returned,817.7595,2026-06,4-5 days
ORD102797,CUST4146,Electronics,2024-08-28,4558.5,1.0,5,145.99,UPI,Central,4.0,16.0,5.0,0,Not Returned,4330.575,2024-08,4-5 days
ORD104629,CUST2965,Electronics,2024-10-28,4558.5,1.0,0,58.32,UPI,South,1.0,41.0,4.0,0,Not Returned,4558.5,2024-10,1-3 days
ORD101622,CUST1004,Fashion,2026-01-15,971.4,1.0,5,67.27,UPI,East,6.0,30.0,4.0,0,Not Returned,922.8299999999999,2026-01,6-7 days
ORD102520,CUST3808,Grocery,2024-12-19,4558.5,2.0,10,53.49,Net Banking,South,4.0,30.0,5.0,0,Not Returned,8205.300000000001,2024-12,4-5 days
ORD104585,CUST3904,Books,2025-12-29,72.88,2.0,25,200.73,UPI,South,7.0,27.0,5.0,1,Better Price Found,109.32,2025-12,6-7 days
ORD104931,CUST4143,Toys,2025-06-15,663.41,2.0,0,67.33500000000001,Debit Card,South,5.0,37.0,2.0,1,Changed Mind,1326.82,2025-06,4-5 days
ORD103938,CUST1228,Fashion,2024-12-11,913.98,1.0,10,23.3,Credit Card,North,8.0,31.0,2.0,1,Not as Described,822.582,2024-12,8+ days
ORD104794,CUST4103,Beauty,2026-03-16,992.55,2.0,25,85.42,Cash on Delivery,East,5.0,23.0,3.0,0,Not Returned,1488.8249999999998,2026-03,4-5 days
ORD103014,CUST2585,Home & Kitchen,2025-11-19,3706.65,2.0,5,67.33500000000001,Credit Card,Central,4.0,27.0,4.0,0,Not Returned,7042.635,2025-11,4-5 days
ORD104884,CUST1279,Home & Kitchen,2025-08-08,1801.35,1.0,30,133.59,Cash on Delivery,West,5.0,58.0,3.0,1,Better Price Found,1260.945,2025-08,4-5 days
ORD103120,CUST3042,Home & Kitchen,2025-08-17,2867.3,1.0,0,32.12,Cash on Delivery,Central,6.0,22.0,3.0,0,Not Returned,2867.3,2025-08,6-7 days
ORD100842,CUST3531,Sports,2026-05-21,2703.62,1.0,5,82.48,UPI,South,7.0,33.0,4.0,0,Not Returned,2568.439,2026-05,6-7 days
ORD102495,CUST4346,Sports,2025-11-02,1685.5,1.0,5,15.23,Cash on Delivery,South,6.0,19.0,5.0,1,Better Price Found,1601.225,2025-11,6-7 days
ORD102068,CUST4034,Books,2025-07-29,286.04,1.0,0,39.87,Cash on Delivery,West,6.0,52.0,5.0,0,Not Returned,286.04,2025-07,6-7 days
ORD104924,CUST2647,Beauty,2024-12-23,716.13,1.0,0,203.85999999999999,Credit Card,South,1.0,18.0,4.0,0,Not Returned,716.13,2024-12,1-3 days
ORD100879,CUST1563,Home & Kitchen,2026-03-20,3672.86,1.0,30,91.93,Credit Card,Central,5.0,33.0,4.0,0,Not Returned,2571.002,2026-03,4-5 days
ORD104217,CUST2770,Toys,2025-08-12,322.15,1.0,10,10.26,Credit Card,South,7.0,34.0,4.0,0,Not Returned,289.935,2025-08,6-7 days
ORD103853,CUST3510,Beauty,2026-03-12,582.49,2.0,0,203.85999999999999,UPI,South,2.0,32.0,4.0,0,Not Returned,1164.98,2026-03,1-3 days
ORD105532,CUST2827,Books,2025-06-04,498.45,1.0,30,89.99,Debit Card,South,7.0,43.0,5.0,1,Not as Described,348.91499999999996,2025-06,6-7 days
ORD104099,CUST1710,Home & Kitchen,2024-11-24,2783.2,2.0,5,15.42,Net Banking,South,5.0,22.0,4.0,0,Not Returned,5288.079999999999,2024-11,4-5 days
ORD100863,CUST3271,Sports,2026-05-19,1375.89,1.0,0,79.3,Cash on Delivery,East,3.0,26.0,5.0,0,Not Returned,1375.89,2026-05,1-3 days
ORD100758,CUST2330,Books,2024-09-03,406.91,1.0,10,111.37,Credit Card,Central,3.0,46.0,4.0,0,Not Returned,366.21900000000005,2024-09,1-3 days
ORD103121,CUST1023,Electronics,2025-09-20,4558.5,1.0,0,111.07,UPI,West,1.0,30.0,5.0,0,Not Returned,4558.5,2025-09,1-3 days
ORD104457,CUST1164,Fashion,2025-10-10,1134.19,1.0,20,55.24,UPI,North,5.0,29.0,4.0,1,Not as Described,907.3520000000001,2025-10,4-5 days
ORD102402,CUST1045,Grocery,2025-05-18,337.38,1.0,25,121.8,UPI,Central,6.0,26.0,5.0,1,Size Issue,253.035,2025-05,6-7 days
ORD102059,CUST4342,Home & Kitchen,2026-08-16,3126.86,1.0,15,100.7,Debit Card,East,3.0,27.0,3.0,0,Not Returned,2657.831,2026-08,1-3 days
ORD104575,CUST3753,Books,2025-12-22,147.89,1.0,0,203.85999999999999,Net Banking,East,3.0,45.0,3.0,0,Not Returned,147.89,2025-12,1-3 days
ORD104207,CUST4046,Grocery,2026-03-25,245.43,1.0,20,203.85999999999999,Debit Card,South,6.0,32.0,5.0,0,Not Returned,196.34400000000002,2026-03,6-7 days
ORD103616,CUST2711,Electronics,2026-06-06,4558.5,1.0,0,51.45,Credit Card,East,1.0,37.0,2.0,1,Not as Described,4558.5,2026-06,1-3 days
ORD102577,CUST2931,Home & Kitchen,2026-04-12,489.4,1.0,15,44.6,Debit Card,West,3.0,39.0,5.0,1,Late Delivery,415.98999999999995,2026-04,1-3 days
ORD101911,CUST2778,Beauty,2024-12-17,1064.79,2.0,25,22.49,Net Banking,North,5.0,29.0,5.0,0,Not Returned,1597.185,2024-12,4-5 days
ORD102645,CUST3217,Grocery,2026-02-28,474.56,1.0,0,144.07,Net Banking,East,2.0,42.0,4.0,0,Not Returned,474.56,2026-02,1-3 days
ORD104096,CUST4246,Grocery,2026-01-02,115.08,1.0,0,33.53,Debit Card,North,1.0,22.0,3.0,0,Not Returned,115.08,2026-01,1-3 days
ORD105027,CUST3856,Toys,2025-12-26,953.1,1.0,0,72.44,UPI,South,4.0,21.0,1.0,1,Size Issue,953.1,2025-12,4-5 days
ORD101073,CUST4092,Electronics,2026-07-06,4558.5,3.0,5,29.32,Cash on Delivery,North,5.0,26.0,4.0,0,Not Returned,12991.724999999999,2026-07,4-5 days
ORD101753,CUST2525,Toys,2025-06-16,430.1,1.0,15,106.18,Net Banking,West,3.0,26.0,2.0,1,Changed Mind,365.58500000000004,2025-06,1-3 days
ORD101159,CUST2626,Sports,2026-08-17,1165.1,2.0,0,166.43,Credit Card,East,5.0,34.0,5.0,0,Not Returned,2330.2,2026-08,4-5 days
ORD100058,CUST1655,Fashion,2024-12-08,977.29,1.0,0,33.53,Cash on Delivery,Central,3.0,20.0,4.0,0,Not Returned,977.29,2024-12,1-3 days
ORD101326,CUST3238,Electronics,2024-11-29,4558.5,1.0,5,158.84,Net Banking,West,3.0,44.0,5.0,1,Wrong Item Delivered,4330.575,2024-11,1-3 days
ORD105221,CUST4257,Electronics,2026-01-06,4558.5,1.0,15,75.57,Cash on Delivery,South,7.0,40.0,1.0,0,Not Returned,3874.725,2026-01,6-7 days
ORD102294,CUST4217,Fashion,2025-03-02,1972.28,1.0,15,152.75,Debit Card,South,4.0,26.0,4.0,0,Not Returned,1676.4379999999999,2025-03,4-5 days
ORD104240,CUST2751,Fashion,2025-02-16,995.62,1.0,0,83.3,Debit Card,South,7.0,23.0,2.0,0,Not Returned,995.62,2025-02,6-7 days
ORD105504,CUST1606,Home & Kitchen,2024-09-16,1744.43,2.0,15,129.25,Net Banking,West,3.0,29.0,5.0,0,Not Returned,2965.531,2024-09,1-3 days
ORD101238,CUST1521,Grocery,2025-06-02,271.62,1.0,15,24.01,Cash on Delivery,East,4.0,46.0,4.0,1,Better Price Found,230.877,2025-06,4-5 days
ORD104879,CUST1796,Home & Kitchen,2026-02-15,2145.09,1.0,0,22.02,Cash on Delivery,West,3.0,47.0,3.0,0,Not Returned,2145.09,2026-02,1-3 days
ORD104302,CUST2728,Home & Kitchen,2025-09-09,3719.48,1.0,0,65.43,Debit Card,South,3.0,25.0,3.0,1,Better Price Found,3719.48,2025-09,1-3 days
ORD102398,CUST3597,Books,2025-03-22,448.59,1.0,0,97.98,Credit Card,Central,4.0,51.0,5.0,0,Not Returned,448.59,2025-03,4-5 days
ORD103503,CUST3046,Books,2025-12-02,470.65,1.0,0,38.63,UPI,Central,6.0,39.0,4.0,0,Not Returned,470.65,2025-12,6-7 days
ORD102693,CUST3283,Sports,2025-05-09,1888.17,1.0,5,51.03,Net Banking,North,4.0,37.0,4.0,0,Not Returned,1793.7615,2025-05,4-5 days
ORD104643,CUST4472,Toys,2025-04-05,1263.59,1.0,5,118.78,Debit Card,Central,7.0,22.0,5.0,0,Not Returned,1200.4105,2025-04,6-7 days
ORD103133,CUST3732,Beauty,2026-05-05,922.18,1.0,20,111.97,Debit Card,West,3.0,39.0,3.0,0,Not Returned,737.744,2026-05,1-3 days
ORD103802,CUST4132,Toys,2025-11-21,921.52,1.0,5,35.81,Net Banking,East,4.0,29.0,4.0,0,Not Returned,875.444,2025-11,4-5 days
ORD102529,CUST4210,Home & Kitchen,2025-10-31,2270.05,1.0,5,24.07,Net Banking,North,4.0,22.0,5.0,0,Not Returned,2156.5475,2025-10,4-5 days
ORD105382,CUST1629,Fashion,2025-09-09,542.86,1.0,15,141.91,Cash on Delivery,South,3.0,31.0,5.0,0,Not Returned,461.431,2025-09,1-3 days
ORD101477,CUST4163,Books,2025-05-31,798.42,1.0,0,141.12,Debit Card,East,4.0,54.0,4.0,1,Not as Described,798.42,2025-05,4-5 days
ORD101513,CUST2591,Sports,2025-04-05,1935.71,1.0,0,58.46,Debit Card,Central,2.0,41.0,3.0,1,Defective Product,1935.71,2025-04,1-3 days
ORD102196,CUST3314,Toys,2025-10-14,967.68,1.0,15,72.78,UPI,North,7.0,34.0,5.0,0,Not Returned,822.5279999999999,2025-10,6-7 days
ORD105435,CUST1208,Grocery,2025-01-11,380.72,1.0,0,139.07,Net Banking,East,7.0,48.0,5.0,0,Not Returned,380.72,2025-01,6-7 days
ORD103285,CUST2641,Toys,2025-09-12,917.7,3.0,15,94.33,UPI,East,5.0,52.0,2.0,0,Not Returned,2340.135,2025-09,4-5 days
ORD100355,CUST4368,Grocery,2026-05-02,478.78,1.0,10,62.88,Net Banking,South,5.0,45.0,4.0,1,Better Price Found,430.902,2026-05,4-5 days
ORD103068,CUST2751,Grocery,2026-05-29,285.8,1.0,0,135.69,Credit Card,West,9.0,43.0,3.0,0,Not Returned,285.8,2026-05,8+ days
ORD104060,CUST2036,Toys,2025-12-22,723.13,2.0,0,74.2,Net Banking,Central,1.0,39.0,5.0,0,Not Returned,1446.26,2025-12,1-3 days
ORD101068,CUST3552,Books,2026-04-14,209.31,1.0,30,69.86,Debit Card,Central,8.0,16.0,2.0,0,Not Returned,146.517,2026-04,8+ days
ORD103413,CUST1048,Fashion,2026-05-17,1429.34,1.0,15,72.39,Cash on Delivery,North,7.0,26.0,5.0,0,Not Returned,1214.9389999999999,2026-05,6-7 days
ORD102195,CUST4045,Fashion,2025-09-06,1368.09,1.0,0,67.33500000000001,UPI,South,1.0,35.0,5.0,1,Late Delivery,1368.09,2025-09,1-3 days
ORD104986,CUST2241,Books,2025-11-04,663.37,1.0,0,100.35,UPI,Central,6.0,28.0,3.0,0,Not Returned,663.37,2025-11,6-7 days
ORD100076,CUST1661,Toys,2025-05-19,1138.45,2.0,15,29.48,Debit Card,South,3.0,20.0,3.0,0,Not Returned,1935.365,2025-05,1-3 days
ORD100516,CUST3856,Toys,2026-05-16,836.89,3.0,0,79.37,Credit Card,North,8.0,34.0,4.0,0,Not Returned,2510.67,2026-05,8+ days
ORD105124,CUST3702,Fashion,2026-02-20,1249.47,1.0,10,108.27,Cash on Delivery,North,1.0,51.0,5.0,0,Not Returned,1124.5230000000001,2026-02,1-3 days
ORD103289,CUST2395,Sports,2025-05-26,1586.79,1.0,5,132.02,UPI,East,3.0,35.0,5.0,0,Not Returned,1507.4505,2025-05,1-3 days
ORD101799,CUST4470,Electronics,2024-10-25,4558.5,1.0,15,48.36,Debit Card,East,4.0,35.0,1.0,1,Defective Product,3874.725,2024-10,4-5 days
ORD104908,CUST1819,Grocery,2026-06-14,453.54,2.0,0,130.93,Credit Card,Central,5.0,26.0,5.0,1,Changed Mind,907.08,2026-06,4-5 days
ORD103782,CUST3641,Toys,2026-06-12,838.52,2.0,0,90.15,Net Banking,East,5.0,31.0,1.0,0,Not Returned,1677.04,2026-06,4-5 days
ORD101126,CUST4257,Grocery,2025-04-30,197.42,1.0,5,57.12,Net Banking,West,6.0,54.0,3.0,0,Not Returned,187.54899999999998,2025-04,6-7 days
ORD105069,CUST2200,Electronics,2024-12-18,4558.5,2.0,0,25.41,UPI,North,1.0,25.0,4.0,1,Better Price Found,9117.0,2024-12,1-3 days
ORD102500,CUST1660,Grocery,2025-01-20,496.73,1.0,5,30.35,Debit Card,South,2.0,39.0,4.0,1,Defective Product,471.8935,2025-01,1-3 days
ORD104138,CUST2049,Grocery,2026-02-08,218.05,3.5,0,31.07,Credit Card,South,4.0,29.0,4.0,1,Wrong Item Delivered,763.1750000000001,2026-02,4-5 days
ORD105254,CUST1359,Toys,2025-12-09,1219.71,1.0,10,12.66,Net Banking,East,1.0,28.0,3.0,0,Not Returned,1097.739,2025-12,1-3 days
ORD105937,CUST3487,Home & Kitchen,2025-11-17,1533.69,2.0,5,17.06,Credit Card,West,5.0,31.0,4.0,0,Not Returned,2914.011,2025-11,4-5 days
ORD105960,CUST3933,Books,2025-10-03,577.6,1.0,0,139.32,Debit Card,Central,2.0,43.0,4.0,0,Not Returned,577.6,2025-10,1-3 days
ORD100192,CUST1171,Electronics,2025-06-29,4558.5,1.0,10,134.76,Cash on Delivery,East,6.0,33.0,2.0,0,Not Returned,4102.650000000001,2025-06,6-7 days
ORD103795,CUST3839,Sports,2025-04-09,2153.47,1.0,15,65.31,Net Banking,East,6.0,19.0,4.0,1,Better Price Found,1830.4494999999997,2025-04,6-7 days
ORD104424,CUST2434,Electronics,2025-10-28,4558.5,2.0,0,170.76,Credit Card,Central,4.0,28.0,5.0,0,Not Returned,9117.0,2025-10,4-5 days
ORD105462,CUST1534,Books,2026-05-29,105.02,2.0,0,22.87,Credit Card,South,6.0,58.0,4.0,0,Not Returned,210.04,2026-05,6-7 days
ORD103464,CUST3514,Beauty,2025-06-30,917.34,1.0,25,165.18,Credit Card,South,10.0,39.0,5.0,0,Not Returned,688.005,2025-06,8+ days
ORD101038,CUST3109,Beauty,2026-02-26,678.35,1.0,10,203.85999999999999,Cash on Delivery,West,8.0,38.0,5.0,0,Not Returned,610.515,2026-02,8+ days
ORD102178,CUST3657,Home & Kitchen,2026-03-26,2404.84,1.0,0,8.16,Debit Card,Central,5.0,32.0,5.0,0,Not Returned,2404.84,2026-03,4-5 days
ORD101959,CUST4416,Books,2025-11-20,498.45,1.0,15,99.17,Net Banking,East,5.0,43.0,3.0,0,Not Returned,423.6825,2025-11,4-5 days
ORD102995,CUST4490,Books,2025-03-05,204.77,1.0,0,86.66,Net Banking,South,3.0,34.0,5.0,0,Not Returned,204.77,2025-03,1-3 days
ORD104167,CUST3692,Books,2025-09-29,299.32,1.0,10,26.29,UPI,South,2.0,29.0,3.0,0,Not Returned,269.388,2025-09,1-3 days
ORD105576,CUST3928,Toys,2025-05-27,873.27,1.0,0,70.55,UPI,North,5.0,48.0,4.0,0,Not Returned,873.27,2025-05,4-5 days
ORD102681,CUST3046,Grocery,2024-12-26,310.14,1.0,5,43.78,Debit Card,North,1.0,47.0,3.0,0,Not Returned,294.633,2024-12,1-3 days
ORD105053,CUST1006,Home & Kitchen,2026-04-07,2475.26,1.0,0,98.02,Cash on Delivery,North,1.0,27.0,5.0,1,Better Price Found,2475.26,2026-04,1-3 days
ORD102505,CUST3344,Toys,2025-08-28,506.81,2.0,20,181.0,Cash on Delivery,Central,5.0,34.0,5.0,0,Not Returned,810.8960000000001,2025-08,4-5 days
ORD101303,CUST2909,Fashion,2025-03-13,400.38,2.0,25,44.87,Net Banking,South,2.0,30.0,1.0,0,Not Returned,600.5699999999999,2025-03,1-3 days
ORD100626,CUST3212,Fashion,2026-01-10,664.82,2.0,5,187.95,Cash on Delivery,North,6.0,27.0,4.0,0,Not Returned,1263.1580000000001,2026-01,6-7 days
ORD103805,CUST4386,Sports,2026-05-18,2210.36,3.5,15,92.39,UPI,Central,4.0,42.0,5.0,0,Not Returned,6575.821,2026-05,4-5 days
ORD101173,CUST2380,Grocery,2024-08-29,367.71,3.5,30,67.33500000000001,Net Banking,Central,3.0,32.0,4.0,0,Not Returned,900.8894999999999,2024-08,1-3 days
ORD101432,CUST3666,Books,2026-04-07,255.45,1.0,10,35.23,Credit Card,North,4.0,29.0,4.0,0,Not Returned,229.905,2026-04,4-5 days
ORD101099,CUST3538,Electronics,2025-11-21,4558.5,2.0,25,13.61,Credit Card,East,7.0,28.0,5.0,0,Not Returned,6837.75,2025-11,6-7 days
ORD105548,CUST4309,Home & Kitchen,2026-02-01,2453.54,1.0,0,145.95,Credit Card,Central,5.0,39.0,4.0,0,Not Returned,2453.54,2026-02,4-5 days
ORD101908,CUST3513,Home & Kitchen,2025-04-23,3275.99,1.0,10,39.14,Net Banking,East,5.0,40.0,4.0,0,Not Returned,2948.391,2025-04,4-5 days
ORD105233,CUST3428,Electronics,2024-10-27,4558.5,3.0,20,203.85999999999999,Debit Card,South,5.0,23.0,4.0,1,Wrong Item Delivered,10940.400000000001,2024-10,4-5 days
ORD105297,CUST2366,Sports,2025-05-11,2919.79,3.5,15,65.45,UPI,Central,4.0,39.0,4.0,1,Defective Product,8686.37525,2025-05,4-5 days
ORD105273,CUST1884,Books,2025-11-02,465.26,2.0,15,62.01,UPI,West,4.0,45.0,5.0,0,Not Returned,790.942,2025-11,4-5 days
ORD103988,CUST2647,Sports,2025-01-12,2037.21,3.0,20,112.71,Cash on Delivery,East,6.0,34.0,5.0,0,Not Returned,4889.304,2025-01,6-7 days
ORD101405,CUST4118,Beauty,2025-07-10,888.27,3.0,0,66.74,Debit Card,Central,1.0,28.0,3.0,1,Better Price Found,2664.81,2025-07,1-3 days
ORD101910,CUST3677,Fashion,2024-09-10,1012.17,1.0,5,39.46,UPI,East,1.0,30.0,1.0,0,Not Returned,961.5614999999999,2024-09,1-3 days
ORD102198,CUST3126,Beauty,2026-05-19,310.7,3.5,0,21.93,Net Banking,East,6.0,16.0,3.0,0,Not Returned,1087.45,2026-05,6-7 days
ORD105446,CUST1002,Fashion,2024-12-29,1592.94,1.0,10,36.96,Credit Card,East,4.0,51.0,4.0,0,Not Returned,1433.6460000000002,2024-12,4-5 days
ORD100835,CUST1927,Sports,2025-08-09,2210.58,1.0,15,62.34,Cash on Delivery,South,5.0,33.0,5.0,0,Not Returned,1878.993,2025-08,4-5 days
ORD102813,CUST2329,Toys,2025-11-24,700.96,2.0,15,67.33500000000001,Credit Card,East,5.0,31.0,5.0,0,Not Returned,1191.632,2025-11,4-5 days
ORD100309,CUST1118,Beauty,2025-07-03,1117.73,1.0,15,52.31,Cash on Delivery,West,5.0,38.0,5.0,0,Not Returned,950.0705,2025-07,4-5 days
ORD101412,CUST2328,Books,2025-10-30,404.94,1.0,5,54.7,Credit Card,West,2.0,23.0,4.0,0,Not Returned,384.693,2025-10,1-3 days
ORD100484,CUST1211,Books,2025-07-08,199.36,1.0,0,158.49,UPI,South,2.0,21.0,1.0,1,Wrong Item Delivered,199.36,2025-07,1-3 days
ORD105657,CUST3905,Electronics,2025-08-20,4558.5,1.0,0,53.84,UPI,South,1.0,63.0,5.0,0,Not Returned,4558.5,2025-08,1-3 days
ORD100367,CUST2142,Home & Kitchen,2026-07-03,1885.11,1.0,30,21.8,Debit Card,East,6.0,17.0,5.0,0,Not Returned,1319.5769999999998,2026-07,6-7 days
ORD100570,CUST1971,Sports,2025-08-07,2033.23,1.0,0,101.62,Debit Card,Central,5.0,43.0,3.0,0,Not Returned,2033.23,2025-08,4-5 days
ORD105025,CUST4330,Grocery,2024-09-13,444.24,1.0,10,114.03,Cash on Delivery,Central,4.0,27.0,4.0,0,Not Returned,399.81600000000003,2024-09,4-5 days
ORD100649,CUST1604,Toys,2025-04-16,1212.4,3.0,15,76.35,Debit Card,North,3.0,16.0,1.0,0,Not Returned,3091.6200000000003,2025-04,1-3 days
ORD100040,CUST1899,Beauty,2026-01-04,779.42,3.0,10,60.17,Net Banking,South,2.0,20.0,5.0,0,Not Returned,2104.4339999999997,2026-01,1-3 days
ORD103515,CUST1078,Beauty,2025-08-11,1012.185,3.5,5,92.85,Cash on Delivery,North,4.0,46.0,5.0,0,Not Returned,3365.515125,2025-08,4-5 days
ORD100441,CUST1810,Toys,2025-12-15,363.83,1.0,20,41.95,Cash on Delivery,West,8.0,38.0,5.0,0,Not Returned,291.064,2025-12,8+ days
ORD101593,CUST4469,Books,2026-05-16,445.23,1.0,20,35.65,Debit Card,South,6.0,32.0,5.0,0,Not Returned,356.184,2026-05,6-7 days
ORD102263,CUST3693,Toys,2024-11-02,742.29,1.0,5,116.08,Net Banking,Central,6.0,42.0,4.0,0,Not Returned,705.1754999999999,2024-11,6-7 days
ORD100896,CUST1990,Fashion,2025-08-30,1399.82,1.0,5,108.78,Credit Card,Central,6.0,27.0,4.0,0,Not Returned,1329.829,2025-08,6-7 days
ORD101071,CUST4255,Beauty,2025-06-02,534.95,1.0,20,203.85999999999999,Debit Card,West,5.0,38.0,5.0,0,Not Returned,427.96000000000004,2025-06,4-5 days
ORD101541,CUST1126,Home & Kitchen,2024-10-18,2477.48,1.0,15,27.38,Net Banking,North,5.0,29.0,1.0,1,Defective Product,2105.858,2024-10,4-5 days
ORD101404,CUST2262,Toys,2024-10-24,875.0,3.0,0,153.15,Debit Card,North,4.0,39.0,3.0,1,Changed Mind,2625.0,2024-10,4-5 days
ORD100351,CUST2422,Toys,2026-03-14,780.49,1.0,25,85.33,Credit Card,Central,1.0,32.0,4.0,0,Not Returned,585.3675000000001,2026-03,1-3 days
ORD103562,CUST3535,Grocery,2026-08-03,277.99,1.0,20,50.7,Cash on Delivery,Central,1.0,17.0,4.0,0,Not Returned,222.39200000000002,2026-08,1-3 days
ORD105421,CUST4140,Fashion,2025-02-17,1613.91,1.0,0,203.85999999999999,Debit Card,Central,2.0,36.0,4.0,0,Not Returned,1613.91,2025-02,1-3 days
ORD105175,CUST2364,Sports,2026-08-06,2348.26,1.0,25,28.1,UPI,East,5.0,20.0,4.0,0,Not Returned,1761.1950000000002,2026-08,4-5 days
ORD105510,CUST1005,Beauty,2025-09-13,947.48,3.0,0,63.14,Net Banking,South,2.0,42.0,1.0,1,Late Delivery,2842.44,2025-09,1-3 days
ORD101269,CUST3564,Books,2026-06-16,367.39,1.0,0,41.01,Credit Card,East,9.0,37.0,4.0,1,Size Issue,367.39,2026-06,8+ days
ORD104215,CUST3679,Home & Kitchen,2025-12-05,2901.63,1.0,15,51.24,Cash on Delivery,East,5.0,45.0,5.0,0,Not Returned,2466.3855,2025-12,4-5 days
ORD102031,CUST3632,Home & Kitchen,2026-07-26,4558.5,1.0,10,97.65,UPI,East,3.0,26.0,5.0,0,Not Returned,4102.650000000001,2026-07,1-3 days
ORD100945,CUST3825,Fashion,2025-06-26,1141.08,1.0,15,43.06,UPI,North,3.0,24.0,4.0,0,Not Returned,969.9179999999999,2025-06,1-3 days
ORD101689,CUST3507,Beauty,2024-11-11,1074.77,1.0,10,124.28,Net Banking,North,5.0,34.0,5.0,0,Not Returned,967.293,2024-11,4-5 days
ORD105181,CUST2996,Books,2024-12-27,224.07,2.0,5,87.13,Cash on Delivery,South,5.0,20.0,5.0,0,Not Returned,425.73299999999995,2024-12,4-5 days
ORD100072,CUST1435,Electronics,2024-12-27,2761.78,2.0,10,50.11,Debit Card,Central,6.0,16.0,5.0,0,Not Returned,4971.204000000001,2024-12,6-7 days
ORD104909,CUST2727,Sports,2024-10-24,3106.99,1.0,0,157.96,Cash on Delivery,Central,5.0,16.0,4.0,0,Not Returned,3106.99,2024-10,4-5 days
ORD105121,CUST2974,Grocery,2026-07-18,351.6,1.0,0,121.8,UPI,East,7.0,38.0,4.0,0,Not Returned,351.6,2026-07,6-7 days
ORD104379,CUST1251,Beauty,2024-12-17,50.0,1.0,10,76.5,Credit Card,South,5.0,49.0,4.0,0,Not Returned,45.0,2024-12,4-5 days
ORD100994,CUST3944,Home & Kitchen,2026-08-19,2263.43,1.0,30,17.57,UPI,West,4.0,57.0,1.0,0,Not Returned,1584.4009999999998,2026-08,4-5 days
ORD100762,CUST1433,Home & Kitchen,2025-07-04,3152.19,1.0,15,71.61,Credit Card,South,4.0,24.0,5.0,1,Size Issue,2679.3615,2025-07,4-5 days
ORD105918,CUST3832,Sports,2024-10-18,2005.32,2.0,0,54.21,Credit Card,West,1.0,23.0,5.0,0,Not Returned,4010.64,2024-10,1-3 days
ORD102137,CUST3710,Home & Kitchen,2025-03-27,1687.34,1.0,0,59.78,UPI,North,3.0,21.0,1.0,0,Not Returned,1687.34,2025-03,1-3 days
ORD102835,CUST3289,Electronics,2026-01-17,4558.5,3.5,0,48.48,Credit Card,Central,7.0,34.0,5.0,0,Not Returned,15954.75,2026-01,6-7 days
ORD100173,CUST1438,Toys,2025-02-28,1171.88,1.0,10,33.42,Net Banking,East,3.0,33.0,4.0,0,Not Returned,1054.6920000000002,2025-02,1-3 days
ORD102065,CUST4443,Fashion,2026-04-29,1470.73,1.0,0,70.58,Debit Card,West,7.0,29.0,2.0,0,Not Returned,1470.73,2026-04,6-7 days
ORD102856,CUST2678,Fashion,2025-03-13,1509.68,1.0,25,40.7,Net Banking,West,2.0,28.0,4.0,0,Not Returned,1132.26,2025-03,1-3 days
ORD101734,CUST2508,Beauty,2025-02-12,1194.7,2.0,15,203.85999999999999,Credit Card,South,3.0,30.0,3.0,0,Not Returned,2030.99,2025-02,1-3 days
ORD105517,CUST1234,Toys,2025-04-13,925.9,1.0,0,47.21,UPI,South,8.0,41.0,3.0,0,Not Returned,925.9,2025-04,8+ days
ORD103736,CUST1909,Fashion,2025-10-19,925.12,1.0,25,117.65,Debit Card,West,9.0,16.0,3.0,0,Not Returned,693.84,2025-10,8+ days
ORD104915,CUST3965,Home & Kitchen,2025-12-17,1910.56,1.0,15,163.28,Net Banking,East,3.0,43.0,4.0,0,Not Returned,1623.9759999999999,2025-12,1-3 days
ORD102852,CUST4354,Electronics,2026-07-26,4558.5,1.0,0,55.69,Cash on Delivery,North,6.0,45.0,5.0,1,Late Delivery,4558.5,2026-07,6-7 days
ORD102511,CUST4364,Home & Kitchen,2026-02-02,1925.85,2.0,0,20.92,Credit Card,East,6.0,24.0,4.0,0,Not Returned,3851.7,2026-02,6-7 days
ORD102958,CUST3147,Sports,2026-08-17,2416.12,1.0,5,59.53,UPI,South,8.0,26.0,3.0,0,Not Returned,2295.314,2026-08,8+ days
ORD103187,CUST4265,Beauty,2026-06-19,1012.185,1.0,15,26.97,Credit Card,West,5.0,33.0,4.0,0,Not Returned,860.3572499999999,2026-06,4-5 days
ORD103175,CUST1046,Home & Kitchen,2025-11-28,2439.88,1.0,0,203.85999999999999,Credit Card,North,10.5,29.0,4.0,1,Wrong Item Delivered,2439.88,2025-11,8+ days
ORD101780,CUST2623,Toys,2026-07-27,812.18,1.0,0,197.13,Debit Card,North,9.0,22.0,1.0,0,Not Returned,812.18,2026-07,8+ days
ORD102351,CUST3795,Sports,2026-07-20,1291.47,1.0,10,133.28,UPI,Central,6.0,43.0,4.0,0,Not Returned,1162.323,2026-07,6-7 days
ORD101775,CUST4384,Grocery,2026-01-02,236.76,1.0,15,101.39,Debit Card,North,9.0,26.0,5.0,0,Not Returned,201.24599999999998,2026-01,8+ days
ORD101534,CUST2984,Beauty,2026-07-15,975.98,2.0,15,188.33,Debit Card,South,3.0,41.0,4.0,0,Not Returned,1659.166,2026-07,1-3 days
ORD100838,CUST3079,Toys,2026-03-18,1194.86,1.0,10,115.37,UPI,West,4.0,36.0,4.0,0,Not Returned,1075.374,2026-03,4-5 days
ORD103105,CUST3095,Toys,2026-02-01,584.91,2.0,5,87.31,Net Banking,North,3.0,36.0,4.0,0,Not Returned,1111.329,2026-02,1-3 days
ORD103765,CUST3616,Electronics,2024-08-23,4558.5,3.0,0,67.33500000000001,Net Banking,West,3.0,31.0,4.0,1,Better Price Found,13675.5,2024-08,1-3 days
ORD103334,CUST2575,Sports,2025-01-03,1221.2,1.0,15,172.77,Net Banking,North,5.0,26.0,4.0,0,Not Returned,1038.02,2025-01,4-5 days
ORD104658,CUST3767,Home & Kitchen,2025-12-07,3327.62,1.0,10,90.09,Cash on Delivery,Central,6.0,33.0,4.0,0,Not Returned,2994.858,2025-12,6-7 days
ORD100864,CUST3913,Grocery,2026-07-02,243.43,2.0,0,64.56,UPI,South,2.0,37.0,5.0,0,Not Returned,486.86,2026-07,1-3 days
ORD105326,CUST2797,Books,2025-07-19,643.28,3.5,0,42.05,UPI,West,6.0,43.0,5.0,0,Not Returned,2251.48,2025-07,6-7 days
ORD100116,CUST1403,Fashion,2026-08-08,1455.32,1.0,25,76.77,Debit Card,West,7.0,22.0,1.0,0,Not Returned,1091.49,2026-08,6-7 days
ORD104740,CUST3717,Beauty,2025-07-29,711.05,1.0,0,166.27,Cash on Delivery,West,3.0,34.0,5.0,1,Not as Described,711.05,2025-07,1-3 days
ORD103676,CUST2130,Toys,2024-11-06,540.41,1.0,5,76.95,Credit Card,East,5.0,42.0,4.0,0,Not Returned,513.3895,2024-11,4-5 days
ORD101903,CUST1428,Home & Kitchen,2025-04-08,2169.08,2.0,25,93.01,Credit Card,Central,6.0,21.0,5.0,0,Not Returned,3253.62,2025-04,6-7 days
ORD100298,CUST3392,Home & Kitchen,2026-06-11,1599.3,1.0,5,18.37,Net Banking,South,3.0,16.0,5.0,0,Not Returned,1519.3349999999998,2026-06,1-3 days
ORD100371,CUST3024,Fashion,2025-04-21,1546.39,1.0,25,118.31,Cash on Delivery,Central,6.0,21.0,4.0,1,Late Delivery,1159.7925,2025-04,6-7 days
ORD101899,CUST3814,Toys,2025-12-07,1012.185,1.0,5,66.27,Cash on Delivery,Central,5.0,34.0,3.0,0,Not Returned,961.5757499999999,2025-12,4-5 days
ORD101293,CUST2963,Electronics,2025-10-01,4558.5,1.0,5,67.33500000000001,Debit Card,North,5.0,30.0,1.0,0,Not Returned,4330.575,2025-10,4-5 days
ORD100266,CUST1604,Grocery,2025-06-07,242.87,1.0,10,58.61,UPI,South,4.0,23.0,4.0,0,Not Returned,218.583,2025-06,4-5 days
ORD100160,CUST3544,Fashion,2024-08-25,1550.08,1.0,5,195.71,Net Banking,West,5.0,35.0,5.0,0,Not Returned,1472.5759999999998,2024-08,4-5 days
ORD101784,CUST4500,Sports,2026-07-15,1012.185,1.0,5,162.0,Net Banking,East,3.0,30.0,5.0,0,Not Returned,961.5757499999999,2026-07,1-3 days
ORD104985,CUST1722,Fashion,2025-02-14,957.56,3.0,0,126.07,Cash on Delivery,North,5.0,34.0,4.0,1,Defective Product,2872.68,2025-02,4-5 days
ORD105557,CUST4242,Beauty,2026-07-26,1012.185,3.0,0,100.93,Cash on Delivery,Central,4.0,34.0,4.0,0,Not Returned,3036.555,2026-07,4-5 days
ORD101029,CUST2663,Beauty,2026-04-01,761.4,1.0,5,45.06,Credit Card,North,6.0,29.0,5.0,1,Not as Described,723.3299999999999,2026-04,6-7 days
ORD100519,CUST2303,Books,2025-06-15,360.55,1.0,30,71.88,Credit Card,East,5.0,39.0,4.0,0,Not Returned,252.385,2025-06,4-5 days
ORD105669,CUST1223,Books,2025-05-24,381.85,1.0,15,19.59,Credit Card,East,2.0,23.0,4.0,0,Not Returned,324.5725,2025-05,1-3 days
ORD102446,CUST1076,Beauty,2026-02-01,456.51,3.5,0,119.53,Net Banking,West,6.0,30.0,4.0,1,Late Delivery,1597.7849999999999,2026-02,6-7 days
ORD103114,CUST4148,Grocery,2025-04-02,117.58,1.0,30,49.35,UPI,South,4.0,41.0,3.0,0,Not Returned,82.306,2025-04,4-5 days
ORD104714,CUST1085,Beauty,2026-06-15,498.6,1.0,5,30.79,UPI,North,7.0,16.0,4.0,0,Not Returned,473.67,2026-06,6-7 days
ORD101914,CUST3269,Grocery,2025-06-14,458.69,1.0,25,13.99,Debit Card,South,1.0,19.0,2.0,0,Not Returned,344.0175,2025-06,1-3 days
ORD104185,CUST1016,Home & Kitchen,2026-08-18,2435.19,2.0,0,38.33,Debit Card,Central,2.0,31.0,5.0,0,Not Returned,4870.38,2026-08,1-3 days
ORD105859,CUST3366,Sports,2026-03-27,1199.45,1.0,0,60.77,UPI,West,6.0,44.0,2.0,0,Not Returned,1199.45,2026-03,6-7 days
ORD104285,CUST2823,Sports,2026-02-10,1195.08,1.0,10,90.02,Debit Card,Central,3.0,16.0,5.0,0,Not Returned,1075.572,2026-02,1-3 days
ORD101609,CUST1647,Toys,2026-06-29,1215.3,1.0,0,62.65,Credit Card,Central,4.0,34.0,4.0,1,Changed Mind,1215.3,2026-06,4-5 days
ORD104286,CUST2931,Beauty,2026-07-24,782.42,2.0,0,57.02,Cash on Delivery,North,6.0,45.0,4.0,0,Not Returned,1564.84,2026-07,6-7 days
ORD102923,CUST2329,Toys,2024-10-14,1164.35,1.0,30,151.89,Debit Card,West,3.0,42.0,3.0,1,Wrong Item Delivered,815.0449999999998,2024-10,1-3 days
ORD105593,CUST3913,Home & Kitchen,2026-04-03,2970.94,1.0,5,169.08,Net Banking,West,4.0,47.0,5.0,0,Not Returned,2822.393,2026-04,4-5 days
ORD100395,CUST3826,Toys,2026-07-15,823.85,1.0,0,115.61,Cash on Delivery,Central,3.0,41.0,3.0,0,Not Returned,823.85,2026-07,1-3 days
ORD100094,CUST2634,Grocery,2026-01-22,235.79,1.0,5,17.22,Credit Card,East,3.0,62.0,5.0,0,Not Returned,224.0005,2026-01,1-3 days
ORD104831,CUST1235,Electronics,2024-10-09,4558.5,1.0,0,109.59,Cash on Delivery,South,6.0,55.0,3.0,1,Wrong Item Delivered,4558.5,2024-10,6-7 days
ORD104764,CUST2505,Home & Kitchen,2025-07-01,3292.42,1.0,0,42.26,Credit Card,South,2.0,34.0,4.0,0,Not Returned,3292.42,2025-07,1-3 days
ORD101785,CUST4064,Beauty,2025-07-15,799.6,1.0,5,52.89,Net Banking,North,4.0,23.0,4.0,0,Not Returned,759.62,2025-07,4-5 days
ORD101983,CUST1201,Home & Kitchen,2026-01-05,1310.68,1.0,5,74.83,Credit Card,West,5.0,18.0,4.0,0,Not Returned,1245.146,2026-01,4-5 days
ORD101936,CUST3311,Sports,2026-04-22,1218.24,1.0,20,61.48,Cash on Delivery,West,3.0,40.0,5.0,0,Not Returned,974.5920000000001,2026-04,1-3 days
ORD103364,CUST3583,Fashion,2025-02-14,1032.08,1.0,10,87.92,UPI,East,4.0,24.0,5.0,0,Not Returned,928.872,2025-02,4-5 days
ORD100901,CUST3144,Electronics,2025-12-20,4558.5,1.0,30,185.55,Debit Card,Central,6.0,42.0,4.0,0,Not Returned,3190.95,2025-12,6-7 days
ORD105970,CUST3463,Beauty,2025-07-15,1101.11,2.0,5,38.83,Credit Card,West,6.0,34.0,4.0,1,Late Delivery,2092.109,2025-07,6-7 days
ORD104077,CUST2691,Grocery,2025-07-29,277.59,1.0,10,19.68,Net Banking,South,7.0,26.0,3.0,1,Wrong Item Delivered,249.831,2025-07,6-7 days
ORD101033,CUST2393,Home & Kitchen,2025-07-24,3523.98,1.0,10,42.23,Cash on Delivery,Central,5.0,26.0,4.0,1,Late Delivery,3171.582,2025-07,4-5 days
ORD104431,CUST4188,Electronics,2025-01-06,4558.5,1.0,30,102.69,Cash on Delivery,East,1.0,41.0,5.0,1,Late Delivery,3190.95,2025-01,1-3 days
ORD104980,CUST4257,Electronics,2025-09-24,4558.5,3.0,25,84.0,Cash on Delivery,West,5.0,40.0,4.0,0,Not Returned,10256.625,2025-09,4-5 days
ORD105770,CUST1342,Grocery,2025-11-26,214.22,1.0,15,48.4,Net Banking,South,7.0,29.0,5.0,0,Not Returned,182.087,2025-11,6-7 days
ORD104392,CUST1601,Books,2025-11-08,346.64,1.0,5,67.33500000000001,Cash on Delivery,Central,1.0,17.0,5.0,0,Not Returned,329.308,2025-11,1-3 days
ORD100604,CUST4295,Home & Kitchen,2026-07-27,1580.7,3.5,0,101.86,Net Banking,South,6.0,25.0,3.0,0,Not Returned,5532.45,2026-07,6-7 days
ORD104425,CUST3731,Fashion,2025-03-25,1012.185,3.0,10,140.87,UPI,North,9.0,47.0,5.0,0,Not Returned,2732.8995,2025-03,8+ days
ORD100881,CUST4404,Beauty,2025-07-30,777.93,1.0,0,63.82,Cash on Delivery,South,5.0,39.0,4.0,0,Not Returned,777.93,2025-07,4-5 days
ORD105210,CUST2940,Electronics,2025-05-05,967.41,1.0,0,60.39,Debit Card,West,10.5,16.0,2.0,0,Not Returned,967.41,2025-05,8+ days
ORD102804,CUST3791,Toys,2025-07-30,657.02,1.0,15,84.65,Net Banking,West,9.0,36.0,2.0,0,Not Returned,558.467,2025-07,8+ days
ORD101431,CUST2763,Home & Kitchen,2025-07-06,1569.93,2.0,5,21.3,UPI,North,5.0,16.0,4.0,0,Not Returned,2982.867,2025-07,4-5 days
ORD105916,CUST1120,Sports,2026-06-06,1509.91,1.0,10,50.68,Debit Card,Central,2.0,23.0,4.0,0,Not Returned,1358.919,2026-06,1-3 days
ORD103650,CUST1167,Beauty,2025-07-25,531.05,2.0,0,51.21,Net Banking,North,5.0,37.0,5.0,0,Not Returned,1062.1,2025-07,4-5 days
ORD100137,CUST2993,Toys,2025-12-15,1154.3,1.0,20,20.81,UPI,Central,1.0,31.0,2.0,0,Not Returned,923.44,2025-12,1-3 days
ORD104309,CUST2179,Sports,2024-09-03,1365.29,1.0,10,88.81,Cash on Delivery,South,4.0,23.0,3.0,0,Not Returned,1228.761,2024-09,4-5 days
ORD104276,CUST1109,Beauty,2026-07-29,329.49,1.0,10,168.64,UPI,West,3.0,35.0,4.0,0,Not Returned,296.541,2026-07,1-3 days
ORD100112,CUST2765,Beauty,2024-10-28,1012.185,2.0,25,141.87,UPI,West,7.0,46.0,4.0,0,Not Returned,1518.2775,2024-10,6-7 days
ORD102365,CUST1863,Grocery,2025-11-20,368.07,1.0,0,114.01,Debit Card,West,7.0,36.0,2.0,0,Not Returned,368.07,2025-11,6-7 days
ORD101321,CUST4365,Books,2025-02-23,599.95,1.0,5,61.16,Debit Card,North,5.0,30.0,1.0,0,Not Returned,569.9525,2025-02,4-5 days
ORD105332,CUST3603,Grocery,2025-02-02,182.89,1.0,15,145.18,Credit Card,West,3.0,31.0,4.0,1,Better Price Found,155.45649999999998,2025-02,1-3 days
ORD102576,CUST1373,Toys,2024-08-22,616.7,1.0,15,103.41,Cash on Delivery,North,3.0,44.0,4.0,0,Not Returned,524.195,2024-08,1-3 days
ORD100947,CUST2444,Sports,2024-09-18,1773.24,1.0,0,3.99,Net Banking,West,3.0,34.0,1.0,0,Not Returned,1773.24,2024-09,1-3 days
ORD105259,CUST3695,Fashion,2024-12-22,1353.43,2.0,5,30.55,Credit Card,South,3.0,39.0,5.0,0,Not Returned,2571.517,2024-12,1-3 days
ORD101587,CUST4149,Grocery,2026-03-22,307.57,3.0,5,30.48,Debit Card,Central,4.0,23.0,3.0,0,Not Returned,876.5745,2026-03,4-5 days
ORD105400,CUST3724,Fashion,2026-07-13,1155.21,1.0,25,68.75,UPI,East,6.0,52.0,2.0,0,Not Returned,866.4075,2026-07,6-7 days
ORD101177,CUST4387,Fashion,2026-06-05,1185.64,1.0,25,43.79,UPI,West,6.0,53.0,5.0,1,Size Issue,889.23,2026-06,6-7 days
ORD102641,CUST4190,Grocery,2025-05-06,182.77,1.0,20,49.99,Cash on Delivery,West,4.0,40.0,2.0,1,Wrong Item Delivered,146.216,2025-05,4-5 days
ORD105213,CUST3430,Electronics,2025-12-07,4558.5,2.0,5,68.29,UPI,West,1.0,32.0,1.0,0,Not Returned,8661.15,2025-12,1-3 days
ORD102592,CUST1948,Grocery,2025-08-31,1012.185,1.0,25,83.18,Cash on Delivery,East,3.0,27.0,3.0,1,Size Issue,759.13875,2025-08,1-3 days
ORD105762,CUST1128,Beauty,2025-04-10,965.54,1.0,10,67.33500000000001,Debit Card,North,7.0,37.0,4.0,0,Not Returned,868.986,2025-04,6-7 days
ORD100630,CUST2671,Electronics,2025-08-11,4558.5,2.0,0,67.33500000000001,Debit Card,North,3.0,33.0,4.0,0,Not Returned,9117.0,2025-08,1-3 days
ORD104332,CUST1649,Books,2025-05-06,50.0,1.0,25,67.33500000000001,Cash on Delivery,Central,4.0,49.0,5.0,0,Not Returned,37.5,2025-05,4-5 days
ORD104783,CUST1034,Toys,2026-06-16,1311.15,3.5,10,87.15,Credit Card,South,4.0,32.0,5.0,1,Not as Described,4130.1225,2026-06,4-5 days
ORD103260,CUST4106,Toys,2025-01-10,950.17,3.0,25,54.76,Cash on Delivery,North,5.0,24.0,5.0,0,Not Returned,2137.8824999999997,2025-01,4-5 days
ORD105627,CUST4421,Electronics,2025-07-21,4558.5,3.5,20,17.78,Net Banking,East,5.0,31.0,2.0,0,Not Returned,12763.800000000001,2025-07,4-5 days
ORD100333,CUST1517,Toys,2024-12-08,1249.13,1.0,15,102.48,Net Banking,West,2.0,46.0,3.0,0,Not Returned,1061.7605,2024-12,1-3 days
ORD103432,CUST2684,Books,2024-10-07,430.09,2.0,10,203.85999999999999,UPI,North,6.0,33.0,5.0,0,Not Returned,774.1619999999999,2024-10,6-7 days
ORD103591,CUST3496,Sports,2024-12-02,2748.62,1.0,0,64.45,Cash on Delivery,West,4.0,38.0,4.0,0,Not Returned,2748.62,2024-12,4-5 days
ORD103477,CUST2786,Fashion,2025-08-12,1671.8,3.0,25,81.47,Debit Card,South,4.0,35.0,5.0,0,Not Returned,3761.5499999999997,2025-08,4-5 days
ORD102683,CUST3187,Electronics,2025-11-23,4558.5,1.0,20,58.37,Net Banking,South,3.0,34.0,5.0,0,Not Returned,3646.8,2025-11,1-3 days
ORD103380,CUST2195,Grocery,2024-09-25,358.6,1.0,5,27.21,UPI,West,5.0,31.0,5.0,0,Not Returned,340.67,2024-09,4-5 days
ORD101614,CUST2122,Toys,2025-03-27,197.65,2.0,0,128.19,UPI,Central,4.0,48.0,5.0,0,Not Returned,395.3,2025-03,4-5 days
ORD105865,CUST3065,Fashion,2026-03-27,1478.57,1.0,15,28.34,Debit Card,East,4.0,28.0,4.0,0,Not Returned,1256.7845,2026-03,4-5 days
ORD104521,CUST1968,Home & Kitchen,2025-10-29,2663.69,3.0,10,22.9,Cash on Delivery,Central,6.0,43.0,5.0,0,Not Returned,7191.963,2025-10,6-7 days
ORD100535,CUST1328,Beauty,2025-06-05,237.55,1.0,15,40.37,Credit Card,West,5.0,20.0,4.0,0,Not Returned,201.91750000000002,2025-06,4-5 days
ORD102156,CUST1368,Toys,2024-12-06,927.31,1.0,15,112.87,UPI,East,6.0,36.0,4.0,0,Not Returned,788.2135,2024-12,6-7 days
ORD105740,CUST3637,Beauty,2024-09-19,650.56,1.0,5,67.33500000000001,Cash on Delivery,West,4.0,46.0,4.0,0,Not Returned,618.0319999999999,2024-09,4-5 days
ORD104389,CUST2284,Sports,2026-01-28,2278.75,1.0,0,85.33,Net Banking,North,7.0,48.0,5.0,0,Not Returned,2278.75,2026-01,6-7 days
ORD103932,CUST2593,Grocery,2025-04-04,346.21,1.0,5,33.61,Credit Card,Central,5.0,30.0,1.0,0,Not Returned,328.8995,2025-04,4-5 days
ORD101742,CUST1039,Beauty,2026-01-07,560.44,3.5,15,91.24,UPI,South,3.0,16.0,4.0,0,Not Returned,1667.3090000000002,2026-01,1-3 days
ORD104960,CUST2346,Sports,2026-02-10,1863.22,1.0,0,113.09,Credit Card,Central,10.0,34.0,4.0,0,Not Returned,1863.22,2026-02,8+ days
ORD104596,CUST1698,Sports,2025-08-19,1409.0,1.0,0,35.96,UPI,North,7.0,25.0,5.0,0,Not Returned,1409.0,2025-08,6-7 days
ORD103360,CUST4074,Electronics,2026-02-04,4558.5,2.0,0,77.63,Debit Card,North,4.0,36.0,3.0,0,Not Returned,9117.0,2026-02,4-5 days
ORD101877,CUST1132,Electronics,2026-07-25,4558.5,1.0,0,63.08,Credit Card,North,1.0,26.0,4.0,0,Not Returned,4558.5,2026-07,1-3 days
ORD100384,CUST1907,Beauty,2024-10-26,1125.06,1.0,0,31.49,Cash on Delivery,East,5.0,30.0,4.0,0,Not Returned,1125.06,2024-10,4-5 days
ORD102089,CUST1331,Books,2024-12-28,90.77,3.0,0,92.75,Credit Card,East,3.0,35.0,3.0,0,Not Returned,272.31,2024-12,1-3 days
ORD105468,CUST3238,Fashion,2024-10-12,1436.58,1.0,25,146.83,Net Banking,North,7.0,36.0,1.0,0,Not Returned,1077.435,2024-10,6-7 days
ORD102162,CUST1715,Books,2024-10-30,590.9,3.5,15,83.51,UPI,Central,7.0,16.0,5.0,0,Not Returned,1757.9275,2024-10,6-7 days
ORD104728,CUST3455,Toys,2025-05-19,622.08,3.0,0,95.33,Debit Card,South,6.0,46.0,4.0,0,Not Returned,1866.2400000000002,2025-05,6-7 days
ORD101923,CUST3458,Electronics,2025-12-15,4558.5,1.0,0,41.95,Credit Card,North,2.0,49.0,2.0,0,Not Returned,4558.5,2025-12,1-3 days
ORD105262,CUST2201,Toys,2026-06-11,506.83,1.0,5,48.78,Cash on Delivery,North,7.0,23.0,5.0,0,Not Returned,481.4885,2026-06,6-7 days
ORD102841,CUST3271,Beauty,2025-10-30,906.31,1.0,5,203.85999999999999,Debit Card,North,6.0,48.0,4.0,0,Not Returned,860.9944999999999,2025-10,6-7 days
ORD100287,CUST2801,Sports,2025-02-09,2463.09,1.0,0,109.04,Credit Card,North,1.0,22.0,3.0,0,Not Returned,2463.09,2025-02,1-3 days
ORD102212,CUST1206,Fashion,2026-07-29,939.65,2.0,10,37.89,Credit Card,North,1.0,36.0,5.0,0,Not Returned,1691.37,2026-07,1-3 days
ORD105320,CUST3324,Sports,2024-12-01,2369.74,1.0,20,96.65,Cash on Delivery,East,4.0,34.0,4.0,1,Changed Mind,1895.792,2024-12,4-5 days
ORD104781,CUST4081,Sports,2026-08-18,1756.78,1.0,0,44.45,Credit Card,West,3.0,32.0,5.0,0,Not Returned,1756.78,2026-08,1-3 days
ORD104517,CUST2327,Fashion,2025-06-16,845.49,1.0,5,67.33500000000001,Credit Card,North,4.0,31.0,4.0,0,Not Returned,803.2155,2025-06,4-5 days
ORD102369,CUST4394,Toys,2025-01-16,1404.82,1.0,0,44.61,UPI,North,5.0,49.0,5.0,0,Not Returned,1404.82,2025-01,4-5 days
ORD103475,CUST3111,Home & Kitchen,2025-10-13,2082.91,1.0,30,48.35,UPI,Central,3.0,16.0,2.0,0,Not Returned,1458.0369999999998,2025-10,1-3 days
ORD100027,CUST3708,Grocery,2024-10-08,439.74,2.0,25,131.83,UPI,Central,10.5,24.0,1.0,0,Not Returned,659.61,2024-10,8+ days
ORD103950,CUST1231,Books,2025-06-16,487.07,2.0,5,141.21,Cash on Delivery,East,8.0,30.0,4.0,0,Not Returned,925.433,2025-06,8+ days
ORD104492,CUST3137,Electronics,2026-07-19,4023.4,1.0,0,85.66,Net Banking,West,5.0,50.0,5.0,0,Not Returned,4023.4,2026-07,4-5 days
ORD101109,CUST4013,Electronics,2026-05-19,4558.5,1.0,20,19.7,Cash on Delivery,East,2.0,53.0,5.0,0,Not Returned,3646.8,2026-05,1-3 days
ORD103816,CUST4406,Sports,2025-08-21,1734.49,1.0,10,115.63,UPI,West,5.0,25.0,3.0,0,Not Returned,1561.041,2025-08,4-5 days
ORD103179,CUST2326,Home & Kitchen,2025-08-24,1858.64,1.0,25,29.37,Cash on Delivery,West,8.0,41.0,5.0,0,Not Returned,1393.98,2025-08,8+ days
ORD103568,CUST1611,Fashion,2024-11-09,1198.75,1.0,0,76.98,UPI,North,4.0,34.0,4.0,1,Late Delivery,1198.75,2024-11,4-5 days
ORD103158,CUST2176,Sports,2026-08-09,2732.71,2.0,5,105.53,UPI,South,5.0,39.0,4.0,0,Not Returned,5192.148999999999,2026-08,4-5 days
ORD101224,CUST1261,Books,2025-04-27,428.55,1.0,5,118.81,Debit Card,West,5.0,49.0,4.0,0,Not Returned,407.1225,2025-04,4-5 days
ORD104841,CUST3355,Home & Kitchen,2024-12-13,2712.97,1.0,15,61.13,UPI,Central,9.0,19.0,3.0,0,Not Returned,2306.0245,2024-12,8+ days
ORD105754,CUST1817,Home & Kitchen,2026-03-03,3419.19,1.0,0,100.17,UPI,North,7.0,25.0,5.0,0,Not Returned,3419.19,2026-03,6-7 days
ORD103781,CUST3014,Toys,2025-06-19,772.3,1.0,0,57.08,Debit Card,South,3.0,44.0,4.0,0,Not Returned,772.3,2025-06,1-3 days
ORD100755,CUST2656,Sports,2025-06-28,1349.87,1.0,0,74.9,Cash on Delivery,South,6.0,44.0,5.0,1,Wrong Item Delivered,1349.87,2025-06,6-7 days
ORD104516,CUST1583,Grocery,2024-10-30,365.43,1.0,5,89.83,Cash on Delivery,South,5.0,16.0,5.0,0,Not Returned,347.1585,2024-10,4-5 days
ORD102176,CUST2579,Fashion,2025-03-05,1097.39,1.0,15,178.83,UPI,West,6.0,52.0,4.0,1,Late Delivery,932.7815,2025-03,6-7 days
ORD100525,CUST1517,Books,2026-07-25,386.3,1.0,5,24.26,Credit Card,East,4.0,44.0,4.0,0,Not Returned,366.985,2026-07,4-5 days
ORD104537,CUST1688,Sports,2025-09-18,2103.17,1.0,10,128.27,Net Banking,North,1.0,29.0,5.0,0,Not Returned,1892.853,2025-09,1-3 days
ORD105482,CUST3853,Beauty,2025-10-30,754.71,1.0,15,65.84,Net Banking,North,3.0,27.0,3.0,1,Late Delivery,641.5035,2025-10,1-3 days
ORD105695,CUST4260,Fashion,2024-09-05,1941.21,2.0,0,74.29,Credit Card,North,3.0,35.0,5.0,0,Not Returned,3882.42,2024-09,1-3 days
ORD103879,CUST3268,Electronics,2025-07-09,4558.5,1.0,15,154.82,Net Banking,North,6.0,30.0,5.0,0,Not Returned,3874.725,2025-07,6-7 days
ORD100506,CUST4226,Home & Kitchen,2025-06-18,1816.49,2.0,30,54.13,Credit Card,East,8.0,42.0,3.0,1,Not as Described,2543.086,2025-06,8+ days
ORD105866,CUST3363,Toys,2024-11-13,756.63,1.0,30,59.52,Credit Card,Central,5.0,19.0,4.0,0,Not Returned,529.641,2024-11,4-5 days
ORD102062,CUST4214,Home & Kitchen,2025-09-13,2808.01,1.0,5,56.23,UPI,South,3.0,24.0,5.0,0,Not Returned,2667.6095,2025-09,1-3 days
ORD101223,CUST2735,Books,2024-10-11,241.5,1.0,25,150.03,Net Banking,West,1.0,34.0,5.0,1,Late Delivery,181.125,2024-10,1-3 days
ORD102444,CUST4004,Sports,2025-01-09,1289.92,1.0,0,203.85999999999999,Cash on Delivery,South,6.0,41.0,2.0,0,Not Returned,1289.92,2025-01,6-7 days
ORD103508,CUST1484,Home & Kitchen,2024-09-19,1657.81,1.0,10,34.0,Debit Card,East,4.0,29.0,3.0,1,Defective Product,1492.029,2024-09,4-5 days
ORD104560,CUST2118,Electronics,2026-01-18,4558.5,1.0,5,77.04,Net Banking,North,3.0,40.0,1.0,0,Not Returned,4330.575,2026-01,1-3 days
ORD103312,CUST3521,Fashion,2025-03-20,692.53,3.0,0,48.98,UPI,South,2.0,45.0,4.0,1,Wrong Item Delivered,2077.59,2025-03,1-3 days
ORD105880,CUST3672,Books,2025-01-02,370.09,1.0,5,162.25,Credit Card,East,4.0,16.0,1.0,0,Not Returned,351.58549999999997,2025-01,4-5 days
ORD101695,CUST2420,Toys,2025-08-16,1153.24,1.0,30,70.39,UPI,North,5.0,49.0,2.0,0,Not Returned,807.2679999999999,2025-08,4-5 days
ORD101449,CUST3837,Grocery,2025-03-19,99.59,3.0,25,144.92,UPI,West,1.0,19.0,5.0,0,Not Returned,224.0775,2025-03,1-3 days
ORD105634,CUST2522,Sports,2026-07-25,2290.27,2.0,15,20.08,UPI,South,1.0,44.0,3.0,0,Not Returned,3893.459,2026-07,1-3 days
ORD103067,CUST2874,Electronics,2026-01-03,4558.5,3.0,30,83.66,Debit Card,East,3.0,16.0,4.0,0,Not Returned,9572.849999999999,2026-01,1-3 days
ORD101626,CUST3849,Home & Kitchen,2024-08-25,1998.99,1.0,10,203.85999999999999,Cash on Delivery,South,3.0,18.0,3.0,0,Not Returned,1799.0910000000001,2024-08,1-3 days
ORD101264,CUST1586,Electronics,2025-03-27,4558.5,1.0,15,67.33500000000001,Credit Card,North,5.0,28.0,4.0,0,Not Returned,3874.725,2025-03,4-5 days
ORD103969,CUST2226,Electronics,2024-12-18,4558.5,1.0,25,82.42,Cash on Delivery,South,8.0,16.0,1.0,0,Not Returned,3418.875,2024-12,8+ days
ORD105414,CUST2759,Electronics,2026-04-17,4558.5,2.0,0,176.83,Credit Card,North,6.0,31.0,5.0,1,Wrong Item Delivered,9117.0,2026-04,6-7 days
ORD104541,CUST4397,Sports,2026-04-05,930.05,1.0,0,96.1,Debit Card,East,3.0,42.0,4.0,0,Not Returned,930.05,2026-04,1-3 days
ORD100877,CUST4437,Home & Kitchen,2026-06-30,3321.76,1.0,0,53.26,Cash on Delivery,East,4.0,42.0,2.0,0,Not Returned,3321.76,2026-06,4-5 days
ORD104597,CUST3702,Home & Kitchen,2025-09-26,2816.18,2.0,25,65.49,Credit Card,West,1.0,43.0,4.0,0,Not Returned,4224.2699999999995,2025-09,1-3 days
ORD105932,CUST1843,Grocery,2024-12-18,147.0,1.0,0,76.11,Debit Card,Central,2.0,51.0,5.0,0,Not Returned,147.0,2024-12,1-3 days
ORD104079,CUST4359,Fashion,2026-01-25,1323.16,2.0,0,53.75,UPI,South,4.0,46.0,5.0,0,Not Returned,2646.32,2026-01,4-5 days
ORD103478,CUST3980,Books,2025-06-10,338.95,3.0,10,78.71,Cash on Delivery,South,4.0,34.0,2.0,1,Size Issue,915.165,2025-06,4-5 days
ORD100013,CUST1653,Books,2026-02-24,1012.185,3.5,30,168.62,UPI,South,2.0,23.0,1.0,0,Not Returned,2479.8532499999997,2026-02,1-3 days
ORD100481,CUST1768,Grocery,2025-06-17,240.62,1.0,0,82.14,Net Banking,East,6.0,31.0,4.0,0,Not Returned,240.62,2025-06,6-7 days
ORD105141,CUST3630,Grocery,2025-05-24,262.82,1.0,0,87.73,UPI,North,10.5,28.0,4.0,0,Not Returned,262.82,2025-05,8+ days
ORD105444,CUST2011,Beauty,2026-01-21,621.09,1.0,15,76.89,Credit Card,Central,8.0,41.0,3.0,0,Not Returned,527.9265,2026-01,8+ days
ORD103217,CUST4272,Home & Kitchen,2025-08-23,3112.55,2.0,0,34.52,UPI,East,4.0,47.0,5.0,0,Not Returned,6225.1,2025-08,4-5 days
ORD104328,CUST3022,Electronics,2026-07-09,1012.185,1.0,10,139.83,UPI,North,8.0,39.0,4.0,0,Not Returned,910.9665,2026-07,8+ days
ORD102424,CUST1409,Sports,2025-12-11,1449.26,1.0,10,65.29,UPI,East,5.0,34.0,5.0,0,Not Returned,1304.334,2025-12,4-5 days
ORD102552,CUST3681,Beauty,2024-08-24,830.43,2.0,25,84.65,Credit Card,North,6.0,50.0,3.0,0,Not Returned,1245.645,2024-08,6-7 days
ORD105630,CUST4059,Electronics,2025-01-30,4558.5,1.0,15,64.15,Cash on Delivery,South,5.0,29.0,3.0,1,Changed Mind,3874.725,2025-01,4-5 days
ORD100857,CUST2154,Home & Kitchen,2025-07-22,3198.59,1.0,0,20.75,Cash on Delivery,West,6.0,60.0,5.0,0,Not Returned,3198.59,2025-07,6-7 days
ORD102551,CUST3128,Sports,2025-09-04,2743.42,1.0,0,110.31,Debit Card,East,4.0,20.0,4.0,0,Not Returned,2743.42,2025-09,4-5 days
ORD103129,CUST4380,Books,2025-09-30,528.41,1.0,10,20.16,Debit Card,South,5.0,25.0,4.0,1,Better Price Found,475.56899999999996,2025-09,4-5 days
ORD100046,CUST3323,Beauty,2026-06-17,869.09,1.0,30,48.02,Debit Card,West,5.0,34.0,4.0,0,Not Returned,608.3629999999999,2026-06,4-5 days
ORD102918,CUST3384,Fashion,2025-02-28,303.33,2.0,0,8.83,Credit Card,Central,7.0,26.0,5.0,0,Not Returned,606.66,2025-02,6-7 days
ORD105359,CUST2503,Sports,2024-12-24,2624.51,1.0,5,75.53,UPI,South,3.0,30.0,4.0,0,Not Returned,2493.2845,2024-12,1-3 days
ORD102314,CUST3595,Home & Kitchen,2026-04-17,3215.9,3.0,25,93.58,Credit Card,West,5.0,46.0,4.0,0,Not Returned,7235.775000000001,2026-04,4-5 days
ORD105845,CUST3697,Toys,2025-03-02,4558.5,2.0,15,18.03,Net Banking,South,6.0,46.0,4.0,0,Not Returned,7749.45,2025-03,6-7 days
ORD102385,CUST4096,Sports,2025-11-14,2071.91,2.0,15,74.81,UPI,Central,3.0,55.0,5.0,0,Not Returned,3522.247,2025-11,1-3 days
ORD100899,CUST3337,Books,2025-05-03,135.2,1.0,15,34.67,UPI,South,4.0,42.0,5.0,0,Not Returned,114.91999999999999,2025-05,4-5 days
ORD101022,CUST2084,Beauty,2026-03-05,694.6,1.0,10,34.85,Debit Card,North,4.0,25.0,4.0,0,Not Returned,625.14,2026-03,4-5 days
ORD100232,CUST4018,Electronics,2026-07-07,4558.5,1.0,5,30.42,Debit Card,South,4.0,34.0,2.0,0,Not Returned,4330.575,2026-07,4-5 days
ORD100941,CUST2315,Grocery,2025-09-21,280.47,2.0,5,101.94,Debit Card,Central,2.0,38.0,4.0,0,Not Returned,532.893,2025-09,1-3 days
ORD105716,CUST3037,Home & Kitchen,2025-10-07,2498.01,1.0,5,43.31,Credit Card,Central,5.0,19.0,5.0,1,Better Price Found,2373.1095,2025-10,4-5 days
ORD105802,CUST4054,Toys,2024-09-14,1001.14,1.0,30,106.66,UPI,South,1.0,54.0,5.0,1,Defective Product,700.798,2024-09,1-3 days
ORD105973,CUST3636,Sports,2025-03-15,1005.14,1.0,0,36.81,Credit Card,North,5.0,38.0,2.0,0,Not Returned,1005.14,2025-03,4-5 days
ORD103237,CUST1788,Sports,2025-04-10,2107.06,2.0,0,56.59,Credit Card,South,2.0,19.0,4.0,0,Not Returned,4214.12,2025-04,1-3 days
ORD104934,CUST4483,Electronics,2026-08-13,4558.5,2.0,0,22.64,Credit Card,North,4.0,33.0,5.0,1,Size Issue,9117.0,2026-08,4-5 days
ORD101809,CUST3536,Beauty,2024-09-13,1042.16,1.0,30,203.82,Credit Card,North,6.0,34.0,4.0,1,Wrong Item Delivered,729.5120000000001,2024-09,6-7 days
ORD104476,CUST1610,Books,2025-12-19,371.59,1.0,5,25.19,Debit Card,East,3.0,32.0,5.0,0,Not Returned,353.0105,2025-12,1-3 days
ORD101165,CUST3626,Sports,2025-03-15,2182.64,2.0,5,33.84,Credit Card,West,8.0,34.0,4.0,1,Defective Product,4147.016,2025-03,8+ days
ORD100204,CUST4204,Books,2026-06-25,249.9,1.0,25,3.95,Debit Card,South,2.0,26.0,4.0,1,Changed Mind,187.425,2026-06,1-3 days
ORD103689,CUST3685,Grocery,2025-10-16,184.23,1.0,0,70.83,UPI,Central,7.0,30.0,4.0,0,Not Returned,184.23,2025-10,6-7 days
ORD105447,CUST4050,Books,2024-09-26,281.1,1.0,0,182.3,Debit Card,South,1.0,40.0,3.0,0,Not Returned,281.1,2024-09,1-3 days
ORD101162,CUST1037,Grocery,2026-05-21,1012.185,2.0,15,78.7,UPI,East,7.0,46.0,1.0,1,Changed Mind,1720.7144999999998,2026-05,6-7 days
ORD102729,CUST3531,Beauty,2024-11-02,944.5,2.0,0,76.55,Debit Card,East,5.0,36.0,4.0,0,Not Returned,1889.0,2024-11,4-5 days
ORD101600,CUST2099,Fashion,2025-01-20,896.43,1.0,20,75.46,Cash on Delivery,North,2.0,18.0,5.0,0,Not Returned,717.144,2025-01,1-3 days
ORD100086,CUST4115,Books,2024-10-08,530.99,1.0,0,156.25,Credit Card,West,3.0,39.0,5.0,0,Not Returned,530.99,2024-10,1-3 days
ORD104412,CUST1452,Fashion,2026-08-10,882.9,2.0,10,79.81,Cash on Delivery,West,4.0,20.0,1.0,1,Better Price Found,1589.22,2026-08,4-5 days
ORD102207,CUST3070,Electronics,2026-07-03,4558.5,2.0,5,203.85999999999999,Credit Card,North,3.0,23.0,5.0,0,Not Returned,8661.15,2026-07,1-3 days
ORD103046,CUST1538,Beauty,2025-01-03,164.23,1.0,5,27.47,Net Banking,North,3.0,43.0,5.0,0,Not Returned,156.0185,2025-01,1-3 days
ORD100364,CUST3994,Toys,2025-07-03,243.5,2.0,0,201.28,Net Banking,Central,3.0,34.0,4.0,0,Not Returned,487.0,2025-07,1-3 days
ORD103980,CUST2379,Grocery,2024-10-27,302.21,1.0,0,117.54,Credit Card,South,3.0,29.0,5.0,0,Not Returned,302.21,2024-10,1-3 days
ORD104200,CUST3687,Toys,2026-07-28,1225.71,1.0,25,80.1,UPI,West,3.0,48.0,4.0,0,Not Returned,919.2825,2026-07,1-3 days
ORD104920,CUST3218,Fashion,2025-01-17,1250.07,1.0,25,125.72,Credit Card,South,1.0,34.0,1.0,0,Not Returned,937.5525,2025-01,1-3 days
ORD101292,CUST3750,Electronics,2025-10-22,2395.22,1.0,0,123.82,Credit Card,West,7.0,28.0,4.0,0,Not Returned,2395.22,2025-10,6-7 days
ORD103975,CUST2217,Home & Kitchen,2025-02-28,2718.07,1.0,30,28.54,UPI,South,7.0,33.0,5.0,0,Not Returned,1902.649,2025-02,6-7 days
ORD104235,CUST2917,Beauty,2024-10-19,393.74,2.0,5,100.03,Cash on Delivery,West,4.0,58.0,4.0,0,Not Returned,748.106,2024-10,4-5 days
ORD104996,CUST4120,Fashion,2025-08-06,987.65,1.0,10,71.65,Credit Card,North,5.0,31.0,3.0,0,Not Returned,888.885,2025-08,4-5 days
ORD100999,CUST2908,Home & Kitchen,2024-10-12,2901.78,2.0,0,52.58,UPI,North,5.0,46.0,5.0,1,Wrong Item Delivered,5803.56,2024-10,4-5 days
ORD103172,CUST2698,Electronics,2026-03-26,4558.5,1.0,0,81.36,Cash on Delivery,Central,7.0,41.0,5.0,0,Not Returned,4558.5,2026-03,6-7 days
ORD101036,CUST2414,Beauty,2026-02-06,1302.67,1.0,0,67.33500000000001,UPI,North,3.0,46.0,5.0,0,Not Returned,1302.67,2026-02,1-3 days
ORD105528,CUST2811,Beauty,2025-01-16,1168.88,1.0,0,172.76,UPI,Central,5.0,40.0,4.0,0,Not Returned,1168.88,2025-01,4-5 days
ORD102802,CUST3134,Home & Kitchen,2026-03-05,544.85,1.0,0,116.12,Net Banking,East,10.5,35.0,1.0,0,Not Returned,544.85,2026-03,8+ days
ORD102694,CUST2055,Sports,2026-07-01,1012.185,3.0,10,11.96,Debit Card,East,6.0,33.0,4.0,0,Not Returned,2732.8995,2026-07,6-7 days
ORD101336,CUST1247,Beauty,2025-07-18,526.91,1.0,0,147.59,UPI,South,9.0,17.0,4.0,0,Not Returned,526.91,2025-07,8+ days
ORD100995,CUST2682,Books,2025-08-03,610.69,1.0,20,115.74,Debit Card,East,4.0,22.0,5.0,0,Not Returned,488.5520000000001,2025-08,4-5 days
ORD100220,CUST1113,Toys,2025-09-14,871.48,3.0,0,96.83,Credit Card,East,4.0,43.0,3.0,1,Not as Described,2614.44,2025-09,4-5 days
ORD102401,CUST3653,Beauty,2026-05-14,784.96,2.0,0,172.01,Credit Card,South,5.0,65.0,5.0,1,Size Issue,1569.92,2026-05,4-5 days
ORD104287,CUST2841,Electronics,2024-09-02,4558.5,1.0,5,56.17,Net Banking,West,7.0,42.0,5.0,0,Not Returned,4330.575,2024-09,6-7 days
ORD103821,CUST4287,Toys,2026-01-14,1035.78,1.0,30,92.28,UPI,East,4.0,45.0,4.0,1,Better Price Found,725.0459999999999,2026-01,4-5 days
ORD100249,CUST2809,Toys,2025-04-11,1030.63,3.0,0,177.2,Net Banking,North,7.0,31.0,5.0,0,Not Returned,3091.8900000000003,2025-04,6-7 days
ORD102007,CUST3886,Grocery,2026-06-21,366.05,1.0,15,203.85999999999999,UPI,North,5.0,30.0,4.0,0,Not Returned,311.1425,2026-06,4-5 days
ORD101886,CUST3744,Home & Kitchen,2026-04-11,1012.185,1.0,0,92.81,UPI,Central,5.0,19.0,4.0,1,Not as Described,1012.185,2026-04,4-5 days
ORD104589,CUST3022,Beauty,2025-01-27,782.41,1.0,10,87.43,Cash on Delivery,South,4.0,33.0,1.0,1,Better Price Found,704.169,2025-01,4-5 days
ORD104626,CUST1806,Toys,2026-06-20,1180.91,1.0,15,125.08,Credit Card,West,6.0,27.0,4.0,0,Not Returned,1003.7735,2026-06,6-7 days
ORD103466,CUST1423,Electronics,2026-01-23,1012.185,1.0,10,23.69,Credit Card,North,6.0,29.0,4.0,1,Not as Described,910.9665,2026-01,6-7 days
ORD102538,CUST1939,Fashion,2025-09-10,1435.35,2.0,10,42.3,Cash on Delivery,North,1.0,37.0,5.0,0,Not Returned,2583.63,2025-09,1-3 days
ORD104662,CUST3921,Beauty,2024-08-27,821.74,1.0,0,21.32,Net Banking,West,3.0,28.0,3.0,1,Better Price Found,821.74,2024-08,1-3 days
ORD104676,CUST2404,Beauty,2025-04-01,824.89,2.0,25,67.33500000000001,Debit Card,South,2.0,39.0,4.0,0,Not Returned,1237.335,2025-04,1-3 days
ORD100591,CUST2701,Fashion,2025-04-14,1523.08,1.0,0,203.85999999999999,Net Banking,North,6.0,41.0,5.0,0,Not Returned,1523.08,2025-04,6-7 days
ORD105008,CUST2532,Beauty,2026-02-03,672.86,2.0,10,67.33500000000001,Cash on Delivery,West,5.0,41.0,4.0,0,Not Returned,1211.1480000000001,2026-02,4-5 days
ORD102202,CUST3718,Grocery,2025-08-06,326.48,1.0,15,8.16,UPI,West,4.0,29.0,3.0,0,Not Returned,277.508,2025-08,4-5 days
ORD102225,CUST3082,Books,2025-11-28,638.95,2.0,15,1.29,Credit Card,East,3.0,30.0,4.0,0,Not Returned,1086.2150000000001,2025-11,1-3 days
ORD102259,CUST4199,Toys,2026-06-25,804.68,1.0,20,33.57,Debit Card,West,5.0,16.0,3.0,1,Late Delivery,643.744,2026-06,4-5 days
ORD100518,CUST4176,Home & Kitchen,2025-02-05,3338.07,1.0,10,77.97,Net Banking,West,3.0,52.0,4.0,0,Not Returned,3004.2630000000004,2025-02,1-3 days
ORD103104,CUST2573,Fashion,2025-09-05,1590.94,1.0,5,47.72,Cash on Delivery,Central,4.0,32.0,4.0,0,Not Returned,1511.393,2025-09,4-5 days
ORD104062,CUST3869,Sports,2025-11-29,3167.69,1.0,15,70.28,UPI,South,5.0,27.0,4.0,0,Not Returned,2692.5365,2025-11,4-5 days
ORD103045,CUST4191,Fashion,2025-03-07,1210.77,1.0,20,203.85999999999999,Cash on Delivery,North,4.0,25.0,5.0,0,Not Returned,968.616,2025-03,4-5 days
ORD101650,CUST3266,Home & Kitchen,2024-10-19,2356.82,1.0,0,72.79,UPI,Central,2.0,35.0,3.0,1,Defective Product,2356.82,2024-10,1-3 days
ORD105782,CUST1658,Electronics,2026-01-04,4558.5,1.0,20,41.69,UPI,West,6.0,25.0,4.0,0,Not Returned,3646.8,2026-01,6-7 days
ORD101274,CUST2705,Fashion,2025-04-08,1437.57,2.0,25,158.07,UPI,North,5.0,35.0,5.0,0,Not Returned,2156.355,2025-04,4-5 days
ORD101816,CUST3583,Toys,2025-09-07,472.69,1.0,15,56.29,Debit Card,West,5.0,29.0,4.0,0,Not Returned,401.7865,2025-09,4-5 days
ORD102634,CUST4056,Beauty,2025-03-03,532.27,1.0,5,54.03,Cash on Delivery,Central,7.0,34.0,5.0,0,Not Returned,505.65649999999994,2025-03,6-7 days
ORD101327,CUST3220,Books,2025-08-10,748.04,1.0,5,15.78,Debit Card,East,6.0,28.0,2.0,0,Not Returned,710.6379999999999,2025-08,6-7 days
ORD105249,CUST3453,Books,2024-12-29,84.11,1.0,5,46.01,Cash on Delivery,North,2.0,30.0,5.0,1,Not as Described,79.9045,2024-12,1-3 days
ORD100043,CUST1131,Fashion,2025-02-02,1434.83,1.0,0,122.64,Net Banking,West,7.0,28.0,5.0,1,Changed Mind,1434.83,2025-02,6-7 days
ORD100007,CUST3465,Home & Kitchen,2025-02-05,1180.37,1.0,5,141.1,Credit Card,North,6.0,37.0,4.0,0,Not Returned,1121.3514999999998,2025-02,6-7 days
ORD100480,CUST2892,Grocery,2026-05-16,287.01,1.0,25,48.07,UPI,East,5.0,48.0,4.0,0,Not Returned,215.2575,2026-05,4-5 days
ORD100471,CUST3841,Electronics,2025-04-17,3829.02,2.0,0,61.32,UPI,Central,4.0,26.0,5.0,0,Not Returned,7658.04,2025-04,4-5 days
ORD102237,CUST4276,Books,2025-11-25,506.24,1.0,25,57.75,Net Banking,South,8.0,30.0,5.0,1,Size Issue,379.68,2025-11,8+ days
ORD104653,CUST4225,Fashion,2026-05-13,827.61,2.0,15,58.6,UPI,South,5.0,41.0,4.0,0,Not Returned,1406.937,2026-05,4-5 days
ORD104350,CUST1684,Books,2025-08-24,584.54,1.0,20,21.19,UPI,West,10.0,21.0,4.0,0,Not Returned,467.632,2025-08,8+ days
ORD100654,CUST1105,Home & Kitchen,2024-11-07,3025.19,1.0,15,129.38,Cash on Delivery,North,5.0,56.0,4.0,0,Not Returned,2571.4115,2024-11,4-5 days
ORD105531,CUST4083,Fashion,2026-04-01,1235.51,1.0,5,81.7,Debit Card,Central,4.0,30.0,4.0,0,Not Returned,1173.7345,2026-04,4-5 days
ORD100464,CUST2139,Toys,2025-12-08,1233.07,2.0,15,127.4,UPI,South,4.0,34.0,4.0,0,Not Returned,2096.219,2025-12,4-5 days
ORD103902,CUST2656,Home & Kitchen,2025-11-02,191.71,1.0,25,144.73,Cash on Delivery,South,3.0,27.0,3.0,0,Not Returned,143.7825,2025-11,1-3 days
ORD101691,CUST3695,Home & Kitchen,2025-12-18,1993.91,1.0,0,203.85999999999999,Debit Card,North,3.0,28.0,5.0,0,Not Returned,1993.91,2025-12,1-3 days
ORD100697,CUST3300,Grocery,2026-07-19,253.07,1.0,0,85.65,Cash on Delivery,West,4.0,21.0,4.0,0,Not Returned,253.07,2026-07,4-5 days
ORD102230,CUST3294,Home & Kitchen,2025-07-17,3138.61,1.0,15,57.83,Cash on Delivery,North,3.0,48.0,4.0,0,Not Returned,2667.8185,2025-07,1-3 days
ORD102695,CUST2686,Home & Kitchen,2025-04-27,3218.86,1.0,15,9.46,Debit Card,South,1.0,38.0,5.0,0,Not Returned,2736.031,2025-04,1-3 days
ORD100065,CUST3199,Sports,2025-12-30,1277.99,2.0,0,42.29,Cash on Delivery,East,5.0,33.0,5.0,0,Not Returned,2555.98,2025-12,4-5 days
ORD101348,CUST1987,Toys,2025-09-06,1061.45,3.5,0,41.16,Net Banking,East,4.0,38.0,2.0,1,Better Price Found,3715.0750000000003,2025-09,4-5 days
ORD102415,CUST3323,Fashion,2025-12-22,1086.08,1.0,25,114.23,Credit Card,East,5.0,32.0,4.0,0,Not Returned,814.56,2025-12,4-5 days
ORD102480,CUST3335,Grocery,2025-10-15,376.02,1.0,25,129.03,UPI,South,3.0,33.0,5.0,1,Late Delivery,282.015,2025-10,1-3 days
ORD102149,CUST1161,Books,2025-03-22,433.72,2.0,30,41.97,Net Banking,East,5.0,35.0,4.0,0,Not Returned,607.208,2025-03,4-5 days
ORD105032,CUST3714,Grocery,2025-10-15,299.65,2.0,15,128.71,Net Banking,South,2.0,30.0,5.0,0,Not Returned,509.405,2025-10,1-3 days
ORD105809,CUST2490,Sports,2025-05-16,1210.6,1.0,25,203.85999999999999,Cash on Delivery,West,8.0,24.0,1.0,0,Not Returned,907.9499999999999,2025-05,8+ days
ORD104363,CUST1349,Home & Kitchen,2025-08-23,1012.185,1.0,5,11.4,Credit Card,North,3.0,33.0,4.0,0,Not Returned,961.5757499999999,2025-08,1-3 days
ORD104902,CUST1421,Beauty,2025-12-14,631.01,2.0,15,203.85999999999999,Net Banking,East,6.0,30.0,5.0,0,Not Returned,1072.7169999999999,2025-12,6-7 days
ORD102047,CUST3668,Fashion,2026-07-16,1757.34,1.0,5,56.14,UPI,North,8.0,17.0,5.0,0,Not Returned,1669.473,2026-07,8+ days
ORD103852,CUST3050,Electronics,2025-05-03,4558.5,1.0,10,162.41,Cash on Delivery,West,1.0,26.0,2.0,0,Not Returned,4102.650000000001,2025-05,1-3 days
ORD105994,CUST3966,Grocery,2026-05-10,378.67,1.0,0,13.55,UPI,South,4.0,35.0,5.0,0,Not Returned,378.67,2026-05,4-5 days
ORD100849,CUST2819,Beauty,2026-01-27,771.11,1.0,5,58.42,UPI,West,2.0,21.0,4.0,0,Not Returned,732.5545,2026-01,1-3 days
ORD104325,CUST1817,Books,2024-11-21,388.7,1.0,10,70.71,UPI,West,5.0,38.0,2.0,0,Not Returned,349.83,2024-11,4-5 days
ORD103965,CUST3829,Electronics,2025-08-10,3659.88,3.0,25,85.17,Net Banking,North,1.0,26.0,4.0,1,Size Issue,8234.73,2025-08,1-3 days
ORD100417,CUST2244,Electronics,2026-04-03,4558.5,1.0,0,148.1,Credit Card,East,9.0,46.0,1.0,0,Not Returned,4558.5,2026-04,8+ days
ORD103718,CUST2876,Electronics,2024-12-03,4558.5,1.0,0,67.28,Credit Card,North,4.0,29.0,4.0,0,Not Returned,4558.5,2024-12,4-5 days
ORD105733,CUST3538,Sports,2025-06-08,1325.94,1.0,25,60.83,Cash on Delivery,Central,3.0,23.0,4.0,0,Not Returned,994.455,2025-06,1-3 days
ORD102285,CUST3387,Electronics,2025-10-04,4558.5,1.0,30,124.44,Net Banking,North,4.0,32.0,2.0,0,Not Returned,3190.95,2025-10,4-5 days
ORD102549,CUST4045,Home & Kitchen,2024-08-22,2689.33,1.0,30,125.47,Debit Card,West,4.0,36.0,2.0,0,Not Returned,1882.5309999999997,2024-08,4-5 days
ORD105471,CUST3952,Electronics,2025-01-13,4558.5,2.0,5,54.66,Credit Card,North,1.0,16.0,4.0,0,Not Returned,8661.15,2025-01,1-3 days
ORD102570,CUST1410,Grocery,2026-07-13,162.79,3.5,5,165.0,Credit Card,West,7.0,39.0,4.0,0,Not Returned,541.27675,2026-07,6-7 days
ORD105274,CUST2136,Books,2025-10-25,588.61,1.0,10,131.46,UPI,South,3.0,43.0,4.0,0,Not Returned,529.749,2025-10,1-3 days
ORD105912,CUST3195,Electronics,2025-11-05,4558.5,1.0,0,81.7,Credit Card,North,3.0,34.0,4.0,1,Changed Mind,4558.5,2025-11,1-3 days
ORD102102,CUST2528,Fashion,2025-01-11,2054.59,1.0,15,67.33500000000001,Debit Card,South,6.0,26.0,2.0,0,Not Returned,1746.4015000000002,2025-01,6-7 days
ORD105715,CUST1624,Sports,2025-11-05,797.21,1.0,10,185.04,Credit Card,East,4.0,49.0,4.0,0,Not Returned,717.489,2025-11,4-5 days
ORD104978,CUST1514,Toys,2026-07-05,963.3,1.0,10,69.35,Cash on Delivery,East,5.0,21.0,5.0,0,Not Returned,866.97,2026-07,4-5 days
ORD105876,CUST1103,Toys,2025-10-10,76.45,1.0,20,52.57,Cash on Delivery,North,1.0,38.0,5.0,0,Not Returned,61.160000000000004,2025-10,1-3 days
ORD105485,CUST3841,Grocery,2024-10-02,307.1,1.0,10,65.35,UPI,Central,3.0,29.0,4.0,0,Not Returned,276.39000000000004,2024-10,1-3 days
ORD101481,CUST2703,Home & Kitchen,2024-11-03,2720.4,1.0,10,63.21,UPI,East,5.0,52.0,2.0,1,Wrong Item Delivered,2448.36,2024-11,4-5 days
ORD100382,CUST3010,Sports,2025-12-04,1584.19,1.0,0,75.86,Debit Card,North,3.0,36.0,4.0,0,Not Returned,1584.19,2025-12,1-3 days
ORD104970,CUST4282,Books,2026-08-11,597.74,2.0,5,148.55,Credit Card,West,7.0,31.0,5.0,0,Not Returned,1135.706,2026-08,6-7 days
ORD100029,CUST1953,Beauty,2026-08-09,1082.29,1.0,15,73.53,Debit Card,Central,9.0,54.0,4.0,0,Not Returned,919.9464999999999,2026-08,8+ days
ORD103811,CUST3122,Books,2024-08-28,654.48,1.0,0,102.17,Debit Card,West,6.0,36.0,4.0,1,Changed Mind,654.48,2024-08,6-7 days
ORD104971,CUST3947,Beauty,2026-01-03,716.95,1.0,15,66.65,Net Banking,South,7.0,38.0,4.0,0,Not Returned,609.4075,2026-01,6-7 days
ORD100321,CUST2382,Electronics,2025-07-17,4558.5,1.0,10,137.35,Debit Card,Central,6.0,58.0,2.0,0,Not Returned,4102.650000000001,2025-07,6-7 days
ORD105248,CUST1480,Books,2026-07-25,412.88,1.0,10,54.15,Debit Card,West,6.0,17.0,2.0,0,Not Returned,371.592,2026-07,6-7 days
ORD103697,CUST2523,Home & Kitchen,2025-01-31,2102.86,3.5,0,185.12,Debit Card,East,2.0,42.0,4.0,0,Not Returned,7360.01,2025-01,1-3 days
ORD104303,CUST3266,Home & Kitchen,2025-10-14,2824.47,1.0,0,151.08,Cash on Delivery,Central,6.0,16.0,4.0,0,Not Returned,2824.47,2025-10,6-7 days
ORD103684,CUST1087,Electronics,2026-02-09,1012.185,1.0,0,61.63,Debit Card,North,5.0,34.0,4.0,0,Not Returned,1012.185,2026-02,4-5 days
ORD103344,CUST3848,Beauty,2026-06-03,1012.185,1.0,5,26.99,Net Banking,South,3.0,34.0,3.0,0,Not Returned,961.5757499999999,2026-06,1-3 days
ORD104250,CUST1735,Books,2025-12-15,453.72,1.0,20,144.77,Cash on Delivery,East,7.0,26.0,5.0,0,Not Returned,362.97600000000006,2025-12,6-7 days
ORD104779,CUST2124,Books,2025-12-31,239.1,1.0,15,88.89,Credit Card,South,2.0,22.0,3.0,0,Not Returned,203.23499999999999,2025-12,1-3 days
ORD104496,CUST1077,Fashion,2024-12-28,1012.185,1.0,10,93.77,Net Banking,East,4.0,16.0,5.0,0,Not Returned,910.9665,2024-12,4-5 days
ORD103944,CUST1525,Electronics,2025-10-24,4558.5,1.0,5,22.07,Debit Card,Central,5.0,49.0,3.0,0,Not Returned,4330.575,2025-10,4-5 days
ORD104384,CUST4272,Books,2026-08-05,473.36,1.0,0,110.32,Credit Card,East,5.0,27.0,5.0,0,Not Returned,473.36,2026-08,4-5 days
ORD105777,CUST2755,Sports,2024-10-25,2359.77,3.0,10,25.73,UPI,South,4.0,36.0,3.0,1,Size Issue,6371.379,2024-10,4-5 days
ORD103280,CUST3080,Home & Kitchen,2025-10-13,2079.4,3.5,0,126.59,Net Banking,East,4.0,20.0,4.0,0,Not Returned,7277.900000000001,2025-10,4-5 days
ORD102947,CUST2615,Home & Kitchen,2025-03-18,2027.42,1.0,5,34.82,Net Banking,East,3.0,43.0,4.0,0,Not Returned,1926.049,2025-03,1-3 days
ORD103185,CUST2384,Toys,2025-04-17,643.86,1.0,0,62.18,Debit Card,East,3.0,36.0,5.0,0,Not Returned,643.86,2025-04,1-3 days
ORD103167,CUST2189,Fashion,2025-02-05,1406.1,1.0,10,28.38,Debit Card,North,1.0,48.0,2.0,1,Late Delivery,1265.49,2025-02,1-3 days
ORD100097,CUST2015,Grocery,2025-07-15,352.47,1.0,0,98.13,Net Banking,Central,2.0,31.0,4.0,0,Not Returned,352.47,2025-07,1-3 days
ORD104887,CUST4360,Home & Kitchen,2024-11-29,1781.12,1.0,15,53.77,Cash on Delivery,South,7.0,45.0,1.0,0,Not Returned,1513.9519999999998,2024-11,6-7 days
ORD102429,CUST1624,Electronics,2026-01-07,4558.5,2.0,0,115.24,Credit Card,East,7.0,44.0,4.0,1,Defective Product,9117.0,2026-01,6-7 days
ORD102245,CUST4490,Grocery,2024-11-15,241.35,1.0,10,67.33500000000001,Debit Card,South,3.0,30.0,4.0,0,Not Returned,217.215,2024-11,1-3 days
ORD102076,CUST3398,Electronics,2025-05-17,4558.5,1.0,0,16.62,Credit Card,North,5.0,37.0,4.0,0,Not Returned,4558.5,2025-05,4-5 days
ORD100447,CUST4376,Grocery,2025-10-27,262.19,1.0,10,121.1,Debit Card,Central,9.0,44.0,3.0,0,Not Returned,235.971,2025-10,8+ days
ORD100014,CUST2393,Toys,2026-01-11,918.97,1.0,0,203.85999999999999,UPI,North,4.0,21.0,5.0,1,Wrong Item Delivered,918.97,2026-01,4-5 days
ORD104414,CUST3568,Home & Kitchen,2025-05-18,1264.18,2.0,25,86.43,Net Banking,Central,5.0,21.0,4.0,0,Not Returned,1896.27,2025-05,4-5 days
ORD101215,CUST1227,Books,2025-07-10,239.95,1.0,0,63.36,Credit Card,North,5.0,36.0,3.0,0,Not Returned,239.95,2025-07,4-5 days
ORD103794,CUST1598,Toys,2025-10-18,1074.31,1.0,15,116.43,Net Banking,South,4.0,35.0,5.0,1,Not as Described,913.1634999999999,2025-10,4-5 days
ORD104266,CUST3694,Electronics,2026-01-06,4558.5,1.0,10,67.33500000000001,Cash on Delivery,South,6.0,34.0,3.0,0,Not Returned,4102.650000000001,2026-01,6-7 days
ORD102342,CUST2477,Sports,2025-04-18,2068.74,2.0,20,36.06,Credit Card,North,4.0,33.0,4.0,0,Not Returned,3309.984,2025-04,4-5 days
ORD100286,CUST3567,Sports,2025-09-04,1925.34,2.0,5,108.32,Cash on Delivery,North,7.0,35.0,3.0,0,Not Returned,3658.1459999999997,2025-09,6-7 days
ORD103843,CUST1177,Sports,2026-06-14,1927.57,1.0,20,31.48,Cash on Delivery,South,2.0,31.0,3.0,0,Not Returned,1542.056,2026-06,1-3 days
ORD104218,CUST2270,Beauty,2026-02-07,1068.57,1.0,5,8.81,Cash on Delivery,East,5.0,42.0,3.0,0,Not Returned,1015.1414999999998,2026-02,4-5 days
ORD102312,CUST4198,Sports,2025-01-14,2106.57,3.0,10,63.9,Cash on Delivery,Central,3.0,16.0,4.0,1,Late Delivery,5687.739000000001,2025-01,1-3 days
ORD102859,CUST4420,Sports,2024-10-06,1557.07,1.0,5,58.79,Debit Card,East,2.0,59.0,4.0,0,Not Returned,1479.2164999999998,2024-10,1-3 days
ORD100779,CUST4090,Grocery,2025-08-15,121.5,2.0,10,63.27,Debit Card,East,4.0,48.0,4.0,0,Not Returned,218.70000000000002,2025-08,4-5 days
ORD105752,CUST1443,Beauty,2024-12-28,1012.185,1.0,15,35.83,Net Banking,South,7.0,25.0,4.0,0,Not Returned,860.3572499999999,2024-12,6-7 days
ORD104019,CUST2058,Sports,2024-11-26,2479.66,1.0,0,203.85999999999999,Debit Card,South,5.0,34.0,5.0,0,Not Returned,2479.66,2024-11,4-5 days
ORD102052,CUST3705,Sports,2025-10-31,1896.93,1.0,5,36.96,Debit Card,North,7.0,17.0,5.0,1,Better Price Found,1802.0835,2025-10,6-7 days
ORD105552,CUST3639,Fashion,2026-02-28,1127.43,2.0,0,43.69,Net Banking,Central,4.0,29.0,5.0,0,Not Returned,2254.86,2026-02,4-5 days
ORD105072,CUST1961,Books,2024-09-09,495.7,1.0,20,126.45,Net Banking,Central,7.0,31.0,4.0,0,Not Returned,396.56,2024-09,6-7 days
ORD105460,CUST1860,Beauty,2025-12-07,650.5,2.0,0,42.48,Net Banking,West,6.0,36.0,5.0,0,Not Returned,1301.0,2025-12,6-7 days
ORD100165,CUST2513,Sports,2026-05-23,1557.55,3.0,0,93.61,Net Banking,East,6.0,40.0,4.0,1,Changed Mind,4672.65,2026-05,6-7 days
ORD100660,CUST4054,Beauty,2025-09-07,339.73,1.0,0,20.41,Credit Card,Central,7.0,40.0,4.0,1,Size Issue,339.73,2025-09,6-7 days
ORD103108,CUST1699,Books,2024-09-20,336.94,1.0,10,74.92,Cash on Delivery,West,5.0,20.0,5.0,0,Not Returned,303.246,2024-09,4-5 days
ORD101339,CUST1064,Books,2025-12-13,293.37,3.0,25,160.12,Net Banking,North,1.0,28.0,4.0,0,Not Returned,660.0825,2025-12,1-3 days
ORD101138,CUST1447,Fashion,2025-03-05,1582.6,2.0,20,62.46,Cash on Delivery,South,7.0,37.0,5.0,0,Not Returned,2532.16,2025-03,6-7 days
ORD102618,CUST2879,Electronics,2026-07-22,4558.5,3.5,15,111.13,Cash on Delivery,East,2.0,36.0,3.0,1,Late Delivery,13561.5375,2026-07,1-3 days
ORD102216,CUST4281,Electronics,2025-07-20,4558.5,2.0,0,14.48,UPI,East,1.0,44.0,5.0,0,Not Returned,9117.0,2025-07,1-3 days
ORD102188,CUST3978,Home & Kitchen,2026-05-24,1748.74,1.0,5,198.15,Net Banking,West,5.0,37.0,5.0,1,Late Delivery,1661.3029999999999,2026-05,4-5 days
ORD103832,CUST1583,Toys,2026-05-07,1018.5,1.0,15,53.93,Cash on Delivery,West,4.0,50.0,1.0,0,Not Returned,865.725,2026-05,4-5 days
ORD105238,CUST4257,Beauty,2024-10-04,643.01,1.0,10,203.85999999999999,UPI,South,1.0,45.0,4.0,1,Late Delivery,578.7090000000001,2024-10,1-3 days
ORD100299,CUST1080,Fashion,2026-07-11,1018.46,1.0,25,58.58,Net Banking,East,2.0,39.0,4.0,0,Not Returned,763.845,2026-07,1-3 days
ORD101615,CUST2476,Home & Kitchen,2024-10-26,3340.14,1.0,5,175.89,Debit Card,Central,6.0,20.0,3.0,1,Changed Mind,3173.133,2024-10,6-7 days
ORD104877,CUST4070,Fashion,2026-01-08,1012.185,2.0,0,89.42,Net Banking,East,9.0,46.0,3.0,0,Not Returned,2024.37,2026-01,8+ days
ORD101133,CUST2811,Electronics,2024-10-15,1012.185,1.0,5,110.48,Cash on Delivery,West,4.0,49.0,4.0,0,Not Returned,961.5757499999999,2024-10,4-5 days
ORD103081,CUST3114,Toys,2025-09-30,1134.16,2.0,15,54.3,Debit Card,Central,7.0,46.0,5.0,0,Not Returned,1928.0720000000001,2025-09,6-7 days
ORD103142,CUST2475,Home & Kitchen,2026-02-17,2147.66,1.0,0,62.46,Cash on Delivery,East,4.0,34.0,3.0,0,Not Returned,2147.66,2026-02,4-5 days
ORD101937,CUST4081,Toys,2024-10-03,536.63,1.0,15,6.91,Cash on Delivery,Central,4.0,33.0,4.0,0,Not Returned,456.1355,2024-10,4-5 days
ORD101048,CUST3040,Home & Kitchen,2026-02-27,364.38,2.0,0,18.11,Debit Card,West,3.0,44.0,4.0,0,Not Returned,728.76,2026-02,1-3 days
ORD105416,CUST2966,Electronics,2024-08-24,4558.5,1.0,10,27.92,Net Banking,West,5.0,24.0,5.0,0,Not Returned,4102.650000000001,2024-08,4-5 days
ORD105599,CUST2959,Grocery,2026-03-16,193.52,1.0,0,203.85999999999999,UPI,East,5.0,38.0,4.0,0,Not Returned,193.52,2026-03,4-5 days
ORD100846,CUST1678,Books,2025-11-18,180.48,1.0,0,15.48,UPI,Central,3.0,39.0,4.0,1,Changed Mind,180.48,2025-11,1-3 days
ORD100251,CUST4251,Home & Kitchen,2025-08-27,1846.31,2.0,0,42.66,Credit Card,North,6.0,41.0,5.0,0,Not Returned,3692.62,2025-08,6-7 days
ORD103034,CUST3313,Fashion,2024-12-03,646.16,1.0,15,114.3,Debit Card,North,8.0,39.0,5.0,0,Not Returned,549.236,2024-12,8+ days
ORD101027,CUST2237,Toys,2025-03-18,889.81,1.0,0,45.1,Credit Card,East,3.0,22.0,5.0,1,Not as Described,889.81,2025-03,1-3 days
ORD100806,CUST2799,Electronics,2025-07-05,4558.5,3.5,0,45.36,Net Banking,North,2.0,19.0,1.0,0,Not Returned,15954.75,2025-07,1-3 days
ORD101552,CUST3944,Sports,2024-09-18,1945.19,1.0,30,107.81,UPI,Central,3.0,18.0,4.0,0,Not Returned,1361.633,2024-09,1-3 days
ORD100031,CUST3603,Toys,2025-03-10,794.71,1.0,10,51.56,UPI,South,5.0,52.0,4.0,0,Not Returned,715.239,2025-03,4-5 days
ORD100715,CUST2095,Electronics,2026-04-17,4558.5,1.0,20,121.02,Credit Card,North,1.0,36.0,1.0,1,Not as Described,3646.8,2026-04,1-3 days
ORD102384,CUST3950,Toys,2024-08-23,748.63,1.0,10,164.47,Debit Card,North,3.0,32.0,5.0,0,Not Returned,673.767,2024-08,1-3 days
ORD104293,CUST2702,Electronics,2025-06-30,3851.5,2.0,20,96.46,Debit Card,West,4.0,30.0,4.0,0,Not Returned,6162.400000000001,2025-06,4-5 days
ORD105877,CUST1534,Sports,2026-02-12,625.5,2.0,0,26.43,Debit Card,North,6.0,21.0,4.0,1,Late Delivery,1251.0,2026-02,6-7 days
ORD105498,CUST3150,Grocery,2026-01-18,141.5,1.0,0,17.47,Cash on Delivery,Central,5.0,38.0,3.0,0,Not Returned,141.5,2026-01,4-5 days
ORD105229,CUST1921,Toys,2026-06-14,1567.81,1.0,0,131.45,UPI,Central,3.0,42.0,5.0,0,Not Returned,1567.81,2026-06,1-3 days
ORD103459,CUST1284,Sports,2024-12-27,1389.42,1.0,25,46.85,Debit Card,South,6.0,29.0,4.0,0,Not Returned,1042.065,2024-12,6-7 days
ORD104409,CUST2059,Books,2025-09-17,332.87,1.0,5,92.77,Cash on Delivery,West,6.0,22.0,3.0,0,Not Returned,316.2265,2025-09,6-7 days
ORD101044,CUST2712,Books,2026-05-12,1012.185,3.5,10,67.33500000000001,Debit Card,East,5.0,34.0,2.0,0,Not Returned,3188.38275,2026-05,4-5 days
ORD102144,CUST3038,Toys,2026-03-15,575.51,1.0,15,22.44,UPI,East,2.0,21.0,4.0,0,Not Returned,489.1835,2026-03,1-3 days
ORD102489,CUST1027,Fashion,2026-05-29,1161.7,2.0,0,60.55,Credit Card,West,7.0,31.0,5.0,0,Not Returned,2323.4,2026-05,6-7 days
ORD103244,CUST2434,Grocery,2025-01-17,378.44,2.0,5,126.04,UPI,West,6.0,35.0,5.0,1,Size Issue,719.036,2025-01,6-7 days
ORD103191,CUST2894,Sports,2026-06-04,2899.79,1.0,5,26.62,Debit Card,South,5.0,37.0,5.0,1,Size Issue,2754.8005,2026-06,4-5 days
ORD104535,CUST4206,Grocery,2025-08-19,109.1,1.0,0,85.95,Debit Card,North,3.0,26.0,4.0,0,Not Returned,109.1,2025-08,1-3 days
ORD104617,CUST3954,Books,2024-09-19,4256.373288213362,3.0,20,67.33500000000001,Debit Card,East,7.0,36.0,4.0,0,Not Returned,10215.295891712069,2024-09,6-7 days
ORD103987,CUST2283,Toys,2025-12-16,696.05,2.0,0,42.92,Net Banking,South,8.0,42.0,5.0,0,Not Returned,1392.1,2025-12,8+ days
ORD100330,CUST1127,Toys,2024-09-17,760.44,2.0,15,44.84,UPI,North,8.0,45.0,5.0,1,Late Delivery,1292.748,2024-09,8+ days
ORD105509,CUST1860,Electronics,2026-08-12,1012.185,1.0,20,85.46,UPI,South,5.0,39.0,4.0,0,Not Returned,809.748,2026-08,4-5 days
ORD103510,CUST2877,Electronics,2025-12-19,4558.5,2.0,10,67.33500000000001,Credit Card,Central,6.0,29.0,1.0,0,Not Returned,8205.300000000001,2025-12,6-7 days
ORD100861,CUST2024,Beauty,2025-11-04,1081.29,1.0,0,31.35,Cash on Delivery,South,6.0,36.0,4.0,0,Not Returned,1081.29,2025-11,6-7 days
ORD101198,CUST3875,Books,2025-05-19,414.47,1.0,10,49.07,Cash on Delivery,Central,3.0,21.0,5.0,0,Not Returned,373.023,2025-05,1-3 days
ORD103951,CUST2014,Toys,2025-12-15,428.95,2.0,0,56.93,Net Banking,South,10.0,30.0,5.0,0,Not Returned,857.9,2025-12,8+ days
ORD101088,CUST1068,Home & Kitchen,2025-08-01,3292.5,1.0,0,187.3,Credit Card,West,3.0,35.0,3.0,0,Not Returned,3292.5,2025-08,1-3 days
ORD104219,CUST3471,Grocery,2026-06-10,467.1,1.0,25,62.85,Credit Card,South,5.0,25.0,3.0,0,Not Returned,350.32500000000005,2026-06,4-5 days
ORD102515,CUST4401,Books,2024-12-21,111.59,2.0,15,67.33500000000001,UPI,Central,4.0,28.0,1.0,0,Not Returned,189.703,2024-12,4-5 days
ORD100003,CUST4033,Fashion,2024-11-01,947.89,1.0,15,128.54,Cash on Delivery,Central,3.0,33.0,5.0,0,Not Returned,805.7065,2024-11,1-3 days
ORD103757,CUST2696,Electronics,2026-02-02,4558.5,1.0,0,134.01,Credit Card,East,6.0,31.0,3.0,0,Not Returned,4558.5,2026-02,6-7 days
ORD103724,CUST4089,Toys,2026-07-28,889.51,1.0,0,157.61,Credit Card,South,5.0,31.0,4.0,0,Not Returned,889.51,2026-07,4-5 days
ORD105966,CUST1807,Grocery,2025-04-10,319.22,1.0,10,9.64,UPI,Central,4.0,38.0,4.0,0,Not Returned,287.29800000000006,2025-04,4-5 days
ORD104040,CUST3393,Books,2025-04-16,461.1,1.0,0,77.78,Credit Card,West,4.0,35.0,5.0,0,Not Returned,461.1,2025-04,4-5 days
ORD102459,CUST1043,Toys,2025-05-11,704.06,1.0,0,34.6,Cash on Delivery,North,2.0,34.0,5.0,0,Not Returned,704.06,2025-05,1-3 days
ORD100549,CUST4261,Electronics,2024-09-21,4558.5,1.0,25,39.62,Credit Card,South,3.0,37.0,5.0,0,Not Returned,3418.875,2024-09,1-3 days
ORD104812,CUST1569,Grocery,2026-03-16,335.51,1.0,10,67.33500000000001,Credit Card,North,6.0,51.0,4.0,0,Not Returned,301.959,2026-03,6-7 days
ORD104502,CUST1184,Sports,2025-06-08,1590.81,3.5,20,26.56,Net Banking,South,7.0,33.0,4.0,1,Late Delivery,4454.268,2025-06,6-7 days
ORD101685,CUST2791,Fashion,2025-04-02,821.52,1.0,0,35.79,Net Banking,North,2.0,36.0,4.0,1,Size Issue,821.52,2025-04,1-3 days
ORD101471,CUST2763,Beauty,2026-07-25,178.2,1.0,0,127.9,Cash on Delivery,Central,1.0,16.0,4.0,1,Changed Mind,178.2,2026-07,1-3 days
ORD101234,CUST3796,Grocery,2025-05-20,1012.185,2.0,5,69.74,Cash on Delivery,East,2.0,21.0,4.0,1,Wrong Item Delivered,1923.1514999999997,2025-05,1-3 days
ORD101154,CUST4025,Sports,2025-02-04,1758.79,1.0,0,52.36,Credit Card,North,3.0,39.0,5.0,0,Not Returned,1758.79,2025-02,1-3 days
ORD101401,CUST3596,Home & Kitchen,2026-01-21,1929.27,2.0,30,203.85999999999999,UPI,East,9.0,31.0,1.0,0,Not Returned,2700.9779999999996,2026-01,8+ days
ORD100918,CUST1746,Home & Kitchen,2025-08-03,2763.73,1.0,0,67.6,Cash on Delivery,North,7.0,29.0,5.0,0,Not Returned,2763.73,2025-08,6-7 days
ORD102348,CUST1984,Electronics,2025-04-28,4558.5,2.0,5,12.36,Cash on Delivery,Central,7.0,54.0,4.0,0,Not Returned,8661.15,2025-04,6-7 days
ORD105242,CUST4326,Sports,2025-09-15,1868.96,2.0,0,155.56,Net Banking,West,5.0,36.0,5.0,0,Not Returned,3737.92,2025-09,4-5 days
ORD104846,CUST4377,Electronics,2025-07-10,2846.94,1.0,5,62.07,UPI,South,6.0,43.0,3.0,1,Late Delivery,2704.593,2025-07,6-7 days
ORD102601,CUST1369,Electronics,2024-10-08,4558.5,2.0,15,203.85999999999999,Credit Card,South,6.0,47.0,5.0,1,Size Issue,7749.45,2024-10,6-7 days
ORD105217,CUST3001,Home & Kitchen,2025-02-11,3382.57,2.0,0,75.83,Credit Card,West,7.0,23.0,4.0,0,Not Returned,6765.14,2025-02,6-7 days
ORD101821,CUST3316,Books,2025-08-08,454.32,1.0,15,33.57,Debit Card,East,5.0,50.0,4.0,0,Not Returned,386.17199999999997,2025-08,4-5 days
ORD100467,CUST1373,Grocery,2025-08-13,302.56,1.0,0,14.32,Net Banking,Central,8.0,27.0,5.0,0,Not Returned,302.56,2025-08,8+ days
ORD101492,CUST3654,Toys,2026-05-01,50.0,1.0,0,166.8,Debit Card,East,5.0,37.0,4.0,0,Not Returned,50.0,2026-05,4-5 days
ORD105558,CUST4015,Sports,2024-11-04,1434.46,1.0,20,67.89,Cash on Delivery,North,2.0,32.0,5.0,1,Defective Product,1147.568,2024-11,1-3 days
ORD104170,CUST1750,Books,2024-09-27,339.97,1.0,15,122.86,UPI,East,7.0,42.0,1.0,1,Size Issue,288.97450000000003,2024-09,6-7 days
ORD105190,CUST3852,Toys,2025-03-13,1087.17,2.0,25,117.06,UPI,East,6.0,39.0,5.0,0,Not Returned,1630.755,2025-03,6-7 days
ORD104875,CUST2893,Books,2025-08-23,390.2,3.5,20,24.13,UPI,North,3.0,47.0,4.0,0,Not Returned,1092.5600000000002,2025-08,1-3 days
ORD103754,CUST2182,Fashion,2026-03-29,1213.33,1.0,0,65.52,Debit Card,West,3.0,45.0,4.0,0,Not Returned,1213.33,2026-03,1-3 days
ORD101888,CUST2086,Beauty,2025-07-11,1017.52,1.0,15,11.4,Credit Card,North,5.0,39.0,3.0,1,Wrong Item Delivered,864.8919999999999,2025-07,4-5 days
ORD105766,CUST1874,Home & Kitchen,2026-08-04,3120.08,1.0,10,96.76,Net Banking,West,5.0,27.0,5.0,0,Not Returned,2808.072,2026-08,4-5 days
ORD103128,CUST3574,Toys,2025-03-10,544.73,3.0,15,92.74,Credit Card,South,4.0,56.0,5.0,0,Not Returned,1389.0615,2025-03,4-5 days
ORD102487,CUST2413,Grocery,2026-04-08,86.67,1.0,0,34.76,Debit Card,East,6.0,39.0,3.0,0,Not Returned,86.67,2026-04,6-7 days
ORD104630,CUST1098,Fashion,2025-06-30,614.0,1.0,0,151.63,Debit Card,Central,6.0,25.0,3.0,0,Not Returned,614.0,2025-06,6-7 days
ORD100021,CUST1511,Sports,2025-07-20,1326.76,2.0,15,23.67,UPI,South,3.0,35.0,4.0,1,Better Price Found,2255.4919999999997,2025-07,1-3 days
ORD105542,CUST3815,Toys,2026-04-08,946.96,1.0,0,27.26,Debit Card,West,4.0,16.0,4.0,0,Not Returned,946.96,2026-04,4-5 days
ORD105908,CUST3457,Sports,2026-08-16,4558.5,3.0,0,153.42,Debit Card,South,5.0,16.0,4.0,0,Not Returned,13675.5,2026-08,4-5 days
ORD105978,CUST3160,Books,2026-06-04,609.39,2.0,10,61.44,Cash on Delivery,West,8.0,33.0,4.0,0,Not Returned,1096.902,2026-06,8+ days
ORD105773,CUST2849,Fashion,2026-05-19,1333.33,1.0,0,35.18,Cash on Delivery,South,5.0,46.0,4.0,0,Not Returned,1333.33,2026-05,4-5 days
ORD103275,CUST1123,Beauty,2025-07-16,1016.62,1.0,0,27.57,Net Banking,North,3.0,48.0,4.0,1,Changed Mind,1016.62,2025-07,1-3 days
ORD102403,CUST3273,Fashion,2025-09-27,951.0,2.0,0,21.85,Net Banking,Central,4.0,28.0,4.0,0,Not Returned,1902.0,2025-09,4-5 days
ORD103592,CUST2586,Grocery,2025-07-17,364.23,1.0,0,151.0,Debit Card,East,6.0,45.0,4.0,0,Not Returned,364.23,2025-07,6-7 days
ORD101314,CUST3392,Grocery,2025-02-25,200.61,2.0,5,46.64,Credit Card,North,6.0,45.0,1.0,0,Not Returned,381.159,2025-02,6-7 days
ORD104789,CUST4117,Fashion,2025-12-10,1081.88,1.0,15,55.02,Cash on Delivery,Central,5.0,30.0,5.0,0,Not Returned,919.5980000000001,2025-12,4-5 days
ORD101047,CUST1777,Toys,2026-01-28,535.35,2.0,25,40.63,Net Banking,East,5.0,36.0,5.0,0,Not Returned,803.0250000000001,2026-01,4-5 days
ORD103247,CUST3351,Grocery,2026-03-29,159.97,1.0,10,72.38,Cash on Delivery,Central,3.0,54.0,2.0,1,Defective Product,143.973,2026-03,1-3 days
ORD105637,CUST3432,Beauty,2025-08-02,498.3,3.0,15,34.91,Net Banking,North,2.0,40.0,4.0,1,Changed Mind,1270.665,2025-08,1-3 days
ORD104066,CUST2609,Fashion,2025-05-29,1342.26,1.0,5,18.85,UPI,North,5.0,46.0,5.0,1,Size Issue,1275.147,2025-05,4-5 days
ORD100810,CUST2385,Toys,2025-06-13,527.68,1.0,0,132.46,Cash on Delivery,Central,4.0,40.0,5.0,0,Not Returned,527.68,2025-06,4-5 days
ORD103741,CUST3096,Electronics,2026-07-20,4558.5,1.0,10,64.5,Debit Card,Central,3.0,49.0,4.0,0,Not Returned,4102.650000000001,2026-07,1-3 days
ORD102479,CUST2078,Electronics,2026-04-21,4558.5,1.0,15,39.03,Net Banking,East,5.0,47.0,4.0,0,Not Returned,3874.725,2026-04,4-5 days
ORD104203,CUST4264,Beauty,2026-08-19,596.2,2.0,25,37.7,Debit Card,East,4.0,38.0,5.0,0,Not Returned,894.3000000000001,2026-08,4-5 days
ORD101368,CUST2947,Home & Kitchen,2026-05-29,2776.58,1.0,10,86.4,Credit Card,North,5.0,57.0,2.0,0,Not Returned,2498.922,2026-05,4-5 days
ORD102668,CUST3042,Beauty,2025-05-13,421.89,1.0,20,51.87,Cash on Delivery,North,9.0,47.0,5.0,0,Not Returned,337.512,2025-05,8+ days
ORD101520,CUST1548,Grocery,2024-10-19,140.32,3.5,10,88.54,Cash on Delivery,West,6.0,55.0,3.0,0,Not Returned,442.00800000000004,2024-10,6-7 days
ORD104031,CUST1575,Toys,2026-01-30,825.34,1.0,0,61.39,Credit Card,Central,2.0,34.0,5.0,0,Not Returned,825.34,2026-01,1-3 days
ORD105748,CUST2429,Fashion,2025-12-21,1557.05,1.0,25,42.07,Cash on Delivery,Central,7.0,48.0,4.0,1,Defective Product,1167.7875,2025-12,6-7 days
ORD101205,CUST2481,Toys,2025-09-09,1215.72,1.0,10,46.02,UPI,East,5.0,30.0,2.0,1,Changed Mind,1094.1480000000001,2025-09,4-5 days
ORD102332,CUST2233,Fashion,2026-04-27,1067.62,1.0,5,22.6,Debit Card,Central,1.0,22.0,5.0,0,Not Returned,1014.2389999999998,2026-04,1-3 days
ORD104722,CUST3552,Books,2026-08-03,1012.185,1.0,0,152.57,Cash on Delivery,Central,3.0,24.0,4.0,0,Not Returned,1012.185,2026-08,1-3 days
ORD103849,CUST1596,Grocery,2024-09-09,464.25,1.0,15,34.38,Debit Card,South,8.0,16.0,4.0,1,Not as Described,394.6125,2024-09,8+ days
ORD104226,CUST4321,Home & Kitchen,2026-02-22,1656.6,1.0,5,154.37,Net Banking,East,4.0,53.0,5.0,0,Not Returned,1573.7699999999998,2026-02,4-5 days
ORD100955,CUST3777,Beauty,2026-05-01,485.95,1.0,5,182.45,Cash on Delivery,North,5.0,34.0,4.0,0,Not Returned,461.6525,2026-05,4-5 days
ORD100859,CUST1663,Toys,2025-09-08,909.66,1.0,15,130.69,Cash on Delivery,Central,2.0,55.0,5.0,1,Size Issue,773.2109999999999,2025-09,1-3 days
ORD102033,CUST2880,Home & Kitchen,2026-05-03,1054.15,2.0,0,54.62,Cash on Delivery,Central,3.0,26.0,4.0,0,Not Returned,2108.3,2026-05,1-3 days
ORD101315,CUST2710,Toys,2025-10-16,758.58,1.0,15,174.29,Net Banking,East,1.0,34.0,5.0,0,Not Returned,644.793,2025-10,1-3 days
ORD105285,CUST1789,Electronics,2026-01-10,4558.5,2.0,10,37.94,Debit Card,Central,6.0,26.0,3.0,0,Not Returned,8205.300000000001,2026-01,6-7 days
ORD103904,CUST4145,Grocery,2025-03-10,395.96,1.0,5,77.0,UPI,North,6.0,34.0,4.0,1,Changed Mind,376.162,2025-03,6-7 days
ORD104872,CUST4192,Home & Kitchen,2025-08-22,1715.7,3.0,15,125.41,Cash on Delivery,West,7.0,43.0,5.0,0,Not Returned,4375.035,2025-08,6-7 days
ORD101366,CUST1174,Beauty,2026-06-04,602.41,2.0,10,24.02,Credit Card,East,2.0,37.0,5.0,0,Not Returned,1084.338,2026-06,1-3 days
ORD103043,CUST4365,Home & Kitchen,2025-07-08,2716.64,1.0,25,38.23,Net Banking,West,6.0,38.0,4.0,1,Size Issue,2037.48,2025-07,6-7 days
ORD103924,CUST1487,Beauty,2026-05-24,381.76,1.0,15,47.73,Credit Card,West,6.0,51.0,5.0,1,Wrong Item Delivered,324.496,2026-05,6-7 days
ORD104886,CUST2792,Home & Kitchen,2025-02-12,3765.49,1.0,0,109.6,Net Banking,South,6.0,16.0,5.0,0,Not Returned,3765.49,2025-02,6-7 days
ORD102506,CUST1681,Beauty,2024-12-04,411.56,1.0,5,54.59,Credit Card,South,4.0,22.0,5.0,1,Better Price Found,390.98199999999997,2024-12,4-5 days
ORD100462,CUST4097,Electronics,2024-09-17,4558.5,2.0,5,67.33500000000001,Debit Card,Central,7.0,35.0,4.0,0,Not Returned,8661.15,2024-09,6-7 days
ORD101573,CUST3107,Beauty,2025-03-02,978.48,1.0,15,32.04,Debit Card,North,6.0,35.0,1.0,0,Not Returned,831.708,2025-03,6-7 days
ORD100308,CUST2117,Beauty,2025-08-10,383.4,2.0,0,109.0,UPI,West,3.0,26.0,3.0,0,Not Returned,766.8,2025-08,1-3 days
ORD102121,CUST1537,Grocery,2025-01-29,286.13,2.0,0,15.71,Debit Card,North,3.0,59.0,4.0,0,Not Returned,572.26,2025-01,1-3 days
ORD100579,CUST1942,Sports,2026-03-09,3232.58,1.0,5,67.33500000000001,UPI,East,4.0,37.0,3.0,0,Not Returned,3070.9509999999996,2026-03,4-5 days
ORD104201,CUST2855,Electronics,2025-11-16,4558.5,1.0,15,61.04,Credit Card,West,5.0,41.0,4.0,0,Not Returned,3874.725,2025-11,4-5 days
ORD101705,CUST3032,Fashion,2025-11-20,1201.84,2.0,10,44.22,Net Banking,North,6.0,23.0,4.0,0,Not Returned,2163.312,2025-11,6-7 days
ORD103786,CUST2481,Grocery,2025-10-30,1012.185,1.0,30,91.96,Net Banking,Central,3.0,30.0,1.0,1,Not as Described,708.5294999999999,2025-10,1-3 days
ORD104646,CUST2234,Grocery,2025-07-08,312.26,1.0,0,58.8,Net Banking,North,3.0,43.0,5.0,0,Not Returned,312.26,2025-07,1-3 days
ORD102994,CUST3704,Electronics,2024-10-06,4558.5,1.0,15,84.07,Net Banking,South,7.0,39.0,4.0,1,Not as Described,3874.725,2024-10,6-7 days
ORD102037,CUST1030,Beauty,2025-10-20,924.61,1.0,10,44.55,Net Banking,East,5.0,32.0,5.0,0,Not Returned,832.149,2025-10,4-5 days
ORD101948,CUST4497,Fashion,2025-06-03,886.93,1.0,15,52.05,Cash on Delivery,West,6.0,45.0,5.0,0,Not Returned,753.8905,2025-06,6-7 days
ORD104755,CUST2544,Home & Kitchen,2025-06-25,1700.92,1.0,10,112.05,Debit Card,East,4.0,36.0,4.0,0,Not Returned,1530.8280000000002,2025-06,4-5 days
ORD102095,CUST1648,Sports,2025-10-14,144.72,2.0,20,52.99,Cash on Delivery,North,5.0,45.0,4.0,0,Not Returned,231.55200000000002,2025-10,4-5 days
ORD100870,CUST1909,Fashion,2024-10-25,1605.2,2.0,10,9.66,UPI,West,6.0,45.0,4.0,0,Not Returned,2889.36,2024-10,6-7 days
ORD104856,CUST1717,Toys,2026-04-03,737.02,1.0,0,62.72,Credit Card,West,6.0,35.0,4.0,0,Not Returned,737.02,2026-04,6-7 days
ORD105343,CUST3993,Grocery,2025-12-26,225.28,1.0,15,50.57,Cash on Delivery,Central,4.0,37.0,4.0,1,Wrong Item Delivered,191.488,2025-12,4-5 days
ORD103049,CUST3322,Electronics,2025-03-02,4558.5,1.0,0,41.17,Cash on Delivery,East,6.0,30.0,5.0,0,Not Returned,4558.5,2025-03,6-7 days
ORD105986,CUST1192,Sports,2025-08-14,1901.29,1.0,15,24.43,Credit Card,North,8.0,46.0,1.0,0,Not Returned,1616.0964999999999,2025-08,8+ days
ORD102656,CUST2422,Sports,2024-09-11,1661.96,2.0,25,70.25,UPI,Central,5.0,41.0,4.0,0,Not Returned,2492.94,2024-09,4-5 days
ORD103502,CUST3214,Home & Kitchen,2024-10-04,1116.01,1.0,25,13.25,Cash on Delivery,Central,1.0,17.0,5.0,0,Not Returned,837.0074999999999,2024-10,1-3 days
ORD104357,CUST1564,Books,2025-04-20,421.65,1.0,0,156.82,UPI,East,4.0,22.0,1.0,0,Not Returned,421.65,2025-04,4-5 days
ORD100976,CUST3921,Electronics,2024-12-23,4558.5,2.0,0,30.26,Net Banking,Central,4.0,34.0,5.0,1,Late Delivery,9117.0,2024-12,4-5 days
ORD103352,CUST3916,Books,2026-02-04,496.71,1.0,5,88.21,UPI,North,3.0,17.0,2.0,0,Not Returned,471.87449999999995,2026-02,1-3 days
ORD100957,CUST1966,Fashion,2024-11-19,337.79,2.0,5,22.39,UPI,North,5.0,52.0,5.0,0,Not Returned,641.801,2024-11,4-5 days
ORD103699,CUST1607,Toys,2026-04-29,738.24,1.0,15,103.46,Cash on Delivery,West,7.0,39.0,4.0,0,Not Returned,627.504,2026-04,6-7 days
ORD101340,CUST3259,Fashion,2024-08-23,973.94,1.0,0,67.33500000000001,UPI,Central,2.0,50.0,5.0,0,Not Returned,973.94,2024-08,1-3 days
ORD101822,CUST2590,Grocery,2025-08-21,281.6,1.0,10,33.02,Cash on Delivery,Central,4.0,46.0,5.0,1,Size Issue,253.44000000000003,2025-08,4-5 days
ORD102329,CUST2321,Fashion,2024-12-09,1183.65,1.0,0,181.62,Credit Card,Central,4.0,34.0,5.0,0,Not Returned,1183.65,2024-12,4-5 days
ORD101929,CUST3707,Grocery,2025-07-29,225.08,1.0,0,104.0,Cash on Delivery,North,6.0,43.0,3.0,1,Better Price Found,225.08,2025-07,6-7 days
ORD103880,CUST2752,Electronics,2025-06-12,4558.5,2.0,25,149.43,Debit Card,East,4.0,16.0,4.0,0,Not Returned,6837.75,2025-06,4-5 days
ORD105071,CUST2401,Toys,2025-03-09,815.51,1.0,30,53.81,Net Banking,Central,5.0,44.0,4.0,1,Size Issue,570.857,2025-03,4-5 days
ORD105076,CUST3725,Books,2026-07-18,519.78,1.0,25,79.24,Net Banking,Central,5.0,30.0,5.0,1,Size Issue,389.835,2026-07,4-5 days
ORD100353,CUST3072,Sports,2025-05-16,611.97,2.0,0,48.33,Credit Card,South,6.0,52.0,5.0,0,Not Returned,1223.94,2025-05,6-7 days
ORD101445,CUST4144,Sports,2024-12-28,2099.03,1.0,20,70.43,Cash on Delivery,North,7.0,27.0,5.0,0,Not Returned,1679.2240000000002,2024-12,6-7 days
ORD102726,CUST1107,Fashion,2025-09-23,999.41,1.0,15,69.19,Cash on Delivery,East,2.0,36.0,5.0,0,Not Returned,849.4984999999999,2025-09,1-3 days
ORD105661,CUST2640,Home & Kitchen,2026-02-13,1012.185,1.0,10,203.85999999999999,Credit Card,East,6.0,22.0,4.0,0,Not Returned,910.9665,2026-02,6-7 days
ORD104256,CUST3555,Books,2025-12-21,505.38,1.0,25,86.4,Credit Card,South,8.0,41.0,5.0,0,Not Returned,379.03499999999997,2025-12,8+ days
ORD103200,CUST1611,Home & Kitchen,2025-05-04,814.78,1.0,0,80.04,Debit Card,Central,6.0,49.0,5.0,0,Not Returned,814.78,2025-05,6-7 days
ORD104600,CUST3409,Books,2024-12-25,380.47,2.0,10,50.82,Debit Card,South,6.0,43.0,5.0,0,Not Returned,684.8460000000001,2024-12,6-7 days
ORD105280,CUST3771,Books,2026-07-10,345.37,1.0,5,67.91,UPI,Central,6.0,21.0,4.0,0,Not Returned,328.1015,2026-07,6-7 days
ORD101385,CUST2416,Toys,2026-02-14,1041.85,1.0,20,67.51,Net Banking,North,6.0,39.0,5.0,0,Not Returned,833.48,2026-02,6-7 days
ORD105272,CUST1549,Beauty,2025-01-23,490.51,1.0,25,120.37,Credit Card,East,4.0,24.0,4.0,0,Not Returned,367.8825,2025-01,4-5 days
ORD103721,CUST3078,Grocery,2025-09-22,4266.588243606561,2.0,5,69.72,Cash on Delivery,North,4.0,43.0,4.0,0,Not Returned,8106.517662852466,2025-09,4-5 days
ORD100501,CUST1592,Grocery,2025-07-18,245.2,1.0,5,67.33500000000001,Credit Card,South,5.0,16.0,4.0,0,Not Returned,232.93999999999997,2025-07,4-5 days
ORD103524,CUST1467,Sports,2026-04-08,607.97,2.0,10,16.85,Debit Card,South,1.0,26.0,5.0,0,Not Returned,1094.346,2026-04,1-3 days
ORD105325,CUST3894,Home & Kitchen,2025-11-06,2571.84,1.0,20,74.76,Debit Card,East,4.0,16.0,4.0,0,Not Returned,2057.472,2025-11,4-5 days
ORD105612,CUST3017,Electronics,2025-09-16,4558.5,1.0,0,152.6,Credit Card,Central,4.0,23.0,5.0,0,Not Returned,4558.5,2025-09,4-5 days
ORD102104,CUST3175,Toys,2026-02-23,1004.9,2.0,0,84.99,UPI,East,5.0,42.0,4.0,0,Not Returned,2009.8,2026-02,4-5 days
ORD102233,CUST2853,Grocery,2025-05-11,273.89,1.0,10,43.8,UPI,North,6.0,24.0,1.0,0,Not Returned,246.501,2025-05,6-7 days
ORD105723,CUST2147,Books,2024-12-15,275.4,1.0,10,127.08,Credit Card,East,5.0,37.0,4.0,0,Not Returned,247.85999999999999,2024-12,4-5 days
ORD101007,CUST1674,Sports,2024-12-08,1879.68,1.0,5,13.82,Cash on Delivery,South,6.0,27.0,3.0,0,Not Returned,1785.696,2024-12,6-7 days
ORD105783,CUST2789,Toys,2026-07-25,1178.57,1.0,15,56.71,Cash on Delivery,North,4.0,49.0,1.0,1,Better Price Found,1001.7844999999999,2026-07,4-5 days
ORD104599,CUST3314,Electronics,2025-12-30,4558.5,1.0,0,49.42,Debit Card,North,3.0,47.0,5.0,0,Not Returned,4558.5,2025-12,1-3 days
ORD102171,CUST2098,Sports,2026-07-18,2215.02,1.0,10,47.26,Credit Card,Central,4.0,36.0,5.0,0,Not Returned,1993.518,2026-07,4-5 days
ORD103216,CUST2817,Toys,2026-06-17,1264.82,1.0,5,48.76,Debit Card,West,6.0,39.0,3.0,1,Wrong Item Delivered,1201.579,2026-06,6-7 days
ORD105673,CUST4189,Sports,2025-05-11,1041.37,1.0,15,71.13,Credit Card,South,5.0,32.0,4.0,0,Not Returned,885.1644999999999,2025-05,4-5 days
ORD104450,CUST1483,Toys,2026-05-12,1202.5,1.0,30,180.47,Cash on Delivery,West,5.0,44.0,4.0,0,Not Returned,841.75,2026-05,4-5 days
ORD101318,CUST2006,Fashion,2025-10-09,1456.87,1.0,10,157.85,Net Banking,Central,6.0,39.0,4.0,0,Not Returned,1311.183,2025-10,6-7 days
ORD103982,CUST2946,Beauty,2026-03-27,998.69,1.0,30,171.95,UPI,Central,5.0,39.0,4.0,1,Not as Described,699.083,2026-03,4-5 days
ORD104429,CUST1431,Fashion,2026-02-09,1149.46,1.0,10,13.77,UPI,Central,4.0,34.0,1.0,0,Not Returned,1034.5140000000001,2026-02,4-5 days
ORD101475,CUST3356,Grocery,2025-10-17,420.27,3.0,10,171.0,Debit Card,East,3.0,21.0,4.0,0,Not Returned,1134.729,2025-10,1-3 days
ORD100679,CUST2858,Sports,2025-09-10,1182.75,1.0,10,48.23,Credit Card,North,4.0,16.0,5.0,1,Changed Mind,1064.4750000000001,2025-09,4-5 days
ORD104829,CUST1954,Electronics,2025-03-14,4558.5,2.0,0,6.02,Debit Card,South,3.0,36.0,5.0,0,Not Returned,9117.0,2025-03,1-3 days
ORD103926,CUST2812,Toys,2026-05-04,694.02,2.0,25,172.02,Cash on Delivery,East,4.0,16.0,1.0,1,Defective Product,1041.03,2026-05,4-5 days
ORD100380,CUST4105,Home & Kitchen,2025-08-11,336.84,1.0,20,99.41,Cash on Delivery,Central,1.0,34.0,5.0,1,Not as Described,269.472,2025-08,1-3 days
ORD105054,CUST4169,Fashion,2024-10-28,1047.8,2.0,0,97.9,Cash on Delivery,East,5.0,54.0,4.0,1,Better Price Found,2095.6,2024-10,4-5 days
ORD104163,CUST3117,Toys,2026-06-27,1012.185,1.0,0,103.81,Net Banking,South,6.0,36.0,4.0,1,Better Price Found,1012.185,2026-06,6-7 days
ORD101882,CUST4052,Toys,2024-11-29,725.14,1.0,0,86.08,Cash on Delivery,West,7.0,37.0,3.0,0,Not Returned,725.14,2024-11,6-7 days
ORD100477,CUST2655,Electronics,2026-07-29,1012.185,1.0,10,38.81,Credit Card,West,3.0,18.0,4.0,0,Not Returned,910.9665,2026-07,1-3 days
ORD105550,CUST1084,Books,2025-05-22,457.52,1.0,0,37.23,Debit Card,West,4.0,28.0,4.0,0,Not Returned,457.52,2025-05,4-5 days
ORD102382,CUST2595,Home & Kitchen,2025-04-07,2463.59,1.0,0,46.9,Credit Card,South,2.0,29.0,5.0,0,Not Returned,2463.59,2025-04,1-3 days
ORD105854,CUST1698,Electronics,2025-04-08,4558.5,1.0,5,27.35,Net Banking,East,7.0,35.0,3.0,0,Not Returned,4330.575,2025-04,6-7 days
ORD102359,CUST2214,Beauty,2025-08-09,902.36,1.0,15,37.43,Cash on Delivery,South,4.0,33.0,4.0,0,Not Returned,767.006,2025-08,4-5 days
ORD100425,CUST2250,Beauty,2026-08-12,1012.185,1.0,10,9.56,Credit Card,North,6.0,25.0,4.0,1,Size Issue,910.9665,2026-08,6-7 days
ORD104717,CUST2386,Beauty,2026-05-27,739.17,1.0,0,67.33500000000001,Debit Card,West,3.0,20.0,4.0,0,Not Returned,739.17,2026-05,1-3 days
ORD102255,CUST1017,Electronics,2026-07-24,4558.5,1.0,0,96.52,UPI,Central,4.0,32.0,4.0,0,Not Returned,4558.5,2026-07,4-5 days
ORD101333,CUST1947,Electronics,2026-04-26,3086.2,3.0,5,67.33500000000001,Cash on Delivery,North,1.0,47.0,5.0,0,Not Returned,8795.669999999998,2026-04,1-3 days
ORD100199,CUST4069,Fashion,2026-07-31,1349.11,1.0,0,55.89,Credit Card,West,3.0,33.0,1.0,0,Not Returned,1349.11,2026-07,1-3 days
ORD104472,CUST4414,Electronics,2026-04-20,4558.5,1.0,0,103.91,Cash on Delivery,East,3.0,34.0,5.0,0,Not Returned,4558.5,2026-04,1-3 days
ORD101938,CUST1396,Beauty,2026-01-10,788.96,1.0,0,33.83,Credit Card,South,4.0,36.0,3.0,0,Not Returned,788.96,2026-01,4-5 days
ORD100143,CUST4492,Toys,2025-08-02,987.12,1.0,25,38.39,UPI,East,4.0,56.0,4.0,0,Not Returned,740.34,2025-08,4-5 days
ORD103820,CUST3257,Toys,2025-09-11,468.07,1.0,25,42.19,Net Banking,West,2.0,34.0,4.0,0,Not Returned,351.0525,2025-09,1-3 days
ORD104345,CUST4447,Grocery,2026-03-26,337.62,2.0,30,90.25,Cash on Delivery,West,7.0,48.0,3.0,1,Late Delivery,472.66799999999995,2026-03,6-7 days
ORD105588,CUST3559,Grocery,2026-01-03,296.94,1.0,0,95.96,Cash on Delivery,North,5.0,18.0,3.0,0,Not Returned,296.94,2026-01,4-5 days
ORD100304,CUST4423,Electronics,2026-05-04,4558.5,1.0,25,29.62,Debit Card,Central,6.0,37.0,3.0,1,Not as Described,3418.875,2026-05,6-7 days
ORD101454,CUST1631,Electronics,2025-02-19,50.0,2.0,0,145.17,UPI,East,4.0,17.0,5.0,0,Not Returned,100.0,2025-02,4-5 days
ORD100911,CUST1424,Electronics,2025-12-12,4558.5,3.0,10,62.57,Debit Card,South,4.0,55.0,4.0,0,Not Returned,12307.95,2025-12,4-5 days
ORD105621,CUST3287,Toys,2024-08-31,1257.64,1.0,0,98.78,Debit Card,Central,6.0,32.0,3.0,0,Not Returned,1257.64,2024-08,6-7 days
ORD102596,CUST2130,Fashion,2024-10-21,825.92,1.0,30,185.8,Credit Card,Central,3.0,27.0,4.0,0,Not Returned,578.1439999999999,2024-10,1-3 days
ORD102309,CUST2280,Toys,2026-08-02,648.71,2.0,20,82.62,UPI,East,4.0,37.0,5.0,1,Late Delivery,1037.9360000000001,2026-08,4-5 days
ORD102112,CUST2191,Home & Kitchen,2024-09-21,1509.74,1.0,0,31.86,Net Banking,North,5.0,28.0,5.0,0,Not Returned,1509.74,2024-09,4-5 days
ORD100593,CUST2498,Home & Kitchen,2026-03-16,4247.24,1.0,0,73.87,UPI,East,4.0,25.0,4.0,0,Not Returned,4247.24,2026-03,4-5 days
ORD103570,CUST1654,Home & Kitchen,2025-08-17,2846.54,1.0,30,188.01,Debit Card,North,5.0,34.0,4.0,1,Defective Product,1992.5779999999997,2025-08,4-5 days
ORD103533,CUST4248,Electronics,2026-04-22,4558.5,1.0,15,23.22,UPI,East,2.0,41.0,4.0,0,Not Returned,3874.725,2026-04,1-3 days
ORD101288,CUST2099,Sports,2025-01-05,2249.74,1.0,0,41.47,Net Banking,North,6.0,24.0,5.0,0,Not Returned,2249.74,2025-01,6-7 days
ORD101655,CUST1841,Fashion,2026-05-21,1300.14,1.0,30,77.89,UPI,West,4.0,31.0,4.0,0,Not Returned,910.098,2026-05,4-5 days
ORD104765,CUST2298,Books,2026-03-30,1012.185,1.0,25,25.15,UPI,North,3.0,36.0,4.0,1,Defective Product,759.13875,2026-03,1-3 days
ORD102131,CUST3825,Sports,2024-09-02,1864.04,1.0,25,84.0,Cash on Delivery,South,2.0,28.0,4.0,0,Not Returned,1398.03,2024-09,1-3 days
ORD100765,CUST2270,Fashion,2025-06-04,835.08,1.0,0,138.07,Cash on Delivery,Central,1.0,29.0,5.0,0,Not Returned,835.08,2025-06,1-3 days
ORD105951,CUST1594,Fashion,2025-05-17,2027.81,1.0,0,15.63,UPI,Central,5.0,38.0,4.0,0,Not Returned,2027.81,2025-05,4-5 days
ORD105211,CUST1214,Grocery,2024-12-28,263.88,1.0,10,69.73,Credit Card,Central,5.0,28.0,4.0,0,Not Returned,237.492,2024-12,4-5 days
ORD100146,CUST1280,Beauty,2026-05-03,1095.36,2.0,5,92.94,UPI,Central,6.0,41.0,5.0,0,Not Returned,2081.1839999999997,2026-05,6-7 days
ORD100394,CUST3194,Fashion,2024-11-14,1162.52,1.0,5,64.75,UPI,East,6.0,22.0,3.0,1,Defective Product,1104.394,2024-11,6-7 days
ORD103808,CUST2484,Electronics,2026-01-11,4558.5,1.0,0,110.6,Net Banking,North,3.0,32.0,1.0,1,Size Issue,4558.5,2026-01,1-3 days
ORD100045,CUST1864,Books,2025-03-02,304.47,1.0,0,64.21,Debit Card,South,5.0,34.0,4.0,0,Not Returned,304.47,2025-03,4-5 days
ORD103494,CUST2224,Sports,2025-12-14,2547.02,1.0,15,41.36,Debit Card,East,8.0,38.0,3.0,0,Not Returned,2164.967,2025-12,8+ days
ORD105358,CUST1921,Toys,2025-09-05,1014.29,1.0,20,65.18,Cash on Delivery,Central,5.0,35.0,4.0,1,Not as Described,811.432,2025-09,4-5 days
ORD103336,CUST1631,Electronics,2026-04-25,4558.5,2.0,0,24.68,Credit Card,Central,4.0,34.0,3.0,0,Not Returned,9117.0,2026-04,4-5 days
ORD104417,CUST2838,Toys,2026-07-08,493.91,2.0,15,50.94,UPI,Central,6.0,23.0,5.0,0,Not Returned,839.647,2026-07,6-7 days
ORD102159,CUST3639,Toys,2026-06-11,813.6,1.0,10,51.3,Debit Card,Central,2.0,16.0,5.0,0,Not Returned,732.24,2026-06,1-3 days
ORD101957,CUST3798,Home & Kitchen,2025-06-24,3306.47,3.0,5,9.77,Debit Card,West,3.0,37.0,4.0,0,Not Returned,9423.439499999999,2025-06,1-3 days
ORD102184,CUST3778,Home & Kitchen,2026-03-28,2834.36,2.0,25,27.48,Debit Card,North,3.0,43.0,5.0,1,Size Issue,4251.54,2026-03,1-3 days
ORD104602,CUST3334,Electronics,2024-11-20,4558.5,1.0,15,89.38,UPI,North,3.0,25.0,5.0,0,Not Returned,3874.725,2024-11,1-3 days
ORD105947,CUST4313,Fashion,2024-11-10,1375.73,2.0,25,120.59,Cash on Delivery,West,2.0,42.0,5.0,0,Not Returned,2063.5950000000003,2024-11,1-3 days
ORD104937,CUST3584,Home & Kitchen,2025-04-13,206.18,1.0,20,203.85999999999999,Net Banking,North,7.0,41.0,1.0,1,Late Delivery,164.94400000000002,2025-04,6-7 days
ORD103497,CUST3591,Home & Kitchen,2025-08-09,527.22,1.0,5,21.91,Debit Card,South,6.0,38.0,5.0,0,Not Returned,500.859,2025-08,6-7 days
ORD102071,CUST2374,Beauty,2026-07-12,1012.185,1.0,15,12.23,Cash on Delivery,West,3.0,37.0,3.0,0,Not Returned,860.3572499999999,2026-07,1-3 days
ORD101367,CUST3835,Toys,2025-02-02,1085.64,2.0,0,176.37,Net Banking,Central,4.0,43.0,4.0,0,Not Returned,2171.28,2025-02,4-5 days
ORD103095,CUST2858,Sports,2024-09-06,3028.99,1.0,0,86.32,UPI,South,4.0,33.0,1.0,1,Not as Described,3028.99,2024-09,4-5 days
ORD102364,CUST1030,Books,2025-09-16,203.49,1.0,0,36.53,Net Banking,West,5.0,34.0,1.0,0,Not Returned,203.49,2025-09,4-5 days
ORD105943,CUST2678,Home & Kitchen,2025-02-19,1751.02,2.0,5,42.48,Cash on Delivery,West,4.0,16.0,4.0,0,Not Returned,3326.9379999999996,2025-02,4-5 days
ORD100930,CUST2359,Electronics,2026-05-13,4558.5,1.0,0,63.72,Net Banking,West,5.0,42.0,4.0,0,Not Returned,4558.5,2026-05,4-5 days
ORD103512,CUST3373,Books,2024-12-05,4558.5,1.0,0,67.33500000000001,Net Banking,South,1.0,31.0,5.0,0,Not Returned,4558.5,2024-12,1-3 days
ORD102975,CUST3543,Beauty,2025-02-12,898.86,1.0,15,77.76,Credit Card,West,5.0,36.0,5.0,1,Defective Product,764.031,2025-02,4-5 days
ORD104559,CUST4083,Electronics,2025-11-26,4558.5,1.0,0,48.39,Debit Card,South,3.0,35.0,4.0,1,Changed Mind,4558.5,2025-11,1-3 days
ORD103141,CUST2865,Home & Kitchen,2025-10-03,2333.83,1.0,25,98.17,Cash on Delivery,West,6.0,30.0,5.0,0,Not Returned,1750.3725,2025-10,6-7 days
ORD105288,CUST1671,Books,2025-08-27,50.0,1.0,5,78.65,Debit Card,East,1.0,42.0,5.0,0,Not Returned,47.5,2025-08,1-3 days
ORD102581,CUST3967,Electronics,2025-11-07,4558.5,1.0,25,137.1,Debit Card,South,7.0,36.0,5.0,0,Not Returned,3418.875,2025-11,6-7 days
ORD100606,CUST1057,Books,2026-03-19,474.34,1.0,0,41.66,Debit Card,South,5.0,59.0,5.0,1,Changed Mind,474.34,2026-03,4-5 days
ORD100074,CUST3079,Books,2026-04-26,425.46,1.0,5,80.32,UPI,East,5.0,28.0,5.0,0,Not Returned,404.18699999999995,2026-04,4-5 days
ORD104654,CUST1043,Electronics,2025-12-14,4558.5,1.0,5,58.78,UPI,North,1.0,27.0,5.0,0,Not Returned,4330.575,2025-12,1-3 days
ORD101322,CUST3963,Grocery,2025-08-11,261.05,1.0,25,85.57,Net Banking,South,6.0,40.0,5.0,0,Not Returned,195.78750000000002,2025-08,6-7 days
ORD104800,CUST2843,Toys,2025-01-19,815.89,1.0,0,76.76,UPI,South,3.0,49.0,4.0,0,Not Returned,815.89,2025-01,1-3 days
ORD100113,CUST2683,Grocery,2025-05-04,231.83,2.0,25,94.69,UPI,West,4.0,24.0,5.0,0,Not Returned,347.745,2025-05,4-5 days
ORD103913,CUST3547,Fashion,2024-12-08,461.71,1.0,10,62.73,UPI,East,8.0,40.0,5.0,0,Not Returned,415.539,2024-12,8+ days
ORD100986,CUST1497,Toys,2025-08-25,477.86,1.0,5,44.6,UPI,Central,7.0,33.0,1.0,0,Not Returned,453.967,2025-08,6-7 days
ORD105605,CUST3024,Books,2025-05-03,504.95,2.0,30,99.87,Cash on Delivery,East,7.0,16.0,5.0,1,Not as Described,706.93,2025-05,6-7 days
ORD100222,CUST2087,Books,2024-12-27,357.55,1.0,0,67.33500000000001,Debit Card,West,8.0,42.0,1.0,0,Not Returned,357.55,2024-12,8+ days
ORD101992,CUST3985,Toys,2025-04-10,1765.87,2.0,10,11.66,Credit Card,West,7.0,23.0,5.0,1,Better Price Found,3178.566,2025-04,6-7 days
ORD105224,CUST2127,Books,2025-12-07,196.45,1.0,0,43.93,Debit Card,South,4.0,44.0,4.0,0,Not Returned,196.45,2025-12,4-5 days
ORD104131,CUST2514,Fashion,2026-06-13,1517.65,1.0,5,100.36,UPI,North,8.0,41.0,5.0,0,Not Returned,1441.7675,2026-06,8+ days
ORD105135,CUST2363,Books,2026-03-23,426.62,2.0,25,68.94,Debit Card,North,7.0,34.0,4.0,0,Not Returned,639.9300000000001,2026-03,6-7 days
ORD101761,CUST4280,Sports,2026-05-03,1896.76,1.0,15,69.2,UPI,East,7.0,32.0,5.0,0,Not Returned,1612.2459999999999,2026-05,6-7 days
ORD104443,CUST3822,Toys,2026-08-17,878.88,1.0,0,19.36,UPI,West,5.0,34.0,5.0,1,Size Issue,878.88,2026-08,4-5 days
ORD104263,CUST2617,Electronics,2024-09-01,4558.5,1.0,15,19.73,UPI,East,7.0,16.0,4.0,1,Changed Mind,3874.725,2024-09,6-7 days
ORD104180,CUST1739,Grocery,2026-05-15,154.06,1.0,0,50.81,UPI,East,9.0,32.0,5.0,0,Not Returned,154.06,2026-05,8+ days
ORD104212,CUST4491,Beauty,2024-10-23,497.64,1.0,30,75.94,Net Banking,West,6.0,16.0,3.0,0,Not Returned,348.34799999999996,2024-10,6-7 days
ORD104043,CUST1892,Sports,2026-07-03,1921.18,1.0,0,47.18,Credit Card,West,3.0,42.0,5.0,1,Size Issue,1921.18,2026-07,1-3 days
ORD103456,CUST2362,Beauty,2025-05-25,412.44,1.0,5,115.8,Cash on Delivery,Central,8.0,32.0,4.0,0,Not Returned,391.818,2025-05,8+ days
ORD100530,CUST1590,Sports,2024-08-30,1796.5,1.0,0,147.92,Debit Card,West,5.0,34.0,4.0,0,Not Returned,1796.5,2024-08,4-5 days
ORD102590,CUST1137,Sports,2025-03-16,1684.73,1.0,0,20.32,Net Banking,West,7.0,16.0,4.0,1,Better Price Found,1684.73,2025-03,6-7 days
ORD103954,CUST2248,Grocery,2024-10-05,291.59,3.5,30,25.05,Credit Card,Central,5.0,38.0,5.0,0,Not Returned,714.3955,2024-10,4-5 days
ORD103630,CUST3880,Toys,2025-03-29,1065.77,1.0,5,16.42,UPI,South,3.0,61.0,4.0,0,Not Returned,1012.4815,2025-03,1-3 days
ORD102521,CUST2857,Beauty,2025-04-26,1056.3,2.0,0,58.02,Debit Card,North,7.0,16.0,5.0,0,Not Returned,2112.6,2025-04,6-7 days
ORD103051,CUST3815,Toys,2025-02-04,1137.03,2.0,30,54.61,UPI,West,4.0,28.0,4.0,0,Not Returned,1591.8419999999999,2025-02,4-5 days
ORD105821,CUST4461,Toys,2025-05-24,625.19,1.0,5,33.16,Cash on Delivery,East,5.0,45.0,3.0,0,Not Returned,593.9305,2025-05,4-5 days
ORD105047,CUST4181,Grocery,2025-11-27,175.83,3.0,15,36.1,Credit Card,East,6.0,23.0,4.0,0,Not Returned,448.3665,2025-11,6-7 days
ORD105592,CUST2087,Electronics,2025-05-15,4558.5,1.0,0,69.03,Debit Card,North,1.0,32.0,5.0,0,Not Returned,4558.5,2025-05,1-3 days
ORD105163,CUST3785,Beauty,2025-01-26,961.52,1.0,10,33.43,Cash on Delivery,South,6.0,47.0,2.0,1,Better Price Found,865.368,2025-01,6-7 days
ORD104696,CUST3555,Toys,2025-02-03,1029.5,3.0,20,79.97,Cash on Delivery,South,7.0,20.0,5.0,0,Not Returned,2470.8,2025-02,6-7 days
ORD101779,CUST2016,Grocery,2024-10-24,426.72,1.0,25,5.67,Credit Card,South,3.0,24.0,5.0,1,Size Issue,320.04,2024-10,1-3 days
ORD101025,CUST3039,Electronics,2025-11-29,4558.5,2.0,15,51.74,UPI,West,4.0,35.0,4.0,0,Not Returned,7749.45,2025-11,4-5 days
ORD103778,CUST4417,Books,2026-07-18,494.51,3.5,25,55.33,UPI,Central,2.0,45.0,5.0,1,Better Price Found,1298.08875,2026-07,1-3 days
ORD100081,CUST4406,Electronics,2026-05-23,4558.5,1.0,0,32.7,UPI,East,4.0,19.0,4.0,0,Not Returned,4558.5,2026-05,4-5 days
ORD104645,CUST4286,Toys,2024-11-20,970.96,2.0,10,201.04,Net Banking,North,5.0,29.0,4.0,0,Not Returned,1747.728,2024-11,4-5 days
ORD102030,CUST3919,Toys,2026-07-09,772.0,1.0,0,180.05,Cash on Delivery,East,7.0,41.0,5.0,0,Not Returned,772.0,2026-07,6-7 days
ORD104054,CUST2506,Beauty,2025-08-01,934.15,1.0,20,67.38,UPI,South,6.0,32.0,4.0,0,Not Returned,747.32,2025-08,6-7 days
ORD101792,CUST3811,Home & Kitchen,2025-06-07,2723.41,1.0,0,24.27,Cash on Delivery,East,7.0,23.0,5.0,0,Not Returned,2723.41,2025-06,6-7 days
ORD102716,CUST2487,Beauty,2026-03-12,1097.93,1.0,0,51.85,UPI,South,7.0,48.0,2.0,0,Not Returned,1097.93,2026-03,6-7 days
ORD103819,CUST4465,Toys,2026-07-16,777.63,1.0,10,32.78,Credit Card,East,9.0,29.0,4.0,1,Size Issue,699.867,2026-07,8+ days
ORD102673,CUST3358,Fashion,2025-10-10,78.56,1.0,10,141.1,Cash on Delivery,Central,5.0,38.0,5.0,0,Not Returned,70.70400000000001,2025-10,4-5 days
ORD105891,CUST1580,Beauty,2024-11-16,950.23,1.0,15,120.87,UPI,North,2.0,35.0,3.0,0,Not Returned,807.6955,2024-11,1-3 days
ORD103501,CUST2592,Home & Kitchen,2025-02-09,1470.78,1.0,0,44.55,Net Banking,East,3.0,16.0,5.0,0,Not Returned,1470.78,2025-02,1-3 days
ORD102563,CUST3272,Electronics,2025-05-16,4558.5,1.0,0,35.02,UPI,East,3.0,16.0,5.0,0,Not Returned,4558.5,2025-05,1-3 days
ORD103402,CUST1863,Fashion,2025-11-28,960.03,2.0,5,186.15,Credit Card,South,3.0,24.0,5.0,0,Not Returned,1824.0569999999998,2025-11,1-3 days
ORD105992,CUST1042,Home & Kitchen,2024-09-22,2245.83,1.0,20,39.8,Cash on Delivery,West,4.0,37.0,5.0,0,Not Returned,1796.664,2024-09,4-5 days
ORD101956,CUST1174,Books,2025-01-06,733.25,2.0,10,67.33500000000001,UPI,North,5.0,24.0,4.0,1,Better Price Found,1319.8500000000001,2025-01,4-5 days
ORD103869,CUST4118,Books,2025-06-12,591.65,1.0,15,116.68,UPI,South,2.0,36.0,4.0,0,Not Returned,502.9025,2025-06,1-3 days
ORD104136,CUST3921,Electronics,2026-01-03,4558.5,1.0,20,49.26,UPI,South,5.0,31.0,2.0,0,Not Returned,3646.8,2026-01,4-5 days
ORD105767,CUST1093,Beauty,2024-09-27,693.13,1.0,10,92.61,Credit Card,West,2.0,40.0,4.0,0,Not Returned,623.817,2024-09,1-3 days
ORD105356,CUST1690,Grocery,2025-11-05,425.62,1.0,20,39.71,Net Banking,Central,8.0,50.0,4.0,0,Not Returned,340.49600000000004,2025-11,8+ days
ORD103136,CUST2707,Home & Kitchen,2024-09-23,3113.23,3.0,0,33.37,Cash on Delivery,North,3.0,34.0,4.0,0,Not Returned,9339.69,2024-09,1-3 days
ORD100311,CUST2656,Books,2025-12-28,421.54,1.0,0,114.6,Cash on Delivery,South,7.0,41.0,4.0,0,Not Returned,421.54,2025-12,6-7 days
ORD101631,CUST4301,Toys,2024-10-23,990.75,2.0,25,203.85999999999999,Cash on Delivery,Central,5.0,45.0,4.0,0,Not Returned,1486.125,2024-10,4-5 days
ORD104260,CUST3474,Home & Kitchen,2024-10-15,3093.55,2.0,10,16.36,UPI,Central,3.0,29.0,3.0,0,Not Returned,5568.39,2024-10,1-3 days
ORD102067,CUST1399,Books,2024-12-29,475.65,2.0,5,46.73,Debit Card,West,2.0,46.0,5.0,0,Not Returned,903.7349999999999,2024-12,1-3 days
ORD101426,CUST1800,Fashion,2025-10-27,1439.86,1.0,15,51.7,Net Banking,East,8.0,51.0,5.0,0,Not Returned,1223.8809999999999,2025-10,8+ days
ORD102002,CUST3329,Electronics,2026-05-03,4558.5,1.0,5,88.22,UPI,North,3.0,32.0,4.0,1,Late Delivery,4330.575,2026-05,1-3 days
ORD104453,CUST3289,Sports,2024-12-11,1392.83,3.5,0,19.21,UPI,East,1.0,45.0,5.0,0,Not Returned,4874.905,2024-12,1-3 days
ORD103810,CUST1588,Books,2025-05-03,507.54,2.0,0,86.91,Cash on Delivery,Central,4.0,33.0,4.0,0,Not Returned,1015.08,2025-05,4-5 days
ORD104861,CUST1391,Fashion,2026-01-11,1012.185,1.0,5,198.59,Net Banking,West,5.0,39.0,4.0,0,Not Returned,961.5757499999999,2026-01,4-5 days
ORD102337,CUST4220,Electronics,2025-09-03,4558.5,1.0,10,105.04,Credit Card,Central,4.0,27.0,3.0,0,Not Returned,4102.650000000001,2025-09,4-5 days
ORD102440,CUST1719,Beauty,2025-09-26,838.91,1.0,5,73.4,Net Banking,South,3.0,43.0,5.0,1,Changed Mind,796.9644999999999,2025-09,1-3 days
ORD100128,CUST2664,Fashion,2025-02-07,1787.73,1.0,25,126.72,UPI,Central,6.0,38.0,5.0,0,Not Returned,1340.7975000000001,2025-02,6-7 days
ORD101009,CUST3125,Toys,2025-01-30,1037.01,1.0,15,203.85999999999999,Debit Card,North,5.0,27.0,4.0,0,Not Returned,881.4585,2025-01,4-5 days
ORD101813,CUST2145,Beauty,2024-10-02,824.06,1.0,15,179.72,Cash on Delivery,West,1.0,34.0,5.0,0,Not Returned,700.4509999999999,2024-10,1-3 days
ORD101290,CUST1298,Books,2025-11-02,361.43,1.0,30,97.03,Cash on Delivery,West,7.0,33.0,3.0,0,Not Returned,253.00099999999998,2025-11,6-7 days
ORD103873,CUST2180,Electronics,2025-05-10,4558.5,3.0,25,61.98,Cash on Delivery,South,6.0,34.0,5.0,0,Not Returned,10256.625,2025-05,6-7 days
ORD102771,CUST4043,Electronics,2025-03-15,4558.5,1.0,0,203.85999999999999,UPI,South,4.0,21.0,5.0,0,Not Returned,4558.5,2025-03,4-5 days
ORD100201,CUST4276,Toys,2026-05-13,865.49,1.0,15,40.09,UPI,West,2.0,40.0,4.0,1,Size Issue,735.6665,2026-05,1-3 days
ORD105448,CUST2168,Beauty,2025-04-11,410.79,1.0,30,54.38,Net Banking,Central,6.0,38.0,3.0,0,Not Returned,287.553,2025-04,6-7 days
ORD105959,CUST1421,Electronics,2025-09-08,3801.84,3.0,15,50.81,Cash on Delivery,West,3.0,25.0,4.0,0,Not Returned,9694.692000000001,2025-09,1-3 days
ORD100954,CUST1584,Sports,2026-07-16,788.06,1.0,0,89.21,UPI,South,6.0,41.0,4.0,0,Not Returned,788.06,2026-07,6-7 days
ORD102418,CUST3251,Fashion,2025-07-22,1287.2,1.0,25,104.09,Cash on Delivery,East,3.0,33.0,2.0,1,Defective Product,965.4000000000001,2025-07,1-3 days
ORD104020,CUST2137,Home & Kitchen,2026-03-19,3673.4,1.0,0,7.78,Credit Card,East,7.0,29.0,1.0,0,Not Returned,3673.4,2026-03,6-7 days
ORD100829,CUST3156,Home & Kitchen,2026-08-17,3303.28,2.0,10,108.81,Cash on Delivery,North,4.0,40.0,5.0,0,Not Returned,5945.904,2026-08,4-5 days
ORD102361,CUST1337,Beauty,2025-04-10,751.61,1.0,20,45.12,Net Banking,North,2.0,37.0,4.0,0,Not Returned,601.288,2025-04,1-3 days
ORD103907,CUST1551,Grocery,2025-02-03,252.15,1.0,0,51.86,UPI,North,3.0,19.0,5.0,0,Not Returned,252.15,2025-02,1-3 days
ORD100970,CUST2066,Toys,2025-02-26,1362.37,1.0,10,65.12,Cash on Delivery,East,6.0,31.0,3.0,0,Not Returned,1226.133,2025-02,6-7 days
ORD100202,CUST2688,Home & Kitchen,2026-04-03,2908.13,1.0,5,64.84,Net Banking,Central,3.0,25.0,5.0,0,Not Returned,2762.7235,2026-04,1-3 days
ORD100982,CUST4487,Home & Kitchen,2026-06-01,3252.66,1.0,0,117.87,Debit Card,North,10.0,24.0,4.0,0,Not Returned,3252.66,2026-06,8+ days
ORD103696,CUST2064,Home & Kitchen,2024-12-22,1771.65,2.0,5,30.88,UPI,West,7.0,39.0,5.0,0,Not Returned,3366.135,2024-12,6-7 days
ORD103318,CUST2410,Electronics,2026-01-25,4558.5,1.0,15,54.72,Debit Card,North,5.0,33.0,5.0,0,Not Returned,3874.725,2026-01,4-5 days
ORD102380,CUST2847,Toys,2025-06-12,602.36,1.0,10,67.33500000000001,UPI,East,6.0,55.0,3.0,1,Changed Mind,542.124,2025-06,6-7 days
ORD102486,CUST2445,Books,2025-08-31,218.02,3.5,5,69.88,Debit Card,Central,1.0,30.0,3.0,0,Not Returned,724.9165,2025-08,1-3 days
ORD105042,CUST3697,Toys,2026-07-27,860.63,1.0,0,71.32,Debit Card,North,6.0,42.0,4.0,0,Not Returned,860.63,2026-07,6-7 days
ORD103097,CUST2862,Sports,2026-06-04,2198.94,1.0,0,62.67,Debit Card,North,6.0,24.0,3.0,0,Not Returned,2198.94,2026-06,6-7 days
ORD105571,CUST1004,Beauty,2025-06-18,644.64,1.0,0,74.87,Cash on Delivery,North,8.0,48.0,1.0,0,Not Returned,644.64,2025-06,8+ days
ORD103089,CUST3646,Electronics,2025-07-23,4558.5,1.0,30,34.54,UPI,Central,5.0,47.0,3.0,1,Better Price Found,3190.95,2025-07,4-5 days
ORD101187,CUST3837,Fashion,2025-12-09,1309.73,1.0,0,132.97,Credit Card,Central,4.0,28.0,4.0,0,Not Returned,1309.73,2025-12,4-5 days
ORD104447,CUST2985,Home & Kitchen,2025-08-23,2436.76,1.0,25,89.71,Debit Card,West,6.0,50.0,4.0,0,Not Returned,1827.5700000000002,2025-08,6-7 days
ORD103919,CUST2071,Toys,2025-08-12,200.68,1.0,10,45.43,Credit Card,West,2.0,36.0,3.0,0,Not Returned,180.61200000000002,2025-08,1-3 days
ORD101595,CUST3600,Home & Kitchen,2026-07-30,2809.07,3.5,20,17.42,Credit Card,North,2.0,23.0,5.0,1,Not as Described,7865.396000000001,2026-07,1-3 days
ORD104092,CUST2022,Home & Kitchen,2024-11-08,2706.08,2.0,10,36.72,Credit Card,East,6.0,34.0,1.0,0,Not Returned,4870.944,2024-11,6-7 days
ORD100042,CUST1229,Beauty,2026-03-03,497.75,1.0,20,51.41,Debit Card,North,5.0,28.0,2.0,0,Not Returned,398.20000000000005,2026-03,4-5 days
ORD101756,CUST3610,Toys,2025-08-23,972.62,1.0,10,133.18,Cash on Delivery,Central,4.0,24.0,5.0,0,Not Returned,875.3580000000001,2025-08,4-5 days
ORD103347,CUST3261,Fashion,2025-08-26,828.95,1.0,10,25.23,UPI,Central,3.0,45.0,4.0,0,Not Returned,746.0550000000001,2025-08,1-3 days
ORD105566,CUST3570,Grocery,2026-01-06,412.75,2.0,0,203.85999999999999,Debit Card,South,3.0,34.0,5.0,1,Wrong Item Delivered,825.5,2026-01,1-3 days
ORD101273,CUST3148,Fashion,2025-05-24,1679.21,1.0,30,65.87,Net Banking,South,3.0,30.0,1.0,0,Not Returned,1175.447,2025-05,1-3 days
ORD102182,CUST2704,Home & Kitchen,2024-12-13,3161.58,1.0,5,203.85999999999999,Credit Card,South,6.0,24.0,1.0,0,Not Returned,3003.5009999999997,2024-12,6-7 days
ORD100574,CUST2124,Beauty,2025-12-13,411.64,1.0,30,203.85999999999999,Debit Card,East,5.0,23.0,5.0,1,Defective Product,288.14799999999997,2025-12,4-5 days
ORD101920,CUST1223,Electronics,2025-08-12,4558.5,1.0,5,67.59,Net Banking,East,3.0,24.0,3.0,1,Wrong Item Delivered,4330.575,2025-08,1-3 days
ORD105696,CUST3401,Grocery,2025-05-25,468.23,1.0,5,87.14,Net Banking,South,7.0,35.0,1.0,1,Changed Mind,444.8185,2025-05,6-7 days
ORD100856,CUST2804,Beauty,2026-07-12,593.24,2.0,10,88.65,Credit Card,Central,2.0,16.0,2.0,0,Not Returned,1067.832,2026-07,1-3 days
ORD102620,CUST2974,Sports,2026-05-11,2077.62,2.0,0,178.07,Net Banking,West,2.0,29.0,5.0,1,Not as Described,4155.24,2026-05,1-3 days
ORD101846,CUST1719,Grocery,2025-09-19,82.62,1.0,30,68.82,Debit Card,West,6.0,26.0,1.0,0,Not Returned,57.833999999999996,2025-09,6-7 days
ORD104034,CUST4395,Sports,2025-09-04,2077.56,1.0,0,67.64,Credit Card,South,6.0,39.0,5.0,0,Not Returned,2077.56,2025-09,6-7 days
ORD104199,CUST2349,Books,2025-12-13,230.48,3.0,20,80.9,Credit Card,North,5.0,33.0,5.0,0,Not Returned,553.1519999999999,2025-12,4-5 days
ORD104758,CUST4078,Fashion,2024-10-19,1794.1,1.0,0,67.33500000000001,UPI,West,4.0,48.0,3.0,0,Not Returned,1794.1,2024-10,4-5 days
ORD102458,CUST2625,Home & Kitchen,2025-08-27,746.77,1.0,0,86.64,Cash on Delivery,Central,5.0,35.0,5.0,0,Not Returned,746.77,2025-08,4-5 days
ORD100988,CUST4237,Beauty,2024-11-28,632.71,1.0,0,45.73,Credit Card,West,3.0,39.0,5.0,1,Changed Mind,632.71,2024-11,1-3 days
ORD105456,CUST4036,Books,2025-04-18,473.9,1.0,0,87.12,Debit Card,South,6.0,30.0,4.0,0,Not Returned,473.9,2025-04,6-7 days
ORD101433,CUST1557,Home & Kitchen,2026-08-01,3072.67,1.0,10,67.33500000000001,Cash on Delivery,North,3.0,21.0,5.0,0,Not Returned,2765.4030000000002,2026-08,1-3 days
ORD104480,CUST2619,Electronics,2025-05-29,4558.5,1.0,20,67.33500000000001,Net Banking,Central,4.0,25.0,4.0,0,Not Returned,3646.8,2025-05,4-5 days
ORD104152,CUST2389,Sports,2025-08-14,628.49,3.0,0,36.3,Net Banking,East,5.0,34.0,5.0,0,Not Returned,1885.47,2025-08,4-5 days
ORD100711,CUST4143,Grocery,2026-04-28,284.36,1.0,10,96.53,UPI,North,3.0,25.0,4.0,0,Not Returned,255.924,2026-04,1-3 days
ORD102372,CUST1295,Home & Kitchen,2026-04-08,1591.71,1.0,10,82.27,UPI,North,4.0,27.0,3.0,1,Size Issue,1432.539,2026-04,4-5 days
ORD103850,CUST2136,Sports,2026-04-29,1556.35,2.0,0,72.33,Credit Card,South,6.0,24.0,4.0,1,Changed Mind,3112.7,2026-04,6-7 days
ORD104451,CUST2865,Electronics,2026-01-08,4558.5,2.0,15,67.33500000000001,Net Banking,East,6.0,40.0,4.0,0,Not Returned,7749.45,2026-01,6-7 days
ORD103565,CUST4155,Home & Kitchen,2025-01-26,2708.27,2.0,10,127.78,Credit Card,West,6.0,39.0,3.0,0,Not Returned,4874.886,2025-01,6-7 days
ORD101018,CUST3478,Sports,2025-11-18,2168.56,1.0,30,82.27,Cash on Delivery,East,8.0,42.0,3.0,0,Not Returned,1517.992,2025-11,8+ days
ORD103887,CUST3697,Toys,2025-07-05,830.03,1.0,5,67.95,Cash on Delivery,West,1.0,31.0,4.0,0,Not Returned,788.5284999999999,2025-07,1-3 days
ORD103296,CUST3915,Fashion,2026-02-10,978.38,1.0,25,24.16,Cash on Delivery,West,4.0,16.0,5.0,0,Not Returned,733.785,2026-02,4-5 days
ORD102963,CUST2496,Grocery,2025-06-17,197.02,1.0,5,39.55,Credit Card,East,2.0,30.0,4.0,0,Not Returned,187.169,2025-06,1-3 days
ORD104403,CUST3215,Home & Kitchen,2025-09-03,2760.38,2.0,0,67.33500000000001,Cash on Delivery,North,5.0,28.0,4.0,1,Late Delivery,5520.76,2025-09,4-5 days
ORD103461,CUST1730,Toys,2025-11-08,942.6,1.0,15,50.77,Debit Card,South,6.0,34.0,4.0,0,Not Returned,801.21,2025-11,6-7 days
ORD104137,CUST2733,Books,2025-05-26,614.23,1.0,5,126.88,Credit Card,Central,9.0,36.0,4.0,1,Late Delivery,583.5185,2025-05,8+ days
ORD104691,CUST2346,Home & Kitchen,2025-03-26,1722.47,2.0,20,79.07,Net Banking,Central,3.0,45.0,5.0,0,Not Returned,2755.952,2025-03,1-3 days
ORD105412,CUST3803,Fashion,2024-08-28,1396.87,1.0,0,26.98,UPI,West,7.0,35.0,5.0,0,Not Returned,1396.87,2024-08,6-7 days
ORD101681,CUST2338,Grocery,2024-12-10,445.66,3.0,10,35.61,Debit Card,West,5.0,43.0,5.0,0,Not Returned,1203.2820000000002,2024-12,4-5 days
ORD101969,CUST3320,Electronics,2024-12-06,4558.5,1.0,5,86.96,Cash on Delivery,South,9.0,34.0,5.0,0,Not Returned,4330.575,2024-12,8+ days
ORD104869,CUST3264,Sports,2026-08-14,1711.59,3.5,15,28.1,UPI,South,4.0,33.0,4.0,0,Not Returned,5091.98025,2026-08,4-5 days
ORD102051,CUST4317,Fashion,2026-05-07,1630.52,1.0,0,62.08,Credit Card,Central,9.0,35.0,4.0,0,Not Returned,1630.52,2026-05,8+ days
ORD104311,CUST1950,Fashion,2025-04-27,951.82,1.0,5,122.88,Net Banking,Central,2.0,27.0,5.0,0,Not Returned,904.229,2025-04,1-3 days
ORD102146,CUST4405,Books,2026-03-10,651.78,1.0,10,31.61,Cash on Delivery,West,1.0,43.0,5.0,0,Not Returned,586.602,2026-03,1-3 days
ORD102322,CUST1488,Beauty,2026-02-07,681.06,1.0,10,98.44,Credit Card,South,6.0,31.0,5.0,1,Better Price Found,612.954,2026-02,6-7 days
ORD102696,CUST3783,Home & Kitchen,2024-11-15,2629.98,1.0,10,21.39,Net Banking,Central,7.0,49.0,5.0,0,Not Returned,2366.982,2024-11,6-7 days
ORD102482,CUST3407,Beauty,2025-05-22,869.47,1.0,0,51.52,Net Banking,Central,2.0,26.0,4.0,0,Not Returned,869.47,2025-05,1-3 days
ORD101370,CUST2148,Home & Kitchen,2026-01-01,2340.71,1.0,10,113.56,Cash on Delivery,Central,3.0,34.0,4.0,0,Not Returned,2106.639,2026-01,1-3 days
ORD101566,CUST4214,Sports,2025-11-12,1526.12,1.0,25,15.43,Net Banking,West,2.0,18.0,1.0,0,Not Returned,1144.59,2025-11,1-3 days
ORD103596,CUST1521,Toys,2025-01-13,1559.25,1.0,15,28.22,UPI,West,5.0,41.0,4.0,0,Not Returned,1325.3625,2025-01,4-5 days
ORD103771,CUST3009,Grocery,2025-03-18,4554.309487181665,1.0,10,113.24,Cash on Delivery,East,5.0,31.0,4.0,1,Size Issue,4098.878538463498,2025-03,4-5 days
ORD105226,CUST1491,Toys,2025-05-14,799.53,1.0,10,150.63,Debit Card,South,5.0,29.0,5.0,1,Late Delivery,719.577,2025-05,4-5 days
ORD101516,CUST3528,Beauty,2026-04-29,416.75,2.0,10,24.24,Net Banking,West,7.0,42.0,3.0,1,Size Issue,750.15,2026-04,6-7 days
ORD103993,CUST3362,Beauty,2026-05-11,1012.185,1.0,0,22.12,Cash on Delivery,Central,3.0,20.0,2.0,0,Not Returned,1012.185,2026-05,1-3 days
ORD102186,CUST2468,Books,2025-05-23,326.72,1.0,20,158.22,Debit Card,East,5.0,54.0,5.0,1,Size Issue,261.37600000000003,2025-05,4-5 days
ORD103308,CUST4092,Toys,2026-05-29,755.87,1.0,15,41.62,Net Banking,Central,6.0,57.0,5.0,1,Better Price Found,642.4895,2026-05,6-7 days
ORD103731,CUST1101,Toys,2024-11-12,591.26,1.0,10,41.84,Net Banking,Central,5.0,16.0,4.0,0,Not Returned,532.134,2024-11,4-5 days
ORD101037,CUST1535,Home & Kitchen,2026-08-01,1169.6,1.0,15,5.29,Credit Card,West,1.0,34.0,4.0,0,Not Returned,994.1599999999999,2026-08,1-3 days
ORD102437,CUST2965,Books,2026-02-05,527.65,1.0,10,197.6,Cash on Delivery,East,6.0,29.0,4.0,0,Not Returned,474.885,2026-02,6-7 days
ORD102999,CUST2559,Sports,2025-05-28,2542.42,1.0,30,27.76,Debit Card,West,2.0,34.0,4.0,0,Not Returned,1779.694,2025-05,1-3 days
ORD101510,CUST1466,Beauty,2025-01-10,844.09,1.0,10,19.31,Cash on Delivery,Central,7.0,27.0,4.0,0,Not Returned,759.681,2025-01,6-7 days
ORD100411,CUST1210,Toys,2024-12-31,990.45,2.0,20,19.6,UPI,Central,3.0,46.0,5.0,0,Not Returned,1584.7200000000003,2024-12,1-3 days
ORD104898,CUST2810,Electronics,2025-09-12,4558.5,1.0,10,52.03,UPI,East,8.0,24.0,2.0,0,Not Returned,4102.650000000001,2025-09,8+ days
ORD104736,CUST4487,Beauty,2026-05-19,1012.185,1.0,25,126.93,Credit Card,North,2.0,31.0,4.0,0,Not Returned,759.13875,2026-05,1-3 days
ORD104075,CUST4371,Beauty,2026-05-14,687.25,1.0,0,72.77,Net Banking,North,2.0,25.0,1.0,0,Not Returned,687.25,2026-05,1-3 days
ORD101301,CUST1980,Home & Kitchen,2025-01-15,2918.99,1.0,25,67.33500000000001,Cash on Delivery,South,5.0,23.0,3.0,0,Not Returned,2189.2425,2025-01,4-5 days
ORD103259,CUST4348,Electronics,2025-04-04,4558.5,1.0,10,124.58,Debit Card,East,3.0,30.0,4.0,1,Wrong Item Delivered,4102.650000000001,2025-04,1-3 days
ORD101317,CUST2555,Home & Kitchen,2025-04-17,1394.32,1.0,15,67.33500000000001,Net Banking,Central,5.0,29.0,1.0,0,Not Returned,1185.172,2025-04,4-5 days
ORD103316,CUST2247,Grocery,2026-06-17,190.83,1.0,10,68.42,Net Banking,Central,6.0,36.0,4.0,1,Late Delivery,171.747,2026-06,6-7 days
ORD100777,CUST1725,Toys,2025-12-11,1397.65,1.0,0,21.62,Credit Card,West,3.0,40.0,4.0,0,Not Returned,1397.65,2025-12,1-3 days
ORD105021,CUST3852,Home & Kitchen,2026-01-04,4198.46,3.0,0,29.49,Debit Card,South,4.0,40.0,5.0,0,Not Returned,12595.380000000001,2026-01,4-5 days
ORD105346,CUST3858,Grocery,2026-05-30,405.01,2.0,5,90.58,Debit Card,Central,7.0,47.0,4.0,0,Not Returned,769.5189999999999,2026-05,6-7 days
ORD104671,CUST3101,Grocery,2025-10-20,408.61,2.0,20,15.24,Net Banking,Central,5.0,23.0,4.0,0,Not Returned,653.7760000000001,2025-10,4-5 days
ORD102367,CUST3807,Sports,2025-01-21,1268.78,2.0,0,81.39,UPI,North,4.0,36.0,4.0,0,Not Returned,2537.56,2025-01,4-5 days
ORD102476,CUST2327,Sports,2026-08-05,1644.27,1.0,20,98.68,Cash on Delivery,Central,1.0,24.0,4.0,0,Not Returned,1315.4160000000002,2026-08,1-3 days
ORD104169,CUST1608,Toys,2024-09-26,1048.35,1.0,5,203.85999999999999,UPI,West,2.0,24.0,3.0,0,Not Returned,995.9324999999999,2024-09,1-3 days
ORD100025,CUST2481,Sports,2026-05-28,1945.5,3.5,0,33.01,Credit Card,Central,6.0,45.0,5.0,0,Not Returned,6809.25,2026-05,6-7 days
ORD103392,CUST4205,Beauty,2024-12-25,499.1,1.0,20,8.37,Credit Card,West,5.0,45.0,4.0,0,Not Returned,399.28000000000003,2024-12,4-5 days
ORD101408,CUST3272,Toys,2025-07-13,1012.185,1.0,10,91.18,Cash on Delivery,Central,3.0,32.0,5.0,0,Not Returned,910.9665,2025-07,1-3 days
ORD101139,CUST3403,Books,2025-11-12,50.0,1.0,30,119.62,Net Banking,North,6.0,47.0,5.0,0,Not Returned,35.0,2025-11,6-7 days
ORD100505,CUST4499,Electronics,2026-03-06,4558.5,1.0,5,13.82,Credit Card,South,2.0,21.0,2.0,0,Not Returned,4330.575,2026-03,1-3 days
ORD101560,CUST1480,Beauty,2025-07-05,514.18,2.0,10,27.8,UPI,Central,1.0,40.0,4.0,0,Not Returned,925.5239999999999,2025-07,1-3 days
ORD101120,CUST2009,Toys,2025-08-07,413.31,1.0,0,98.2,Credit Card,South,7.0,50.0,4.0,1,Better Price Found,413.31,2025-08,6-7 days
ORD104682,CUST1800,Books,2025-06-23,318.95,1.0,5,71.65,UPI,South,6.0,40.0,3.0,0,Not Returned,303.0025,2025-06,6-7 days
ORD100601,CUST1924,Toys,2026-02-21,256.16,1.0,0,186.33,Debit Card,West,4.0,49.0,4.0,0,Not Returned,256.16,2026-02,4-5 days
ORD103941,CUST2444,Grocery,2025-11-12,312.98,3.5,0,63.99,UPI,West,6.0,33.0,5.0,0,Not Returned,1095.43,2025-11,6-7 days
ORD102737,CUST2332,Beauty,2025-05-06,436.48,2.0,15,87.28,Net Banking,North,4.0,31.0,3.0,1,Defective Product,742.016,2025-05,4-5 days
ORD103851,CUST2424,Books,2026-07-13,1012.185,1.0,10,92.77,Net Banking,East,5.0,24.0,3.0,0,Not Returned,910.9665,2026-07,4-5 days
ORD102613,CUST4330,Fashion,2026-05-21,1037.82,1.0,15,63.9,Cash on Delivery,West,3.0,40.0,4.0,0,Not Returned,882.1469999999999,2026-05,1-3 days
ORD100348,CUST4482,Home & Kitchen,2026-03-06,1012.185,3.5,20,57.03,Credit Card,South,4.0,25.0,2.0,1,Late Delivery,2834.1180000000004,2026-03,4-5 days
ORD100714,CUST3694,Grocery,2024-09-07,288.98,1.0,5,103.58,UPI,Central,4.0,16.0,4.0,0,Not Returned,274.531,2024-09,4-5 days
ORD105565,CUST3226,Toys,2025-02-13,1384.38,2.0,0,47.72,Net Banking,South,2.0,31.0,2.0,0,Not Returned,2768.76,2025-02,1-3 days
ORD105718,CUST2267,Grocery,2024-12-01,4558.5,1.0,5,92.99,Net Banking,East,2.0,30.0,4.0,0,Not Returned,4330.575,2024-12,1-3 days
ORD105058,CUST1763,Grocery,2024-12-25,158.36,1.0,25,39.84,Debit Card,East,3.0,45.0,5.0,0,Not Returned,118.77000000000001,2024-12,1-3 days
ORD102548,CUST1774,Grocery,2025-06-13,204.66,2.0,20,86.27,Cash on Delivery,West,2.0,38.0,3.0,0,Not Returned,327.456,2025-06,1-3 days
ORD104782,CUST3224,Sports,2026-01-24,1700.66,1.0,10,187.23,Credit Card,West,7.0,36.0,4.0,0,Not Returned,1530.594,2026-01,6-7 days
ORD100408,CUST1050,Grocery,2025-08-12,411.17,1.0,0,79.2,Debit Card,Central,1.0,35.0,5.0,0,Not Returned,411.17,2025-08,1-3 days
ORD103391,CUST4308,Beauty,2025-07-11,427.87,1.0,10,9.39,Credit Card,North,4.0,40.0,5.0,0,Not Returned,385.083,2025-07,4-5 days
ORD100164,CUST1281,Sports,2026-07-02,643.19,1.0,5,96.49,Credit Card,South,4.0,43.0,5.0,0,Not Returned,611.0305000000001,2026-07,4-5 days
ORD105709,CUST1537,Fashion,2025-07-12,881.6,1.0,15,76.23,Net Banking,East,6.0,32.0,3.0,1,Better Price Found,749.36,2025-07,6-7 days
ORD102336,CUST1753,Electronics,2025-09-07,4558.5,1.0,0,67.33500000000001,Cash on Delivery,East,7.0,42.0,4.0,0,Not Returned,4558.5,2025-09,6-7 days
ORD104049,CUST1462,Home & Kitchen,2026-01-12,3717.6,3.0,25,51.49,Net Banking,South,7.0,34.0,5.0,0,Not Returned,8364.599999999999,2026-01,6-7 days
ORD102426,CUST2301,Grocery,2026-06-07,263.7,1.0,10,42.69,UPI,East,1.0,45.0,5.0,0,Not Returned,237.32999999999998,2026-06,1-3 days
ORD101087,CUST2227,Fashion,2026-01-19,1236.43,2.0,25,58.74,UPI,West,6.0,33.0,4.0,0,Not Returned,1854.645,2026-01,6-7 days
ORD103770,CUST2563,Home & Kitchen,2025-01-01,1900.16,1.0,0,54.57,Net Banking,Central,4.0,45.0,4.0,0,Not Returned,1900.16,2025-01,4-5 days
ORD104390,CUST1032,Grocery,2026-06-14,293.21,1.0,5,42.21,Debit Card,Central,7.0,29.0,3.0,1,Late Delivery,278.54949999999997,2026-06,6-7 days
ORD102914,CUST3337,Electronics,2025-08-27,4558.5,1.0,0,30.27,Credit Card,West,5.0,29.0,4.0,0,Not Returned,4558.5,2025-08,4-5 days
ORD102860,CUST1731,Books,2026-07-05,516.17,1.0,5,105.79,UPI,North,7.0,27.0,3.0,0,Not Returned,490.3614999999999,2026-07,6-7 days
ORD102363,CUST4167,Books,2026-07-30,431.28,1.0,30,4.85,Credit Card,East,5.0,34.0,4.0,0,Not Returned,301.89599999999996,2026-07,4-5 days
ORD104624,CUST3824,Toys,2025-01-30,879.76,1.0,10,77.28,Cash on Delivery,North,6.0,38.0,4.0,0,Not Returned,791.784,2025-01,6-7 days
ORD103881,CUST1285,Books,2025-01-04,669.81,1.0,5,34.17,Credit Card,South,2.0,35.0,5.0,0,Not Returned,636.3195,2025-01,1-3 days
ORD104123,CUST2564,Fashion,2026-02-15,1461.47,2.0,25,99.71,Net Banking,East,2.0,17.0,4.0,0,Not Returned,2192.205,2026-02,1-3 days
ORD104981,CUST1967,Electronics,2026-07-01,4558.5,1.0,25,47.32,UPI,West,2.0,44.0,3.0,0,Not Returned,3418.875,2026-07,1-3 days
ORD100274,CUST1546,Toys,2024-11-15,947.8,1.0,15,13.34,Net Banking,West,5.0,28.0,3.0,0,Not Returned,805.63,2024-11,4-5 days
ORD101072,CUST3284,Sports,2026-08-10,2565.24,1.0,0,4.85,Net Banking,West,5.0,47.0,3.0,0,Not Returned,2565.24,2026-08,4-5 days
ORD105516,CUST2207,Beauty,2026-06-06,927.05,1.0,0,56.09,Credit Card,North,5.0,49.0,3.0,1,Size Issue,927.05,2026-06,4-5 days
ORD100675,CUST2126,Beauty,2024-10-06,613.0,1.0,10,19.56,Credit Card,South,7.0,17.0,3.0,0,Not Returned,551.7,2024-10,6-7 days
ORD105453,CUST3740,Home & Kitchen,2024-11-08,3720.02,1.0,20,94.58,Net Banking,South,6.0,39.0,4.0,0,Not Returned,2976.016,2024-11,6-7 days
ORD103382,CUST2985,Fashion,2024-09-07,1383.04,3.5,5,97.57,UPI,North,3.0,16.0,4.0,1,Wrong Item Delivered,4598.607999999999,2024-09,1-3 days
ORD103704,CUST4437,Electronics,2026-07-31,4558.5,1.0,5,23.57,Credit Card,West,4.0,42.0,4.0,0,Not Returned,4330.575,2026-07,4-5 days
ORD100585,CUST1397,Sports,2024-11-26,148.0,3.5,15,67.33500000000001,Net Banking,East,5.0,39.0,3.0,0,Not Returned,440.3,2024-11,4-5 days
ORD100837,CUST4458,Home & Kitchen,2024-10-14,2593.22,2.0,0,61.94,Debit Card,Central,5.0,33.0,4.0,0,Not Returned,5186.44,2024-10,4-5 days
ORD102615,CUST2544,Electronics,2026-01-08,4558.5,1.0,30,87.87,UPI,East,7.0,25.0,4.0,0,Not Returned,3190.95,2026-01,6-7 days
ORD102965,CUST3684,Books,2025-04-27,431.11,2.0,0,19.72,UPI,Central,7.0,25.0,1.0,1,Wrong Item Delivered,862.22,2025-04,6-7 days
ORD101437,CUST2307,Sports,2026-07-25,1666.47,2.0,25,80.12,Net Banking,Central,9.0,46.0,5.0,0,Not Returned,2499.705,2026-07,8+ days
ORD101553,CUST1895,Home & Kitchen,2025-07-07,1118.15,1.0,5,47.98,UPI,Central,2.0,31.0,5.0,1,Late Delivery,1062.2425,2025-07,1-3 days
ORD100816,CUST3689,Fashion,2026-01-30,1732.8,1.0,0,95.4,UPI,North,2.0,49.0,4.0,0,Not Returned,1732.8,2026-01,1-3 days
ORD101243,CUST3178,Sports,2025-09-20,2793.74,1.0,0,203.67,Debit Card,Central,1.0,34.0,4.0,0,Not Returned,2793.74,2025-09,1-3 days
ORD104312,CUST3407,Beauty,2025-08-25,1092.0,2.0,5,157.45,UPI,East,4.0,35.0,4.0,0,Not Returned,2074.7999999999997,2025-08,4-5 days
ORD100302,CUST2440,Home & Kitchen,2024-08-23,1693.37,1.0,30,27.1,Net Banking,South,3.0,31.0,4.0,0,Not Returned,1185.359,2024-08,1-3 days
ORD102619,CUST3403,Fashion,2025-12-30,1800.05,1.0,10,115.63,Cash on Delivery,East,8.0,34.0,1.0,0,Not Returned,1620.045,2025-12,8+ days
ORD105753,CUST2625,Fashion,2026-06-20,1351.46,1.0,5,83.9,UPI,South,6.0,34.0,3.0,0,Not Returned,1283.887,2026-06,6-7 days
ORD102678,CUST4276,Sports,2025-01-09,1988.47,1.0,5,52.28,Debit Card,South,4.0,17.0,4.0,0,Not Returned,1889.0465,2025-01,4-5 days
ORD102485,CUST1912,Electronics,2025-05-21,4558.5,1.0,0,15.43,Cash on Delivery,Central,6.0,49.0,4.0,0,Not Returned,4558.5,2025-05,6-7 days
ORD103936,CUST2924,Sports,2025-09-17,508.31,1.0,30,36.76,Net Banking,North,4.0,48.0,5.0,1,Changed Mind,355.817,2025-09,4-5 days
ORD103162,CUST1531,Books,2025-05-04,240.7,1.0,5,90.22,Credit Card,West,5.0,31.0,4.0,0,Not Returned,228.665,2025-05,4-5 days
ORD101063,CUST3335,Fashion,2025-06-07,2221.71,1.0,0,115.54,Debit Card,Central,6.0,34.0,5.0,0,Not Returned,2221.71,2025-06,6-7 days
ORD100872,CUST2699,Toys,2026-06-30,930.6,1.0,10,95.89,Credit Card,Central,4.0,36.0,5.0,1,Changed Mind,837.5400000000001,2026-06,4-5 days
ORD102819,CUST3442,Electronics,2025-08-01,4558.5,1.0,5,18.21,UPI,South,5.0,41.0,4.0,0,Not Returned,4330.575,2025-08,4-5 days
ORD105104,CUST4013,Books,2026-07-28,544.75,2.0,25,37.97,Debit Card,South,4.0,18.0,5.0,1,Late Delivery,817.125,2026-07,4-5 days
ORD100952,CUST4281,Sports,2025-05-11,1291.18,1.0,15,48.42,Net Banking,West,2.0,38.0,3.0,1,Size Issue,1097.503,2025-05,1-3 days
ORD100159,CUST1297,Fashion,2026-06-29,901.25,1.0,10,39.44,Debit Card,Central,6.0,37.0,4.0,0,Not Returned,811.125,2026-06,6-7 days
ORD100923,CUST2292,Home & Kitchen,2026-05-28,1012.185,1.0,30,87.93,Cash on Delivery,East,6.0,30.0,5.0,0,Not Returned,708.5294999999999,2026-05,6-7 days
ORD102770,CUST2113,Electronics,2026-01-08,1012.185,3.0,10,84.46,Net Banking,East,4.0,16.0,3.0,0,Not Returned,2732.8995,2026-01,4-5 days
ORD104155,CUST1580,Sports,2025-09-10,1778.55,1.0,0,93.39,Net Banking,West,7.0,23.0,5.0,0,Not Returned,1778.55,2025-09,6-7 days
ORD105985,CUST2282,Grocery,2025-09-29,502.76,2.0,15,44.49,Cash on Delivery,North,4.0,53.0,3.0,0,Not Returned,854.692,2025-09,4-5 days
ORD104334,CUST1260,Sports,2024-09-11,1626.47,1.0,0,40.46,Credit Card,South,3.0,34.0,1.0,0,Not Returned,1626.47,2024-09,1-3 days
ORD101975,CUST2683,Beauty,2026-05-24,517.53,1.0,20,16.11,Cash on Delivery,North,5.0,26.0,5.0,0,Not Returned,414.024,2026-05,4-5 days
ORD104119,CUST3024,Electronics,2026-04-15,4558.5,1.0,5,39.35,Cash on Delivery,East,1.0,32.0,5.0,0,Not Returned,4330.575,2026-04,1-3 days
ORD104975,CUST3013,Fashion,2024-10-05,1451.33,1.0,5,51.07,Debit Card,North,1.0,26.0,5.0,1,Defective Product,1378.7634999999998,2024-10,1-3 days
ORD103735,CUST1799,Books,2025-11-06,50.0,1.0,0,52.8,Credit Card,East,4.0,41.0,3.0,0,Not Returned,50.0,2025-11,4-5 days
ORD102394,CUST1640,Beauty,2024-09-10,958.67,1.0,15,37.64,Cash on Delivery,Central,6.0,54.0,4.0,0,Not Returned,814.8694999999999,2024-09,6-7 days
ORD105303,CUST1505,Grocery,2026-03-14,362.3,1.0,15,79.73,Credit Card,Central,3.0,36.0,4.0,1,Wrong Item Delivered,307.955,2026-03,1-3 days
ORD103603,CUST4254,Beauty,2024-12-11,659.74,1.0,0,29.47,UPI,Central,5.0,36.0,4.0,0,Not Returned,659.74,2024-12,4-5 days
ORD102056,CUST2714,Beauty,2025-02-24,1294.23,1.0,15,62.66,UPI,North,5.0,37.0,3.0,0,Not Returned,1100.0955,2025-02,4-5 days
ORD104324,CUST2977,Beauty,2024-10-21,779.1,2.0,5,89.21,UPI,North,2.0,22.0,5.0,0,Not Returned,1480.29,2024-10,1-3 days
ORD100489,CUST3493,Electronics,2026-07-31,4558.5,1.0,5,67.33500000000001,Credit Card,North,5.0,25.0,5.0,1,Not as Described,4330.575,2026-07,4-5 days
ORD103713,CUST2836,Toys,2024-12-05,624.84,1.0,15,77.8,Cash on Delivery,North,9.0,41.0,1.0,0,Not Returned,531.114,2024-12,8+ days
ORD100385,CUST1996,Beauty,2025-06-10,406.03,2.0,10,52.68,Cash on Delivery,West,5.0,31.0,5.0,0,Not Returned,730.8539999999999,2025-06,4-5 days
ORD103488,CUST3189,Fashion,2024-10-24,978.79,3.0,15,52.41,Debit Card,West,2.0,17.0,5.0,0,Not Returned,2495.9145,2024-10,1-3 days
ORD102283,CUST3909,Sports,2025-11-27,2965.0,1.0,0,61.2,Cash on Delivery,East,6.0,20.0,4.0,0,Not Returned,2965.0,2025-11,6-7 days
ORD104111,CUST1203,Beauty,2026-05-03,914.54,1.0,30,37.65,Cash on Delivery,South,5.0,16.0,3.0,0,Not Returned,640.1779999999999,2026-05,4-5 days
ORD101824,CUST1897,Electronics,2025-04-09,4558.5,1.0,15,40.84,Cash on Delivery,North,1.0,28.0,5.0,0,Not Returned,3874.725,2025-04,1-3 days
ORD104365,CUST2477,Grocery,2026-02-21,608.64,1.0,0,37.65,UPI,Central,6.0,40.0,5.0,0,Not Returned,608.64,2026-02,6-7 days
ORD104419,CUST2388,Home & Kitchen,2024-08-22,1733.48,3.5,0,201.41,Credit Card,North,3.0,16.0,3.0,0,Not Returned,6067.18,2024-08,1-3 days
ORD101588,CUST3111,Beauty,2024-10-26,464.44,2.0,15,64.03,UPI,Central,5.0,38.0,4.0,0,Not Returned,789.548,2024-10,4-5 days
ORD103348,CUST2575,Grocery,2026-04-10,340.55,2.0,20,76.84,Net Banking,Central,6.0,41.0,4.0,0,Not Returned,544.88,2026-04,6-7 days
ORD105883,CUST4194,Sports,2025-02-14,1688.98,2.0,0,37.52,Debit Card,Central,5.0,34.0,5.0,0,Not Returned,3377.96,2025-02,4-5 days
ORD101751,CUST1948,Home & Kitchen,2024-09-20,1877.39,3.0,0,13.86,Net Banking,Central,6.0,24.0,5.0,0,Not Returned,5632.17,2024-09,6-7 days
ORD101231,CUST2721,Books,2025-12-04,314.54,1.0,0,48.07,Debit Card,Central,6.0,24.0,4.0,1,Better Price Found,314.54,2025-12,6-7 days
ORD104089,CUST2641,Electronics,2024-11-26,4558.5,1.0,0,62.35,UPI,South,3.0,36.0,5.0,0,Not Returned,4558.5,2024-11,1-3 days
ORD103160,CUST3152,Books,2025-04-07,218.5,1.0,15,28.1,Debit Card,East,4.0,16.0,4.0,0,Not Returned,185.725,2025-04,4-5 days
ORD100963,CUST1563,Sports,2024-10-14,1229.33,3.5,0,32.93,Credit Card,West,6.0,20.0,5.0,0,Not Returned,4302.655,2024-10,6-7 days
ORD104593,CUST4363,Sports,2024-08-24,2791.45,1.0,15,43.84,Credit Card,West,3.0,21.0,3.0,0,Not Returned,2372.7324999999996,2024-08,1-3 days
ORD100352,CUST3709,Home & Kitchen,2025-09-12,2185.32,1.0,10,83.46,Net Banking,East,4.0,16.0,2.0,0,Not Returned,1966.7880000000002,2025-09,4-5 days
ORD101838,CUST3426,Books,2024-12-25,467.61,1.0,30,104.92,Debit Card,East,6.0,16.0,2.0,0,Not Returned,327.327,2024-12,6-7 days
ORD103945,CUST2428,Beauty,2026-04-22,280.35,1.0,20,72.53,UPI,Central,8.0,54.0,4.0,0,Not Returned,224.28000000000003,2026-04,8+ days
ORD105664,CUST3290,Beauty,2026-02-15,564.26,1.0,5,70.82,Credit Card,West,4.0,39.0,4.0,0,Not Returned,536.0469999999999,2026-02,4-5 days
ORD100001,CUST2003,Beauty,2026-02-12,557.68,1.0,5,43.06,Credit Card,Central,6.0,17.0,2.0,0,Not Returned,529.7959999999999,2026-02,6-7 days
ORD105244,CUST3395,Books,2025-09-02,356.34,1.0,0,73.84,Debit Card,North,5.0,37.0,3.0,0,Not Returned,356.34,2025-09,4-5 days
ORD104381,CUST3627,Books,2025-12-14,317.71,2.0,0,81.39,Cash on Delivery,Central,5.0,29.0,5.0,1,Better Price Found,635.42,2025-12,4-5 days
ORD105905,CUST1128,Grocery,2025-11-05,315.8,1.0,10,152.99,Cash on Delivery,North,2.0,21.0,5.0,0,Not Returned,284.22,2025-11,1-3 days
ORD100783,CUST3569,Books,2025-04-12,147.52,1.0,5,140.55,Cash on Delivery,North,4.0,21.0,2.0,0,Not Returned,140.144,2025-04,4-5 days
ORD105110,CUST3865,Sports,2026-08-10,1589.31,1.0,0,65.92,Net Banking,South,5.0,36.0,2.0,0,Not Returned,1589.31,2026-08,4-5 days
ORD102396,CUST4263,Home & Kitchen,2026-02-15,2854.4,3.5,15,124.7,Credit Card,North,9.0,42.0,3.0,0,Not Returned,8491.84,2026-02,8+ days
ORD100068,CUST1647,Toys,2025-03-21,879.18,1.0,0,21.65,UPI,Central,7.0,27.0,3.0,0,Not Returned,879.18,2025-03,6-7 days
ORD100403,CUST3187,Beauty,2024-08-29,522.56,2.0,0,45.9,Cash on Delivery,West,6.0,52.0,5.0,0,Not Returned,1045.12,2024-08,6-7 days
ORD103434,CUST2439,Books,2026-01-02,519.27,1.0,10,32.12,Net Banking,South,4.0,23.0,5.0,0,Not Returned,467.343,2026-01,4-5 days
ORD104462,CUST3415,Sports,2024-11-30,1326.87,1.0,20,19.49,Credit Card,Central,2.0,32.0,2.0,0,Not Returned,1061.4959999999999,2024-11,1-3 days
ORD105506,CUST2107,Toys,2026-06-27,999.5,1.0,0,58.65,Net Banking,Central,3.0,25.0,3.0,0,Not Returned,999.5,2026-06,1-3 days
ORD104273,CUST1553,Electronics,2024-10-22,1012.185,1.0,20,74.48,UPI,South,5.0,28.0,2.0,0,Not Returned,809.748,2024-10,4-5 days
ORD103428,CUST3775,Home & Kitchen,2025-09-03,4558.5,1.0,0,25.03,Cash on Delivery,Central,4.0,16.0,5.0,0,Not Returned,4558.5,2025-09,4-5 days
ORD102139,CUST3480,Books,2025-03-04,332.22,1.0,5,167.29,Credit Card,West,4.0,33.0,4.0,1,Better Price Found,315.60900000000004,2025-03,4-5 days
ORD101200,CUST4284,Fashion,2026-02-23,608.13,1.0,5,90.01,Debit Card,North,6.0,18.0,5.0,0,Not Returned,577.7235,2026-02,6-7 days
ORD102915,CUST1633,Electronics,2026-06-26,4558.5,1.0,30,43.3,UPI,East,7.0,27.0,3.0,0,Not Returned,3190.95,2026-06,6-7 days
ORD102300,CUST2853,Beauty,2025-05-08,50.0,2.0,10,140.5,UPI,East,6.0,23.0,4.0,0,Not Returned,90.0,2025-05,6-7 days
ORD103486,CUST3589,Electronics,2025-06-07,4558.5,1.0,0,159.68,Credit Card,Central,10.5,26.0,5.0,0,Not Returned,4558.5,2025-06,8+ days
ORD101577,CUST1242,Home & Kitchen,2025-06-15,2277.13,2.0,15,67.33500000000001,Net Banking,West,7.0,31.0,5.0,0,Not Returned,3871.121,2025-06,6-7 days
ORD102719,CUST4498,Grocery,2024-12-19,441.21,1.0,0,38.24,Credit Card,Central,4.0,26.0,5.0,0,Not Returned,441.21,2024-12,4-5 days
ORD102241,CUST4366,Fashion,2025-08-13,165.17,1.0,10,8.76,Cash on Delivery,West,6.0,52.0,5.0,0,Not Returned,148.653,2025-08,6-7 days
ORD102774,CUST1559,Toys,2024-10-08,1065.58,1.0,10,160.59,UPI,East,5.0,35.0,4.0,0,Not Returned,959.0219999999999,2024-10,4-5 days
ORD101507,CUST3364,Grocery,2026-03-23,379.73,1.0,20,33.71,Debit Card,Central,4.0,37.0,4.0,0,Not Returned,303.78400000000005,2026-03,4-5 days
ORD103749,CUST2439,Fashion,2025-03-15,1012.185,1.0,0,101.58,Credit Card,South,6.0,30.0,4.0,0,Not Returned,1012.185,2025-03,6-7 days
ORD102493,CUST1615,Home & Kitchen,2025-03-12,2092.88,2.0,0,149.57,Net Banking,West,3.0,26.0,4.0,0,Not Returned,4185.76,2025-03,1-3 days
ORD105198,CUST1563,Home & Kitchen,2024-12-16,1759.84,2.0,5,35.83,Net Banking,West,3.0,35.0,4.0,0,Not Returned,3343.696,2024-12,1-3 days
ORD100538,CUST2297,Grocery,2025-05-23,353.4,1.0,20,46.82,Net Banking,Central,7.0,17.0,4.0,0,Not Returned,282.71999999999997,2025-05,6-7 days
ORD101330,CUST4350,Grocery,2026-04-29,452.73,1.0,5,107.79,Credit Card,West,2.0,34.0,5.0,0,Not Returned,430.0935,2026-04,1-3 days
ORD102303,CUST3298,Books,2026-02-12,409.46,3.0,10,60.18,UPI,West,3.0,29.0,1.0,0,Not Returned,1105.542,2026-02,1-3 days
ORD102499,CUST2962,Electronics,2025-12-25,4558.5,1.0,0,130.52,Debit Card,South,2.0,27.0,5.0,0,Not Returned,4558.5,2025-12,1-3 days
ORD101612,CUST3820,Home & Kitchen,2025-01-13,2808.91,1.0,5,32.27,Cash on Delivery,East,2.0,30.0,4.0,0,Not Returned,2668.4644999999996,2025-01,1-3 days
ORD101488,CUST3853,Toys,2025-07-05,707.32,1.0,10,39.82,Net Banking,South,3.0,46.0,4.0,0,Not Returned,636.5880000000001,2025-07,1-3 days
ORD102018,CUST2583,Electronics,2025-03-15,4558.5,1.0,0,87.42,UPI,South,3.0,16.0,4.0,0,Not Returned,4558.5,2025-03,1-3 days
ORD101744,CUST2541,Fashion,2026-02-24,1038.07,3.0,0,203.85999999999999,Net Banking,Central,6.0,20.0,4.0,0,Not Returned,3114.21,2026-02,6-7 days
ORD104914,CUST4401,Home & Kitchen,2026-03-24,1012.185,2.0,15,67.33500000000001,UPI,North,6.0,23.0,1.0,0,Not Returned,1720.7144999999998,2026-03,6-7 days
ORD105784,CUST3838,Beauty,2025-05-05,738.62,1.0,30,1.25,UPI,South,5.0,48.0,1.0,1,Defective Product,517.034,2025-05,4-5 days
ORD105584,CUST2755,Toys,2024-12-07,931.95,3.0,15,64.51,Debit Card,North,7.0,16.0,3.0,1,Defective Product,2376.4725000000003,2024-12,6-7 days
ORD104606,CUST3838,Home & Kitchen,2024-09-04,680.87,1.0,10,124.81,Cash on Delivery,North,4.0,29.0,4.0,0,Not Returned,612.783,2024-09,4-5 days
ORD101393,CUST2457,Electronics,2025-08-12,2535.03,2.0,5,75.72,Net Banking,North,4.0,48.0,4.0,0,Not Returned,4816.557,2025-08,4-5 days
ORD101508,CUST3199,Toys,2024-11-01,570.93,3.5,10,93.02,Credit Card,West,8.0,41.0,4.0,0,Not Returned,1798.4295,2024-11,8+ days
ORD101194,CUST1904,Toys,2025-05-14,1288.18,1.0,30,118.62,UPI,Central,4.0,27.0,3.0,1,Wrong Item Delivered,901.726,2025-05,4-5 days
ORD105488,CUST3103,Toys,2025-09-12,926.4,2.0,0,24.9,UPI,East,6.0,29.0,4.0,1,Size Issue,1852.8,2025-09,6-7 days
ORD105898,CUST1312,Toys,2026-07-21,511.19,1.0,0,68.81,Credit Card,West,2.0,29.0,1.0,0,Not Returned,511.19,2026-07,1-3 days
ORD103800,CUST1314,Home & Kitchen,2025-09-10,2479.76,1.0,0,123.45,Credit Card,West,4.0,34.0,4.0,0,Not Returned,2479.76,2025-09,4-5 days
ORD104677,CUST1033,Home & Kitchen,2025-03-19,2612.45,3.0,0,203.85999999999999,Credit Card,North,4.0,31.0,2.0,0,Not Returned,7837.349999999999,2025-03,4-5 days
ORD104926,CUST2879,Grocery,2025-05-30,235.46,1.0,5,203.85999999999999,Cash on Delivery,North,6.0,26.0,4.0,0,Not Returned,223.68699999999998,2025-05,6-7 days
ORD101931,CUST1757,Home & Kitchen,2025-09-20,2687.76,1.0,0,35.38,Net Banking,East,3.0,17.0,5.0,0,Not Returned,2687.76,2025-09,1-3 days
ORD102812,CUST1966,Fashion,2026-07-31,1072.45,1.0,0,147.4,Credit Card,South,4.0,59.0,3.0,0,Not Returned,1072.45,2026-07,4-5 days
ORD103974,CUST2177,Fashion,2025-09-14,1673.26,2.0,25,89.15,UPI,Central,4.0,16.0,4.0,0,Not Returned,2509.89,2025-09,4-5 days
ORD102539,CUST2974,Grocery,2026-07-05,330.07,2.0,15,24.79,Debit Card,North,6.0,28.0,4.0,1,Defective Product,561.119,2026-07,6-7 days
ORD102669,CUST2716,Beauty,2025-06-24,976.41,1.0,20,105.22,Net Banking,Central,5.0,39.0,5.0,0,Not Returned,781.128,2025-06,4-5 days
ORD103719,CUST1639,Beauty,2026-06-28,361.54,3.0,0,49.96,Net Banking,Central,4.0,19.0,5.0,1,Not as Described,1084.6200000000001,2026-06,4-5 days
ORD103248,CUST1291,Toys,2025-02-13,564.67,1.0,5,105.14,Net Banking,Central,6.0,33.0,4.0,1,Late Delivery,536.4364999999999,2025-02,6-7 days
ORD104759,CUST2820,Home & Kitchen,2024-10-19,2092.11,1.0,10,74.9,Debit Card,Central,1.0,22.0,5.0,0,Not Returned,1882.8990000000001,2024-10,1-3 days
ORD102822,CUST3809,Toys,2025-08-19,993.0,2.0,0,29.76,Credit Card,North,1.0,34.0,4.0,1,Size Issue,1986.0,2025-08,1-3 days
ORD100573,CUST4399,Toys,2025-03-22,740.42,1.0,0,31.72,Net Banking,Central,4.0,26.0,5.0,1,Not as Described,740.42,2025-03,4-5 days
ORD100696,CUST3402,Books,2025-09-29,253.63,2.0,0,65.32,Debit Card,West,5.0,41.0,5.0,1,Late Delivery,507.26,2025-09,4-5 days
ORD105732,CUST2174,Toys,2024-09-16,429.9,1.0,20,48.08,Cash on Delivery,Central,9.0,31.0,2.0,0,Not Returned,343.92,2024-09,8+ days
ORD105473,CUST3254,Toys,2025-01-06,740.75,1.0,5,78.27,Cash on Delivery,East,4.0,28.0,4.0,0,Not Returned,703.7125,2025-01,4-5 days
ORD105803,CUST2721,Toys,2026-08-04,849.65,1.0,25,22.83,Debit Card,Central,10.5,37.0,5.0,1,Better Price Found,637.2375,2026-08,8+ days
ORD105188,CUST2601,Beauty,2026-02-23,502.15,1.0,10,69.69,Cash on Delivery,North,3.0,26.0,4.0,1,Changed Mind,451.935,2026-02,1-3 days
ORD102187,CUST3803,Books,2025-11-08,361.56,1.0,25,159.54,Cash on Delivery,East,1.0,40.0,5.0,0,Not Returned,271.17,2025-11,1-3 days
ORD104022,CUST1172,Fashion,2025-12-02,854.05,1.0,0,2.7,Cash on Delivery,Central,2.0,33.0,4.0,1,Changed Mind,854.05,2025-12,1-3 days
ORD105017,CUST2045,Electronics,2025-07-03,4558.5,1.0,10,14.7,Debit Card,East,5.0,31.0,2.0,0,Not Returned,4102.650000000001,2025-07,4-5 days
ORD102045,CUST2134,Electronics,2025-04-13,4558.5,2.0,20,172.46,Credit Card,East,2.0,44.0,1.0,1,Wrong Item Delivered,7293.6,2025-04,1-3 days
ORD100282,CUST2944,Beauty,2026-02-13,946.84,1.0,10,21.64,Debit Card,North,6.0,17.0,1.0,0,Not Returned,852.1560000000001,2026-02,6-7 days
ORD100258,CUST1920,Fashion,2025-12-23,908.22,1.0,0,47.69,Debit Card,West,5.0,33.0,1.0,0,Not Returned,908.22,2025-12,4-5 days
ORD102664,CUST2063,Home & Kitchen,2025-05-10,4277.08,3.5,25,19.66,UPI,Central,4.0,34.0,3.0,0,Not Returned,11227.335,2025-05,4-5 days
ORD105106,CUST2984,Books,2025-02-05,446.1,1.0,20,13.83,Net Banking,South,3.0,43.0,5.0,1,Defective Product,356.88000000000005,2025-02,1-3 days
ORD103233,CUST4138,Sports,2024-11-02,3511.02,2.0,5,203.85999999999999,Debit Card,North,3.0,21.0,5.0,0,Not Returned,6670.938,2024-11,1-3 days
ORD100725,CUST1644,Grocery,2025-07-16,467.83,1.0,10,31.54,Cash on Delivery,Central,8.0,31.0,5.0,0,Not Returned,421.04699999999997,2025-07,8+ days
ORD101636,CUST3773,Beauty,2025-11-30,780.27,3.0,10,203.42,Credit Card,South,4.0,34.0,4.0,0,Not Returned,2106.729,2025-11,4-5 days
ORD104773,CUST1403,Home & Kitchen,2026-06-27,4558.5,1.0,25,39.23,Credit Card,East,2.0,19.0,5.0,0,Not Returned,3418.875,2026-06,1-3 days
ORD100055,CUST1566,Electronics,2025-05-10,3153.56,1.0,25,172.52,Credit Card,Central,5.0,48.0,4.0,0,Not Returned,2365.17,2025-05,4-5 days
ORD105828,CUST1424,Toys,2026-07-01,755.7,1.0,30,161.13,Debit Card,West,5.0,36.0,5.0,1,Changed Mind,528.99,2026-07,4-5 days
ORD101411,CUST3445,Sports,2025-09-28,2389.47,1.0,0,33.69,Debit Card,North,2.0,34.0,4.0,0,Not Returned,2389.47,2025-09,1-3 days
ORD102214,CUST2651,Home & Kitchen,2025-12-02,3100.5,2.0,25,51.19,UPI,Central,5.0,37.0,5.0,0,Not Returned,4650.75,2025-12,4-5 days
ORD105993,CUST2322,Grocery,2024-11-28,220.31,3.0,5,71.03,Net Banking,South,4.0,43.0,5.0,0,Not Returned,627.8835,2024-11,4-5 days
ORD102935,CUST4479,Home & Kitchen,2026-02-16,2509.37,1.0,20,123.4,Cash on Delivery,West,5.0,32.0,5.0,0,Not Returned,2007.496,2026-02,4-5 days
ORD100888,CUST1455,Grocery,2025-09-08,430.56,1.0,5,74.05,UPI,Central,1.0,53.0,4.0,0,Not Returned,409.032,2025-09,1-3 days
ORD102954,CUST2969,Home & Kitchen,2026-02-27,1123.24,1.0,0,42.53,UPI,South,2.0,26.0,4.0,0,Not Returned,1123.24,2026-02,1-3 days
ORD101687,CUST2001,Beauty,2025-02-09,936.46,3.0,10,138.37,UPI,South,7.0,43.0,3.0,0,Not Returned,2528.442,2025-02,6-7 days
ORD101819,CUST2470,Grocery,2026-03-13,102.61,3.5,25,166.67,Cash on Delivery,Central,2.0,32.0,4.0,0,Not Returned,269.35125,2026-03,1-3 days
ORD103703,CUST1746,Beauty,2025-09-14,849.95,2.0,20,49.41,Credit Card,South,7.0,31.0,5.0,0,Not Returned,1359.92,2025-09,6-7 days
ORD101972,CUST3304,Home & Kitchen,2026-06-26,4028.68,3.5,0,80.77,UPI,South,6.0,51.0,5.0,0,Not Returned,14100.38,2026-06,6-7 days
ORD104701,CUST1027,Books,2024-12-31,626.42,2.0,20,28.13,UPI,South,6.0,36.0,5.0,0,Not Returned,1002.2719999999999,2024-12,6-7 days
ORD102286,CUST3732,Grocery,2025-10-10,394.74,2.0,0,88.51,Credit Card,North,3.0,32.0,3.0,0,Not Returned,789.48,2025-10,1-3 days
ORD105910,CUST2042,Beauty,2025-09-04,937.23,1.0,10,105.74,UPI,South,2.0,34.0,4.0,0,Not Returned,843.5070000000001,2025-09,1-3 days
ORD105016,CUST4125,Home & Kitchen,2024-12-15,1992.08,1.0,0,29.16,UPI,East,5.0,29.0,5.0,1,Better Price Found,1992.08,2024-12,4-5 days
ORD102848,CUST3538,Sports,2026-05-26,1210.01,1.0,15,28.78,Cash on Delivery,West,7.0,36.0,5.0,0,Not Returned,1028.5085,2026-05,6-7 days
ORD104713,CUST2072,Toys,2024-12-25,1207.78,2.0,20,146.9,Credit Card,Central,2.0,16.0,5.0,0,Not Returned,1932.448,2024-12,1-3 days
ORD100123,CUST3254,Beauty,2025-07-08,447.47,1.0,15,64.13,UPI,East,3.0,33.0,4.0,0,Not Returned,380.34950000000003,2025-07,1-3 days
ORD104430,CUST3385,Books,2025-04-15,347.75,1.0,15,54.84,UPI,South,4.0,37.0,3.0,0,Not Returned,295.5875,2025-04,4-5 days
ORD105678,CUST2266,Books,2026-02-23,637.9,1.0,5,68.18,Credit Card,South,4.0,39.0,1.0,0,Not Returned,606.005,2026-02,4-5 days
ORD104400,CUST3201,Sports,2024-10-19,1008.3,2.0,25,65.51,Cash on Delivery,West,6.0,29.0,5.0,0,Not Returned,1512.4499999999998,2024-10,6-7 days
ORD100980,CUST1265,Books,2025-04-29,308.91,1.0,15,51.18,UPI,East,2.0,24.0,4.0,1,Changed Mind,262.5735,2025-04,1-3 days
ORD100175,CUST3477,Sports,2025-03-06,1248.86,2.0,25,144.77,Cash on Delivery,North,2.0,41.0,1.0,1,Defective Product,1873.29,2025-03,1-3 days
ORD100581,CUST1778,Home & Kitchen,2025-01-26,4204.71,1.0,15,66.3,Debit Card,South,5.0,42.0,5.0,0,Not Returned,3574.0035,2025-01,4-5 days
ORD104925,CUST1049,Sports,2025-12-10,2712.08,3.5,5,32.74,UPI,East,5.0,45.0,4.0,0,Not Returned,9017.666,2025-12,4-5 days
ORD101616,CUST2523,Grocery,2025-02-18,387.37,2.0,10,106.46,Net Banking,South,1.0,16.0,5.0,0,Not Returned,697.2660000000001,2025-02,1-3 days
ORD105417,CUST2990,Beauty,2025-03-18,701.59,1.0,10,25.58,Debit Card,South,4.0,30.0,4.0,1,Wrong Item Delivered,631.431,2025-03,4-5 days
ORD102876,CUST3166,Toys,2025-11-12,1441.8,2.0,5,52.53,Cash on Delivery,North,5.0,45.0,5.0,0,Not Returned,2739.4199999999996,2025-11,4-5 days
ORD105529,CUST2100,Beauty,2025-01-27,773.4,2.0,0,168.77,Credit Card,Central,3.0,35.0,4.0,0,Not Returned,1546.8,2025-01,1-3 days
ORD103243,CUST1419,Sports,2025-10-02,1755.73,2.0,25,41.88,Credit Card,West,6.0,42.0,4.0,0,Not Returned,2633.5950000000003,2025-10,6-7 days
ORD101861,CUST1413,Sports,2025-06-04,418.11,1.0,25,50.12,Net Banking,East,7.0,31.0,5.0,0,Not Returned,313.5825,2025-06,6-7 days
ORD103575,CUST4106,Books,2026-03-30,495.08,1.0,25,55.82,UPI,South,4.0,44.0,4.0,0,Not Returned,371.31,2026-03,4-5 days
ORD103606,CUST1940,Toys,2026-07-29,731.35,1.0,30,30.12,Credit Card,North,5.0,38.0,4.0,0,Not Returned,511.945,2026-07,4-5 days
ORD105813,CUST2695,Grocery,2026-08-19,445.53,1.0,20,23.11,Cash on Delivery,North,6.0,29.0,4.0,1,Not as Described,356.424,2026-08,6-7 days
ORD102974,CUST1223,Fashion,2024-11-09,1893.22,1.0,20,23.27,Credit Card,West,3.0,34.0,5.0,0,Not Returned,1514.576,2024-11,1-3 days
ORD104505,CUST3162,Home & Kitchen,2025-06-18,288.77,1.0,10,149.62,Net Banking,Central,3.0,24.0,1.0,0,Not Returned,259.893,2025-06,1-3 days
ORD104771,CUST3636,Fashion,2025-08-28,542.46,1.0,5,127.21,Debit Card,West,3.0,16.0,5.0,0,Not Returned,515.337,2025-08,1-3 days
ORD100297,CUST2595,Sports,2026-04-19,2037.24,2.0,0,117.84,Credit Card,Central,5.0,26.0,3.0,0,Not Returned,4074.48,2026-04,4-5 days
ORD100925,CUST4339,Fashion,2025-06-06,2026.37,1.0,0,98.62,Net Banking,South,7.0,38.0,3.0,0,Not Returned,2026.37,2025-06,6-7 days
ORD104118,CUST2858,Home & Kitchen,2026-06-22,3305.3,1.0,10,43.79,UPI,West,4.0,42.0,4.0,0,Not Returned,2974.7700000000004,2026-06,4-5 days
ORD105545,CUST3642,Fashion,2025-02-14,1028.51,2.0,0,14.99,Cash on Delivery,North,3.0,35.0,3.0,1,Defective Product,2057.02,2025-02,1-3 days
ORD102115,CUST3813,Toys,2025-07-02,1069.85,1.0,15,50.9,Net Banking,Central,4.0,38.0,4.0,0,Not Returned,909.3725,2025-07,4-5 days
ORD104824,CUST1727,Books,2025-12-25,358.15,1.0,25,155.84,Debit Card,Central,4.0,30.0,1.0,0,Not Returned,268.61249999999995,2025-12,4-5 days
ORD101307,CUST4288,Home & Kitchen,2025-07-25,3937.86,1.0,15,57.92,Net Banking,West,5.0,37.0,5.0,1,Size Issue,3347.181,2025-07,4-5 days
ORD104767,CUST1957,Sports,2024-12-28,1755.31,1.0,5,139.24,Debit Card,Central,4.0,30.0,3.0,0,Not Returned,1667.5445,2024-12,4-5 days
ORD101672,CUST2630,Sports,2026-07-13,1343.64,1.0,30,25.77,Net Banking,East,3.0,61.0,2.0,1,Defective Product,940.548,2026-07,1-3 days
ORD101199,CUST2928,Grocery,2025-09-24,295.86,1.0,0,57.62,UPI,South,3.0,50.0,4.0,0,Not Returned,295.86,2025-09,1-3 days
ORD102229,CUST4458,Beauty,2026-04-07,588.26,1.0,20,47.81,UPI,West,5.0,34.0,5.0,1,Wrong Item Delivered,470.608,2026-04,4-5 days
ORD100293,CUST1876,Beauty,2024-12-08,926.42,1.0,20,21.37,Net Banking,Central,7.0,44.0,4.0,0,Not Returned,741.136,2024-12,6-7 days
ORD102690,CUST3579,Home & Kitchen,2025-08-02,3395.5,1.0,20,125.35,Net Banking,East,5.0,28.0,4.0,0,Not Returned,2716.4,2025-08,4-5 days
ORD104222,CUST3005,Grocery,2025-08-28,320.36,1.0,0,180.35,Debit Card,East,7.0,24.0,2.0,0,Not Returned,320.36,2025-08,6-7 days
ORD102579,CUST2077,Fashion,2024-10-22,2121.4,2.0,0,28.85,Debit Card,West,1.0,27.0,1.0,0,Not Returned,4242.8,2024-10,1-3 days
ORD105466,CUST1790,Beauty,2026-04-08,409.14,1.0,15,199.49,UPI,North,4.0,25.0,5.0,1,Size Issue,347.769,2026-04,4-5 days
ORD100692,CUST4406,Home & Kitchen,2024-10-07,3630.55,1.0,20,34.98,Debit Card,East,4.0,61.0,1.0,1,Late Delivery,2904.4400000000005,2024-10,4-5 days
ORD100686,CUST4389,Home & Kitchen,2025-06-17,2572.43,1.0,5,68.58,Net Banking,East,3.0,29.0,5.0,1,Late Delivery,2443.8084999999996,2025-06,1-3 days
ORD100817,CUST3468,Home & Kitchen,2026-07-24,190.95,1.0,0,158.16,Net Banking,West,5.0,52.0,4.0,0,Not Returned,190.95,2026-07,4-5 days
ORD100216,CUST1284,Home & Kitchen,2025-03-10,2478.83,1.0,15,45.44,Cash on Delivery,East,5.0,29.0,5.0,0,Not Returned,2107.0054999999998,2025-03,4-5 days
ORD103325,CUST4361,Electronics,2026-01-15,4558.5,1.0,15,21.18,Debit Card,East,3.0,28.0,1.0,0,Not Returned,3874.725,2026-01,1-3 days
ORD104248,CUST3062,Grocery,2024-10-17,329.25,2.0,10,68.94,UPI,West,6.0,27.0,3.0,0,Not Returned,592.65,2024-10,6-7 days
ORD105494,CUST3342,Electronics,2024-08-21,4558.5,2.0,5,106.28,UPI,Central,7.0,43.0,5.0,0,Not Returned,8661.15,2024-08,6-7 days
ORD103889,CUST2640,Books,2024-12-01,484.53,2.0,5,79.63,Net Banking,West,5.0,55.0,2.0,0,Not Returned,920.6069999999999,2024-12,4-5 days
ORD105646,CUST3959,Sports,2025-07-28,982.41,2.0,25,203.85999999999999,UPI,Central,4.0,37.0,2.0,0,Not Returned,1473.615,2025-07,4-5 days
ORD105872,CUST3575,Grocery,2025-07-04,1012.185,3.0,5,39.95,Net Banking,Central,7.0,31.0,4.0,1,Size Issue,2884.72725,2025-07,6-7 days
ORD100478,CUST4378,Beauty,2026-05-13,307.93,1.0,15,68.48,Debit Card,West,1.0,42.0,3.0,0,Not Returned,261.7405,2026-05,1-3 days
ORD105704,CUST1659,Beauty,2026-03-04,712.47,2.0,5,17.97,Credit Card,Central,4.0,41.0,4.0,1,Changed Mind,1353.693,2026-03,4-5 days
ORD105457,CUST4043,Books,2026-04-03,521.73,1.0,0,40.78,Credit Card,North,5.0,37.0,4.0,0,Not Returned,521.73,2026-04,4-5 days
ORD103198,CUST4274,Fashion,2026-01-02,4558.5,1.0,5,79.59,Cash on Delivery,North,4.0,33.0,5.0,0,Not Returned,4330.575,2026-01,4-5 days
ORD100812,CUST3651,Grocery,2026-03-18,107.88,1.0,15,103.8,Credit Card,West,6.0,34.0,4.0,1,Not as Described,91.698,2026-03,6-7 days
ORD104346,CUST1433,Home & Kitchen,2026-02-22,3404.92,1.0,5,94.54,Credit Card,North,1.0,23.0,1.0,0,Not Returned,3234.674,2026-02,1-3 days
ORD100843,CUST2543,Home & Kitchen,2024-11-22,4558.5,1.0,5,102.15,Credit Card,Central,2.0,34.0,2.0,0,Not Returned,4330.575,2024-11,1-3 days
ORD103056,CUST1753,Grocery,2025-12-06,272.49,1.0,5,6.62,Debit Card,Central,6.0,49.0,3.0,0,Not Returned,258.8655,2025-12,6-7 days
ORD102375,CUST1358,Sports,2025-04-18,2123.67,1.0,0,68.47,Cash on Delivery,North,4.0,35.0,5.0,1,Not as Described,2123.67,2025-04,4-5 days
ORD104069,CUST2218,Home & Kitchen,2026-02-23,1542.1,1.0,20,67.33500000000001,Cash on Delivery,West,3.0,35.0,1.0,0,Not Returned,1233.68,2026-02,1-3 days
ORD102032,CUST2542,Electronics,2025-03-08,4558.5,2.0,25,67.33500000000001,Debit Card,East,7.0,51.0,3.0,0,Not Returned,6837.75,2025-03,6-7 days
ORD100967,CUST1762,Beauty,2024-09-06,441.43,3.0,20,203.85999999999999,Debit Card,Central,6.0,54.0,5.0,0,Not Returned,1059.432,2024-09,6-7 days
ORD105544,CUST2746,Electronics,2024-12-01,4558.5,1.0,10,37.31,Cash on Delivery,West,6.0,39.0,3.0,0,Not Returned,4102.650000000001,2024-12,6-7 days
ORD105386,CUST2533,Sports,2025-07-29,1052.36,3.5,5,43.77,Debit Card,South,5.0,37.0,4.0,0,Not Returned,3499.0969999999998,2025-07,4-5 days
ORD100972,CUST2169,Beauty,2026-08-17,605.4,1.0,10,134.04,Credit Card,Central,5.0,26.0,4.0,0,Not Returned,544.86,2026-08,4-5 days
ORD101896,CUST2537,Beauty,2025-05-02,894.69,1.0,5,67.33500000000001,UPI,South,7.0,40.0,3.0,1,Defective Product,849.9555,2025-05,6-7 days
ORD104342,CUST3111,Electronics,2026-05-04,4558.5,1.0,0,108.79,Credit Card,Central,3.0,32.0,4.0,1,Changed Mind,4558.5,2026-05,1-3 days
ORD102704,CUST2173,Beauty,2025-05-24,266.7,3.5,25,26.49,Net Banking,East,4.0,42.0,1.0,1,Better Price Found,700.0875,2025-05,4-5 days
ORD105088,CUST2458,Beauty,2025-11-08,548.95,2.0,15,83.48,Cash on Delivery,North,4.0,16.0,2.0,0,Not Returned,933.215,2025-11,4-5 days
ORD103374,CUST1686,Home & Kitchen,2025-03-22,3546.96,1.0,0,49.56,Cash on Delivery,West,1.0,19.0,4.0,0,Not Returned,3546.96,2025-03,1-3 days
ORD105041,CUST3050,Toys,2026-01-06,471.39,1.0,25,50.45,Net Banking,South,7.0,40.0,4.0,1,Changed Mind,353.5425,2026-01,6-7 days
ORD105086,CUST2479,Electronics,2025-02-10,4558.5,1.0,0,58.16,UPI,North,4.0,41.0,1.0,0,Not Returned,4558.5,2025-02,4-5 days
ORD105352,CUST3708,Fashion,2026-08-15,935.13,1.0,0,29.66,Cash on Delivery,Central,1.0,34.0,3.0,0,Not Returned,935.13,2026-08,1-3 days
ORD102951,CUST1348,Toys,2025-06-06,980.37,3.0,0,35.4,Cash on Delivery,South,4.0,46.0,5.0,0,Not Returned,2941.11,2025-06,4-5 days
ORD101345,CUST2763,Toys,2026-01-11,1329.36,1.0,5,104.13,Cash on Delivery,North,2.0,45.0,4.0,0,Not Returned,1262.8919999999998,2026-01,1-3 days
ORD105656,CUST3343,Fashion,2025-02-23,874.91,2.0,20,45.42,UPI,East,4.0,22.0,5.0,0,Not Returned,1399.856,2025-02,4-5 days
ORD100975,CUST2851,Fashion,2026-05-04,1796.56,1.0,5,32.58,Net Banking,East,6.0,37.0,5.0,0,Not Returned,1706.732,2026-05,6-7 days
ORD105191,CUST3871,Books,2026-06-24,480.34,3.0,10,23.42,UPI,North,1.0,40.0,5.0,0,Not Returned,1296.9180000000001,2026-06,1-3 days
ORD100509,CUST3404,Toys,2025-03-25,974.13,3.0,10,42.48,Net Banking,South,3.0,49.0,5.0,0,Not Returned,2630.151,2025-03,1-3 days
ORD100122,CUST1308,Home & Kitchen,2025-07-23,2998.55,2.0,15,92.56,Net Banking,North,5.0,41.0,5.0,0,Not Returned,5097.535,2025-07,4-5 days
ORD105483,CUST2186,Fashion,2026-07-27,1316.37,1.0,0,203.85999999999999,Net Banking,West,5.0,39.0,4.0,0,Not Returned,1316.37,2026-07,4-5 days
ORD105526,CUST3565,Home & Kitchen,2025-02-23,1195.43,3.5,10,35.27,Cash on Delivery,South,5.0,47.0,2.0,1,Size Issue,3765.6045000000004,2025-02,4-5 days
ORD101710,CUST3761,Electronics,2026-06-03,4558.5,1.0,20,14.81,Net Banking,North,5.0,42.0,5.0,0,Not Returned,3646.8,2026-06,4-5 days
ORD102100,CUST2570,Home & Kitchen,2026-07-25,1931.17,2.0,5,45.95,Net Banking,West,1.0,41.0,4.0,0,Not Returned,3669.223,2026-07,1-3 days
ORD100869,CUST2791,Fashion,2024-12-04,487.7,1.0,20,54.56,Debit Card,East,4.0,29.0,5.0,0,Not Returned,390.16,2024-12,4-5 days
ORD105535,CUST1383,Home & Kitchen,2026-06-09,1516.18,1.0,0,32.87,Cash on Delivery,East,3.0,33.0,3.0,0,Not Returned,1516.18,2026-06,1-3 days
ORD101030,CUST1298,Beauty,2025-03-24,1235.5,1.0,0,7.01,Debit Card,North,3.0,40.0,5.0,0,Not Returned,1235.5,2025-03,1-3 days
ORD103463,CUST4148,Grocery,2024-12-02,172.67,1.0,25,178.83,Credit Card,Central,6.0,24.0,5.0,0,Not Returned,129.5025,2024-12,6-7 days
ORD104852,CUST2869,Sports,2025-03-17,1437.64,1.0,0,48.09,Credit Card,South,6.0,27.0,5.0,0,Not Returned,1437.64,2025-03,6-7 days
ORD101998,CUST3110,Fashion,2026-04-11,2239.63,2.0,0,85.53,Credit Card,East,4.0,19.0,4.0,0,Not Returned,4479.26,2026-04,4-5 days
ORD103590,CUST2785,Sports,2025-08-08,2024.72,2.0,30,132.94,UPI,East,4.0,39.0,1.0,0,Not Returned,2834.6079999999997,2025-08,4-5 days
ORD101156,CUST1717,Home & Kitchen,2026-06-17,1349.48,1.0,0,203.85999999999999,Cash on Delivery,East,4.0,19.0,4.0,0,Not Returned,1349.48,2026-06,4-5 days
ORD103156,CUST3820,Beauty,2025-08-07,707.27,2.0,0,36.99,UPI,South,4.0,28.0,4.0,0,Not Returned,1414.54,2025-08,4-5 days
ORD104428,CUST3128,Beauty,2026-01-23,430.24,2.0,25,32.04,Debit Card,West,3.0,28.0,3.0,0,Not Returned,645.36,2026-01,1-3 days
ORD101575,CUST1555,Books,2026-04-06,379.08,1.0,10,14.97,UPI,West,2.0,16.0,5.0,0,Not Returned,341.17199999999997,2026-04,1-3 days
ORD100061,CUST2917,Toys,2025-05-24,1168.19,2.0,10,27.56,Net Banking,Central,8.0,16.0,3.0,0,Not Returned,2102.742,2025-05,8+ days
ORD100472,CUST3713,Home & Kitchen,2025-08-16,1012.185,1.0,25,82.04,Debit Card,East,4.0,36.0,5.0,1,Wrong Item Delivered,759.13875,2025-08,4-5 days
ORD103454,CUST1303,Grocery,2024-12-15,278.02,3.0,25,32.48,Net Banking,East,4.0,21.0,3.0,0,Not Returned,625.545,2024-12,4-5 days
ORD100865,CUST4486,Toys,2026-04-29,1543.31,1.0,20,53.82,UPI,Central,3.0,24.0,4.0,1,Defective Product,1234.6480000000001,2026-04,1-3 days
ORD105812,CUST3657,Sports,2026-01-12,1012.185,1.0,20,103.16,Net Banking,North,2.0,40.0,5.0,0,Not Returned,809.748,2026-01,1-3 days
ORD103614,CUST3423,Home & Kitchen,2025-01-28,3307.92,2.0,5,35.38,Cash on Delivery,Central,4.0,34.0,2.0,0,Not Returned,6285.048,2025-01,4-5 days
ORD104837,CUST1845,Electronics,2025-05-30,4558.5,3.0,25,112.96,Cash on Delivery,Central,6.0,30.0,3.0,0,Not Returned,10256.625,2025-05,6-7 days
ORD105911,CUST1789,Electronics,2026-06-27,4558.5,1.0,20,33.85,UPI,East,3.0,29.0,5.0,0,Not Returned,3646.8,2026-06,1-3 days
ORD103388,CUST3473,Fashion,2026-02-11,733.12,1.0,0,37.88,Cash on Delivery,Central,6.0,38.0,2.0,0,Not Returned,733.12,2026-02,6-7 days
ORD102180,CUST3851,Electronics,2024-11-09,4558.5,1.0,0,41.03,UPI,North,4.0,24.0,4.0,0,Not Returned,4558.5,2024-11,4-5 days
ORD104743,CUST4076,Home & Kitchen,2026-05-26,2686.78,1.0,0,162.52,Debit Card,East,4.0,19.0,5.0,1,Better Price Found,2686.78,2026-05,4-5 days
ORD103281,CUST4348,Home & Kitchen,2024-11-02,2655.33,3.5,10,31.73,UPI,West,5.0,21.0,4.0,0,Not Returned,8364.289499999999,2024-11,4-5 days
ORD105061,CUST2845,Home & Kitchen,2026-07-13,2422.82,1.0,5,26.28,Cash on Delivery,West,7.0,34.0,4.0,1,Changed Mind,2301.679,2026-07,6-7 days
ORD101628,CUST2729,Toys,2026-08-11,761.86,1.0,15,30.22,Debit Card,West,4.0,22.0,5.0,0,Not Returned,647.581,2026-08,4-5 days
ORD102438,CUST2469,Beauty,2025-07-23,292.47,2.0,5,33.42,Credit Card,North,3.0,54.0,4.0,0,Not Returned,555.693,2025-07,1-3 days
ORD101149,CUST1816,Electronics,2025-08-03,4558.5,1.0,10,98.45,Debit Card,Central,5.0,18.0,5.0,0,Not Returned,4102.650000000001,2025-08,4-5 days
ORD101160,CUST1763,Toys,2026-03-17,1180.89,1.0,10,203.85999999999999,Debit Card,South,3.0,30.0,3.0,0,Not Returned,1062.8010000000002,2026-03,1-3 days
ORD100256,CUST4352,Fashion,2025-04-21,1316.5,1.0,0,76.62,Debit Card,West,5.0,28.0,3.0,1,Better Price Found,1316.5,2025-04,4-5 days
ORD102598,CUST2660,Fashion,2025-12-21,1244.31,2.0,10,47.95,Debit Card,West,5.0,32.0,2.0,0,Not Returned,2239.758,2025-12,4-5 days
ORD104729,CUST3605,Books,2025-06-28,585.86,2.0,5,192.17,Debit Card,North,5.0,41.0,3.0,0,Not Returned,1113.134,2025-06,4-5 days
ORD105499,CUST4491,Beauty,2025-02-24,1101.61,1.0,25,40.84,Credit Card,East,4.0,37.0,4.0,0,Not Returned,826.2075,2025-02,4-5 days
ORD104873,CUST2847,Books,2025-04-14,269.6,2.0,15,161.79,Cash on Delivery,West,5.0,43.0,4.0,0,Not Returned,458.32000000000005,2025-04,4-5 days
ORD101105,CUST1620,Grocery,2025-04-05,135.68,3.0,25,26.88,UPI,East,4.0,30.0,5.0,0,Not Returned,305.28000000000003,2025-04,4-5 days
ORD105094,CUST2144,Sports,2026-05-16,1837.89,3.5,30,13.84,UPI,West,5.0,52.0,1.0,0,Not Returned,4502.8305,2026-05,4-5 days
ORD103407,CUST2950,Beauty,2025-07-24,944.06,1.0,0,123.3,UPI,West,5.0,49.0,2.0,0,Not Returned,944.06,2025-07,4-5 days
ORD100557,CUST3388,Sports,2025-08-17,997.56,1.0,0,85.51,UPI,Central,5.0,34.0,5.0,0,Not Returned,997.56,2025-08,4-5 days
ORD101850,CUST2358,Fashion,2025-08-03,618.94,1.0,15,60.57,Net Banking,Central,4.0,36.0,4.0,1,Defective Product,526.099,2025-08,4-5 days
ORD102088,CUST3931,Fashion,2024-12-01,1470.37,1.0,15,32.15,Net Banking,East,1.0,33.0,5.0,0,Not Returned,1249.8145,2024-12,1-3 days
ORD102899,CUST2324,Home & Kitchen,2026-04-14,1388.26,1.0,10,20.22,Debit Card,East,4.0,25.0,4.0,0,Not Returned,1249.434,2026-04,4-5 days
ORD103220,CUST4000,Toys,2026-06-25,630.37,1.0,5,30.59,Debit Card,West,5.0,24.0,4.0,0,Not Returned,598.8515,2026-06,4-5 days
ORD100261,CUST3503,Books,2026-08-08,390.82,1.0,15,67.33500000000001,Credit Card,North,6.0,25.0,5.0,0,Not Returned,332.197,2026-08,6-7 days
ORD105152,CUST3416,Beauty,2025-04-03,1037.57,1.0,0,55.64,Credit Card,South,4.0,37.0,4.0,0,Not Returned,1037.57,2025-04,4-5 days
ORD100627,CUST4040,Grocery,2025-06-21,302.3,3.0,30,107.36,UPI,North,4.0,33.0,3.0,0,Not Returned,634.83,2025-06,4-5 days
ORD101889,CUST3839,Books,2025-01-19,124.07,1.0,5,62.3,Net Banking,East,3.0,40.0,1.0,1,Wrong Item Delivered,117.86649999999999,2025-01,1-3 days
ORD103042,CUST2242,Electronics,2026-07-22,4558.5,3.5,5,114.46,Debit Card,South,5.0,36.0,4.0,0,Not Returned,15157.012499999999,2026-07,4-5 days
ORD104305,CUST2938,Fashion,2025-06-19,1012.185,3.5,15,50.48,UPI,North,8.0,35.0,4.0,0,Not Returned,3011.250375,2025-06,8+ days
ORD102078,CUST1219,Home & Kitchen,2024-11-13,2569.81,1.0,0,85.01,Debit Card,North,5.0,22.0,4.0,1,Wrong Item Delivered,2569.81,2024-11,4-5 days
ORD103585,CUST2335,Toys,2026-03-11,760.7,1.0,5,82.29,Credit Card,Central,2.0,16.0,4.0,1,Changed Mind,722.665,2026-03,1-3 days
ORD104304,CUST3655,Beauty,2024-10-04,1012.185,3.0,30,30.73,Net Banking,Central,6.0,24.0,1.0,0,Not Returned,2125.5885,2024-10,6-7 days
ORD101606,CUST1407,Home & Kitchen,2024-09-23,2635.32,1.0,15,79.36,Net Banking,East,5.0,40.0,4.0,1,Size Issue,2240.022,2024-09,4-5 days
ORD101020,CUST1116,Sports,2024-09-18,1784.13,1.0,0,93.82,Net Banking,Central,3.0,16.0,5.0,0,Not Returned,1784.13,2024-09,1-3 days
ORD100608,CUST3755,Sports,2025-07-17,1279.55,1.0,0,77.02,UPI,South,4.0,28.0,5.0,0,Not Returned,1279.55,2025-07,4-5 days
ORD101403,CUST1436,Toys,2025-04-07,1012.185,2.0,25,181.35,Cash on Delivery,East,4.0,48.0,5.0,1,Defective Product,1518.2775,2025-04,4-5 days
ORD105055,CUST3150,Beauty,2026-01-10,579.76,1.0,0,45.85,Credit Card,North,7.0,29.0,5.0,0,Not Returned,579.76,2026-01,6-7 days
ORD103254,CUST2605,Books,2024-10-20,502.22,1.0,0,117.82,UPI,South,1.0,48.0,5.0,0,Not Returned,502.22,2024-10,1-3 days
ORD102096,CUST4127,Grocery,2025-08-11,315.33,3.5,15,39.58,UPI,North,4.0,34.0,4.0,0,Not Returned,938.1067499999999,2025-08,4-5 days
ORD100209,CUST1158,Grocery,2024-11-06,312.36,2.0,5,53.87,Cash on Delivery,East,5.0,30.0,3.0,1,Wrong Item Delivered,593.484,2024-11,4-5 days
ORD103798,CUST2458,Grocery,2025-06-21,242.55,1.0,0,129.96,Debit Card,East,5.0,17.0,2.0,1,Not as Described,242.55,2025-06,4-5 days
ORD103539,CUST2796,Fashion,2025-09-27,1659.66,1.0,0,67.33500000000001,Net Banking,Central,4.0,27.0,4.0,0,Not Returned,1659.66,2025-09,4-5 days
ORD100153,CUST2295,Fashion,2025-10-06,1975.58,1.0,10,78.82,Credit Card,Central,7.0,33.0,4.0,0,Not Returned,1778.022,2025-10,6-7 days
ORD101590,CUST2511,Toys,2026-07-04,412.0,1.0,20,203.85999999999999,Cash on Delivery,South,3.0,44.0,5.0,0,Not Returned,329.6,2026-07,1-3 days
ORD102442,CUST4385,Beauty,2026-04-26,798.95,1.0,5,66.86,Credit Card,West,5.0,45.0,5.0,0,Not Returned,759.0025,2026-04,4-5 days
ORD101147,CUST1646,Home & Kitchen,2026-08-03,2379.58,2.0,25,173.81,Debit Card,North,1.0,16.0,5.0,0,Not Returned,3569.37,2026-08,1-3 days
ORD103427,CUST1798,Grocery,2025-10-23,270.3,1.0,10,110.98,Cash on Delivery,North,6.0,26.0,1.0,0,Not Returned,243.27,2025-10,6-7 days
ORD101967,CUST4201,Electronics,2025-10-22,2910.31,2.0,0,55.48,Cash on Delivery,East,9.0,23.0,4.0,0,Not Returned,5820.62,2025-10,8+ days
ORD103206,CUST4204,Home & Kitchen,2024-11-12,1966.86,1.0,0,160.36,Cash on Delivery,East,9.0,21.0,5.0,0,Not Returned,1966.86,2024-11,8+ days
ORD102433,CUST1907,Home & Kitchen,2025-02-14,1611.91,3.5,15,43.48,Credit Card,East,4.0,43.0,1.0,0,Not Returned,4795.43225,2025-02,4-5 days
ORD101633,CUST2225,Grocery,2025-05-14,415.89,1.0,0,174.42,Net Banking,South,7.0,51.0,5.0,0,Not Returned,415.89,2025-05,6-7 days
ORD103292,CUST3323,Toys,2026-08-05,1383.51,1.0,25,95.67,UPI,North,6.0,38.0,4.0,1,Changed Mind,1037.6325,2026-08,6-7 days
ORD100597,CUST2208,Grocery,2026-07-27,407.44,1.0,0,47.89,Cash on Delivery,South,5.0,41.0,4.0,0,Not Returned,407.44,2026-07,4-5 days
ORD103137,CUST1660,Home & Kitchen,2026-08-15,1453.81,1.0,10,28.55,Net Banking,East,4.0,49.0,5.0,0,Not Returned,1308.429,2026-08,4-5 days
ORD101656,CUST3087,Electronics,2025-09-01,4558.5,1.0,5,162.69,UPI,West,5.0,18.0,2.0,0,Not Returned,4330.575,2025-09,4-5 days
ORD104776,CUST3765,Beauty,2025-04-19,532.49,1.0,5,88.58,UPI,North,3.0,39.0,4.0,0,Not Returned,505.8655,2025-04,1-3 days
ORD105527,CUST3256,Sports,2025-11-25,2249.15,1.0,20,68.65,Cash on Delivery,West,6.0,35.0,4.0,0,Not Returned,1799.3200000000002,2025-11,6-7 days
ORD103297,CUST2993,Electronics,2025-10-12,4558.5,1.0,0,15.39,Credit Card,West,3.0,34.0,4.0,1,Not as Described,4558.5,2025-10,1-3 days
ORD101565,CUST1679,Home & Kitchen,2025-11-24,3166.02,1.0,20,107.73,Credit Card,West,7.0,37.0,5.0,0,Not Returned,2532.8160000000003,2025-11,6-7 days
ORD101518,CUST2218,Sports,2026-01-17,1384.52,2.0,0,75.86,Debit Card,West,8.0,41.0,4.0,0,Not Returned,2769.04,2026-01,8+ days
ORD105207,CUST2749,Toys,2025-05-21,1022.48,1.0,5,14.62,UPI,Central,5.0,38.0,3.0,0,Not Returned,971.356,2025-05,4-5 days
ORD104317,CUST2598,Home & Kitchen,2026-01-29,1979.13,1.0,10,38.48,Cash on Delivery,East,5.0,35.0,4.0,1,Size Issue,1781.217,2026-01,4-5 days
ORD100225,CUST2787,Sports,2026-03-16,1366.6,2.0,15,203.85999999999999,Debit Card,Central,2.0,52.0,3.0,1,Defective Product,2323.22,2026-03,1-3 days
ORD105449,CUST3484,Electronics,2025-07-30,4558.5,1.0,0,73.54,Cash on Delivery,West,4.0,32.0,4.0,1,Size Issue,4558.5,2025-07,4-5 days
ORD102517,CUST4360,Sports,2026-03-22,2250.03,1.0,25,124.95,Cash on Delivery,West,3.0,42.0,4.0,0,Not Returned,1687.5225,2026-03,1-3 days
ORD105144,CUST2191,Grocery,2025-02-24,261.91,2.0,5,92.22,Net Banking,South,3.0,47.0,4.0,0,Not Returned,497.629,2025-02,1-3 days
ORD102393,CUST3706,Home & Kitchen,2025-06-03,3059.38,1.0,0,102.46,Credit Card,Central,3.0,51.0,3.0,0,Not Returned,3059.38,2025-06,1-3 days
ORD101760,CUST2069,Sports,2025-02-08,1638.35,1.0,5,109.29,Cash on Delivery,South,6.0,37.0,4.0,0,Not Returned,1556.4325,2025-02,6-7 days
ORD101360,CUST1229,Home & Kitchen,2025-09-27,2914.17,2.0,25,65.14,UPI,South,6.0,31.0,3.0,0,Not Returned,4371.255,2025-09,6-7 days
ORD103304,CUST2552,Beauty,2026-03-05,936.4,1.0,10,121.21,UPI,North,5.0,34.0,4.0,0,Not Returned,842.76,2026-03,4-5 days
ORD102324,CUST2082,Fashion,2025-03-11,397.39,1.0,30,36.04,Cash on Delivery,West,3.0,29.0,4.0,0,Not Returned,278.17299999999994,2025-03,1-3 days
ORD103558,CUST4205,Books,2025-11-20,304.99,3.0,15,74.76,Cash on Delivery,East,4.0,19.0,5.0,0,Not Returned,777.7245,2025-11,4-5 days
ORD105243,CUST1261,Electronics,2025-09-10,4558.5,1.0,0,34.74,Cash on Delivery,West,6.0,42.0,5.0,1,Size Issue,4558.5,2025-09,6-7 days
ORD101833,CUST4018,Books,2026-03-20,465.12,1.0,20,19.54,Net Banking,North,4.0,42.0,3.0,0,Not Returned,372.096,2026-03,4-5 days
ORD103661,CUST2095,Beauty,2025-05-03,654.64,1.0,20,67.33500000000001,UPI,South,5.0,33.0,4.0,0,Not Returned,523.712,2025-05,4-5 days
ORD102009,CUST3068,Toys,2026-04-12,136.57,1.0,15,50.73,UPI,Central,5.0,27.0,3.0,0,Not Returned,116.08449999999999,2026-04,4-5 days
ORD103657,CUST4081,Beauty,2025-08-03,968.23,2.0,25,16.76,Debit Card,South,6.0,29.0,5.0,0,Not Returned,1452.345,2025-08,6-7 days
ORD104301,CUST1248,Sports,2025-02-04,568.91,1.0,20,37.13,Credit Card,South,4.0,42.0,4.0,0,Not Returned,455.128,2025-02,4-5 days
ORD104187,CUST1314,Home & Kitchen,2024-12-28,1489.84,1.0,20,34.37,Net Banking,East,5.0,36.0,4.0,0,Not Returned,1191.872,2024-12,4-5 days
ORD105245,CUST4353,Toys,2025-09-16,739.5,3.5,0,32.34,Net Banking,West,4.0,16.0,4.0,0,Not Returned,2588.25,2025-09,4-5 days
ORD105560,CUST1828,Beauty,2026-01-18,932.15,2.0,0,17.44,UPI,North,3.0,34.0,5.0,1,Changed Mind,1864.3,2026-01,1-3 days
ORD102612,CUST2055,Beauty,2026-03-28,432.36,2.0,25,161.4,UPI,South,4.0,35.0,5.0,0,Not Returned,648.54,2026-03,4-5 days
ORD101186,CUST2071,Beauty,2025-10-11,1086.16,1.0,10,81.7,Net Banking,West,8.0,16.0,5.0,0,Not Returned,977.5440000000001,2025-10,8+ days
ORD101907,CUST1381,Electronics,2026-07-08,4558.5,1.0,5,203.85999999999999,Net Banking,East,4.0,25.0,2.0,0,Not Returned,4330.575,2026-07,4-5 days
ORD104088,CUST3625,Beauty,2025-07-09,678.44,1.0,5,136.58,Credit Card,East,6.0,17.0,4.0,1,Changed Mind,644.518,2025-07,6-7 days
ORD102477,CUST3135,Beauty,2024-11-02,1026.86,3.0,30,101.68,Net Banking,West,2.0,33.0,5.0,0,Not Returned,2156.406,2024-11,1-3 days
ORD100016,CUST2378,Grocery,2026-07-19,195.99,1.0,10,41.49,Cash on Delivery,South,1.0,34.0,4.0,0,Not Returned,176.39100000000002,2026-07,1-3 days
ORD102514,CUST2972,Fashion,2026-08-14,1488.7,2.0,0,171.86,UPI,West,5.0,16.0,3.0,0,Not Returned,2977.4,2026-08,4-5 days
ORD105659,CUST1376,Beauty,2025-03-05,813.86,2.0,20,154.37,UPI,South,6.0,32.0,5.0,0,Not Returned,1302.1760000000002,2025-03,6-7 days
ORD102205,CUST3510,Sports,2025-10-01,1012.185,1.0,25,70.48,Cash on Delivery,North,5.0,28.0,5.0,0,Not Returned,759.13875,2025-10,4-5 days
ORD103595,CUST2104,Fashion,2025-05-08,1569.3,1.0,10,90.75,UPI,North,4.0,16.0,5.0,1,Changed Mind,1412.37,2025-05,4-5 days
ORD101486,CUST2978,Fashion,2025-01-17,440.81,1.0,10,80.64,Cash on Delivery,Central,2.0,53.0,2.0,0,Not Returned,396.729,2025-01,1-3 days
ORD101676,CUST3623,Home & Kitchen,2025-06-09,1391.78,1.0,5,146.94,UPI,West,7.0,33.0,2.0,0,Not Returned,1322.1909999999998,2025-06,6-7 days
ORD102353,CUST1464,Grocery,2026-06-19,114.9,1.0,0,64.57,Credit Card,East,5.0,50.0,5.0,1,Late Delivery,114.9,2026-06,4-5 days
ORD100656,CUST1974,Toys,2026-03-19,711.06,2.0,25,14.22,Credit Card,East,3.0,28.0,3.0,0,Not Returned,1066.59,2026-03,1-3 days
ORD101571,CUST3883,Grocery,2025-04-12,364.12,1.0,25,86.31,Cash on Delivery,East,4.0,46.0,5.0,0,Not Returned,273.09000000000003,2025-04,4-5 days
ORD101737,CUST3238,Beauty,2025-01-08,735.55,1.0,25,92.04,Debit Card,Central,4.0,24.0,4.0,0,Not Returned,551.6624999999999,2025-01,4-5 days
ORD103855,CUST4357,Home & Kitchen,2024-10-07,3424.67,1.0,20,56.68,Debit Card,East,2.0,47.0,5.0,0,Not Returned,2739.7360000000003,2024-10,1-3 days
ORD104495,CUST3178,Grocery,2024-11-14,347.04,1.0,20,85.55,Debit Card,Central,6.0,40.0,5.0,0,Not Returned,277.632,2024-11,6-7 days
ORD102846,CUST3072,Grocery,2026-03-09,367.77,1.0,10,27.67,Net Banking,South,9.0,36.0,5.0,0,Not Returned,330.993,2026-03,8+ days
ORD102980,CUST2359,Beauty,2025-07-29,843.67,1.0,10,106.86,Credit Card,South,8.0,48.0,4.0,0,Not Returned,759.303,2025-07,8+ days
ORD100618,CUST2237,Beauty,2026-06-14,1012.185,1.0,5,101.82,UPI,West,4.0,58.0,5.0,0,Not Returned,961.5757499999999,2026-06,4-5 days
ORD104604,CUST2123,Beauty,2026-02-02,434.03,2.0,20,23.41,Net Banking,North,7.0,26.0,2.0,0,Not Returned,694.448,2026-02,6-7 days
ORD102847,CUST1759,Fashion,2025-05-23,1419.62,1.0,5,117.25,Credit Card,East,4.0,45.0,4.0,0,Not Returned,1348.639,2025-05,4-5 days
ORD105396,CUST1547,Beauty,2025-03-15,694.62,1.0,5,87.63,Net Banking,North,3.0,36.0,4.0,0,Not Returned,659.889,2025-03,1-3 days
ORD100867,CUST2117,Fashion,2026-02-27,4558.5,1.0,10,47.68,Net Banking,North,5.0,38.0,4.0,0,Not Returned,4102.650000000001,2026-02,4-5 days
ORD102507,CUST1737,Sports,2025-02-23,2229.13,1.0,10,45.52,Cash on Delivery,North,5.0,31.0,2.0,0,Not Returned,2006.217,2025-02,4-5 days
ORD104982,CUST2745,Sports,2025-08-24,1780.78,1.0,25,18.92,UPI,Central,6.0,24.0,4.0,0,Not Returned,1335.585,2025-08,6-7 days
ORD102110,CUST2253,Toys,2025-08-21,1008.7,1.0,15,29.19,Credit Card,South,5.0,50.0,3.0,0,Not Returned,857.395,2025-08,4-5 days
ORD104695,CUST3839,Sports,2025-11-28,1012.185,1.0,0,17.18,UPI,Central,2.0,46.0,5.0,0,Not Returned,1012.185,2025-11,1-3 days
ORD100457,CUST3761,Electronics,2025-02-02,4558.5,2.0,0,15.18,Cash on Delivery,West,2.0,23.0,3.0,1,Changed Mind,9117.0,2025-02,1-3 days
ORD105125,CUST1432,Grocery,2026-01-12,208.37,3.0,25,153.09,Credit Card,East,5.0,40.0,5.0,1,Changed Mind,468.8325,2026-01,4-5 days
ORD104966,CUST4469,Electronics,2024-09-05,4558.5,1.0,10,29.53,Credit Card,South,1.0,50.0,4.0,0,Not Returned,4102.650000000001,2024-09,1-3 days
ORD100790,CUST2510,Beauty,2024-09-15,222.9,2.0,0,131.03,UPI,Central,4.0,47.0,4.0,0,Not Returned,445.8,2024-09,4-5 days
ORD105220,CUST4177,Toys,2026-02-14,898.27,2.0,20,20.16,Net Banking,Central,4.0,16.0,1.0,0,Not Returned,1437.232,2026-02,4-5 days
ORD103607,CUST3137,Toys,2024-10-21,910.85,1.0,5,146.08,UPI,North,6.0,41.0,2.0,0,Not Returned,865.3075,2024-10,6-7 days
ORD103822,CUST2886,Beauty,2024-11-10,1017.34,1.0,15,33.99,Cash on Delivery,North,3.0,28.0,5.0,0,Not Returned,864.739,2024-11,1-3 days
ORD102260,CUST1725,Fashion,2026-06-23,1255.65,2.0,0,108.09,Cash on Delivery,West,4.0,16.0,5.0,0,Not Returned,2511.3,2026-06,4-5 days
ORD105617,CUST4064,Toys,2026-01-07,1089.68,2.0,15,36.46,UPI,North,1.0,20.0,4.0,0,Not Returned,1852.4560000000001,2026-01,1-3 days
ORD102808,CUST2037,Fashion,2025-09-03,866.4,3.5,20,140.7,Debit Card,Central,8.0,34.0,4.0,0,Not Returned,2425.92,2025-09,8+ days
ORD105050,CUST4064,Home & Kitchen,2025-01-19,3201.8,1.0,0,41.63,UPI,South,4.0,35.0,5.0,0,Not Returned,3201.8,2025-01,4-5 days
ORD103518,CUST1058,Toys,2025-12-06,747.08,1.0,0,27.16,Debit Card,West,3.0,28.0,2.0,0,Not Returned,747.08,2025-12,1-3 days
ORD104746,CUST2531,Grocery,2025-04-11,397.1,1.0,0,121.79,Debit Card,South,4.0,26.0,5.0,0,Not Returned,397.1,2025-04,4-5 days
ORD100733,CUST2696,Sports,2025-11-05,1239.06,1.0,5,104.61,Net Banking,North,3.0,31.0,4.0,0,Not Returned,1177.107,2025-11,1-3 days
ORD105948,CUST4239,Electronics,2025-04-11,3797.93,1.0,20,79.09,Cash on Delivery,East,7.0,30.0,4.0,0,Not Returned,3038.344,2025-04,6-7 days
ORD104475,CUST2842,Home & Kitchen,2025-07-21,2036.74,1.0,25,32.19,UPI,Central,5.0,45.0,4.0,0,Not Returned,1527.555,2025-07,4-5 days
ORD103958,CUST3326,Home & Kitchen,2026-05-12,1012.185,1.0,0,113.61,Credit Card,West,4.0,23.0,5.0,0,Not Returned,1012.185,2026-05,4-5 days
ORD102133,CUST3241,Toys,2025-05-23,1023.35,1.0,10,67.33500000000001,UPI,West,7.0,30.0,1.0,1,Wrong Item Delivered,921.015,2025-05,6-7 days
ORD105052,CUST1689,Sports,2024-08-23,2213.72,2.0,10,97.83,Debit Card,North,6.0,59.0,1.0,0,Not Returned,3984.696,2024-08,6-7 days
ORD104267,CUST3465,Home & Kitchen,2026-07-26,1759.64,1.0,0,36.36,Credit Card,South,5.0,32.0,4.0,0,Not Returned,1759.64,2026-07,4-5 days
ORD101944,CUST3193,Books,2025-09-05,368.84,1.0,25,76.37,Credit Card,East,8.0,16.0,4.0,1,Better Price Found,276.63,2025-09,8+ days
ORD102279,CUST1543,Books,2026-06-23,359.33,1.0,15,196.44,Net Banking,East,4.0,24.0,4.0,1,Wrong Item Delivered,305.4305,2026-06,4-5 days
ORD100659,CUST2724,Fashion,2024-11-19,1351.63,1.0,10,130.2,Debit Card,South,6.0,29.0,4.0,0,Not Returned,1216.467,2024-11,6-7 days
ORD102430,CUST2492,Beauty,2025-10-06,933.4,2.0,5,12.59,Net Banking,West,5.0,33.0,5.0,0,Not Returned,1773.4599999999998,2025-10,4-5 days
ORD103751,CUST1358,Sports,2026-05-20,1827.64,3.0,10,30.35,Debit Card,East,8.0,34.0,1.0,0,Not Returned,4934.628000000001,2026-05,8+ days
ORD102528,CUST3518,Fashion,2024-12-26,1800.51,2.0,0,101.52,Cash on Delivery,South,6.0,16.0,4.0,1,Size Issue,3601.02,2024-12,6-7 days
ORD105980,CUST2924,Beauty,2024-08-30,258.99,1.0,5,138.65,Cash on Delivery,South,6.0,18.0,4.0,0,Not Returned,246.0405,2024-08,6-7 days
ORD100642,CUST1087,Sports,2025-10-29,2074.68,1.0,20,120.43,Debit Card,West,1.0,34.0,5.0,1,Wrong Item Delivered,1659.744,2025-10,1-3 days
ORD100168,CUST4305,Toys,2025-03-28,917.84,3.5,5,97.93,Credit Card,South,3.0,32.0,4.0,0,Not Returned,3051.8179999999998,2025-03,1-3 days
ORD101517,CUST3759,Home & Kitchen,2024-12-23,2122.91,1.0,5,3.01,Cash on Delivery,South,5.0,34.0,4.0,0,Not Returned,2016.7644999999998,2024-12,4-5 days
ORD101800,CUST2358,Grocery,2026-04-17,418.87,3.5,20,61.94,Credit Card,North,6.0,47.0,5.0,0,Not Returned,1172.836,2026-04,6-7 days
ORD103394,CUST3160,Electronics,2024-12-29,4558.5,2.0,5,86.67,Cash on Delivery,North,3.0,35.0,1.0,0,Not Returned,8661.15,2024-12,1-3 days
ORD101917,CUST1972,Home & Kitchen,2025-03-12,2252.54,1.0,15,203.85999999999999,UPI,West,3.0,35.0,5.0,0,Not Returned,1914.6589999999999,2025-03,1-3 days
ORD100272,CUST1205,Books,2025-09-01,313.71,1.0,15,24.17,UPI,North,5.0,34.0,5.0,1,Better Price Found,266.65349999999995,2025-09,4-5 days
ORD102468,CUST1165,Sports,2026-07-06,1664.51,3.0,15,47.94,Net Banking,South,5.0,42.0,1.0,1,Not as Described,4244.5005,2026-07,4-5 days
ORD105902,CUST1736,Beauty,2026-04-02,770.69,1.0,25,203.85999999999999,UPI,West,6.0,44.0,5.0,0,Not Returned,578.0175,2026-04,6-7 days
ORD105801,CUST1399,Home & Kitchen,2026-07-28,2977.05,1.0,0,82.41,Debit Card,Central,1.0,35.0,2.0,0,Not Returned,2977.05,2026-07,1-3 days
ORD101066,CUST2844,Fashion,2025-05-28,1012.78,3.0,30,67.33500000000001,UPI,West,2.0,52.0,5.0,0,Not Returned,2126.838,2025-05,1-3 days
ORD100494,CUST2890,Books,2026-06-17,234.89,2.0,15,75.96,Cash on Delivery,East,5.0,38.0,4.0,0,Not Returned,399.313,2026-06,4-5 days
ORD104911,CUST1787,Electronics,2025-04-22,4075.3,1.0,0,117.26,UPI,South,5.0,31.0,3.0,0,Not Returned,4075.3,2025-04,4-5 days
ORD101912,CUST1414,Home & Kitchen,2024-12-11,1185.89,1.0,0,179.59,Credit Card,East,2.0,47.0,3.0,0,Not Returned,1185.89,2024-12,1-3 days
ORD103646,CUST1224,Toys,2026-02-07,1114.23,1.0,15,86.02,UPI,East,3.0,22.0,4.0,0,Not Returned,947.0955,2026-02,1-3 days
ORD100306,CUST4276,Home & Kitchen,2026-02-07,1012.185,1.0,15,50.86,Net Banking,East,4.0,34.0,2.0,1,Changed Mind,860.3572499999999,2026-02,4-5 days
ORD104102,CUST2697,Grocery,2025-01-11,173.92,1.0,20,61.82,Cash on Delivery,South,4.0,16.0,4.0,0,Not Returned,139.136,2025-01,4-5 days
ORD103152,CUST1856,Books,2025-01-19,378.52,3.5,0,145.49,Cash on Delivery,West,5.0,33.0,4.0,0,Not Returned,1324.82,2025-01,4-5 days
ORD102829,CUST4099,Books,2026-03-18,228.08,1.0,10,72.72,UPI,Central,5.0,25.0,4.0,0,Not Returned,205.27200000000002,2026-03,4-5 days
ORD100781,CUST3312,Electronics,2025-07-13,4558.5,2.0,0,67.33500000000001,Debit Card,South,6.0,29.0,5.0,0,Not Returned,9117.0,2025-07,6-7 days
ORD100534,CUST3837,Home & Kitchen,2025-04-23,2419.76,1.0,25,30.53,Credit Card,West,6.0,30.0,5.0,0,Not Returned,1814.8200000000002,2025-04,6-7 days
ORD100583,CUST4143,Home & Kitchen,2026-02-22,2348.86,3.0,10,25.14,UPI,West,5.0,36.0,4.0,0,Not Returned,6341.9220000000005,2026-02,4-5 days
ORD105475,CUST3295,Fashion,2026-05-04,1944.62,3.0,10,19.11,Debit Card,West,5.0,51.0,1.0,0,Not Returned,5250.474,2026-05,4-5 days
ORD104143,CUST4286,Grocery,2026-07-06,135.35,1.0,5,58.31,Credit Card,Central,6.0,34.0,4.0,0,Not Returned,128.58249999999998,2026-07,6-7 days
ORD104418,CUST4018,Electronics,2025-03-24,4558.5,2.0,0,40.27,UPI,South,5.0,39.0,3.0,1,Late Delivery,9117.0,2025-03,4-5 days
ORD103796,CUST1668,Electronics,2024-11-26,4558.5,1.0,0,52.3,UPI,East,2.0,36.0,5.0,0,Not Returned,4558.5,2024-11,1-3 days
ORD105878,CUST3598,Home & Kitchen,2026-08-07,2226.91,1.0,10,144.78,Net Banking,West,5.0,33.0,4.0,1,Late Delivery,2004.2189999999998,2026-08,4-5 days
ORD102861,CUST1827,Toys,2026-05-19,547.27,1.0,0,134.62,Cash on Delivery,East,2.0,28.0,4.0,0,Not Returned,547.27,2026-05,1-3 days
ORD100316,CUST3715,Toys,2025-10-25,1072.9,3.0,5,54.35,Credit Card,West,4.0,24.0,4.0,0,Not Returned,3057.7650000000003,2025-10,4-5 days
ORD102197,CUST3743,Toys,2025-01-29,1162.91,2.0,20,97.45,Cash on Delivery,East,4.0,16.0,3.0,0,Not Returned,1860.6560000000002,2025-01,4-5 days
ORD102564,CUST2256,Beauty,2025-08-07,808.02,2.0,20,74.47,Debit Card,East,6.0,36.0,4.0,1,Not as Described,1292.832,2025-08,6-7 days
ORD105539,CUST1738,Electronics,2026-07-09,4535.77,1.0,0,137.65,Cash on Delivery,North,2.0,39.0,5.0,0,Not Returned,4535.77,2026-07,1-3 days
ORD105875,CUST1322,Home & Kitchen,2025-09-20,4407.66,1.0,0,67.33500000000001,UPI,Central,5.0,30.0,5.0,0,Not Returned,4407.66,2025-09,4-5 days
ORD101794,CUST3400,Books,2024-10-19,499.05,1.0,15,83.96,Credit Card,North,3.0,31.0,4.0,0,Not Returned,424.1925,2024-10,1-3 days
ORD105714,CUST3500,Fashion,2025-02-09,1369.12,1.0,0,72.39,Net Banking,North,7.0,23.0,3.0,0,Not Returned,1369.12,2025-02,6-7 days
ORD105853,CUST3457,Grocery,2026-04-10,168.27,1.0,5,14.81,UPI,South,5.0,31.0,5.0,0,Not Returned,159.8565,2026-04,4-5 days
ORD100271,CUST3850,Electronics,2026-03-29,4558.5,3.0,20,98.43,Debit Card,South,5.0,20.0,3.0,1,Late Delivery,10940.400000000001,2026-03,4-5 days
ORD100548,CUST1118,Grocery,2025-03-25,50.98,1.0,15,203.85999999999999,Credit Card,North,3.0,36.0,2.0,1,Defective Product,43.333,2025-03,1-3 days
ORD101692,CUST1489,Home & Kitchen,2026-02-11,1970.9,1.0,5,6.54,Debit Card,Central,5.0,32.0,4.0,0,Not Returned,1872.355,2026-02,4-5 days
ORD103525,CUST4273,Sports,2025-08-17,2039.76,2.0,0,133.42,Credit Card,North,6.0,30.0,5.0,0,Not Returned,4079.52,2025-08,6-7 days
ORD103012,CUST3053,Beauty,2025-02-07,720.72,2.0,0,101.84,Cash on Delivery,West,6.0,51.0,5.0,0,Not Returned,1441.44,2025-02,6-7 days
ORD105887,CUST3569,Sports,2026-07-03,1314.39,1.0,20,142.58,Credit Card,South,4.0,37.0,2.0,0,Not Returned,1051.5120000000002,2026-07,4-5 days
ORD105900,CUST2284,Beauty,2025-05-20,603.78,2.0,5,68.1,Debit Card,East,6.0,25.0,2.0,0,Not Returned,1147.1819999999998,2025-05,6-7 days
ORD102390,CUST3484,Electronics,2026-01-02,4558.5,1.0,25,15.68,UPI,East,5.0,52.0,4.0,0,Not Returned,3418.875,2026-01,4-5 days
ORD103876,CUST2161,Fashion,2024-11-11,1012.185,1.0,0,25.78,Debit Card,South,1.0,16.0,4.0,0,Not Returned,1012.185,2024-11,1-3 days
ORD104694,CUST1015,Electronics,2025-08-16,4558.5,1.0,0,79.95,Net Banking,East,4.0,35.0,5.0,1,Better Price Found,4558.5,2025-08,4-5 days
ORD100894,CUST3444,Fashion,2026-06-11,1122.49,3.0,25,38.33,Cash on Delivery,North,3.0,38.0,4.0,0,Not Returned,2525.6025,2026-06,1-3 days
ORD104666,CUST2724,Beauty,2025-02-22,707.11,1.0,5,17.52,UPI,East,2.0,28.0,5.0,0,Not Returned,671.7545,2025-02,1-3 days
ORD101999,CUST1268,Beauty,2026-03-20,825.72,2.0,5,153.1,Cash on Delivery,South,3.0,39.0,5.0,1,Changed Mind,1568.868,2026-03,1-3 days
ORD102122,CUST1089,Books,2025-01-20,281.67,3.0,15,74.76,Net Banking,East,7.0,47.0,4.0,0,Not Returned,718.2585,2025-01,6-7 days
ORD104157,CUST1523,Sports,2024-09-20,2787.62,1.0,0,203.85999999999999,Debit Card,West,6.0,16.0,5.0,0,Not Returned,2787.62,2024-09,6-7 days
ORD101247,CUST3969,Toys,2026-07-05,1156.34,1.0,0,203.85999999999999,Debit Card,West,5.0,43.0,4.0,0,Not Returned,1156.34,2026-07,4-5 days
ORD104487,CUST3298,Grocery,2026-01-18,195.9,1.0,0,89.57,Credit Card,West,6.0,35.0,5.0,1,Defective Product,195.9,2026-01,6-7 days
ORD101259,CUST2184,Sports,2024-11-29,3467.51,2.0,0,36.4,Debit Card,Central,6.0,44.0,4.0,0,Not Returned,6935.02,2024-11,6-7 days
ORD100809,CUST2586,Fashion,2026-06-21,1214.28,1.0,25,112.33,Debit Card,West,3.0,20.0,4.0,0,Not Returned,910.71,2026-06,1-3 days
ORD101049,CUST2912,Sports,2026-08-17,2084.13,1.0,10,32.4,UPI,West,6.0,38.0,4.0,0,Not Returned,1875.717,2026-08,6-7 days
ORD101878,CUST2303,Grocery,2024-12-30,500.78,3.0,0,29.03,Debit Card,North,8.0,34.0,3.0,0,Not Returned,1502.34,2024-12,8+ days
ORD102879,CUST3127,Grocery,2026-07-10,285.9,1.0,0,98.05,Net Banking,West,1.0,36.0,1.0,0,Not Returned,285.9,2026-07,1-3 days
ORD100107,CUST3962,Fashion,2025-09-17,991.69,3.5,25,58.36,Net Banking,South,4.0,21.0,5.0,1,Wrong Item Delivered,2603.1862499999997,2025-09,4-5 days
ORD100673,CUST1330,Beauty,2024-10-11,661.53,1.0,30,67.33500000000001,Credit Card,West,3.0,39.0,3.0,1,Not as Described,463.07099999999997,2024-10,1-3 days
ORD105489,CUST1677,Fashion,2026-07-30,1235.32,1.0,5,203.85999999999999,Net Banking,East,5.0,32.0,2.0,0,Not Returned,1173.5539999999999,2026-07,4-5 days
ORD104761,CUST2905,Fashion,2025-10-19,799.98,1.0,30,203.85999999999999,Debit Card,East,1.0,37.0,5.0,0,Not Returned,559.986,2025-10,1-3 days
ORD104605,CUST3777,Grocery,2025-01-06,376.84,1.0,25,67.33500000000001,Credit Card,West,4.0,49.0,3.0,0,Not Returned,282.63,2025-01,4-5 days
ORD105270,CUST1770,Fashion,2025-02-08,1012.185,2.0,0,110.54,Net Banking,West,4.0,40.0,2.0,1,Better Price Found,2024.37,2025-02,4-5 days
ORD101532,CUST2847,Toys,2025-04-05,832.1,1.0,10,81.5,UPI,West,6.0,42.0,5.0,0,Not Returned,748.89,2025-04,6-7 days
ORD104962,CUST4114,Fashion,2025-12-02,1705.29,1.0,0,89.83,Credit Card,Central,5.0,24.0,5.0,0,Not Returned,1705.29,2025-12,4-5 days
ORD101855,CUST1605,Sports,2024-10-01,1870.8,3.0,0,135.24,Cash on Delivery,South,8.0,43.0,5.0,0,Not Returned,5612.4,2024-10,8+ days
ORD100211,CUST2885,Electronics,2025-01-11,4558.5,3.5,5,145.32,Net Banking,East,7.0,31.0,3.0,1,Better Price Found,15157.012499999999,2025-01,6-7 days
ORD103147,CUST3254,Sports,2025-06-27,2882.55,2.0,25,59.01,Net Banking,West,9.0,41.0,3.0,0,Not Returned,4323.825000000001,2025-06,8+ days
ORD105156,CUST4262,Beauty,2026-03-24,761.94,1.0,0,38.77,UPI,East,3.0,64.0,5.0,0,Not Returned,761.94,2026-03,1-3 days
ORD102256,CUST1198,Grocery,2025-09-10,318.79,1.0,20,63.14,Cash on Delivery,North,5.0,46.0,3.0,0,Not Returned,255.03200000000004,2025-09,4-5 days
ORD102105,CUST3771,Toys,2025-01-05,756.06,1.0,0,67.33500000000001,Net Banking,South,5.0,35.0,4.0,1,Defective Product,756.06,2025-01,4-5 days
ORD101973,CUST4218,Fashion,2026-03-11,1396.27,3.0,5,24.64,Net Banking,East,8.0,21.0,4.0,0,Not Returned,3979.3694999999993,2026-03,8+ days
ORD104685,CUST1775,Electronics,2024-10-08,4290.31,1.0,10,27.43,Debit Card,West,5.0,45.0,5.0,0,Not Returned,3861.2790000000005,2024-10,4-5 days
ORD101501,CUST4020,Home & Kitchen,2025-06-04,2935.51,1.0,15,42.9,Credit Card,East,9.0,28.0,3.0,1,Size Issue,2495.1835,2025-06,8+ days
ORD104182,CUST2117,Toys,2025-08-25,867.9,1.0,0,95.65,Debit Card,South,4.0,18.0,5.0,0,Not Returned,867.9,2025-08,4-5 days
ORD100646,CUST4134,Home & Kitchen,2024-10-08,2338.87,1.0,10,23.68,Credit Card,Central,6.0,44.0,4.0,0,Not Returned,2104.983,2024-10,6-7 days
ORD103633,CUST2899,Books,2026-08-02,245.08,2.0,25,50.5,Cash on Delivery,West,1.0,19.0,5.0,0,Not Returned,367.62,2026-08,1-3 days
ORD100771,CUST3979,Electronics,2025-05-01,3307.37,3.0,25,72.42,UPI,South,2.0,16.0,5.0,0,Not Returned,7441.5825,2025-05,1-3 days
ORD100703,CUST2440,Books,2025-10-31,413.23,2.0,5,25.86,Net Banking,South,3.0,20.0,5.0,0,Not Returned,785.137,2025-10,1-3 days
ORD103587,CUST1819,Toys,2026-02-09,393.01,1.0,0,30.3,UPI,North,4.0,29.0,5.0,0,Not Returned,393.01,2026-02,4-5 days
ORD101249,CUST2717,Home & Kitchen,2026-04-02,1637.47,1.0,0,10.21,Net Banking,West,4.0,49.0,3.0,0,Not Returned,1637.47,2026-04,4-5 days
ORD104804,CUST1039,Sports,2026-07-09,1978.59,1.0,10,61.14,Net Banking,North,5.0,44.0,4.0,0,Not Returned,1780.731,2026-07,4-5 days
ORD102472,CUST3121,Beauty,2025-12-20,687.87,2.0,0,136.04,UPI,West,5.0,27.0,5.0,0,Not Returned,1375.74,2025-12,4-5 days
ORD101860,CUST3712,Fashion,2026-01-16,1049.47,1.0,10,8.88,UPI,South,6.0,54.0,2.0,0,Not Returned,944.523,2026-01,6-7 days
ORD100709,CUST3351,Beauty,2026-02-27,1039.44,2.0,0,46.13,Debit Card,East,5.0,16.0,4.0,1,Defective Product,2078.88,2026-02,4-5 days
ORD102672,CUST1736,Fashion,2025-03-11,1627.32,3.5,0,72.78,Cash on Delivery,Central,2.0,24.0,4.0,0,Not Returned,5695.62,2025-03,1-3 days
ORD104514,CUST3921,Grocery,2024-12-29,181.44,1.0,5,71.91,Cash on Delivery,South,5.0,48.0,5.0,0,Not Returned,172.368,2024-12,4-5 days
ORD101461,CUST2472,Books,2026-03-20,450.06,1.0,30,144.8,Net Banking,Central,4.0,25.0,4.0,0,Not Returned,315.042,2026-03,4-5 days
ORD101484,CUST2277,Fashion,2024-11-30,899.84,1.0,5,48.59,Credit Card,West,4.0,36.0,4.0,0,Not Returned,854.848,2024-11,4-5 days
ORD102545,CUST4136,Beauty,2025-02-21,833.87,1.0,20,115.62,Debit Card,South,8.0,50.0,5.0,0,Not Returned,667.096,2025-02,8+ days
ORD100230,CUST4303,Toys,2025-09-03,1238.94,1.0,15,67.77,UPI,South,3.0,17.0,4.0,1,Defective Product,1053.099,2025-09,1-3 days
ORD101356,CUST3677,Grocery,2026-04-30,265.53,3.5,20,76.27,Net Banking,North,3.0,37.0,5.0,0,Not Returned,743.4839999999999,2026-04,1-3 days
ORD103011,CUST2238,Toys,2025-05-05,1194.45,3.5,0,120.85,Cash on Delivery,Central,6.0,32.0,4.0,0,Not Returned,4180.575,2025-05,6-7 days
ORD100851,CUST2838,Fashion,2026-02-17,1499.98,1.0,15,13.11,Net Banking,East,3.0,31.0,4.0,0,Not Returned,1274.983,2026-02,1-3 days
ORD101004,CUST2772,Beauty,2026-07-26,1012.185,1.0,0,59.84,Net Banking,South,4.0,50.0,4.0,0,Not Returned,1012.185,2026-07,4-5 days
ORD101996,CUST2984,Books,2025-06-12,512.67,1.0,15,20.92,Credit Card,Central,3.0,28.0,4.0,0,Not Returned,435.76949999999994,2025-06,1-3 days
ORD101834,CUST1898,Fashion,2024-09-28,1867.62,1.0,10,166.85,Credit Card,South,4.0,30.0,5.0,1,Defective Product,1680.858,2024-09,4-5 days
ORD103973,CUST4482,Sports,2024-10-13,1109.21,1.0,15,23.35,Cash on Delivery,East,1.0,28.0,1.0,0,Not Returned,942.8285,2024-10,1-3 days
ORD104532,CUST2247,Beauty,2026-03-15,802.39,1.0,15,37.89,Cash on Delivery,Central,8.0,31.0,4.0,0,Not Returned,682.0314999999999,2026-03,8+ days
ORD101316,CUST1803,Toys,2025-03-22,50.0,1.0,25,48.59,Credit Card,North,6.0,17.0,4.0,0,Not Returned,37.5,2025-03,6-7 days
ORD103327,CUST1127,Toys,2026-05-10,581.72,1.0,0,67.33500000000001,UPI,East,4.0,53.0,4.0,0,Not Returned,581.72,2026-05,4-5 days
ORD101623,CUST1319,Toys,2025-01-22,541.57,1.0,5,49.23,Credit Card,West,3.0,45.0,4.0,0,Not Returned,514.4915,2025-01,1-3 days
ORD101480,CUST2977,Books,2026-08-18,74.44,1.0,10,90.88,Credit Card,South,2.0,22.0,4.0,0,Not Returned,66.996,2026-08,1-3 days
ORD103833,CUST2259,Electronics,2026-01-03,4558.5,1.0,0,83.95,Credit Card,North,5.0,34.0,5.0,1,Not as Described,4558.5,2026-01,4-5 days
ORD105099,CUST3704,Toys,2025-08-30,985.86,2.0,15,36.99,Cash on Delivery,East,4.0,27.0,1.0,0,Not Returned,1675.962,2025-08,4-5 days
ORD101278,CUST2231,Electronics,2026-05-01,4558.5,1.0,0,30.34,Net Banking,West,2.0,37.0,2.0,0,Not Returned,4558.5,2026-05,1-3 days
ORD103080,CUST1160,Toys,2026-08-08,1055.48,1.0,20,125.14,Cash on Delivery,South,4.0,25.0,4.0,1,Late Delivery,844.384,2026-08,4-5 days
ORD101823,CUST1106,Grocery,2025-03-04,154.39,1.0,0,42.37,Debit Card,Central,4.0,36.0,5.0,0,Not Returned,154.39,2025-03,4-5 days
ORD101053,CUST1986,Home & Kitchen,2025-07-19,1609.94,3.0,0,92.58,UPI,West,5.0,27.0,4.0,0,Not Returned,4829.82,2025-07,4-5 days
ORD104145,CUST1021,Grocery,2026-04-03,436.66,1.0,0,31.87,Cash on Delivery,Central,6.0,27.0,1.0,0,Not Returned,436.66,2026-04,6-7 days
ORD100475,CUST2288,Electronics,2025-07-17,4558.5,1.0,5,25.64,Cash on Delivery,Central,2.0,39.0,2.0,0,Not Returned,4330.575,2025-07,1-3 days
ORD102282,CUST3843,Electronics,2025-08-22,4558.5,1.0,10,56.64,Debit Card,Central,9.0,23.0,4.0,0,Not Returned,4102.650000000001,2025-08,8+ days
ORD103711,CUST1142,Sports,2025-10-04,1823.7,1.0,0,113.03,Credit Card,North,1.0,37.0,5.0,0,Not Returned,1823.7,2025-10,1-3 days
ORD103146,CUST4106,Toys,2026-04-10,1256.78,1.0,0,65.68,Cash on Delivery,East,4.0,51.0,5.0,1,Not as Described,1256.78,2026-04,4-5 days
ORD100335,CUST1892,Sports,2025-10-05,1201.86,1.0,0,171.59,Debit Card,North,4.0,39.0,4.0,0,Not Returned,1201.86,2025-10,4-5 days
ORD102617,CUST2391,Home & Kitchen,2025-02-12,3052.94,2.0,0,33.06,UPI,West,6.0,32.0,4.0,0,Not Returned,6105.88,2025-02,6-7 days
ORD103662,CUST2732,Electronics,2025-08-22,4558.5,1.0,20,33.46,Cash on Delivery,West,6.0,51.0,5.0,1,Size Issue,3646.8,2025-08,6-7 days
ORD100088,CUST2946,Toys,2024-11-20,1086.83,1.0,0,51.93,UPI,Central,5.0,20.0,4.0,0,Not Returned,1086.83,2024-11,4-5 days
ORD100874,CUST2581,Fashion,2025-05-19,1178.35,1.0,10,163.43,Credit Card,East,5.0,34.0,4.0,0,Not Returned,1060.5149999999999,2025-05,4-5 days
ORD100543,CUST1931,Beauty,2026-06-23,803.42,1.0,10,183.71,Net Banking,West,5.0,44.0,4.0,0,Not Returned,723.078,2026-06,4-5 days
ORD103000,CUST3906,Grocery,2025-08-25,316.59,1.0,0,126.32,Debit Card,West,6.0,31.0,5.0,0,Not Returned,316.59,2025-08,6-7 days
ORD102760,CUST3245,Grocery,2026-03-24,208.52,1.0,15,40.18,Credit Card,East,5.0,17.0,5.0,0,Not Returned,177.242,2026-03,4-5 days
ORD101880,CUST3316,Grocery,2025-01-27,132.61,1.0,15,97.5,Net Banking,South,1.0,45.0,4.0,0,Not Returned,112.7185,2025-01,1-3 days
ORD100926,CUST2037,Fashion,2025-09-19,1153.86,1.0,5,57.61,Cash on Delivery,West,1.0,46.0,4.0,1,Wrong Item Delivered,1096.167,2025-09,1-3 days
ORD100319,CUST2065,Home & Kitchen,2024-12-29,2254.11,1.0,0,91.11,Net Banking,South,2.0,40.0,1.0,0,Not Returned,2254.11,2024-12,1-3 days
ORD104615,CUST3029,Books,2025-09-01,317.11,3.0,15,53.81,Credit Card,Central,4.0,30.0,4.0,1,Changed Mind,808.6305,2025-09,4-5 days
ORD100878,CUST2373,Home & Kitchen,2026-01-23,944.53,3.0,5,110.28,UPI,North,6.0,50.0,4.0,1,Late Delivery,2691.9105,2026-01,6-7 days
ORD103994,CUST3706,Books,2025-08-18,343.31,1.0,15,33.05,Credit Card,South,3.0,16.0,5.0,0,Not Returned,291.8135,2025-08,1-3 days
ORD104921,CUST2752,Books,2025-06-03,401.18,1.0,10,68.92,Debit Card,North,5.0,31.0,4.0,0,Not Returned,361.062,2025-06,4-5 days
ORD103246,CUST3885,Fashion,2024-11-30,1707.54,1.0,0,203.85999999999999,Debit Card,South,7.0,34.0,4.0,1,Better Price Found,1707.54,2024-11,6-7 days
ORD103078,CUST2006,Electronics,2026-05-22,4558.5,1.0,10,56.77,Credit Card,Central,5.0,47.0,5.0,0,Not Returned,4102.650000000001,2026-05,4-5 days
ORD103761,CUST3151,Fashion,2026-08-11,1166.46,1.0,15,91.44,UPI,East,3.0,55.0,5.0,0,Not Returned,991.491,2026-08,1-3 days
ORD104730,CUST1189,Grocery,2025-02-13,193.29,1.0,25,31.28,Net Banking,South,1.0,41.0,5.0,0,Not Returned,144.9675,2025-02,1-3 days
ORD105662,CUST1896,Electronics,2025-11-14,4558.5,1.0,15,41.89,Cash on Delivery,North,5.0,26.0,4.0,0,Not Returned,3874.725,2025-11,4-5 days
ORD104234,CUST3149,Fashion,2025-11-22,908.36,1.0,5,181.88,Cash on Delivery,North,9.0,37.0,1.0,0,Not Returned,862.942,2025-11,8+ days
ORD104259,CUST1758,Fashion,2025-01-02,732.83,1.0,25,177.51,UPI,North,3.0,38.0,2.0,0,Not Returned,549.6225000000001,2025-01,1-3 days
ORD101618,CUST2623,Books,2024-12-17,623.81,1.0,0,81.24,Cash on Delivery,East,5.0,46.0,3.0,0,Not Returned,623.81,2024-12,4-5 days
ORD103726,CUST4275,Electronics,2025-12-19,4317.11,1.0,10,34.9,Debit Card,East,6.0,38.0,5.0,0,Not Returned,3885.399,2025-12,6-7 days
ORD101045,CUST1654,Electronics,2025-02-16,4558.5,2.0,15,103.53,Net Banking,Central,4.0,58.0,2.0,0,Not Returned,7749.45,2025-02,4-5 days
ORD105056,CUST2181,Home & Kitchen,2025-06-19,4059.52,1.0,0,29.09,Net Banking,South,6.0,22.0,5.0,0,Not Returned,4059.52,2025-06,6-7 days
ORD101750,CUST1381,Home & Kitchen,2026-01-21,2459.61,1.0,0,32.96,Cash on Delivery,North,3.0,16.0,5.0,0,Not Returned,2459.61,2026-01,1-3 days
ORD105151,CUST1006,Sports,2025-10-14,1477.24,2.0,0,25.64,Credit Card,South,5.0,41.0,3.0,0,Not Returned,2954.48,2025-10,4-5 days
ORD103878,CUST4445,Grocery,2025-04-04,319.0,3.0,15,119.36,Credit Card,North,3.0,46.0,3.0,0,Not Returned,813.4499999999999,2025-04,1-3 days
ORD103917,CUST1827,Toys,2026-03-21,793.27,1.0,10,54.43,Cash on Delivery,North,6.0,50.0,2.0,1,Not as Described,713.943,2026-03,6-7 days
ORD105189,CUST3976,Fashion,2024-10-10,858.71,1.0,25,13.21,Cash on Delivery,North,6.0,40.0,1.0,1,Not as Described,644.0325,2024-10,6-7 days
ORD101043,CUST2573,Toys,2025-03-19,1045.33,3.0,10,44.94,UPI,North,6.0,35.0,4.0,0,Not Returned,2822.391,2025-03,6-7 days
ORD103010,CUST2441,Toys,2025-04-29,824.88,2.0,0,30.09,Debit Card,South,4.0,27.0,4.0,0,Not Returned,1649.76,2025-04,4-5 days
ORD105155,CUST2495,Grocery,2025-04-09,246.94,3.5,20,29.0,Credit Card,South,4.0,39.0,5.0,0,Not Returned,691.432,2025-04,4-5 days
ORD103290,CUST3842,Electronics,2025-01-18,4558.5,1.0,0,117.98,Credit Card,West,5.0,34.0,4.0,0,Not Returned,4558.5,2025-01,4-5 days
ORD105849,CUST2698,Sports,2026-06-08,2009.09,2.0,0,67.33500000000001,Debit Card,East,6.0,43.0,5.0,0,Not Returned,4018.18,2026-06,6-7 days
ORD104751,CUST1149,Toys,2025-10-19,1170.55,1.0,30,64.38,Cash on Delivery,Central,1.0,40.0,2.0,0,Not Returned,819.3849999999999,2025-10,1-3 days
ORD102064,CUST2229,Fashion,2025-05-08,706.16,2.0,5,59.19,UPI,South,4.0,51.0,5.0,0,Not Returned,1341.704,2025-05,4-5 days
ORD102964,CUST2313,Books,2025-04-30,616.15,1.0,15,115.44,Cash on Delivery,West,7.0,40.0,5.0,0,Not Returned,523.7275,2025-04,6-7 days
ORD100641,CUST3619,Toys,2025-01-21,695.15,1.0,10,103.41,Credit Card,West,6.0,41.0,5.0,0,Not Returned,625.635,2025-01,6-7 days
ORD100880,CUST4398,Books,2024-09-15,280.45,2.0,5,41.85,Debit Card,East,5.0,30.0,4.0,0,Not Returned,532.8549999999999,2024-09,4-5 days
ORD101976,CUST3682,Grocery,2025-02-28,770.3,2.0,15,141.08,UPI,North,8.0,40.0,3.0,0,Not Returned,1309.51,2025-02,8+ days
ORD101581,CUST2013,Grocery,2025-04-11,293.08,1.0,0,61.8,Net Banking,West,4.0,32.0,3.0,0,Not Returned,293.08,2025-04,4-5 days
ORD104793,CUST3404,Home & Kitchen,2025-02-05,3889.93,1.0,0,84.35,Net Banking,East,3.0,22.0,5.0,1,Size Issue,3889.93,2025-02,1-3 days
ORD101097,CUST3390,Beauty,2026-01-28,402.26,1.0,15,24.02,Credit Card,North,1.0,25.0,4.0,1,Size Issue,341.921,2026-01,1-3 days
ORD105336,CUST3989,Home & Kitchen,2024-10-16,2631.26,1.0,10,31.49,Credit Card,Central,8.0,63.0,4.0,1,Wrong Item Delivered,2368.1340000000005,2024-10,8+ days
ORD105736,CUST2284,Books,2026-04-28,462.02,1.0,25,107.56,UPI,Central,5.0,31.0,4.0,0,Not Returned,346.515,2026-04,4-5 days
ORD101392,CUST2845,Sports,2025-03-06,2648.05,2.0,15,20.07,Net Banking,South,6.0,17.0,4.0,0,Not Returned,4501.685,2025-03,6-7 days
ORD102083,CUST2222,Home & Kitchen,2025-05-25,1410.2,1.0,25,47.1,Credit Card,West,1.0,28.0,5.0,0,Not Returned,1057.65,2025-05,1-3 days
ORD101266,CUST2230,Fashion,2025-01-27,56.57,1.0,0,67.33500000000001,Net Banking,Central,4.0,29.0,4.0,0,Not Returned,56.57,2025-01,4-5 days
ORD104231,CUST3652,Sports,2025-12-26,2277.17,1.0,15,33.08,Net Banking,South,7.0,18.0,5.0,0,Not Returned,1935.5945,2025-12,6-7 days
ORD105265,CUST3140,Fashion,2026-01-09,1206.54,2.0,10,148.68,UPI,South,2.0,54.0,4.0,0,Not Returned,2171.772,2026-01,1-3 days
ORD102574,CUST1213,Books,2026-01-01,400.82,1.0,5,73.55,Net Banking,Central,2.0,24.0,5.0,0,Not Returned,380.779,2026-01,1-3 days
ORD102135,CUST3847,Toys,2024-12-08,735.88,1.0,15,168.1,Cash on Delivery,Central,4.0,37.0,5.0,1,Not as Described,625.4979999999999,2024-12,4-5 days
ORD101503,CUST2759,Home & Kitchen,2025-07-13,262.59,1.0,5,48.69,Debit Card,North,8.0,16.0,5.0,1,Changed Mind,249.46049999999997,2025-07,8+ days
ORD105493,CUST1753,Fashion,2025-03-05,472.99,2.0,0,26.64,Net Banking,East,3.0,21.0,3.0,0,Not Returned,945.98,2025-03,1-3 days
ORD103367,CUST3374,Grocery,2025-09-17,232.7,1.0,20,71.48,Debit Card,West,4.0,42.0,5.0,0,Not Returned,186.16,2025-09,4-5 days
ORD103729,CUST1164,Home & Kitchen,2026-02-04,1645.33,1.0,5,188.14,Debit Card,North,1.0,51.0,1.0,0,Not Returned,1563.0634999999997,2026-02,1-3 days
ORD100148,CUST2653,Toys,2026-05-10,587.71,1.0,5,5.84,Credit Card,Central,8.0,45.0,4.0,0,Not Returned,558.3245000000001,2026-05,8+ days
ORD100303,CUST2597,Beauty,2025-03-25,1067.15,1.0,0,154.09,UPI,North,5.0,45.0,4.0,1,Wrong Item Delivered,1067.15,2025-03,4-5 days
ORD105113,CUST1586,Fashion,2025-01-08,708.03,1.0,0,46.4,Net Banking,Central,7.0,33.0,2.0,1,Not as Described,708.03,2025-01,6-7 days
ORD105148,CUST3346,Grocery,2026-07-08,237.43,1.0,15,166.43,UPI,East,2.0,57.0,4.0,0,Not Returned,201.81550000000001,2026-07,1-3 days
ORD105862,CUST2303,Toys,2024-12-23,1028.89,1.0,5,11.94,Debit Card,South,6.0,23.0,3.0,0,Not Returned,977.4455,2024-12,6-7 days
ORD102637,CUST1991,Fashion,2025-02-06,731.91,1.0,10,80.08,Cash on Delivery,West,5.0,27.0,5.0,0,Not Returned,658.7189999999999,2025-02,4-5 days
ORD101904,CUST1696,Toys,2024-10-12,417.76,1.0,20,151.14,Credit Card,East,3.0,50.0,4.0,0,Not Returned,334.208,2024-10,1-3 days
ORD105724,CUST2447,Home & Kitchen,2025-10-14,4290.01,1.0,15,132.97,Cash on Delivery,North,6.0,22.0,4.0,0,Not Returned,3646.5085,2025-10,6-7 days
ORD104294,CUST4019,Home & Kitchen,2026-05-01,2418.31,1.0,0,11.29,Cash on Delivery,North,6.0,36.0,3.0,0,Not Returned,2418.31,2026-05,6-7 days
ORD103842,CUST1487,Home & Kitchen,2024-10-01,2766.32,2.0,5,36.31,Cash on Delivery,South,5.0,37.0,5.0,0,Not Returned,5256.008,2024-10,4-5 days
ORD105445,CUST1194,Grocery,2025-04-09,440.96,2.0,15,148.41,UPI,South,4.0,16.0,4.0,0,Not Returned,749.632,2025-04,4-5 days
ORD101768,CUST2841,Home & Kitchen,2024-11-04,1697.09,2.0,20,23.68,UPI,North,4.0,27.0,5.0,0,Not Returned,2715.344,2024-11,4-5 days
ORD102875,CUST4373,Beauty,2026-01-18,932.44,1.0,0,146.73,Net Banking,North,7.0,20.0,4.0,0,Not Returned,932.44,2026-01,6-7 days
ORD102240,CUST1672,Electronics,2024-09-21,4558.5,1.0,0,120.86,Credit Card,Central,2.0,31.0,2.0,0,Not Returned,4558.5,2024-09,1-3 days
ORD104500,CUST4305,Home & Kitchen,2025-07-09,2987.02,3.0,5,67.33500000000001,Debit Card,Central,4.0,35.0,4.0,0,Not Returned,8513.007,2025-07,4-5 days
ORD100483,CUST3561,Beauty,2026-02-22,617.39,1.0,15,27.64,Credit Card,East,7.0,32.0,5.0,0,Not Returned,524.7814999999999,2026-02,6-7 days
ORD105278,CUST1668,Sports,2025-12-06,2337.04,1.0,20,99.15,Net Banking,Central,6.0,37.0,4.0,0,Not Returned,1869.632,2025-12,6-7 days
ORD101280,CUST1236,Grocery,2026-03-31,354.14,1.0,5,18.82,Cash on Delivery,East,6.0,34.0,1.0,0,Not Returned,336.433,2026-03,6-7 days
ORD105127,CUST2337,Sports,2024-09-09,2089.81,1.0,0,24.21,Cash on Delivery,West,3.0,36.0,5.0,0,Not Returned,2089.81,2024-09,1-3 days
ORD103680,CUST2706,Grocery,2024-09-04,364.42,3.0,10,23.36,Cash on Delivery,South,5.0,46.0,4.0,1,Late Delivery,983.934,2024-09,4-5 days
ORD100791,CUST1314,Beauty,2026-04-18,869.2,2.0,10,24.81,Net Banking,East,4.0,34.0,5.0,0,Not Returned,1564.5600000000002,2026-04,4-5 days
ORD104895,CUST2466,Electronics,2024-12-09,4558.5,1.0,10,133.74,Debit Card,North,5.0,43.0,2.0,0,Not Returned,4102.650000000001,2024-12,4-5 days
ORD101201,CUST1894,Grocery,2025-12-17,153.59,1.0,30,58.66,UPI,West,5.0,23.0,3.0,0,Not Returned,107.51299999999999,2025-12,4-5 days
ORD104518,CUST4390,Books,2025-02-23,370.82,1.0,5,65.45,Cash on Delivery,South,2.0,22.0,2.0,0,Not Returned,352.279,2025-02,1-3 days
ORD103912,CUST2339,Home & Kitchen,2025-11-03,2848.03,1.0,20,26.28,Net Banking,East,6.0,37.0,5.0,0,Not Returned,2278.4240000000004,2025-11,6-7 days
ORD102362,CUST1685,Electronics,2026-07-13,4558.5,1.0,30,54.8,UPI,East,2.0,27.0,1.0,0,Not Returned,3190.95,2026-07,1-3 days
ORD103069,CUST1171,Home & Kitchen,2025-06-10,2775.86,2.0,15,74.49,Credit Card,South,1.0,22.0,2.0,0,Not Returned,4718.962,2025-06,1-3 days
ORD103429,CUST1736,Electronics,2026-01-05,4558.5,1.0,5,62.95,UPI,North,6.0,34.0,2.0,0,Not Returned,4330.575,2026-01,6-7 days
ORD105939,CUST2531,Books,2025-10-07,570.71,1.0,10,29.82,Cash on Delivery,North,4.0,40.0,5.0,1,Defective Product,513.639,2025-10,4-5 days
ORD102591,CUST3091,Electronics,2026-03-15,4558.5,1.0,0,14.17,Credit Card,North,5.0,37.0,3.0,0,Not Returned,4558.5,2026-03,4-5 days
ORD102710,CUST1324,Home & Kitchen,2026-06-13,1667.06,2.0,0,115.62,UPI,West,5.0,53.0,4.0,0,Not Returned,3334.12,2026-06,4-5 days
ORD101529,CUST1709,Toys,2026-06-30,1170.5,1.0,15,121.08,UPI,North,4.0,49.0,4.0,0,Not Returned,994.925,2026-06,4-5 days
ORD104998,CUST2229,Grocery,2024-10-18,351.98,3.0,10,68.87,Net Banking,North,7.0,31.0,2.0,0,Not Returned,950.3460000000001,2024-10,6-7 days
ORD102809,CUST2223,Grocery,2025-08-05,60.28,1.0,25,52.95,Net Banking,East,5.0,31.0,4.0,0,Not Returned,45.21,2025-08,4-5 days
ORD100685,CUST1935,Books,2025-06-29,457.82,1.0,20,52.65,UPI,East,6.0,16.0,5.0,0,Not Returned,366.25600000000003,2025-06,6-7 days
ORD101551,CUST4099,Books,2025-09-19,465.18,1.0,10,23.81,Debit Card,North,4.0,31.0,5.0,0,Not Returned,418.66200000000003,2025-09,4-5 days
ORD104255,CUST4102,Toys,2026-01-30,1039.21,1.0,15,79.38,Net Banking,North,3.0,38.0,3.0,0,Not Returned,883.3285,2026-01,1-3 days
ORD105095,CUST4077,Beauty,2026-07-15,630.75,1.0,10,70.68,Credit Card,East,3.0,19.0,3.0,0,Not Returned,567.6750000000001,2026-07,1-3 days
ORD103871,CUST3128,Grocery,2025-07-25,466.93,1.0,15,64.62,Debit Card,South,4.0,34.0,5.0,0,Not Returned,396.8905,2025-07,4-5 days
ORD105122,CUST1986,Fashion,2025-12-16,1409.36,2.0,5,54.69,Net Banking,West,2.0,42.0,4.0,0,Not Returned,2677.7839999999997,2025-12,1-3 days
ORD100560,CUST1038,Fashion,2025-02-21,1335.74,1.0,20,157.37,UPI,North,4.0,42.0,4.0,0,Not Returned,1068.592,2025-02,4-5 days
ORD102250,CUST4430,Grocery,2026-06-27,372.59,1.0,25,40.59,Net Banking,North,1.0,23.0,5.0,1,Changed Mind,279.4425,2026-06,1-3 days
ORD105746,CUST1298,Books,2025-06-06,530.31,2.0,5,18.64,Debit Card,South,3.0,18.0,5.0,0,Not Returned,1007.5889999999998,2025-06,1-3 days
ORD103500,CUST3428,Toys,2024-09-06,1050.73,1.0,5,55.2,UPI,Central,6.0,48.0,4.0,0,Not Returned,998.1935,2024-09,6-7 days
ORD102689,CUST2041,Electronics,2025-01-23,4558.5,2.0,5,110.13,Net Banking,West,1.0,36.0,4.0,0,Not Returned,8661.15,2025-01,1-3 days
ORD104208,CUST3466,Beauty,2024-10-09,572.25,3.0,20,127.8,Debit Card,Central,3.0,58.0,2.0,0,Not Returned,1373.4,2024-10,1-3 days
ORD105977,CUST1151,Books,2026-07-26,529.19,1.0,25,82.04,Credit Card,East,5.0,32.0,3.0,0,Not Returned,396.89250000000004,2026-07,4-5 days
ORD103379,CUST3346,Beauty,2025-10-15,684.09,1.0,20,203.85999999999999,UPI,East,5.0,34.0,4.0,0,Not Returned,547.272,2025-10,4-5 days
ORD103193,CUST1229,Beauty,2026-06-28,519.87,1.0,5,67.33500000000001,Credit Card,South,3.0,24.0,3.0,1,Changed Mind,493.87649999999996,2026-06,1-3 days
ORD101446,CUST3978,Electronics,2025-09-25,4558.5,1.0,5,60.15,Net Banking,West,5.0,39.0,5.0,0,Not Returned,4330.575,2025-09,4-5 days
ORD101952,CUST1603,Fashion,2026-08-07,1220.44,1.0,0,17.26,UPI,Central,3.0,16.0,5.0,0,Not Returned,1220.44,2026-08,1-3 days
ORD100922,CUST1817,Home & Kitchen,2024-09-20,2089.32,1.0,15,48.34,Cash on Delivery,South,1.0,47.0,5.0,1,Not as Described,1775.922,2024-09,1-3 days
ORD101624,CUST1926,Sports,2024-11-24,1171.41,1.0,0,11.1,UPI,South,7.0,56.0,4.0,0,Not Returned,1171.41,2024-11,6-7 days
ORD100310,CUST3739,Grocery,2025-05-30,307.98,1.0,15,112.84,Cash on Delivery,Central,3.0,34.0,4.0,0,Not Returned,261.783,2025-05,1-3 days
ORD101319,CUST3681,Toys,2025-08-18,671.14,1.0,5,93.7,UPI,South,2.0,34.0,3.0,0,Not Returned,637.583,2025-08,1-3 days
ORD103531,CUST3359,Toys,2026-08-02,621.34,1.0,25,22.81,Net Banking,South,3.0,42.0,5.0,0,Not Returned,466.005,2026-08,1-3 days
ORD101663,CUST1049,Sports,2024-10-09,1759.63,1.0,0,55.02,Credit Card,South,5.0,45.0,1.0,0,Not Returned,1759.63,2024-10,4-5 days
ORD100815,CUST2032,Beauty,2025-05-28,429.34,1.0,25,106.84,UPI,West,2.0,53.0,5.0,1,Changed Mind,322.005,2025-05,1-3 days
ORD105575,CUST3803,Beauty,2025-03-16,945.46,1.0,0,28.47,Cash on Delivery,North,5.0,53.0,2.0,0,Not Returned,945.46,2025-03,4-5 days
ORD102266,CUST3494,Home & Kitchen,2025-06-21,3443.82,1.0,0,67.33500000000001,UPI,North,5.0,38.0,4.0,0,Not Returned,3443.82,2025-06,4-5 days
ORD101473,CUST3091,Grocery,2025-02-24,117.26,3.5,10,195.53,Net Banking,East,9.0,45.0,3.0,0,Not Returned,369.369,2025-02,8+ days
ORD101773,CUST1491,Books,2025-02-28,493.73,1.0,25,64.64,Net Banking,North,3.0,41.0,4.0,0,Not Returned,370.2975,2025-02,1-3 days
ORD104775,CUST1820,Grocery,2024-09-15,347.26,1.0,20,38.23,Net Banking,East,5.0,29.0,5.0,0,Not Returned,277.808,2024-09,4-5 days
ORD105676,CUST1267,Electronics,2025-09-18,4558.5,1.0,5,72.57,UPI,East,5.0,32.0,5.0,0,Not Returned,4330.575,2025-09,4-5 days
ORD101093,CUST3444,Toys,2025-11-21,1012.185,2.0,5,11.17,Net Banking,West,9.0,32.0,4.0,1,Defective Product,1923.1514999999997,2025-11,8+ days
ORD104176,CUST3019,Home & Kitchen,2025-08-08,1598.99,1.0,5,177.8,Cash on Delivery,East,5.0,32.0,5.0,0,Not Returned,1519.0404999999998,2025-08,4-5 days
ORD101950,CUST3116,Toys,2025-10-10,780.28,1.0,25,42.27,Debit Card,East,6.0,34.0,4.0,0,Not Returned,585.21,2025-10,6-7 days
ORD103884,CUST1052,Home & Kitchen,2025-05-14,4025.51,1.0,0,16.59,Net Banking,Central,6.0,44.0,4.0,1,Size Issue,4025.51,2025-05,6-7 days
ORD105555,CUST3569,Fashion,2025-03-02,2174.66,1.0,15,25.53,Cash on Delivery,South,2.0,23.0,5.0,1,Defective Product,1848.4609999999998,2025-03,1-3 days
ORD105745,CUST3335,Fashion,2025-05-20,1225.68,1.0,5,34.77,Net Banking,North,2.0,34.0,1.0,1,Late Delivery,1164.396,2025-05,1-3 days
ORD102800,CUST1137,Grocery,2025-02-15,163.01,1.0,25,87.77,UPI,East,1.0,45.0,4.0,0,Not Returned,122.2575,2025-02,1-3 days
ORD101239,CUST1912,Books,2026-02-02,621.18,1.0,15,168.57,UPI,South,5.0,41.0,4.0,1,Not as Described,528.0029999999999,2026-02,4-5 days
ORD100329,CUST3669,Electronics,2026-03-13,4558.5,2.0,20,90.45,Credit Card,West,7.0,50.0,5.0,0,Not Returned,7293.6,2026-03,6-7 days
ORD103102,CUST2840,Electronics,2024-11-10,4321.59,1.0,0,22.6,UPI,East,4.0,25.0,5.0,1,Defective Product,4321.59,2024-11,4-5 days
ORD100242,CUST2552,Grocery,2025-12-18,288.73,1.0,5,92.56,Net Banking,West,8.0,58.0,5.0,0,Not Returned,274.2935,2025-12,8+ days
ORD105756,CUST3475,Toys,2025-04-07,1089.77,1.0,25,37.68,UPI,West,1.0,27.0,3.0,1,Late Delivery,817.3275,2025-04,1-3 days
ORD104737,CUST3392,Toys,2025-08-25,708.07,1.0,0,30.89,UPI,North,5.0,41.0,4.0,0,Not Returned,708.07,2025-08,4-5 days
ORD104792,CUST2943,Sports,2026-02-17,683.95,1.0,0,88.22,Credit Card,West,4.0,37.0,4.0,0,Not Returned,683.95,2026-02,4-5 days
ORD102257,CUST2772,Home & Kitchen,2025-09-27,3328.42,2.0,0,67.33500000000001,Debit Card,East,6.0,22.0,5.0,0,Not Returned,6656.84,2025-09,6-7 days
ORD102818,CUST3829,Toys,2025-10-17,362.22,2.0,5,203.85999999999999,UPI,West,7.0,44.0,5.0,1,Size Issue,688.2180000000001,2025-10,6-7 days
ORD103824,CUST1071,Books,2026-04-09,151.23,1.0,10,107.97,Debit Card,West,1.0,43.0,5.0,0,Not Returned,136.107,2026-04,1-3 days
ORD100753,CUST1318,Sports,2025-07-21,769.59,3.5,15,130.18,Credit Card,West,3.0,35.0,1.0,0,Not Returned,2289.53025,2025-07,1-3 days
ORD104531,CUST3668,Books,2026-02-27,633.27,1.0,0,54.62,Debit Card,West,2.0,36.0,1.0,0,Not Returned,633.27,2026-02,1-3 days
ORD101563,CUST2436,Sports,2025-10-22,795.33,1.0,15,104.69,Credit Card,Central,4.0,28.0,3.0,1,Size Issue,676.0305,2025-10,4-5 days
ORD101934,CUST2801,Fashion,2024-09-20,1746.46,1.0,0,88.77,Cash on Delivery,South,6.0,19.0,4.0,1,Size Issue,1746.46,2024-09,6-7 days
ORD105892,CUST1739,Beauty,2025-03-13,652.87,2.0,0,64.75,UPI,Central,4.0,47.0,3.0,0,Not Returned,1305.74,2025-03,4-5 days
ORD103493,CUST2573,Home & Kitchen,2025-09-28,1580.45,1.0,0,92.94,Cash on Delivery,East,4.0,34.0,4.0,0,Not Returned,1580.45,2025-09,4-5 days
ORD103022,CUST3811,Sports,2026-05-18,2016.08,1.0,20,62.04,Net Banking,North,6.0,25.0,4.0,0,Not Returned,1612.864,2026-05,6-7 days
ORD104647,CUST2768,Home & Kitchen,2025-11-08,3393.27,1.0,10,31.74,Net Banking,East,5.0,34.0,4.0,0,Not Returned,3053.943,2025-11,4-5 days
ORD102648,CUST3353,Books,2025-04-06,429.0,1.0,15,76.74,Net Banking,Central,3.0,35.0,5.0,0,Not Returned,364.65,2025-04,1-3 days
ORD101856,CUST1580,Electronics,2025-10-21,4558.5,3.5,15,156.26,Net Banking,West,4.0,21.0,4.0,1,Not as Described,13561.5375,2025-10,4-5 days
ORD104697,CUST2969,Beauty,2025-01-21,795.85,1.0,0,22.78,Debit Card,West,8.0,49.0,5.0,0,Not Returned,795.85,2025-01,8+ days
ORD103563,CUST4117,Books,2025-05-10,412.92,1.0,0,30.56,Net Banking,West,5.0,16.0,3.0,1,Late Delivery,412.92,2025-05,4-5 days
ORD101964,CUST2131,Fashion,2025-04-14,1593.96,2.0,10,96.73,Net Banking,North,5.0,30.0,4.0,1,Size Issue,2869.128,2025-04,4-5 days
ORD101013,CUST3560,Electronics,2025-03-07,4558.5,2.0,0,145.38,UPI,North,7.0,16.0,4.0,0,Not Returned,9117.0,2025-03,6-7 days
ORD101427,CUST1554,Sports,2025-07-19,1599.85,1.0,10,133.69,UPI,West,4.0,36.0,5.0,0,Not Returned,1439.865,2025-07,4-5 days
ORD103322,CUST1255,Fashion,2026-05-04,1677.06,1.0,0,95.15,Net Banking,Central,3.0,48.0,4.0,1,Wrong Item Delivered,1677.06,2026-05,1-3 days
ORD101295,CUST1062,Grocery,2025-03-28,187.26,1.0,5,33.42,Credit Card,North,2.0,37.0,5.0,0,Not Returned,177.897,2025-03,1-3 days
ORD100466,CUST4335,Home & Kitchen,2025-07-03,2534.52,1.0,5,133.82,Net Banking,Central,4.0,21.0,5.0,0,Not Returned,2407.794,2025-07,4-5 days
ORD104028,CUST3751,Fashion,2026-06-05,1180.11,1.0,25,58.72,Credit Card,West,6.0,45.0,1.0,0,Not Returned,885.0825,2026-06,6-7 days
ORD100174,CUST1636,Books,2026-02-12,567.52,1.0,10,58.81,Credit Card,East,4.0,52.0,4.0,0,Not Returned,510.768,2026-02,4-5 days
ORD104880,CUST1043,Grocery,2025-06-04,71.25,3.0,0,49.31,UPI,East,5.0,49.0,4.0,0,Not Returned,213.75,2025-06,4-5 days
ORD100277,CUST4093,Books,2025-10-28,446.46,1.0,10,75.43,Net Banking,Central,5.0,38.0,5.0,0,Not Returned,401.81399999999996,2025-10,4-5 days
ORD101069,CUST1486,Grocery,2025-12-29,314.6,1.0,0,67.33500000000001,Cash on Delivery,East,5.0,30.0,5.0,0,Not Returned,314.6,2025-12,4-5 days
ORD101548,CUST3345,Electronics,2025-08-27,4558.5,1.0,5,32.24,Cash on Delivery,West,5.0,40.0,4.0,0,Not Returned,4330.575,2025-08,4-5 days
ORD101024,CUST3531,Grocery,2025-10-11,460.47,3.0,10,66.57,Credit Card,South,5.0,48.0,5.0,0,Not Returned,1243.269,2025-10,4-5 days
ORD105036,CUST3400,Beauty,2025-06-05,401.6,2.0,25,81.76,UPI,Central,1.0,34.0,4.0,0,Not Returned,602.4000000000001,2025-06,1-3 days
ORD102834,CUST2987,Beauty,2026-06-06,937.0,1.0,25,74.3,Debit Card,South,7.0,46.0,4.0,0,Not Returned,702.75,2026-06,6-7 days
ORD101466,CUST1681,Beauty,2025-12-17,1012.185,1.0,0,122.68,Credit Card,East,6.0,28.0,1.0,0,Not Returned,1012.185,2025-12,6-7 days
ORD105419,CUST1624,Home & Kitchen,2025-02-16,4014.07,2.0,15,74.75,Net Banking,Central,6.0,30.0,4.0,1,Not as Described,6823.919,2025-02,6-7 days
ORD105579,CUST2154,Toys,2025-01-30,1032.09,1.0,10,165.38,Credit Card,Central,5.0,16.0,4.0,0,Not Returned,928.881,2025-01,4-5 days
ORD105002,CUST2160,Sports,2025-03-30,1296.77,1.0,5,32.35,UPI,East,1.0,37.0,1.0,1,Late Delivery,1231.9315,2025-03,1-3 days
ORD101713,CUST1050,Fashion,2024-09-20,1225.16,1.0,10,119.16,Credit Card,West,3.0,24.0,5.0,0,Not Returned,1102.644,2024-09,1-3 days
ORD103424,CUST2888,Home & Kitchen,2025-10-20,671.92,3.0,10,52.9,Net Banking,North,9.0,35.0,5.0,0,Not Returned,1814.1839999999997,2025-10,8+ days
ORD102611,CUST1479,Sports,2025-03-22,1724.75,2.0,20,55.33,UPI,North,3.0,25.0,5.0,0,Not Returned,2759.6000000000004,2025-03,1-3 days
ORD100388,CUST2742,Electronics,2025-09-11,4558.5,1.0,5,151.5,Net Banking,Central,4.0,38.0,5.0,0,Not Returned,4330.575,2025-09,4-5 days
ORD102070,CUST1749,Beauty,2025-10-01,1056.6,3.5,10,203.85999999999999,UPI,North,2.0,16.0,3.0,1,Defective Product,3328.2899999999995,2025-10,1-3 days
ORD103970,CUST2785,Sports,2025-05-11,674.22,2.0,10,104.48,Cash on Delivery,North,4.0,50.0,4.0,0,Not Returned,1213.596,2025-05,4-5 days
ORD103495,CUST1437,Electronics,2026-01-09,4558.5,1.0,25,105.64,UPI,East,1.0,41.0,2.0,0,Not Returned,3418.875,2026-01,1-3 days
ORD102821,CUST1645,Toys,2024-10-23,950.74,1.0,15,34.82,Credit Card,East,3.0,41.0,5.0,0,Not Returned,808.129,2024-10,1-3 days
ORD104976,CUST1788,Home & Kitchen,2024-10-09,2236.59,3.0,25,201.62,Credit Card,Central,5.0,34.0,4.0,0,Not Returned,5032.3275,2024-10,4-5 days
ORD101424,CUST2010,Toys,2025-05-09,811.71,1.0,25,97.63,Cash on Delivery,South,1.0,34.0,4.0,1,Changed Mind,608.7825,2025-05,1-3 days
ORD103542,CUST3589,Toys,2026-03-20,1009.98,1.0,10,56.96,UPI,West,5.0,39.0,1.0,0,Not Returned,908.9820000000001,2026-03,4-5 days
ORD103574,CUST3526,Toys,2025-02-18,633.25,1.0,20,85.19,Debit Card,Central,1.0,29.0,2.0,1,Better Price Found,506.6,2025-02,1-3 days
ORD100050,CUST2084,Grocery,2025-07-20,423.84,3.5,0,45.26,Credit Card,South,5.0,34.0,4.0,0,Not Returned,1483.4399999999998,2025-07,4-5 days
ORD101887,CUST2375,Grocery,2025-11-29,280.65,1.0,0,156.09,Credit Card,West,5.0,37.0,3.0,0,Not Returned,280.65,2025-11,4-5 days
ORD103695,CUST2255,Home & Kitchen,2026-06-06,1012.3,1.0,10,92.91,Cash on Delivery,East,1.0,31.0,4.0,0,Not Returned,911.0699999999999,2026-06,1-3 days
ORD104229,CUST3102,Home & Kitchen,2024-10-25,1428.91,1.0,15,73.01,Credit Card,Central,7.0,17.0,3.0,0,Not Returned,1214.5735,2024-10,6-7 days
ORD105201,CUST4294,Toys,2025-01-19,1425.39,1.0,20,49.66,Debit Card,East,2.0,46.0,5.0,0,Not Returned,1140.3120000000001,2025-01,1-3 days
ORD104799,CUST2710,Electronics,2026-07-08,4558.5,1.0,25,26.84,Debit Card,Central,5.0,34.0,2.0,1,Better Price Found,3418.875,2026-07,4-5 days
ORD100482,CUST3550,Beauty,2025-09-01,570.57,1.0,5,153.18,Net Banking,North,5.0,30.0,3.0,0,Not Returned,542.0415,2025-09,4-5 days
ORD103393,CUST2986,Toys,2026-01-13,798.5,1.0,10,82.1,Cash on Delivery,South,7.0,57.0,5.0,0,Not Returned,718.65,2026-01,6-7 days
ORD105241,CUST4348,Home & Kitchen,2025-06-02,2896.27,1.0,0,203.85999999999999,Cash on Delivery,West,6.0,28.0,5.0,1,Size Issue,2896.27,2025-06,6-7 days
ORD102251,CUST1504,Electronics,2025-12-23,4558.5,1.0,30,32.5,UPI,South,6.0,34.0,5.0,1,Better Price Found,3190.95,2025-12,6-7 days
ORD104162,CUST4119,Books,2025-11-10,566.65,2.0,15,106.23,Credit Card,North,7.0,31.0,5.0,1,Changed Mind,963.305,2025-11,6-7 days
ORD102313,CUST2814,Toys,2026-05-09,655.76,1.0,30,34.24,Credit Card,North,3.0,38.0,4.0,0,Not Returned,459.032,2026-05,1-3 days
ORD102849,CUST4178,Books,2026-05-07,399.39,1.0,25,184.34,Debit Card,West,8.0,19.0,1.0,0,Not Returned,299.5425,2026-05,8+ days
ORD105760,CUST2924,Sports,2025-09-21,2128.4,2.0,20,67.33500000000001,Cash on Delivery,East,4.0,40.0,4.0,0,Not Returned,3405.4400000000005,2025-09,4-5 days
ORD103103,CUST1349,Electronics,2025-11-25,4558.5,1.0,0,38.11,Net Banking,Central,6.0,29.0,4.0,1,Late Delivery,4558.5,2025-11,6-7 days
ORD105003,CUST3482,Beauty,2025-05-20,176.03,1.0,0,46.93,UPI,West,4.0,49.0,5.0,0,Not Returned,176.03,2025-05,4-5 days
ORD104127,CUST1738,Sports,2025-01-04,2446.59,1.0,0,31.97,Cash on Delivery,West,4.0,16.0,4.0,0,Not Returned,2446.59,2025-01,4-5 days
ORD103867,CUST2737,Fashion,2026-08-06,831.59,2.0,0,38.65,Debit Card,East,3.0,38.0,5.0,0,Not Returned,1663.18,2026-08,1-3 days
ORD102465,CUST3700,Electronics,2026-07-13,4558.5,1.0,0,13.42,Credit Card,Central,5.0,28.0,4.0,0,Not Returned,4558.5,2026-07,4-5 days
ORD102929,CUST3360,Books,2026-02-04,252.78,2.0,20,75.06,Debit Card,South,5.0,24.0,5.0,1,Late Delivery,404.44800000000004,2026-02,4-5 days
ORD105965,CUST4331,Toys,2025-07-03,797.38,1.0,0,57.71,UPI,West,5.0,27.0,5.0,1,Better Price Found,797.38,2025-07,4-5 days
ORD104106,CUST1094,Grocery,2024-09-03,678.25,2.0,15,58.06,Credit Card,Central,3.0,24.0,3.0,0,Not Returned,1153.0249999999999,2024-09,1-3 days
ORD100064,CUST1469,Toys,2025-12-29,1191.75,1.0,30,203.85999999999999,Net Banking,Central,3.0,28.0,3.0,0,Not Returned,834.2249999999999,2025-12,1-3 days
ORD100776,CUST4109,Beauty,2024-12-08,564.7,1.0,0,24.54,Debit Card,South,9.0,54.0,5.0,1,Late Delivery,564.7,2024-12,8+ days
ORD104173,CUST3027,Beauty,2025-07-04,600.76,1.0,5,86.63,UPI,East,6.0,17.0,5.0,0,Not Returned,570.722,2025-07,6-7 days
ORD104587,CUST3560,Books,2026-04-07,470.15,1.0,20,86.48,Credit Card,North,4.0,41.0,4.0,0,Not Returned,376.12,2026-04,4-5 days
ORD102734,CUST1537,Electronics,2025-11-19,4558.5,2.0,15,99.0,Credit Card,East,5.0,31.0,3.0,1,Better Price Found,7749.45,2025-11,4-5 days
ORD102580,CUST1327,Home & Kitchen,2025-01-28,1962.29,1.0,5,137.85,Net Banking,West,3.0,48.0,5.0,0,Not Returned,1864.1754999999998,2025-01,1-3 days
ORD104616,CUST4108,Beauty,2025-05-10,801.94,1.0,10,30.77,Credit Card,West,6.0,44.0,4.0,1,Size Issue,721.7460000000001,2025-05,6-7 days
ORD103483,CUST3192,Books,2024-11-15,396.96,1.0,0,95.53,Credit Card,East,5.0,41.0,5.0,0,Not Returned,396.96,2024-11,4-5 days
ORD105997,CUST2510,Grocery,2026-06-09,225.31,3.0,0,26.38,UPI,North,9.0,38.0,4.0,0,Not Returned,675.9300000000001,2026-06,8+ days
ORD102344,CUST2945,Grocery,2025-11-13,335.65,1.0,5,44.24,Debit Card,West,6.0,32.0,5.0,1,Changed Mind,318.86749999999995,2025-11,6-7 days
ORD104687,CUST2914,Electronics,2026-01-06,4558.5,2.0,5,104.84,Net Banking,North,5.0,26.0,3.0,0,Not Returned,8661.15,2026-01,4-5 days
ORD102815,CUST1490,Books,2025-03-08,393.12,1.0,0,157.38,Credit Card,South,6.0,45.0,2.0,0,Not Returned,393.12,2025-03,6-7 days
ORD105779,CUST1813,Toys,2025-03-24,1012.185,2.0,5,80.58,UPI,West,2.0,27.0,3.0,1,Late Delivery,1923.1514999999997,2025-03,1-3 days
ORD105381,CUST1347,Toys,2025-08-13,1324.97,2.0,5,64.19,Debit Card,South,5.0,48.0,4.0,0,Not Returned,2517.4429999999998,2025-08,4-5 days
ORD104026,CUST2220,Grocery,2025-04-05,429.56,1.0,10,88.22,Credit Card,South,4.0,47.0,4.0,0,Not Returned,386.604,2025-04,4-5 days
ORD100724,CUST2719,Books,2025-01-23,463.29,3.0,10,49.92,UPI,East,5.0,57.0,5.0,0,Not Returned,1250.883,2025-01,4-5 days
ORD105641,CUST4404,Sports,2024-08-28,1815.29,2.0,0,21.32,Net Banking,West,6.0,26.0,5.0,0,Not Returned,3630.58,2024-08,6-7 days
ORD105620,CUST4484,Toys,2025-01-14,1192.86,1.0,0,60.66,Credit Card,East,2.0,50.0,3.0,1,Late Delivery,1192.86,2025-01,1-3 days
ORD105308,CUST2155,Beauty,2026-01-13,1048.54,1.0,15,58.65,Cash on Delivery,East,1.0,16.0,5.0,0,Not Returned,891.2589999999999,2026-01,1-3 days
ORD105990,CUST3531,Books,2026-04-27,204.61,1.0,5,127.38,UPI,East,2.0,34.0,3.0,1,Defective Product,194.3795,2026-04,1-3 days
ORD101735,CUST3020,Sports,2025-10-25,1781.23,1.0,20,6.06,Debit Card,West,5.0,36.0,4.0,0,Not Returned,1424.9840000000002,2025-10,4-5 days
ORD103124,CUST2858,Books,2025-12-14,456.07,1.0,25,40.12,Credit Card,East,8.0,53.0,4.0,0,Not Returned,342.0525,2025-12,8+ days
ORD104940,CUST2360,Sports,2026-01-08,1918.61,1.0,0,22.47,Cash on Delivery,Central,6.0,34.0,5.0,1,Not as Described,1918.61,2026-01,6-7 days
ORD105078,CUST3139,Fashion,2024-10-28,1281.42,1.0,0,89.89,UPI,East,7.0,44.0,1.0,1,Changed Mind,1281.42,2024-10,6-7 days
ORD104802,CUST3365,Toys,2025-05-19,795.92,1.0,25,27.99,Cash on Delivery,South,4.0,27.0,5.0,0,Not Returned,596.9399999999999,2025-05,4-5 days
ORD100273,CUST4474,Books,2025-09-30,620.93,1.0,5,53.99,Net Banking,North,1.0,30.0,2.0,1,Changed Mind,589.8834999999999,2025-09,1-3 days
ORD102944,CUST4083,Toys,2026-07-29,1026.54,1.0,10,107.5,Debit Card,East,6.0,24.0,4.0,1,Changed Mind,923.886,2026-07,6-7 days
ORD105869,CUST1651,Grocery,2026-04-23,441.83,1.0,0,66.12,Net Banking,North,10.5,30.0,5.0,0,Not Returned,441.83,2026-04,8+ days
ORD105059,CUST1811,Books,2026-01-15,114.73,1.0,15,26.52,Cash on Delivery,West,8.0,29.0,1.0,0,Not Returned,97.5205,2026-01,8+ days
ORD105614,CUST1342,Electronics,2025-02-03,4558.5,1.0,15,98.29,Debit Card,East,7.0,55.0,3.0,0,Not Returned,3874.725,2025-02,6-7 days
ORD105496,CUST4238,Beauty,2024-08-25,887.82,1.0,5,109.85,Credit Card,South,5.0,42.0,4.0,0,Not Returned,843.429,2024-08,4-5 days
ORD101452,CUST1570,Electronics,2025-12-23,4558.5,1.0,5,203.85999999999999,Net Banking,Central,5.0,34.0,5.0,0,Not Returned,4330.575,2025-12,4-5 days
ORD102715,CUST2822,Grocery,2025-03-05,356.25,1.0,10,81.03,UPI,West,8.0,40.0,5.0,0,Not Returned,320.625,2025-03,8+ days
ORD104245,CUST3950,Books,2025-07-24,482.51,3.0,20,50.25,Credit Card,Central,7.0,18.0,4.0,1,Wrong Item Delivered,1158.0240000000001,2025-07,6-7 days
ORD102692,CUST2478,Beauty,2025-04-20,655.16,2.0,5,36.89,Debit Card,East,1.0,34.0,5.0,1,Not as Described,1244.8039999999999,2025-04,1-3 days
ORD102767,CUST1981,Sports,2025-06-23,850.92,3.0,15,37.76,Net Banking,East,5.0,34.0,3.0,0,Not Returned,2169.8459999999995,2025-06,4-5 days
ORD100218,CUST3086,Toys,2025-05-02,956.57,2.0,20,90.15,Credit Card,South,4.0,23.0,4.0,0,Not Returned,1530.5120000000002,2025-05,4-5 days
ORD100239,CUST2648,Books,2025-06-13,378.92,1.0,15,36.18,Credit Card,West,8.0,28.0,2.0,0,Not Returned,322.082,2025-06,8+ days
ORD101131,CUST2189,Books,2026-03-30,471.72,1.0,5,26.33,Net Banking,East,6.0,24.0,4.0,0,Not Returned,448.134,2026-03,6-7 days
ORD105832,CUST4300,Toys,2025-08-21,458.59,2.0,0,67.33500000000001,Credit Card,North,6.0,16.0,5.0,1,Defective Product,917.18,2025-08,6-7 days
ORD103264,CUST4329,Sports,2024-11-23,2225.57,1.0,25,9.36,Cash on Delivery,North,7.0,35.0,4.0,0,Not Returned,1669.1775000000002,2024-11,6-7 days
ORD102239,CUST1435,Electronics,2025-05-19,4558.5,1.0,20,186.8,Credit Card,North,5.0,49.0,5.0,1,Defective Product,3646.8,2025-05,4-5 days
ORD105349,CUST3925,Toys,2026-02-15,772.51,1.0,10,18.39,UPI,East,3.0,38.0,2.0,1,Not as Described,695.259,2026-02,1-3 days
ORD105149,CUST4495,Sports,2025-05-14,618.08,1.0,15,117.75,UPI,Central,5.0,16.0,5.0,0,Not Returned,525.368,2025-05,4-5 days
ORD101383,CUST3823,Books,2024-11-29,186.32,1.0,5,88.11,Cash on Delivery,Central,2.0,27.0,2.0,0,Not Returned,177.004,2024-11,1-3 days
ORD103074,CUST3884,Electronics,2025-09-06,4558.5,1.0,5,32.78,Credit Card,East,2.0,43.0,3.0,0,Not Returned,4330.575,2025-09,1-3 days
ORD104860,CUST1751,Books,2026-06-15,489.82,1.0,5,25.82,Cash on Delivery,West,5.0,34.0,5.0,0,Not Returned,465.32899999999995,2026-06,4-5 days
ORD101357,CUST3661,Sports,2026-08-13,968.56,2.0,20,59.69,Debit Card,Central,6.0,41.0,5.0,1,Defective Product,1549.696,2026-08,6-7 days
ORD104871,CUST1430,Beauty,2024-10-13,956.34,1.0,15,19.49,Debit Card,North,4.0,23.0,4.0,0,Not Returned,812.889,2024-10,4-5 days
ORD102630,CUST1311,Sports,2026-04-11,2038.3,1.0,10,70.99,Debit Card,West,8.0,47.0,5.0,0,Not Returned,1834.47,2026-04,8+ days
ORD102832,CUST2467,Beauty,2026-01-04,554.54,3.0,0,70.59,UPI,North,6.0,28.0,4.0,0,Not Returned,1663.62,2026-01,6-7 days
ORD100624,CUST2519,Home & Kitchen,2025-05-30,2560.7,1.0,10,60.91,UPI,North,6.0,37.0,4.0,0,Not Returned,2304.63,2025-05,6-7 days
ORD100839,CUST4420,Books,2026-03-05,224.96,1.0,5,78.16,Credit Card,Central,5.0,35.0,3.0,0,Not Returned,213.712,2026-03,4-5 days
ORD104723,CUST3912,Home & Kitchen,2026-05-25,3378.48,1.0,15,28.23,Debit Card,South,3.0,34.0,2.0,0,Not Returned,2871.708,2026-05,1-3 days
ORD100323,CUST4407,Fashion,2025-03-10,72.39,1.0,20,80.99,Net Banking,Central,9.0,44.0,5.0,0,Not Returned,57.912000000000006,2025-03,8+ days
ORD100772,CUST3643,Home & Kitchen,2026-07-20,3493.95,3.0,5,59.03,Net Banking,North,4.0,19.0,3.0,0,Not Returned,9957.757499999998,2026-07,4-5 days
ORD101867,CUST3301,Beauty,2026-01-17,794.52,1.0,5,29.39,Debit Card,South,5.0,17.0,4.0,0,Not Returned,754.794,2026-01,4-5 days
ORD105256,CUST1346,Toys,2026-02-20,688.93,1.0,0,119.01,Net Banking,South,10.0,29.0,5.0,1,Better Price Found,688.93,2026-02,8+ days
ORD102826,CUST4241,Toys,2026-01-13,967.74,1.0,20,16.86,Debit Card,Central,3.0,40.0,5.0,0,Not Returned,774.192,2026-01,1-3 days
ORD105172,CUST1883,Fashion,2025-11-23,2067.93,1.0,5,158.34,Net Banking,North,6.0,38.0,5.0,0,Not Returned,1964.5334999999998,2025-11,6-7 days
ORD105609,CUST3678,Beauty,2024-11-28,681.27,1.0,10,64.81,UPI,East,3.0,27.0,5.0,0,Not Returned,613.143,2024-11,1-3 days
ORD100437,CUST2859,Electronics,2026-01-14,4558.5,3.5,15,50.87,Debit Card,North,2.0,46.0,4.0,1,Late Delivery,13561.5375,2026-01,1-3 days
ORD100119,CUST1779,Books,2025-02-16,490.81,1.0,0,131.75,Net Banking,North,4.0,21.0,5.0,0,Not Returned,490.81,2025-02,4-5 days
ORD105569,CUST1420,Books,2025-09-21,467.11,1.0,0,110.82,Debit Card,Central,8.0,45.0,4.0,0,Not Returned,467.11,2025-09,8+ days
ORD101839,CUST4023,Sports,2025-04-08,3223.35,3.5,30,67.33500000000001,UPI,West,4.0,36.0,5.0,1,Late Delivery,7897.2074999999995,2025-04,4-5 days
ORD101026,CUST3234,Sports,2026-05-30,2428.88,1.0,0,203.85999999999999,Net Banking,North,5.0,19.0,3.0,0,Not Returned,2428.88,2026-05,4-5 days
ORD103301,CUST2662,Books,2024-12-25,557.33,2.0,5,157.79,Debit Card,West,4.0,37.0,1.0,0,Not Returned,1058.9270000000001,2024-12,4-5 days
ORD104172,CUST2913,Sports,2024-12-16,2224.16,1.0,10,34.73,Cash on Delivery,Central,4.0,17.0,4.0,1,Changed Mind,2001.744,2024-12,4-5 days
ORD103101,CUST1373,Books,2026-02-06,453.88,2.0,15,70.0,Cash on Delivery,Central,2.0,40.0,4.0,0,Not Returned,771.596,2026-02,1-3 days
ORD100900,CUST3721,Grocery,2025-06-19,202.24,1.0,10,53.09,UPI,Central,1.0,56.0,5.0,0,Not Returned,182.01600000000002,2025-06,1-3 days
ORD104467,CUST1276,Fashion,2025-09-23,728.48,1.0,5,92.31,UPI,West,2.0,29.0,4.0,1,Defective Product,692.056,2025-09,1-3 days
ORD101204,CUST2829,Grocery,2024-10-17,342.72,1.0,5,87.19,Net Banking,North,3.0,16.0,3.0,1,Defective Product,325.584,2024-10,1-3 days
ORD105814,CUST2442,Fashion,2025-06-14,633.58,1.0,0,69.99,Credit Card,North,3.0,31.0,4.0,1,Better Price Found,633.58,2025-06,1-3 days
ORD105037,CUST1329,Toys,2026-08-01,793.74,1.0,0,105.82,Cash on Delivery,East,3.0,24.0,5.0,0,Not Returned,793.74,2026-08,1-3 days
ORD104050,CUST2735,Toys,2025-04-07,620.61,1.0,0,44.2,Debit Card,North,4.0,29.0,4.0,1,Size Issue,620.61,2025-04,4-5 days
ORD100552,CUST2687,Home & Kitchen,2025-02-13,2973.29,1.0,0,122.92,Net Banking,West,5.0,40.0,4.0,0,Not Returned,2973.29,2025-02,4-5 days
ORD100406,CUST1517,Fashion,2025-03-20,1724.84,3.0,5,25.25,Net Banking,East,8.0,27.0,5.0,0,Not Returned,4915.793999999999,2025-03,8+ days
ORD105587,CUST3733,Fashion,2024-12-06,1110.84,1.0,30,23.33,Net Banking,North,4.0,24.0,5.0,0,Not Returned,777.5879999999999,2024-12,4-5 days
ORD101613,CUST3662,Books,2026-06-14,231.15,1.0,30,72.26,Cash on Delivery,East,6.0,17.0,5.0,0,Not Returned,161.805,2026-06,6-7 days
ORD102934,CUST1928,Books,2026-05-16,416.33,2.0,10,88.29,Debit Card,East,5.0,26.0,4.0,0,Not Returned,749.394,2026-05,4-5 days
ORD105064,CUST4314,Home & Kitchen,2026-02-18,2111.5,3.5,0,76.4,Net Banking,Central,5.0,43.0,5.0,1,Changed Mind,7390.25,2026-02,4-5 days
ORD103298,CUST3441,Beauty,2024-11-10,604.98,2.0,15,64.22,Cash on Delivery,East,4.0,43.0,4.0,0,Not Returned,1028.466,2024-11,4-5 days
ORD102833,CUST2026,Grocery,2026-01-30,348.23,2.0,20,50.74,Debit Card,South,1.0,34.0,3.0,1,Not as Described,557.168,2026-01,1-3 days
ORD102349,CUST3513,Electronics,2026-06-11,4558.5,1.0,5,125.81,Debit Card,North,8.0,38.0,2.0,0,Not Returned,4330.575,2026-06,8+ days
ORD104785,CUST4207,Toys,2026-04-12,875.16,3.0,10,118.46,Net Banking,South,4.0,41.0,5.0,1,Changed Mind,2362.9320000000002,2026-04,4-5 days
ORD103109,CUST3316,Electronics,2026-06-16,4558.5,1.0,30,46.28,Cash on Delivery,West,6.0,33.0,4.0,0,Not Returned,3190.95,2026-06,6-7 days
ORD101738,CUST2004,Books,2026-02-25,1012.185,1.0,10,39.14,Debit Card,South,5.0,53.0,2.0,0,Not Returned,910.9665,2026-02,4-5 days
ORD100236,CUST4473,Sports,2025-04-05,1392.88,1.0,0,203.85999999999999,Credit Card,South,7.0,31.0,5.0,0,Not Returned,1392.88,2025-04,6-7 days
ORD103163,CUST3033,Grocery,2025-11-11,435.06,2.0,0,25.93,Net Banking,West,3.0,40.0,5.0,0,Not Returned,870.12,2025-11,1-3 days
ORD100499,CUST2976,Beauty,2025-06-18,1308.82,1.0,0,154.53,UPI,North,5.0,35.0,4.0,0,Not Returned,1308.82,2025-06,4-5 days
ORD104918,CUST3302,Toys,2025-04-15,990.72,2.0,0,13.78,Credit Card,North,4.0,22.0,4.0,0,Not Returned,1981.44,2025-04,4-5 days
ORD103625,CUST3997,Fashion,2024-08-28,1427.2,1.0,5,57.27,Net Banking,East,6.0,36.0,4.0,0,Not Returned,1355.84,2024-08,6-7 days
ORD103127,CUST3241,Home & Kitchen,2025-02-13,2694.44,1.0,15,88.7,Net Banking,Central,6.0,41.0,3.0,0,Not Returned,2290.274,2025-02,6-7 days
ORD100794,CUST3377,Fashion,2025-05-27,811.13,2.0,0,60.97,Debit Card,North,4.0,32.0,5.0,1,Late Delivery,1622.26,2025-05,4-5 days
ORD103358,CUST3828,Books,2025-08-06,401.53,1.0,0,20.42,Debit Card,West,4.0,38.0,5.0,1,Wrong Item Delivered,401.53,2025-08,4-5 days
ORD103291,CUST4212,Books,2025-10-24,668.31,1.0,25,79.96,Cash on Delivery,South,5.0,40.0,4.0,0,Not Returned,501.23249999999996,2025-10,4-5 days
ORD103972,CUST4224,Beauty,2026-04-30,1079.74,1.0,25,127.77,Cash on Delivery,Central,5.0,35.0,4.0,0,Not Returned,809.8050000000001,2026-04,4-5 days
ORD100990,CUST2511,Sports,2025-09-27,1599.56,1.0,0,102.75,Credit Card,East,5.0,17.0,5.0,1,Defective Product,1599.56,2025-09,4-5 days
ORD102435,CUST4441,Home & Kitchen,2025-07-03,1793.94,1.0,0,59.34,UPI,West,5.0,27.0,5.0,0,Not Returned,1793.94,2025-07,4-5 days
ORD103376,CUST3977,Fashion,2026-02-17,1179.69,1.0,5,69.59,UPI,East,2.0,33.0,4.0,1,Size Issue,1120.7055,2026-02,1-3 days
ORD100390,CUST3878,Books,2025-04-17,297.86,3.0,0,87.13,UPI,West,5.0,16.0,4.0,0,Not Returned,893.58,2025-04,4-5 days
ORD104839,CUST4350,Sports,2025-04-02,2621.8,3.0,15,20.89,UPI,East,2.0,28.0,4.0,0,Not Returned,6685.59,2025-04,1-3 days
ORD102400,CUST4256,Sports,2026-05-29,1110.93,3.0,20,110.98,Debit Card,East,3.0,33.0,3.0,0,Not Returned,2666.232,2026-05,1-3 days
ORD101217,CUST3309,Home & Kitchen,2025-06-18,2808.31,1.0,10,91.14,Net Banking,Central,3.0,47.0,4.0,1,Better Price Found,2527.479,2025-06,1-3 days
ORD100235,CUST3552,Electronics,2026-06-23,4558.5,1.0,0,44.6,Debit Card,Central,6.0,48.0,5.0,0,Not Returned,4558.5,2026-06,6-7 days
ORD100331,CUST1816,Toys,2026-07-14,1487.36,1.0,10,141.98,Credit Card,Central,3.0,22.0,3.0,0,Not Returned,1338.624,2026-07,1-3 days
ORD104576,CUST4329,Books,2024-11-17,613.86,2.0,0,85.41,UPI,North,6.0,45.0,3.0,0,Not Returned,1227.72,2024-11,6-7 days
ORD103188,CUST1556,Electronics,2024-09-13,4558.5,2.0,20,203.85999999999999,UPI,West,3.0,40.0,1.0,1,Better Price Found,7293.6,2024-09,1-3 days
ORD100044,CUST2643,Grocery,2026-03-30,224.56,2.0,10,56.24,Credit Card,North,4.0,22.0,1.0,0,Not Returned,404.208,2026-03,4-5 days
ORD105564,CUST1632,Books,2025-04-18,366.38,2.0,25,101.85,Cash on Delivery,Central,6.0,48.0,4.0,0,Not Returned,549.5699999999999,2025-04,6-7 days
ORD105775,CUST2062,Beauty,2025-01-22,888.81,1.0,5,72.1,UPI,North,1.0,50.0,5.0,0,Not Returned,844.3694999999999,2025-01,1-3 days
ORD104216,CUST2222,Toys,2024-12-09,1099.61,1.0,10,60.55,Debit Card,East,7.0,34.0,3.0,1,Late Delivery,989.6489999999999,2024-12,6-7 days
ORD103436,CUST1139,Sports,2025-02-19,1153.04,1.0,15,34.9,Net Banking,North,4.0,45.0,1.0,0,Not Returned,980.084,2025-02,4-5 days
ORD103072,CUST4041,Fashion,2025-06-03,1360.21,2.0,20,103.63,Credit Card,North,4.0,35.0,5.0,1,Late Delivery,2176.3360000000002,2025-06,4-5 days
ORD103134,CUST3471,Grocery,2025-10-15,436.98,1.0,20,156.72,Credit Card,South,3.0,46.0,4.0,0,Not Returned,349.58400000000006,2025-10,1-3 days
ORD105368,CUST1872,Home & Kitchen,2025-03-21,1867.53,1.0,20,72.02,Credit Card,Central,4.0,43.0,5.0,1,Wrong Item Delivered,1494.0240000000001,2025-03,4-5 days
ORD104045,CUST2124,Beauty,2025-01-22,759.18,3.0,20,68.97,Cash on Delivery,West,2.0,39.0,5.0,0,Not Returned,1822.0320000000002,2025-01,1-3 days
ORD105022,CUST2578,Electronics,2024-09-30,4558.5,1.0,20,66.35,Credit Card,North,2.0,36.0,4.0,0,Not Returned,3646.8,2024-09,1-3 days
ORD101594,CUST3993,Electronics,2026-02-05,4558.5,1.0,30,1.49,UPI,East,4.0,24.0,5.0,0,Not Returned,3190.95,2026-02,4-5 days
ORD100223,CUST3443,Electronics,2024-09-15,4558.5,1.0,30,35.5,Credit Card,West,5.0,34.0,2.0,1,Better Price Found,3190.95,2024-09,4-5 days
ORD104862,CUST1178,Home & Kitchen,2025-06-02,2348.39,3.0,25,100.04,Credit Card,Central,6.0,34.0,3.0,0,Not Returned,5283.8775000000005,2025-06,6-7 days
ORD104709,CUST2073,Beauty,2024-12-24,1007.84,1.0,5,61.72,UPI,East,4.0,17.0,4.0,0,Not Returned,957.448,2024-12,4-5 days
ORD102891,CUST3252,Sports,2026-03-21,1568.33,1.0,25,136.25,UPI,South,8.0,45.0,3.0,0,Not Returned,1176.2475,2026-03,8+ days
ORD101245,CUST2417,Sports,2025-02-15,2140.6,1.0,0,38.47,Credit Card,North,5.0,38.0,5.0,1,Not as Described,2140.6,2025-02,4-5 days
ORD101540,CUST1685,Beauty,2025-07-09,521.56,2.0,0,114.72,Cash on Delivery,Central,3.0,19.0,4.0,0,Not Returned,1043.12,2025-07,1-3 days
ORD103537,CUST2700,Home & Kitchen,2024-11-30,2532.87,1.0,0,18.13,Cash on Delivery,North,6.0,34.0,4.0,0,Not Returned,2532.87,2024-11,6-7 days
ORD104148,CUST1541,Toys,2025-12-22,1168.93,1.0,0,203.85999999999999,Credit Card,Central,3.0,35.0,5.0,0,Not Returned,1168.93,2025-12,1-3 days
ORD104625,CUST1304,Beauty,2025-06-24,474.86,1.0,0,126.86,Debit Card,North,4.0,24.0,5.0,0,Not Returned,474.86,2025-06,4-5 days
ORD102533,CUST1004,Toys,2025-09-17,1124.11,1.0,20,71.57,Net Banking,West,2.0,50.0,3.0,0,Not Returned,899.288,2025-09,1-3 days
ORD100818,CUST2365,Electronics,2026-05-19,1012.185,1.0,30,62.87,Cash on Delivery,Central,7.0,37.0,4.0,1,Not as Described,708.5294999999999,2026-05,6-7 days
ORD103458,CUST2084,Electronics,2026-07-18,4558.5,1.0,0,116.56,UPI,North,6.0,40.0,4.0,0,Not Returned,4558.5,2026-07,6-7 days
ORD100155,CUST2286,Beauty,2025-12-21,981.61,3.0,5,52.3,Net Banking,Central,6.0,27.0,4.0,0,Not Returned,2797.5885,2025-12,6-7 days
ORD100248,CUST3681,Beauty,2025-10-16,554.06,1.0,10,165.81,Debit Card,West,4.0,37.0,5.0,0,Not Returned,498.65399999999994,2025-10,4-5 days
ORD104857,CUST1735,Home & Kitchen,2025-06-18,2571.35,1.0,20,45.26,Cash on Delivery,East,4.0,42.0,5.0,0,Not Returned,2057.08,2025-06,4-5 days
ORD103927,CUST1134,Electronics,2025-07-21,4558.5,1.0,30,97.07,Credit Card,North,8.0,27.0,3.0,0,Not Returned,3190.95,2025-07,8+ days
ORD104014,CUST4388,Beauty,2025-02-14,410.15,1.0,10,21.84,Net Banking,Central,10.5,24.0,5.0,0,Not Returned,369.135,2025-02,8+ days
ORD102636,CUST1817,Toys,2025-08-18,580.19,1.0,15,75.86,Cash on Delivery,West,6.0,48.0,2.0,0,Not Returned,493.16150000000005,2025-08,6-7 days
ORD104638,CUST3537,Home & Kitchen,2026-03-09,1693.35,1.0,15,133.03,Credit Card,North,3.0,25.0,5.0,0,Not Returned,1439.3474999999999,2026-03,1-3 days
ORD100793,CUST3076,Toys,2025-11-11,495.97,1.0,20,110.98,Credit Card,North,4.0,44.0,5.0,0,Not Returned,396.77600000000007,2025-11,4-5 days
ORD101725,CUST3112,Toys,2025-01-29,195.53,1.0,30,126.01,UPI,West,6.0,35.0,4.0,0,Not Returned,136.87099999999998,2025-01,6-7 days
ORD103189,CUST3569,Electronics,2025-08-05,4558.5,2.0,0,15.24,Net Banking,West,5.0,36.0,5.0,0,Not Returned,9117.0,2025-08,4-5 days
ORD102649,CUST3010,Grocery,2026-05-16,371.26,1.0,0,99.44,Credit Card,South,4.0,23.0,3.0,0,Not Returned,371.26,2026-05,4-5 days
ORD100628,CUST2699,Grocery,2026-02-01,222.81,1.0,10,26.31,Debit Card,East,4.0,39.0,4.0,0,Not Returned,200.529,2026-02,4-5 days
ORD105843,CUST4203,Books,2026-07-06,734.23,1.0,25,89.76,Credit Card,West,8.0,37.0,5.0,0,Not Returned,550.6725,2026-07,8+ days
ORD102339,CUST2652,Fashion,2025-09-19,1613.11,2.0,15,14.54,Debit Card,East,3.0,47.0,4.0,0,Not Returned,2742.287,2025-09,1-3 days
ORD105988,CUST3020,Sports,2026-08-08,4558.5,2.0,0,109.46,UPI,South,5.0,49.0,5.0,0,Not Returned,9117.0,2026-08,4-5 days
ORD105463,CUST3465,Books,2025-11-22,503.34,2.0,15,156.14,UPI,Central,4.0,28.0,4.0,0,Not Returned,855.6779999999999,2025-11,4-5 days
ORD101620,CUST1959,Toys,2026-01-12,623.27,1.0,10,30.02,UPI,Central,6.0,16.0,4.0,0,Not Returned,560.943,2026-01,6-7 days
ORD101451,CUST2675,Grocery,2026-03-23,269.18,2.0,5,15.88,Debit Card,Central,1.0,25.0,4.0,0,Not Returned,511.442,2026-03,1-3 days
ORD102902,CUST4049,Fashion,2026-03-01,1888.44,2.0,15,67.33500000000001,Debit Card,South,5.0,23.0,4.0,0,Not Returned,3210.348,2026-03,4-5 days
ORD105167,CUST1140,Fashion,2026-04-16,1357.4,2.0,0,75.43,UPI,Central,2.0,36.0,4.0,1,Size Issue,2714.8,2026-04,1-3 days
ORD104650,CUST2562,Electronics,2025-03-22,4558.5,1.0,0,106.98,Credit Card,Central,4.0,30.0,5.0,0,Not Returned,4558.5,2025-03,4-5 days
ORD101828,CUST4140,Beauty,2025-09-10,902.8,1.0,10,117.27,Net Banking,East,5.0,26.0,3.0,0,Not Returned,812.52,2025-09,4-5 days
ORD100826,CUST4330,Fashion,2026-03-20,1086.62,1.0,20,14.51,Net Banking,South,3.0,36.0,3.0,0,Not Returned,869.2959999999999,2026-03,1-3 days
ORD101639,CUST2802,Home & Kitchen,2025-12-07,2174.38,1.0,0,203.85999999999999,UPI,East,5.0,34.0,5.0,0,Not Returned,2174.38,2025-12,4-5 days
ORD103864,CUST1758,Sports,2026-01-11,1677.55,1.0,20,19.49,UPI,Central,7.0,30.0,2.0,0,Not Returned,1342.04,2026-01,6-7 days
ORD102913,CUST3267,Sports,2025-03-08,1257.16,1.0,0,67.81,Cash on Delivery,East,5.0,56.0,5.0,0,Not Returned,1257.16,2025-03,4-5 days
ORD102939,CUST2307,Grocery,2025-09-06,4558.5,1.0,5,129.5,Debit Card,West,2.0,38.0,3.0,0,Not Returned,4330.575,2025-09,1-3 days
ORD103420,CUST3670,Electronics,2025-06-30,4558.5,1.0,10,124.16,Credit Card,North,6.0,31.0,5.0,0,Not Returned,4102.650000000001,2025-06,6-7 days
ORD103996,CUST2097,Beauty,2026-07-05,571.11,1.0,0,42.7,Credit Card,East,8.0,32.0,4.0,0,Not Returned,571.11,2026-07,8+ days
ORD103767,CUST2892,Beauty,2024-12-24,939.39,1.0,15,48.57,Credit Card,East,6.0,28.0,4.0,0,Not Returned,798.4815,2024-12,6-7 days
ORD102663,CUST2332,Books,2025-10-17,590.14,1.0,10,81.65,Debit Card,East,8.0,18.0,1.0,0,Not Returned,531.126,2025-10,8+ days
ORD100154,CUST1836,Electronics,2026-07-03,4558.5,3.0,15,46.86,UPI,North,3.0,26.0,4.0,1,Wrong Item Delivered,11624.175,2026-07,1-3 days
ORD103241,CUST2120,Toys,2024-12-06,934.71,1.0,15,87.72,Cash on Delivery,Central,5.0,34.0,5.0,1,Size Issue,794.5035,2024-12,4-5 days
ORD105596,CUST1600,Toys,2026-03-10,485.8,2.0,5,35.82,Credit Card,East,5.0,39.0,2.0,0,Not Returned,923.02,2026-03,4-5 days
ORD103149,CUST3845,Toys,2024-11-25,925.22,1.0,15,161.13,UPI,East,3.0,16.0,4.0,0,Not Returned,786.437,2024-11,1-3 days
ORD102952,CUST2779,Grocery,2025-06-06,244.29,1.0,0,100.43,Cash on Delivery,East,2.0,55.0,1.0,1,Changed Mind,244.29,2025-06,1-3 days
ORD101311,CUST1187,Beauty,2025-04-04,339.94,1.0,15,8.31,Credit Card,Central,5.0,39.0,4.0,0,Not Returned,288.949,2025-04,4-5 days
ORD100322,CUST2552,Books,2026-02-26,270.44,1.0,0,80.74,Debit Card,East,6.0,31.0,3.0,0,Not Returned,270.44,2026-02,6-7 days
ORD104110,CUST3872,Fashion,2025-01-10,1402.43,1.0,5,46.84,Credit Card,East,5.0,25.0,4.0,0,Not Returned,1332.3085,2025-01,4-5 days
ORD103330,CUST2567,Fashion,2025-04-08,1446.02,1.0,15,6.25,Credit Card,East,4.0,32.0,4.0,0,Not Returned,1229.117,2025-04,4-5 days
ORD103985,CUST3067,Toys,2026-04-13,1439.12,2.0,20,203.85999999999999,Debit Card,East,4.0,32.0,4.0,0,Not Returned,2302.592,2026-04,4-5 days
ORD100082,CUST1980,Fashion,2026-03-31,1103.01,1.0,15,109.47,Cash on Delivery,West,4.0,21.0,2.0,0,Not Returned,937.5585,2026-03,4-5 days
ORD102560,CUST1834,Toys,2025-06-05,800.24,1.0,25,12.44,Net Banking,East,3.0,34.0,4.0,0,Not Returned,600.1800000000001,2025-06,1-3 days
ORD101943,CUST4352,Home & Kitchen,2026-04-25,2155.37,1.0,5,67.33500000000001,Credit Card,East,2.0,24.0,5.0,0,Not Returned,2047.6014999999998,2026-04,1-3 days
ORD101988,CUST3851,Books,2026-04-27,3250.909553885569,1.0,20,99.22,Net Banking,South,4.0,34.0,4.0,0,Not Returned,2600.7276431084556,2026-04,4-5 days
ORD103536,CUST2121,Home & Kitchen,2024-10-04,2545.28,2.0,10,49.69,Net Banking,South,4.0,35.0,1.0,0,Not Returned,4581.504000000001,2024-10,4-5 days
ORD105479,CUST2716,Fashion,2024-10-07,824.48,1.0,30,44.85,Cash on Delivery,East,6.0,43.0,5.0,1,Not as Described,577.136,2024-10,6-7 days
ORD101574,CUST3782,Beauty,2026-08-09,1110.6,2.0,25,100.02,Debit Card,South,4.0,33.0,5.0,0,Not Returned,1665.8999999999999,2026-08,4-5 days
ORD102977,CUST1056,Home & Kitchen,2026-04-10,1100.94,1.0,0,67.33500000000001,Cash on Delivery,North,4.0,39.0,5.0,0,Not Returned,1100.94,2026-04,4-5 days
ORD102723,CUST1862,Fashion,2026-02-18,630.74,1.0,10,48.97,Credit Card,Central,3.0,24.0,4.0,1,Wrong Item Delivered,567.666,2026-02,1-3 days
ORD103405,CUST4356,Beauty,2025-02-28,458.8,1.0,5,89.13,Debit Card,Central,6.0,42.0,4.0,0,Not Returned,435.86,2025-02,6-7 days
ORD102058,CUST3900,Home & Kitchen,2024-09-13,3722.02,1.0,0,121.68,Cash on Delivery,East,5.0,27.0,5.0,0,Not Returned,3722.02,2024-09,4-5 days
ORD101762,CUST4407,Books,2025-06-02,320.67,1.0,10,19.11,Credit Card,West,1.0,20.0,1.0,1,Not as Described,288.603,2025-06,1-3 days
ORD101494,CUST4033,Electronics,2024-12-17,4558.5,1.0,5,81.17,Credit Card,South,2.0,31.0,3.0,0,Not Returned,4330.575,2024-12,1-3 days
ORD104927,CUST3695,Sports,2025-01-26,2466.95,1.0,5,102.85,Credit Card,West,4.0,30.0,1.0,0,Not Returned,2343.6024999999995,2025-01,4-5 days
ORD102080,CUST3542,Home & Kitchen,2025-10-17,2668.92,1.0,15,14.99,UPI,West,3.0,38.0,4.0,1,Better Price Found,2268.582,2025-10,1-3 days
ORD101174,CUST3325,Toys,2026-03-20,1377.0,1.0,25,105.26,Credit Card,Central,4.0,30.0,5.0,0,Not Returned,1032.75,2026-03,4-5 days
ORD104509,CUST2046,Toys,2024-12-02,1048.84,1.0,20,42.74,Net Banking,Central,5.0,28.0,4.0,0,Not Returned,839.072,2024-12,4-5 days
ORD102628,CUST1380,Toys,2025-02-16,1092.32,1.0,10,75.42,Credit Card,East,4.0,21.0,4.0,0,Not Returned,983.088,2025-02,4-5 days
ORD104261,CUST3758,Books,2025-02-24,562.64,1.0,5,48.93,Net Banking,South,5.0,21.0,5.0,1,Changed Mind,534.5079999999999,2025-02,4-5 days
ORD105707,CUST3143,Books,2025-11-06,535.16,1.0,5,77.94,Debit Card,North,3.0,16.0,1.0,0,Not Returned,508.40199999999993,2025-11,1-3 days
ORD100614,CUST3299,Fashion,2026-05-27,1043.23,2.0,0,81.48,Debit Card,North,3.0,48.0,5.0,0,Not Returned,2086.46,2026-05,1-3 days
ORD103093,CUST2610,Beauty,2025-09-22,791.93,3.0,10,29.21,Debit Card,South,5.0,34.0,4.0,1,Late Delivery,2138.2110000000002,2025-09,4-5 days
ORD103450,CUST2132,Grocery,2025-11-28,252.68,1.0,0,72.34,UPI,West,2.0,16.0,4.0,0,Not Returned,252.68,2025-11,1-3 days
ORD101014,CUST3185,Books,2025-03-28,304.94,1.0,5,64.71,Debit Card,North,6.0,29.0,4.0,0,Not Returned,289.693,2025-03,6-7 days
ORD103057,CUST3012,Sports,2026-05-03,2435.59,3.5,15,36.63,Credit Card,East,6.0,62.0,3.0,0,Not Returned,7245.88025,2026-05,6-7 days
ORD105888,CUST3373,Beauty,2024-09-04,499.18,1.0,10,24.46,Debit Card,East,8.0,31.0,2.0,0,Not Returned,449.262,2024-09,8+ days
ORD105333,CUST2251,Books,2026-05-08,563.68,2.0,10,162.3,Cash on Delivery,North,7.0,46.0,3.0,0,Not Returned,1014.6239999999999,2026-05,6-7 days
ORD103905,CUST1500,Electronics,2025-07-17,4558.5,2.0,10,78.14,Credit Card,West,3.0,43.0,5.0,0,Not Returned,8205.300000000001,2025-07,1-3 days
ORD102181,CUST4458,Beauty,2026-02-01,616.45,1.0,0,58.55,Credit Card,Central,4.0,26.0,3.0,1,Defective Product,616.45,2026-02,4-5 days
ORD103418,CUST3176,Fashion,2024-10-29,1063.61,1.0,0,131.91,Net Banking,South,3.0,31.0,4.0,0,Not Returned,1063.61,2024-10,1-3 days
ORD104651,CUST3528,Grocery,2025-06-08,413.83,2.0,5,151.4,Net Banking,East,6.0,37.0,4.0,0,Not Returned,786.2769999999999,2025-06,6-7 days
ORD103100,CUST3942,Toys,2026-03-24,1201.19,2.0,0,24.55,Debit Card,East,6.0,35.0,5.0,0,Not Returned,2402.38,2026-03,6-7 days
ORD101211,CUST2809,Toys,2026-05-05,692.26,1.0,5,12.3,Credit Card,Central,3.0,25.0,2.0,0,Not Returned,657.6469999999999,2026-05,1-3 days
ORD105925,CUST2638,Home & Kitchen,2025-08-28,1299.39,1.0,10,36.31,Cash on Delivery,Central,3.0,23.0,4.0,1,Not as Described,1169.451,2025-08,1-3 days
ORD100634,CUST2485,Fashion,2026-07-14,1107.74,2.0,0,77.59,Credit Card,South,5.0,50.0,4.0,0,Not Returned,2215.48,2026-07,4-5 days
ORD101055,CUST2152,Electronics,2024-09-23,4558.5,3.0,0,203.85999999999999,Debit Card,North,4.0,31.0,3.0,1,Wrong Item Delivered,13675.5,2024-09,4-5 days
ORD102340,CUST1906,Electronics,2024-10-25,1012.185,1.0,5,86.67,Net Banking,Central,1.0,26.0,5.0,0,Not Returned,961.5757499999999,2024-10,1-3 days
ORD100796,CUST1168,Beauty,2026-02-10,191.11,1.0,10,55.24,UPI,West,5.0,46.0,5.0,0,Not Returned,171.99900000000002,2026-02,4-5 days
ORD105187,CUST2426,Electronics,2025-12-27,3902.61,1.0,15,44.94,Net Banking,West,6.0,34.0,4.0,0,Not Returned,3317.2185,2025-12,6-7 days
ORD104270,CUST3759,Home & Kitchen,2025-05-09,4558.5,1.0,10,103.01,Net Banking,Central,3.0,41.0,5.0,0,Not Returned,4102.650000000001,2025-05,1-3 days
ORD102814,CUST4253,Grocery,2024-08-30,184.18,1.0,10,203.85999999999999,Cash on Delivery,North,5.0,43.0,4.0,0,Not Returned,165.762,2024-08,4-5 days
ORD104341,CUST1619,Books,2025-03-02,143.53,1.0,0,67.56,UPI,South,5.0,25.0,5.0,1,Better Price Found,143.53,2025-03,4-5 days
ORD101080,CUST1572,Home & Kitchen,2026-06-02,1478.21,1.0,0,96.58,Cash on Delivery,North,3.0,30.0,5.0,1,Not as Described,1478.21,2026-06,1-3 days
ORD101654,CUST3696,Beauty,2026-04-30,596.56,1.0,0,203.85999999999999,Cash on Delivery,West,5.0,37.0,5.0,1,Not as Described,596.56,2026-04,4-5 days
ORD101607,CUST4427,Beauty,2025-11-19,191.8,1.0,15,33.93,Net Banking,South,7.0,22.0,2.0,0,Not Returned,163.03,2025-11,6-7 days
ORD100144,CUST1232,Beauty,2025-09-11,749.27,1.0,25,136.97,Debit Card,East,6.0,21.0,4.0,0,Not Returned,561.9525,2025-09,6-7 days
ORD104241,CUST1195,Home & Kitchen,2025-03-22,2490.88,3.0,10,60.36,UPI,South,6.0,39.0,4.0,0,Not Returned,6725.376,2025-03,6-7 days
ORD100090,CUST3484,Home & Kitchen,2025-02-28,2684.64,2.0,0,61.8,Net Banking,South,5.0,34.0,4.0,1,Changed Mind,5369.28,2025-02,4-5 days
ORD100682,CUST3681,Home & Kitchen,2024-11-10,1318.95,3.0,0,203.85999999999999,Debit Card,East,4.0,35.0,4.0,0,Not Returned,3956.8500000000004,2024-11,4-5 days
ORD104406,CUST4100,Beauty,2025-09-04,364.47,1.0,0,203.85999999999999,Net Banking,North,6.0,26.0,4.0,0,Not Returned,364.47,2025-09,6-7 days
ORD103431,CUST4406,Electronics,2025-12-23,4558.5,1.0,10,35.49,UPI,South,6.0,37.0,5.0,0,Not Returned,4102.650000000001,2025-12,6-7 days
ORD100093,CUST1823,Grocery,2026-02-03,194.61,3.0,5,96.64,Debit Card,Central,4.0,36.0,4.0,0,Not Returned,554.6385,2026-02,4-5 days
ORD100834,CUST4138,Home & Kitchen,2025-04-25,2983.79,1.0,25,29.05,Cash on Delivery,Central,3.0,37.0,5.0,0,Not Returned,2237.8424999999997,2025-04,1-3 days
ORD105020,CUST3600,Home & Kitchen,2026-01-19,4419.15,1.0,15,137.41,Cash on Delivery,East,3.0,34.0,5.0,0,Not Returned,3756.2774999999997,2026-01,1-3 days
ORD105885,CUST3700,Home & Kitchen,2026-03-05,3014.13,3.0,0,36.47,UPI,East,5.0,56.0,4.0,0,Not Returned,9042.39,2026-03,4-5 days
ORD105131,CUST3746,Fashion,2026-07-15,1711.06,2.0,0,126.82,Cash on Delivery,West,3.0,45.0,4.0,0,Not Returned,3422.12,2026-07,1-3 days
ORD103979,CUST3368,Books,2026-01-25,630.54,2.0,10,51.9,Cash on Delivery,West,6.0,17.0,4.0,0,Not Returned,1134.972,2026-01,6-7 days
ORD102291,CUST1103,Beauty,2025-09-05,634.89,1.0,30,78.91,Debit Card,East,4.0,57.0,1.0,0,Not Returned,444.42299999999994,2025-09,4-5 days
ORD101500,CUST2770,Books,2025-11-30,309.49,1.0,10,120.65,Net Banking,North,6.0,36.0,5.0,0,Not Returned,278.541,2025-11,6-7 days
ORD102262,CUST1525,Books,2026-02-03,452.19,1.0,5,129.12,Debit Card,North,7.0,29.0,3.0,0,Not Returned,429.5805,2026-02,6-7 days
ORD101468,CUST3642,Fashion,2025-10-04,1718.88,1.0,15,70.25,Credit Card,Central,6.0,35.0,4.0,1,Size Issue,1461.048,2025-10,6-7 days
ORD103928,CUST3700,Toys,2024-12-26,363.92,3.0,0,67.71,Credit Card,North,9.0,28.0,5.0,0,Not Returned,1091.76,2024-12,8+ days
ORD103245,CUST2110,Books,2025-09-24,437.0,1.0,5,159.33,UPI,East,1.0,39.0,5.0,0,Not Returned,415.15,2025-09,1-3 days
ORD100998,CUST3631,Grocery,2026-07-30,292.35,1.0,0,203.85999999999999,Debit Card,North,5.0,30.0,1.0,0,Not Returned,292.35,2026-07,4-5 days
ORD100853,CUST4312,Electronics,2025-04-02,3068.52,2.0,0,67.33500000000001,Debit Card,North,4.0,24.0,4.0,0,Not Returned,6137.04,2025-04,4-5 days
ORD103875,CUST3022,Beauty,2024-10-18,4558.5,2.0,5,7.5,Credit Card,North,4.0,43.0,5.0,0,Not Returned,8661.15,2024-10,4-5 days
ORD101142,CUST1953,Fashion,2025-01-30,998.41,1.0,15,132.41,UPI,North,6.0,34.0,5.0,1,Late Delivery,848.6484999999999,2025-01,6-7 days
ORD105239,CUST2660,Books,2025-09-15,1012.185,1.0,20,94.91,Debit Card,South,5.0,61.0,4.0,0,Not Returned,809.748,2025-09,4-5 days
ORD102274,CUST2285,Books,2026-01-13,464.88,2.0,5,38.24,UPI,Central,2.0,18.0,4.0,1,Defective Product,883.2719999999999,2026-01,1-3 days
ORD104497,CUST1842,Sports,2025-03-07,1946.9,3.5,20,47.13,Credit Card,South,10.0,22.0,5.0,0,Not Returned,5451.320000000001,2025-03,8+ days
ORD101103,CUST1450,Electronics,2026-07-13,4558.5,1.0,15,153.64,Credit Card,East,8.0,39.0,2.0,0,Not Returned,3874.725,2026-07,8+ days
ORD100084,CUST1350,Sports,2026-07-12,1779.37,1.0,0,42.36,Cash on Delivery,West,1.0,46.0,4.0,0,Not Returned,1779.37,2026-07,1-3 days
ORD102210,CUST3013,Toys,2024-10-12,1002.9,1.0,0,159.68,Net Banking,East,1.0,27.0,4.0,1,Better Price Found,1002.9,2024-10,1-3 days
ORD104210,CUST1983,Toys,2025-02-21,1109.56,1.0,0,203.85999999999999,Credit Card,South,1.0,48.0,4.0,0,Not Returned,1109.56,2025-02,1-3 days
ORD105742,CUST4363,Books,2025-02-13,336.16,1.0,0,4.2,Net Banking,South,3.0,33.0,4.0,0,Not Returned,336.16,2025-02,1-3 days
ORD105681,CUST1348,Sports,2025-02-10,380.98,2.0,20,67.33500000000001,Debit Card,South,7.0,48.0,4.0,0,Not Returned,609.5680000000001,2025-02,6-7 days
ORD103440,CUST3455,Electronics,2025-01-24,4558.5,1.0,0,89.35,UPI,Central,7.0,45.0,4.0,0,Not Returned,4558.5,2025-01,6-7 days
ORD101567,CUST1847,Sports,2025-01-17,2263.26,1.0,5,51.13,Debit Card,South,3.0,26.0,5.0,0,Not Returned,2150.097,2025-01,1-3 days
ORD105597,CUST2599,Sports,2025-04-10,1441.28,1.0,15,181.24,Cash on Delivery,East,6.0,50.0,5.0,0,Not Returned,1225.088,2025-04,6-7 days
ORD101660,CUST3027,Home & Kitchen,2026-07-17,3222.62,1.0,0,177.48,Debit Card,North,2.0,23.0,5.0,0,Not Returned,3222.62,2026-07,1-3 days
ORD101556,CUST2219,Home & Kitchen,2026-02-19,3835.44,1.0,15,114.67,Net Banking,North,5.0,49.0,2.0,0,Not Returned,3260.124,2026-02,4-5 days
ORD104721,CUST3158,Home & Kitchen,2024-12-22,1957.36,1.0,15,58.32,UPI,Central,2.0,31.0,4.0,1,Defective Product,1663.7559999999999,2024-12,1-3 days
ORD103764,CUST1362,Grocery,2026-02-22,326.09,1.0,25,35.68,Debit Card,North,5.0,24.0,5.0,0,Not Returned,244.5675,2026-02,4-5 days
ORD103584,CUST1942,Books,2026-06-06,181.73,1.0,0,129.59,Debit Card,South,5.0,21.0,5.0,0,Not Returned,181.73,2026-06,4-5 days
ORD101885,CUST1363,Home & Kitchen,2025-11-27,1587.16,1.0,0,203.85999999999999,Cash on Delivery,North,1.0,40.0,1.0,0,Not Returned,1587.16,2025-11,1-3 days
ORD103144,CUST2322,Fashion,2026-03-03,1789.16,1.0,30,108.84,Debit Card,North,3.0,30.0,4.0,0,Not Returned,1252.412,2026-03,1-3 days
ORD101866,CUST1713,Fashion,2025-12-06,1330.89,1.0,25,105.85,Debit Card,South,7.0,30.0,4.0,0,Not Returned,998.1675,2025-12,6-7 days
ORD105048,CUST4335,Books,2026-03-24,387.85,1.0,20,183.74,Cash on Delivery,East,4.0,39.0,4.0,0,Not Returned,310.28000000000003,2026-03,4-5 days
ORD104720,CUST3707,Fashion,2026-04-02,1899.91,1.0,10,81.26,UPI,North,7.0,31.0,3.0,0,Not Returned,1709.919,2026-04,6-7 days
ORD102874,CUST4253,Fashion,2026-04-11,297.96,2.0,0,21.17,UPI,South,5.0,34.0,2.0,0,Not Returned,595.92,2026-04,4-5 days
ORD104330,CUST1074,Electronics,2025-09-30,3498.77,1.0,15,203.85999999999999,Credit Card,North,6.0,28.0,1.0,0,Not Returned,2973.9545,2025-09,6-7 days
ORD103588,CUST1903,Toys,2025-05-20,529.42,2.0,10,41.48,Cash on Delivery,East,1.0,24.0,4.0,0,Not Returned,952.9559999999999,2025-05,1-3 days
ORD103267,CUST3639,Grocery,2025-04-02,108.94,3.5,10,58.77,UPI,North,3.0,31.0,5.0,0,Not Returned,343.161,2025-04,1-3 days
ORD102884,CUST1732,Home & Kitchen,2025-11-19,2325.83,1.0,0,120.05,Credit Card,Central,5.0,18.0,3.0,0,Not Returned,2325.83,2025-11,4-5 days
ORD102890,CUST1683,Electronics,2026-05-26,4558.5,1.0,5,28.87,Debit Card,North,7.0,44.0,5.0,0,Not Returned,4330.575,2026-05,6-7 days
ORD103007,CUST2248,Toys,2026-06-24,570.79,1.0,0,13.19,Credit Card,West,6.0,31.0,4.0,0,Not Returned,570.79,2026-06,6-7 days
ORD101826,CUST1239,Fashion,2026-03-11,1012.185,1.0,5,23.04,Net Banking,East,1.0,57.0,4.0,1,Wrong Item Delivered,961.5757499999999,2026-03,1-3 days
ORD103923,CUST2762,Grocery,2024-09-11,394.38,1.0,20,16.13,UPI,West,7.0,55.0,4.0,0,Not Returned,315.504,2024-09,6-7 days
ORD102640,CUST3533,Home & Kitchen,2025-02-17,2580.61,3.0,0,10.07,Debit Card,Central,8.0,19.0,5.0,1,Defective Product,7741.83,2025-02,8+ days
ORD105410,CUST1516,Home & Kitchen,2026-03-21,3331.43,1.0,5,139.56,Net Banking,North,4.0,37.0,4.0,1,Changed Mind,3164.8585,2026-03,4-5 days
ORD101525,CUST3354,Electronics,2025-10-28,4558.5,2.0,20,94.88,Cash on Delivery,Central,3.0,24.0,5.0,0,Not Returned,7293.6,2025-10,1-3 days
ORD101562,CUST4021,Books,2025-01-19,291.9,1.0,5,106.42,Net Banking,Central,5.0,27.0,5.0,0,Not Returned,277.30499999999995,2025-01,4-5 days
ORD105701,CUST1948,Sports,2026-07-16,1117.19,1.0,30,111.08,Net Banking,South,3.0,67.0,4.0,1,Changed Mind,782.033,2026-07,1-3 days
ORD100343,CUST2537,Fashion,2025-12-27,649.09,1.0,15,122.26,UPI,East,4.0,54.0,5.0,0,Not Returned,551.7265,2025-12,4-5 days
ORD102542,CUST4119,Fashion,2026-02-11,1066.9,2.0,5,184.81,Debit Card,South,8.0,34.0,4.0,1,Wrong Item Delivered,2027.1100000000001,2026-02,8+ days
ORD103385,CUST1542,Toys,2025-03-10,1357.95,2.0,5,104.48,UPI,North,3.0,31.0,5.0,0,Not Returned,2580.105,2025-03,1-3 days
ORD102412,CUST1904,Home & Kitchen,2024-12-14,2800.11,1.0,0,145.8,Net Banking,West,4.0,29.0,4.0,1,Not as Described,2800.11,2024-12,4-5 days
ORD102707,CUST2381,Beauty,2026-04-01,476.77,3.0,10,87.11,Cash on Delivery,West,2.0,27.0,4.0,0,Not Returned,1287.279,2026-04,1-3 days
ORD105092,CUST1568,Sports,2026-01-31,1886.06,1.0,0,75.02,UPI,North,5.0,32.0,4.0,0,Not Returned,1886.06,2026-01,4-5 days
ORD101110,CUST3890,Toys,2026-02-01,1035.12,3.0,5,63.2,Debit Card,North,4.0,23.0,4.0,1,Changed Mind,2950.0919999999996,2026-02,4-5 days
ORD103442,CUST1353,Sports,2026-07-20,2517.81,1.0,10,42.09,Net Banking,West,6.0,38.0,4.0,0,Not Returned,2266.029,2026-07,6-7 days
ORD102213,CUST3254,Home & Kitchen,2025-08-24,2001.57,1.0,20,105.42,Net Banking,South,5.0,50.0,4.0,0,Not Returned,1601.256,2025-08,4-5 days
ORD101359,CUST2544,Grocery,2025-06-11,263.72,1.0,0,94.75,UPI,Central,5.0,34.0,5.0,0,Not Returned,263.72,2025-06,4-5 days
ORD102107,CUST3840,Home & Kitchen,2025-02-16,292.48,1.0,0,16.69,Debit Card,East,5.0,18.0,4.0,0,Not Returned,292.48,2025-02,4-5 days
ORD104805,CUST3698,Sports,2025-08-19,953.48,1.0,5,60.61,Cash on Delivery,Central,3.0,16.0,3.0,0,Not Returned,905.8059999999999,2025-08,1-3 days
ORD101378,CUST3309,Toys,2025-03-25,589.74,1.0,0,75.5,UPI,West,3.0,44.0,4.0,0,Not Returned,589.74,2025-03,1-3 days
ORD102828,CUST3287,Books,2025-02-05,161.99,2.0,5,49.14,Credit Card,North,4.0,44.0,5.0,0,Not Returned,307.781,2025-02,4-5 days
ORD100424,CUST3410,Home & Kitchen,2025-03-24,1454.12,1.0,5,53.24,Net Banking,West,3.0,24.0,1.0,0,Not Returned,1381.4139999999998,2025-03,1-3 days
ORD100292,CUST3842,Fashion,2025-02-04,2506.17,3.0,20,51.44,Debit Card,North,8.0,45.0,5.0,0,Not Returned,6014.808000000001,2025-02,8+ days
ORD101065,CUST1301,Home & Kitchen,2025-09-27,2043.83,1.0,5,151.93,Cash on Delivery,West,3.0,45.0,1.0,0,Not Returned,1941.6384999999998,2025-09,1-3 days
ORD105734,CUST1528,Grocery,2026-06-20,348.02,1.0,0,203.85999999999999,Debit Card,South,2.0,34.0,4.0,0,Not Returned,348.02,2026-06,1-3 days
ORD105108,CUST2426,Electronics,2026-03-22,4558.5,1.0,15,53.77,Cash on Delivery,West,4.0,16.0,4.0,0,Not Returned,3874.725,2026-03,4-5 days
ORD102127,CUST3190,Electronics,2025-02-21,4003.35,1.0,0,97.85,Net Banking,West,4.0,36.0,5.0,1,Defective Product,4003.35,2025-02,4-5 days
ORD101717,CUST3924,Grocery,2025-09-27,369.83,1.0,0,68.81,Debit Card,North,6.0,19.0,1.0,0,Not Returned,369.83,2025-09,6-7 days
ORD100937,CUST4281,Toys,2025-09-02,861.04,1.0,15,49.21,Net Banking,South,6.0,33.0,3.0,0,Not Returned,731.8839999999999,2025-09,6-7 days
ORD103779,CUST1508,Books,2025-11-27,352.53,1.0,0,95.48,Cash on Delivery,East,3.0,22.0,5.0,1,Size Issue,352.53,2025-11,1-3 days
ORD103964,CUST4310,Toys,2025-10-11,1110.19,1.0,0,87.17,Cash on Delivery,East,4.0,35.0,4.0,0,Not Returned,1110.19,2025-10,4-5 days
ORD103990,CUST4127,Home & Kitchen,2025-07-16,2250.58,1.0,10,48.63,UPI,East,8.0,16.0,4.0,1,Not as Described,2025.522,2025-07,8+ days
ORD104930,CUST1895,Fashion,2024-10-07,980.74,2.0,10,8.18,Credit Card,Central,2.0,41.0,2.0,0,Not Returned,1765.332,2024-10,1-3 days
ORD100254,CUST3111,Toys,2024-10-19,967.19,1.0,20,13.34,UPI,West,3.0,43.0,5.0,0,Not Returned,773.7520000000001,2024-10,1-3 days
ORD105921,CUST2427,Fashion,2026-07-16,1337.53,1.0,30,69.93,Cash on Delivery,South,4.0,41.0,4.0,0,Not Returned,936.271,2026-07,4-5 days
ORD101482,CUST1351,Home & Kitchen,2026-06-22,2330.25,1.0,0,57.11,Net Banking,North,4.0,22.0,5.0,0,Not Returned,2330.25,2026-06,4-5 days
ORD100944,CUST3939,Home & Kitchen,2025-07-10,2799.34,1.0,5,203.85999999999999,Net Banking,North,7.0,33.0,4.0,0,Not Returned,2659.373,2025-07,6-7 days
ORD105503,CUST2195,Home & Kitchen,2025-09-13,1532.2,1.0,20,67.33500000000001,Net Banking,South,4.0,31.0,2.0,0,Not Returned,1225.76,2025-09,4-5 days
ORD103183,CUST1119,Home & Kitchen,2025-11-12,1657.7,1.0,15,131.29,Cash on Delivery,West,5.0,34.0,4.0,0,Not Returned,1409.045,2025-11,4-5 days
ORD103266,CUST2866,Sports,2025-07-27,1395.03,2.0,0,67.33500000000001,Cash on Delivery,North,3.0,24.0,3.0,1,Late Delivery,2790.06,2025-07,1-3 days
ORD104819,CUST1771,Books,2025-09-13,422.35,1.0,15,26.38,Credit Card,Central,3.0,37.0,2.0,0,Not Returned,358.9975,2025-09,1-3 days
ORD102907,CUST1553,Beauty,2024-08-30,157.83,3.5,15,71.64,Credit Card,Central,6.0,16.0,5.0,1,Late Delivery,469.54425000000003,2024-08,6-7 days
ORD100969,CUST1482,Grocery,2026-06-17,383.68,1.0,5,191.57,Credit Card,West,6.0,46.0,3.0,0,Not Returned,364.496,2026-06,6-7 days
ORD100496,CUST3041,Fashion,2026-04-19,1026.87,2.0,0,125.84,Debit Card,South,4.0,19.0,3.0,0,Not Returned,2053.74,2026-04,4-5 days
ORD105046,CUST1447,Grocery,2026-05-16,244.62,1.0,25,16.91,Cash on Delivery,South,3.0,42.0,4.0,0,Not Returned,183.465,2026-05,1-3 days
ORD104901,CUST3934,Fashion,2025-11-30,973.09,2.0,25,67.53,Credit Card,North,7.0,16.0,4.0,0,Not Returned,1459.635,2025-11,6-7 days
ORD101829,CUST1953,Home & Kitchen,2025-10-19,3421.39,1.0,0,141.73,Credit Card,Central,3.0,37.0,5.0,0,Not Returned,3421.39,2025-10,1-3 days
ORD102177,CUST2958,Books,2026-01-05,283.09,1.0,10,186.75,Net Banking,South,2.0,34.0,4.0,0,Not Returned,254.78099999999998,2026-01,1-3 days
ORD100337,CUST1687,Sports,2026-03-02,1354.41,1.0,30,67.33500000000001,Debit Card,East,5.0,37.0,5.0,0,Not Returned,948.087,2026-03,4-5 days
ORD104826,CUST1109,Electronics,2025-11-03,4558.5,1.0,10,57.92,Debit Card,South,3.0,52.0,5.0,0,Not Returned,4102.650000000001,2025-11,1-3 days
ORD104704,CUST2190,Toys,2024-11-11,1183.82,1.0,25,18.7,Credit Card,Central,2.0,34.0,5.0,0,Not Returned,887.865,2024-11,1-3 days
ORD101148,CUST2948,Sports,2025-06-12,1511.32,2.0,5,44.41,Net Banking,West,4.0,31.0,5.0,0,Not Returned,2871.508,2025-06,4-5 days
ORD102243,CUST2041,Beauty,2025-06-14,837.0,1.0,30,25.7,UPI,East,6.0,28.0,3.0,1,Not as Described,585.9,2025-06,6-7 days
ORD105005,CUST2922,Fashion,2024-11-26,1090.3,1.0,25,9.8,Cash on Delivery,Central,1.0,26.0,4.0,0,Not Returned,817.7249999999999,2024-11,1-3 days
ORD103968,CUST2390,Electronics,2026-03-01,4558.5,1.0,0,79.62,Credit Card,North,5.0,27.0,5.0,0,Not Returned,4558.5,2026-03,4-5 days
ORD102151,CUST2968,Home & Kitchen,2026-01-04,413.76,1.0,25,31.52,Cash on Delivery,Central,2.0,46.0,3.0,0,Not Returned,310.32,2026-01,1-3 days
ORD102010,CUST1507,Toys,2025-06-05,644.1,1.0,0,118.88,UPI,South,5.0,34.0,5.0,0,Not Returned,644.1,2025-06,4-5 days
ORD102491,CUST1942,Home & Kitchen,2025-07-06,2521.06,1.0,10,59.95,Credit Card,North,5.0,32.0,1.0,0,Not Returned,2268.954,2025-07,4-5 days
ORD101810,CUST3651,Books,2025-11-13,477.7,2.0,10,124.75,UPI,South,5.0,22.0,4.0,0,Not Returned,859.86,2025-11,4-5 days
ORD101994,CUST2809,Beauty,2024-10-23,655.18,1.0,0,52.73,Cash on Delivery,South,5.0,39.0,5.0,1,Wrong Item Delivered,655.18,2024-10,4-5 days
ORD104815,CUST3489,Books,2025-11-02,577.35,2.0,0,120.84,UPI,North,3.0,37.0,5.0,0,Not Returned,1154.7,2025-11,1-3 days
ORD102932,CUST4347,Sports,2025-04-20,2276.48,1.0,30,63.15,Debit Card,West,6.0,42.0,5.0,0,Not Returned,1593.5359999999998,2025-04,6-7 days
ORD102824,CUST1244,Books,2025-11-18,77.72,1.0,15,120.59,Net Banking,East,7.0,33.0,4.0,0,Not Returned,66.062,2025-11,6-7 days
ORD105665,CUST1316,Home & Kitchen,2025-11-04,3090.97,2.0,10,19.68,Credit Card,North,5.0,31.0,4.0,0,Not Returned,5563.746,2025-11,4-5 days
ORD102897,CUST2688,Electronics,2026-04-28,4558.5,1.0,10,68.05,Debit Card,North,5.0,30.0,1.0,1,Wrong Item Delivered,4102.650000000001,2026-04,4-5 days
ORD102275,CUST3267,Sports,2026-01-21,2041.63,3.5,15,185.08,UPI,Central,1.0,42.0,4.0,1,Better Price Found,6073.84925,2026-01,1-3 days
ORD100434,CUST2924,Toys,2026-01-04,504.63,1.0,10,140.18,Credit Card,South,4.0,25.0,2.0,0,Not Returned,454.16700000000003,2026-01,4-5 days
ORD105395,CUST1776,Beauty,2025-01-11,1027.69,3.0,15,203.85999999999999,UPI,Central,2.0,55.0,4.0,1,Wrong Item Delivered,2620.6095,2025-01,1-3 days
ORD104501,CUST2312,Sports,2025-09-13,1490.99,1.0,0,118.11,Credit Card,Central,2.0,21.0,1.0,1,Wrong Item Delivered,1490.99,2025-09,1-3 days
ORD102823,CUST4111,Books,2025-11-14,288.56,1.0,20,67.33500000000001,Net Banking,South,10.5,36.0,1.0,0,Not Returned,230.848,2025-11,8+ days
ORD104917,CUST4340,Fashion,2025-08-28,151.3,1.0,25,199.26,Net Banking,Central,7.0,33.0,4.0,0,Not Returned,113.47500000000001,2025-08,6-7 days
ORD103755,CUST3981,Home & Kitchen,2024-12-16,2332.35,3.0,0,173.11,Credit Card,Central,6.0,46.0,4.0,1,Wrong Item Delivered,6997.049999999999,2024-12,6-7 days
ORD102504,CUST3578,Sports,2024-12-14,2498.53,1.0,0,92.74,Cash on Delivery,East,3.0,30.0,4.0,0,Not Returned,2498.53,2024-12,1-3 days
ORD103211,CUST4397,Books,2025-05-17,332.52,1.0,10,41.74,Cash on Delivery,East,6.0,34.0,5.0,0,Not Returned,299.268,2025-05,6-7 days
ORD105653,CUST4410,Home & Kitchen,2024-08-26,1810.56,2.0,10,158.51,Debit Card,North,4.0,38.0,2.0,1,Wrong Item Delivered,3259.008,2024-08,4-5 days
ORD104641,CUST1248,Home & Kitchen,2024-11-18,668.49,1.0,5,84.85,UPI,North,4.0,22.0,5.0,0,Not Returned,635.0654999999999,2024-11,4-5 days
ORD104308,CUST2786,Home & Kitchen,2025-07-12,1443.99,1.0,15,26.07,Cash on Delivery,North,6.0,25.0,5.0,1,Late Delivery,1227.3915,2025-07,6-7 days
ORD104992,CUST2731,Home & Kitchen,2025-07-29,1314.02,2.0,0,37.69,Credit Card,West,4.0,39.0,4.0,1,Better Price Found,2628.04,2025-07,4-5 days
ORD103540,CUST3383,Sports,2025-02-13,1754.19,3.0,0,44.06,Debit Card,South,6.0,35.0,4.0,0,Not Returned,5262.57,2025-02,6-7 days
ORD103270,CUST3526,Books,2024-12-02,413.62,1.0,15,30.99,UPI,East,4.0,32.0,4.0,1,Not as Described,351.577,2024-12,4-5 days
ORD101941,CUST3415,Toys,2026-07-29,1217.27,1.0,5,130.97,Cash on Delivery,West,4.0,37.0,5.0,0,Not Returned,1156.4064999999998,2026-07,4-5 days
ORD101891,CUST3950,Home & Kitchen,2026-03-17,1212.02,1.0,30,67.27,Net Banking,North,2.0,34.0,4.0,0,Not Returned,848.414,2026-03,1-3 days
ORD105012,CUST3409,Sports,2025-04-01,1618.1,1.0,10,75.19,Credit Card,Central,3.0,46.0,5.0,0,Not Returned,1456.29,2025-04,1-3 days
ORD103599,CUST2906,Toys,2024-11-08,541.65,3.5,5,20.18,Cash on Delivery,North,4.0,33.0,3.0,1,Defective Product,1800.9862499999997,2024-11,4-5 days
ORD105385,CUST1926,Fashion,2025-12-11,1645.39,1.0,10,37.67,Credit Card,West,4.0,30.0,3.0,0,Not Returned,1480.851,2025-12,4-5 days
ORD104910,CUST1059,Electronics,2024-09-08,3413.67,1.0,20,30.77,Cash on Delivery,South,9.0,49.0,5.0,0,Not Returned,2730.936,2024-09,8+ days
ORD101265,CUST3135,Beauty,2026-08-09,1012.185,1.0,10,12.82,Credit Card,North,6.0,39.0,2.0,0,Not Returned,910.9665,2026-08,6-7 days
ORD104438,CUST3155,Grocery,2025-05-15,247.75,1.0,5,40.57,Cash on Delivery,Central,4.0,18.0,1.0,0,Not Returned,235.36249999999998,2025-05,4-5 days
ORD102597,CUST2446,Books,2026-03-11,241.91,1.0,10,62.13,Credit Card,Central,1.0,44.0,4.0,0,Not Returned,217.719,2026-03,1-3 days
ORD101410,CUST2449,Fashion,2024-09-07,2018.56,2.0,0,147.81,Debit Card,South,8.0,31.0,4.0,0,Not Returned,4037.12,2024-09,8+ days
ORD101214,CUST3090,Books,2024-10-24,462.54,3.0,0,183.82,Credit Card,Central,6.0,46.0,3.0,0,Not Returned,1387.6200000000001,2024-10,6-7 days
ORD100966,CUST1464,Grocery,2025-02-17,257.56,1.0,10,66.76,Debit Card,East,10.0,39.0,5.0,0,Not Returned,231.804,2025-02,8+ days
ORD101230,CUST3987,Grocery,2026-03-01,262.84,1.0,15,27.25,Debit Card,South,2.0,21.0,4.0,0,Not Returned,223.41399999999996,2026-03,1-3 days
ORD104791,CUST3962,Home & Kitchen,2025-02-01,2993.06,1.0,0,65.8,Debit Card,West,8.0,36.0,4.0,0,Not Returned,2993.06,2025-02,8+ days
ORD100605,CUST1369,Fashion,2025-09-30,1004.84,1.0,20,67.33500000000001,Credit Card,Central,3.0,46.0,4.0,0,Not Returned,803.8720000000001,2025-09,1-3 days
ORD100104,CUST1290,Sports,2026-05-09,953.0,1.0,0,29.59,UPI,Central,4.0,36.0,4.0,0,Not Returned,953.0,2026-05,4-5 days
ORD100645,CUST1840,Grocery,2026-03-17,171.67,2.0,30,90.77,Credit Card,Central,5.0,34.0,4.0,0,Not Returned,240.33799999999997,2026-03,4-5 days
ORD105500,CUST3901,Electronics,2025-01-27,4558.5,1.0,10,49.71,Cash on Delivery,East,3.0,38.0,3.0,1,Size Issue,4102.650000000001,2025-01,1-3 days
ORD104590,CUST1150,Home & Kitchen,2026-07-27,247.78,2.0,15,11.8,Net Banking,South,3.0,43.0,4.0,0,Not Returned,421.226,2026-07,1-3 days
ORD103088,CUST1582,Books,2026-01-05,552.51,2.0,0,31.84,Credit Card,Central,6.0,16.0,5.0,0,Not Returned,1105.02,2026-01,6-7 days
ORD101019,CUST3308,Books,2025-04-22,262.9,1.0,0,44.26,Debit Card,South,2.0,45.0,5.0,1,Not as Described,262.9,2025-04,1-3 days
ORD100091,CUST1867,Sports,2025-06-24,3157.8,1.0,0,107.76,UPI,East,2.0,35.0,3.0,1,Better Price Found,3157.8,2025-06,1-3 days
ORD105208,CUST1689,Grocery,2025-12-28,245.94,2.0,10,49.28,UPI,South,9.0,39.0,5.0,0,Not Returned,442.692,2025-12,8+ days
ORD102870,CUST4408,Fashion,2025-12-11,1594.38,1.0,5,86.77,Credit Card,East,6.0,34.0,5.0,0,Not Returned,1514.661,2025-12,6-7 days
ORD105570,CUST4426,Electronics,2025-08-27,4558.5,2.0,0,80.97,Cash on Delivery,Central,6.0,18.0,4.0,0,Not Returned,9117.0,2025-08,6-7 days
ORD105837,CUST2923,Books,2025-01-08,444.17,2.0,0,80.71,Debit Card,West,4.0,34.0,4.0,0,Not Returned,888.34,2025-01,4-5 days
ORD102150,CUST1850,Fashion,2025-09-23,1114.97,1.0,15,23.75,Credit Card,North,7.0,43.0,2.0,1,Not as Described,947.7245,2025-09,6-7 days
ORD100238,CUST3731,Electronics,2025-08-24,4558.5,2.0,5,67.33500000000001,Credit Card,South,7.0,49.0,4.0,0,Not Returned,8661.15,2025-08,6-7 days
ORD103140,CUST4224,Toys,2025-10-27,933.11,1.0,0,109.77,Cash on Delivery,South,3.0,40.0,4.0,0,Not Returned,933.11,2025-10,1-3 days
ORD100942,CUST2343,Books,2024-11-01,339.6,1.0,0,6.18,Cash on Delivery,North,6.0,33.0,2.0,0,Not Returned,339.6,2024-11,6-7 days
ORD101270,CUST3276,Electronics,2025-12-28,4558.5,1.0,10,26.34,UPI,North,3.0,47.0,5.0,0,Not Returned,4102.650000000001,2025-12,1-3 days
ORD100938,CUST2738,Books,2024-10-18,641.6,1.0,25,73.16,UPI,Central,5.0,25.0,3.0,0,Not Returned,481.20000000000005,2024-10,4-5 days
ORD105520,CUST2145,Fashion,2026-02-03,1697.32,3.5,15,103.57,Cash on Delivery,North,7.0,31.0,5.0,0,Not Returned,5049.527,2026-02,6-7 days
ORD103229,CUST1180,Grocery,2024-08-22,238.55,2.0,0,25.15,UPI,East,9.0,45.0,5.0,0,Not Returned,477.1,2024-08,8+ days
ORD103551,CUST1586,Toys,2024-11-19,598.48,3.0,10,8.34,Net Banking,East,5.0,52.0,4.0,0,Not Returned,1615.8960000000002,2024-11,4-5 days
ORD101669,CUST3405,Books,2024-10-11,383.47,1.0,30,20.83,Cash on Delivery,South,4.0,49.0,5.0,1,Defective Product,268.42900000000003,2024-10,4-5 days
ORD100005,CUST1130,Beauty,2025-10-24,452.77,1.0,20,13.78,UPI,North,2.0,35.0,5.0,0,Not Returned,362.216,2025-10,1-3 days
ORD104343,CUST1426,Sports,2025-11-03,1283.64,2.0,0,93.17,Cash on Delivery,East,4.0,16.0,2.0,1,Not as Described,2567.28,2025-11,4-5 days
ORD103943,CUST1115,Electronics,2025-04-10,4558.5,1.0,10,31.76,Cash on Delivery,West,7.0,36.0,5.0,0,Not Returned,4102.650000000001,2025-04,6-7 days
ORD103013,CUST1253,Electronics,2025-03-08,4558.5,2.0,20,34.14,Credit Card,West,3.0,33.0,4.0,0,Not Returned,7293.6,2025-03,1-3 days
ORD100018,CUST4471,Books,2024-10-28,431.84,1.0,0,67.33500000000001,Debit Card,Central,5.0,42.0,4.0,0,Not Returned,431.84,2024-10,4-5 days
ORD101970,CUST4106,Home & Kitchen,2025-10-22,2309.55,1.0,15,15.8,Debit Card,Central,5.0,43.0,3.0,0,Not Returned,1963.1175,2025-10,4-5 days
ORD102709,CUST4477,Toys,2025-10-10,847.27,1.0,0,67.33500000000001,Credit Card,West,8.0,54.0,5.0,0,Not Returned,847.27,2025-10,8+ days
ORD102232,CUST3691,Electronics,2025-07-30,4558.5,1.0,10,33.17,UPI,North,6.0,39.0,4.0,0,Not Returned,4102.650000000001,2025-07,6-7 days
ORD100811,CUST1214,Electronics,2025-12-28,4558.5,1.0,5,67.33500000000001,Debit Card,Central,1.0,44.0,4.0,0,Not Returned,4330.575,2025-12,1-3 days
ORD101300,CUST3882,Toys,2026-01-09,1229.19,1.0,10,66.82,Debit Card,West,5.0,66.0,5.0,1,Defective Product,1106.2710000000002,2026-01,4-5 days
ORD105431,CUST1541,Toys,2025-02-02,1226.5,1.0,15,162.03,Net Banking,West,3.0,48.0,4.0,0,Not Returned,1042.5249999999999,2025-02,1-3 days
ORD100260,CUST2002,Sports,2024-09-05,952.1,2.0,5,32.68,Debit Card,South,6.0,32.0,4.0,1,Size Issue,1808.99,2024-09,6-7 days
ORD101804,CUST1120,Books,2025-06-03,505.93,1.0,10,83.94,UPI,East,3.0,16.0,4.0,0,Not Returned,455.337,2025-06,1-3 days
ORD101570,CUST1689,Home & Kitchen,2025-10-29,3742.36,1.0,0,81.63,Net Banking,West,3.0,66.0,4.0,0,Not Returned,3742.36,2025-10,1-3 days
ORD104280,CUST3206,Home & Kitchen,2026-05-08,2234.19,1.0,15,48.67,Debit Card,North,2.0,24.0,5.0,0,Not Returned,1899.0615,2026-05,1-3 days
ORD102454,CUST2607,Sports,2024-12-05,1724.74,3.0,0,38.95,Net Banking,West,3.0,50.0,5.0,1,Changed Mind,5174.22,2024-12,1-3 days
ORD101743,CUST1005,Grocery,2026-07-15,332.85,1.0,5,119.63,Credit Card,West,5.0,38.0,5.0,0,Not Returned,316.2075,2026-07,4-5 days
ORD101630,CUST2569,Home & Kitchen,2024-10-09,3968.3,3.0,10,27.42,Net Banking,North,3.0,34.0,5.0,0,Not Returned,10714.410000000002,2024-10,1-3 days
ORD101716,CUST1144,Sports,2024-12-27,1573.26,1.0,10,54.68,Net Banking,Central,3.0,35.0,4.0,0,Not Returned,1415.934,2024-12,1-3 days
ORD100520,CUST3888,Fashion,2026-02-14,1360.15,1.0,10,84.09,UPI,West,3.0,36.0,5.0,0,Not Returned,1224.1350000000002,2026-02,1-3 days
ORD103937,CUST4499,Home & Kitchen,2025-08-01,3448.82,1.0,0,67.33500000000001,UPI,Central,5.0,40.0,5.0,0,Not Returned,3448.82,2025-08,4-5 days
ORD103482,CUST2974,Sports,2026-04-08,2462.29,1.0,0,128.56,UPI,South,3.0,29.0,2.0,1,Late Delivery,2462.29,2026-04,1-3 days
ORD101658,CUST1223,Books,2025-03-23,435.94,1.0,10,99.13,Credit Card,North,6.0,45.0,5.0,0,Not Returned,392.346,2025-03,6-7 days
ORD103472,CUST3722,Grocery,2026-07-01,442.44,1.0,0,105.4,UPI,Central,4.0,30.0,5.0,0,Not Returned,442.44,2026-07,4-5 days
ORD105708,CUST2398,Toys,2026-06-29,613.21,2.0,15,65.3,Debit Card,West,2.0,27.0,3.0,0,Not Returned,1042.457,2026-06,1-3 days
ORD102475,CUST1163,Books,2026-05-25,315.78,3.5,0,200.58,Debit Card,West,2.0,53.0,5.0,1,Changed Mind,1105.23,2026-05,1-3 days
ORD103948,CUST1398,Home & Kitchen,2025-04-25,931.96,1.0,20,42.89,UPI,East,2.0,46.0,4.0,0,Not Returned,745.5680000000001,2025-04,1-3 days
ORD103934,CUST3009,Home & Kitchen,2025-10-08,3923.38,1.0,10,65.55,Net Banking,West,3.0,41.0,5.0,0,Not Returned,3531.0420000000004,2025-10,1-3 days
ORD103645,CUST2375,Fashion,2024-10-17,1046.75,1.0,0,62.09,Debit Card,South,5.0,49.0,5.0,0,Not Returned,1046.75,2024-10,4-5 days
ORD100763,CUST3412,Toys,2025-02-12,1418.61,1.0,0,203.85999999999999,Net Banking,East,6.0,36.0,3.0,1,Late Delivery,1418.61,2025-02,6-7 days
ORD104703,CUST3272,Beauty,2025-05-07,983.81,2.0,5,60.27,UPI,Central,3.0,33.0,5.0,0,Not Returned,1869.2389999999998,2025-05,1-3 days
ORD104326,CUST3015,Toys,2024-12-11,1540.64,2.0,10,25.68,Cash on Delivery,Central,9.0,41.0,1.0,0,Not Returned,2773.152,2024-12,8+ days
ORD104427,CUST1573,Books,2025-10-11,210.52,1.0,15,31.53,Cash on Delivery,West,3.0,18.0,5.0,0,Not Returned,178.942,2025-10,1-3 days
ORD105536,CUST2881,Sports,2025-08-16,1723.75,1.0,0,8.78,Debit Card,East,5.0,30.0,5.0,1,Late Delivery,1723.75,2025-08,4-5 days
ORD103608,CUST1886,Toys,2025-08-11,941.34,1.0,15,101.29,Credit Card,East,9.0,37.0,3.0,0,Not Returned,800.139,2025-08,8+ days
ORD101101,CUST3788,Beauty,2024-12-05,981.15,1.0,0,77.09,Cash on Delivery,East,5.0,34.0,4.0,0,Not Returned,981.15,2024-12,4-5 days
ORD105225,CUST2823,Electronics,2025-11-24,4558.5,1.0,5,116.14,Net Banking,East,2.0,57.0,4.0,0,Not Returned,4330.575,2025-11,1-3 days
ORD104557,CUST2303,Home & Kitchen,2026-07-19,3564.21,1.0,20,42.22,UPI,Central,4.0,38.0,4.0,0,Not Returned,2851.3680000000004,2026-07,4-5 days
ORD100958,CUST2500,Sports,2026-03-11,1376.07,2.0,20,107.09,Net Banking,West,4.0,33.0,4.0,0,Not Returned,2201.712,2026-03,4-5 days
ORD105758,CUST1468,Books,2026-02-11,415.12,2.0,20,42.81,Cash on Delivery,West,3.0,45.0,4.0,0,Not Returned,664.192,2026-02,1-3 days
ORD100559,CUST2882,Toys,2025-11-28,566.92,1.0,0,67.33500000000001,Debit Card,East,2.0,39.0,2.0,0,Not Returned,566.92,2025-11,1-3 days
ORD101519,CUST3417,Home & Kitchen,2026-06-21,2544.8,1.0,10,21.23,UPI,South,3.0,16.0,4.0,0,Not Returned,2290.32,2026-06,1-3 days
ORD102484,CUST2030,Books,2024-10-14,382.06,2.0,0,9.47,UPI,South,5.0,52.0,1.0,0,Not Returned,764.12,2024-10,4-5 days
ORD100366,CUST4402,Home & Kitchen,2026-05-03,3099.82,3.0,5,67.33500000000001,Credit Card,North,5.0,48.0,5.0,0,Not Returned,8834.487000000001,2026-05,4-5 days
ORD103901,CUST3730,Home & Kitchen,2025-05-06,1012.185,2.0,5,36.74,Credit Card,Central,5.0,25.0,5.0,0,Not Returned,1923.1514999999997,2025-05,4-5 days
ORD104165,CUST3012,Grocery,2025-04-06,230.19,1.0,0,81.54,UPI,East,7.0,50.0,1.0,0,Not Returned,230.19,2025-04,6-7 days
ORD101572,CUST3345,Books,2025-03-20,348.66,1.0,25,50.31,Debit Card,North,1.0,37.0,5.0,1,Defective Product,261.495,2025-03,1-3 days
ORD100808,CUST2527,Electronics,2024-12-13,4558.5,1.0,0,30.21,UPI,Central,3.0,28.0,3.0,0,Not Returned,4558.5,2024-12,1-3 days
ORD103232,CUST1188,Fashion,2025-07-26,1262.97,1.0,15,22.8,UPI,West,6.0,48.0,5.0,0,Not Returned,1073.5245,2025-07,6-7 days
ORD103946,CUST3391,Beauty,2026-04-02,130.99,1.0,15,9.7,Debit Card,East,6.0,19.0,5.0,0,Not Returned,111.34150000000001,2026-04,6-7 days
ORD100011,CUST2139,Toys,2025-07-13,1332.14,2.0,5,76.15,Credit Card,North,7.0,30.0,5.0,0,Not Returned,2531.0660000000003,2025-07,6-7 days
ORD102025,CUST3794,Sports,2026-07-26,2519.1,1.0,0,98.13,UPI,Central,4.0,29.0,5.0,0,Not Returned,2519.1,2026-07,4-5 days
ORD105013,CUST1159,Home & Kitchen,2024-10-10,3593.74,2.0,5,64.05,Cash on Delivery,East,3.0,16.0,4.0,0,Not Returned,6828.105999999999,2024-10,1-3 days
ORD105547,CUST1562,Sports,2026-01-30,2904.4,2.0,0,119.42,Cash on Delivery,Central,3.0,31.0,5.0,0,Not Returned,5808.8,2026-01,1-3 days
ORD100176,CUST2404,Grocery,2025-01-19,248.77,3.0,10,112.8,Debit Card,Central,5.0,26.0,4.0,0,Not Returned,671.6790000000001,2025-01,4-5 days
ORD105090,CUST2871,Grocery,2024-10-31,278.15,1.0,10,92.5,UPI,South,5.0,33.0,2.0,1,Wrong Item Delivered,250.33499999999998,2024-10,4-5 days
ORD102488,CUST2974,Grocery,2025-08-09,440.94,1.0,20,152.36,Cash on Delivery,North,2.0,44.0,4.0,0,Not Returned,352.752,2025-08,1-3 days
ORD103886,CUST2623,Electronics,2025-12-23,4558.5,1.0,0,14.56,Debit Card,North,6.0,16.0,1.0,1,Not as Described,4558.5,2025-12,6-7 days
ORD102569,CUST3864,Home & Kitchen,2025-07-11,2368.92,2.0,0,111.72,UPI,North,5.0,31.0,3.0,0,Not Returned,4737.84,2025-07,4-5 days
ORD103520,CUST4361,Books,2026-06-11,451.51,2.0,5,143.52,Net Banking,North,3.0,30.0,4.0,0,Not Returned,857.8689999999999,2026-06,1-3 days
ORD103760,CUST2944,Electronics,2025-01-17,4558.5,2.0,10,76.32,Cash on Delivery,North,6.0,34.0,5.0,0,Not Returned,8205.300000000001,2025-01,6-7 days
ORD105351,CUST2000,Sports,2026-02-18,2427.89,3.5,20,30.36,Credit Card,South,6.0,52.0,4.0,0,Not Returned,6798.092000000001,2026-02,6-7 days
ORD103282,CUST1438,Fashion,2026-01-23,1053.04,1.0,10,118.97,UPI,North,6.0,33.0,4.0,0,Not Returned,947.736,2026-01,6-7 days
ORD101664,CUST2296,Beauty,2026-08-10,1010.05,1.0,25,33.93,Net Banking,Central,4.0,49.0,5.0,1,Better Price Found,757.5374999999999,2026-08,4-5 days
ORD102191,CUST2684,Toys,2024-11-09,623.33,1.0,0,115.7,Debit Card,North,3.0,21.0,4.0,0,Not Returned,623.33,2024-11,1-3 days
ORD103370,CUST2920,Sports,2026-03-11,1522.76,3.0,30,60.16,Cash on Delivery,East,4.0,33.0,5.0,0,Not Returned,3197.796,2026-03,4-5 days
ORD105886,CUST1339,Home & Kitchen,2024-09-25,1810.12,2.0,10,44.87,UPI,Central,4.0,17.0,3.0,0,Not Returned,3258.216,2024-09,4-5 days
ORD102660,CUST2292,Sports,2025-09-01,1209.19,1.0,15,36.95,Debit Card,North,4.0,29.0,5.0,0,Not Returned,1027.8115,2025-09,4-5 days
ORD104252,CUST1341,Home & Kitchen,2025-06-02,987.49,2.0,25,131.59,Debit Card,South,4.0,47.0,4.0,0,Not Returned,1481.2350000000001,2025-06,4-5 days
ORD103578,CUST4217,Grocery,2024-12-25,270.21,2.0,15,46.66,Net Banking,North,3.0,28.0,4.0,1,Not as Described,459.35699999999997,2024-12,1-3 days
ORD102046,CUST3912,Home & Kitchen,2025-02-25,2555.84,1.0,10,80.81,Credit Card,North,6.0,31.0,4.0,0,Not Returned,2300.2560000000003,2025-02,6-7 days
ORD102624,CUST4277,Books,2026-01-13,1012.185,2.0,15,2.68,Net Banking,South,5.0,35.0,5.0,0,Not Returned,1720.7144999999998,2026-01,4-5 days
ORD103410,CUST3799,Fashion,2025-02-05,1699.85,1.0,0,203.85999999999999,Net Banking,Central,5.0,52.0,4.0,0,Not Returned,1699.85,2025-02,4-5 days
ORD101185,CUST3960,Sports,2025-03-27,2031.9,1.0,10,63.94,Cash on Delivery,South,5.0,38.0,4.0,1,Wrong Item Delivered,1828.71,2025-03,4-5 days
ORD101006,CUST3122,Toys,2026-04-18,836.26,1.0,5,57.64,Net Banking,Central,6.0,42.0,3.0,0,Not Returned,794.447,2026-04,6-7 days
ORD103569,CUST2943,Toys,2026-01-01,1012.185,2.0,25,65.56,UPI,West,3.0,41.0,5.0,0,Not Returned,1518.2775,2026-01,1-3 days
ORD103737,CUST4142,Electronics,2026-03-13,4558.5,1.0,5,47.34,Net Banking,West,2.0,28.0,5.0,1,Defective Product,4330.575,2026-03,1-3 days
ORD104656,CUST3540,Books,2026-03-23,504.23,3.5,5,63.09,Cash on Delivery,South,7.0,28.0,4.0,0,Not Returned,1676.56475,2026-03,6-7 days
ORD105006,CUST1776,Books,2025-01-09,571.93,1.0,10,46.13,UPI,West,4.0,33.0,1.0,0,Not Returned,514.737,2025-01,4-5 days
ORD105407,CUST4038,Sports,2026-01-31,2275.29,2.0,20,31.47,Cash on Delivery,North,9.0,46.0,3.0,0,Not Returned,3640.464,2026-01,8+ days
ORD102049,CUST1984,Home & Kitchen,2025-09-01,1654.52,1.0,5,107.45,Net Banking,South,4.0,34.0,5.0,0,Not Returned,1571.7939999999999,2025-09,4-5 days
ORD104011,CUST1967,Fashion,2026-01-03,1529.45,1.0,30,37.16,UPI,Central,7.0,35.0,3.0,0,Not Returned,1070.615,2026-01,6-7 days
ORD100269,CUST4188,Electronics,2026-05-28,4558.5,1.0,5,131.86,UPI,South,2.0,35.0,5.0,0,Not Returned,4330.575,2026-05,1-3 days
ORD101993,CUST3644,Grocery,2025-06-19,122.52,1.0,30,28.93,Credit Card,West,3.0,37.0,4.0,1,Size Issue,85.764,2025-06,1-3 days
ORD100265,CUST3024,Electronics,2026-01-10,4558.5,1.0,15,117.86,Net Banking,West,5.0,32.0,3.0,0,Not Returned,3874.725,2026-01,4-5 days
ORD100914,CUST3236,Fashion,2024-09-20,983.73,1.0,10,134.56,Net Banking,East,7.0,33.0,3.0,0,Not Returned,885.3570000000001,2024-09,6-7 days
ORD102278,CUST2414,Sports,2025-03-19,2255.99,1.0,15,54.08,Debit Card,West,8.0,21.0,3.0,0,Not Returned,1917.5914999999998,2025-03,8+ days
ORD102231,CUST3457,Home & Kitchen,2026-03-02,1474.57,1.0,0,43.47,Credit Card,South,4.0,31.0,3.0,0,Not Returned,1474.57,2026-03,4-5 days
ORD100290,CUST3212,Beauty,2025-04-09,1048.48,1.0,0,32.32,Net Banking,Central,6.0,40.0,1.0,0,Not Returned,1048.48,2025-04,6-7 days
ORD102912,CUST4368,Grocery,2026-07-09,280.78,2.0,20,22.98,Credit Card,South,6.0,30.0,4.0,0,Not Returned,449.248,2026-07,6-7 days
ORD104969,CUST3723,Grocery,2024-09-27,324.76,1.0,5,31.68,Net Banking,Central,5.0,32.0,2.0,0,Not Returned,308.522,2024-09,4-5 days
ORD102093,CUST1857,Fashion,2025-07-15,1848.86,1.0,25,67.33500000000001,Credit Card,East,4.0,33.0,4.0,0,Not Returned,1386.645,2025-07,4-5 days
ORD104571,CUST4224,Sports,2025-09-16,721.8,2.0,20,45.66,UPI,South,1.0,38.0,5.0,0,Not Returned,1154.8799999999999,2025-09,1-3 days
ORD101652,CUST4190,Electronics,2025-11-06,4558.5,3.0,5,22.74,Cash on Delivery,North,1.0,16.0,4.0,0,Not Returned,12991.724999999999,2025-11,1-3 days
ORD104141,CUST2928,Grocery,2026-06-30,379.07,1.0,5,59.55,Cash on Delivery,Central,5.0,21.0,5.0,0,Not Returned,360.1165,2026-06,4-5 days
ORD104257,CUST2398,Home & Kitchen,2026-04-01,2423.9,2.0,5,11.3,UPI,Central,5.0,40.0,5.0,0,Not Returned,4605.41,2026-04,4-5 days
ORD103039,CUST3978,Fashion,2026-05-24,656.55,1.0,0,109.11,Debit Card,North,2.0,24.0,4.0,0,Not Returned,656.55,2026-05,1-3 days
ORD102677,CUST2560,Beauty,2025-06-30,877.0,1.0,10,77.19,Debit Card,Central,4.0,29.0,5.0,0,Not Returned,789.3000000000001,2025-06,4-5 days
ORD100288,CUST2170,Toys,2024-10-14,557.97,1.0,15,108.26,Credit Card,Central,2.0,31.0,4.0,1,Defective Product,474.2745,2024-10,1-3 days
ORD103107,CUST2558,Fashion,2025-05-22,1465.01,1.0,30,101.91,Credit Card,West,2.0,51.0,4.0,0,Not Returned,1025.5069999999998,2025-05,1-3 days
ORD105781,CUST3193,Books,2025-08-06,502.27,1.0,20,28.99,Net Banking,East,3.0,35.0,4.0,0,Not Returned,401.81600000000003,2025-08,1-3 days
ORD100575,CUST3809,Electronics,2024-08-24,4558.5,1.0,15,66.07,UPI,North,7.0,18.0,2.0,0,Not Returned,3874.725,2024-08,6-7 days
ORD100850,CUST4081,Home & Kitchen,2025-11-08,3219.31,2.0,5,149.99,Debit Card,Central,5.0,17.0,5.0,1,Defective Product,6116.688999999999,2025-11,4-5 days
ORD103883,CUST3781,Electronics,2025-08-01,4558.5,1.0,20,13.05,Net Banking,Central,4.0,30.0,3.0,0,Not Returned,3646.8,2025-08,4-5 days
ORD105007,CUST3050,Beauty,2024-08-22,691.54,1.0,15,77.79,Net Banking,North,6.0,29.0,5.0,0,Not Returned,587.809,2024-08,6-7 days
ORD105350,CUST3188,Sports,2025-06-25,2494.34,1.0,0,47.67,Net Banking,West,3.0,43.0,2.0,0,Not Returned,2494.34,2025-06,1-3 days
ORD105929,CUST2609,Grocery,2025-03-12,380.46,2.0,10,105.97,Cash on Delivery,West,4.0,33.0,5.0,1,Not as Described,684.828,2025-03,4-5 days
ORD101722,CUST2527,Electronics,2024-10-14,1012.185,2.0,0,71.1,Cash on Delivery,North,3.0,42.0,4.0,0,Not Returned,2024.37,2024-10,1-3 days
ORD105831,CUST2819,Electronics,2024-10-30,2509.1,2.0,30,92.85,UPI,Central,6.0,26.0,4.0,0,Not Returned,3512.74,2024-10,6-7 days
ORD105028,CUST1605,Books,2025-12-18,537.69,2.0,5,112.42,UPI,West,6.0,36.0,4.0,0,Not Returned,1021.6110000000001,2025-12,6-7 days
ORD103949,CUST2463,Electronics,2025-06-27,4558.5,2.0,25,63.8,UPI,North,4.0,36.0,4.0,0,Not Returned,6837.75,2025-06,4-5 days
ORD101100,CUST2557,Grocery,2026-03-08,394.25,1.0,15,32.79,UPI,South,2.0,25.0,4.0,0,Not Returned,335.1125,2026-03,1-3 days
ORD101207,CUST4394,Toys,2024-11-09,640.01,1.0,30,59.8,Cash on Delivery,West,2.0,37.0,4.0,0,Not Returned,448.00699999999995,2024-11,1-3 days
ORD101843,CUST3306,Books,2025-10-04,382.63,1.0,5,69.55,Cash on Delivery,Central,7.0,32.0,5.0,1,Not as Described,363.4985,2025-10,6-7 days
ORD101848,CUST3464,Toys,2024-09-29,313.62,2.0,20,34.46,Net Banking,West,6.0,39.0,4.0,0,Not Returned,501.79200000000003,2024-09,6-7 days
ORD102524,CUST1067,Electronics,2024-11-23,4558.5,2.0,0,52.08,UPI,West,4.0,19.0,4.0,1,Defective Product,9117.0,2024-11,4-5 days
ORD103947,CUST3560,Beauty,2024-09-07,934.73,1.0,30,17.09,UPI,West,7.0,36.0,2.0,0,Not Returned,654.3109999999999,2024-09,6-7 days
ORD101694,CUST1671,Sports,2026-01-13,1417.39,1.0,0,91.28,Net Banking,North,1.0,47.0,1.0,0,Not Returned,1417.39,2026-01,1-3 days
ORD104181,CUST4071,Toys,2026-04-21,1404.84,3.0,0,29.75,Net Banking,East,3.0,27.0,2.0,0,Not Returned,4214.5199999999995,2026-04,1-3 days
ORD104565,CUST1008,Sports,2024-11-24,1899.18,1.0,15,98.93,Net Banking,West,8.0,34.0,5.0,1,Defective Product,1614.303,2024-11,8+ days
ORD103960,CUST3850,Home & Kitchen,2025-03-01,3406.1,1.0,20,79.42,Debit Card,South,6.0,42.0,5.0,0,Not Returned,2724.88,2025-03,6-7 days
ORD100233,CUST2491,Beauty,2025-12-22,825.42,1.0,15,58.35,Debit Card,Central,5.0,42.0,5.0,0,Not Returned,701.607,2025-12,4-5 days
ORD103332,CUST3713,Beauty,2025-09-21,961.03,1.0,0,78.97,Debit Card,North,4.0,22.0,3.0,0,Not Returned,961.03,2025-09,4-5 days
ORD104041,CUST4300,Beauty,2026-02-08,920.15,2.0,15,203.85999999999999,Debit Card,North,5.0,31.0,3.0,0,Not Returned,1564.2549999999999,2026-02,4-5 days
ORD101711,CUST1935,Books,2026-01-29,337.91,3.5,5,165.17,Cash on Delivery,North,6.0,41.0,5.0,0,Not Returned,1123.55075,2026-01,6-7 days
ORD100182,CUST2366,Fashion,2024-09-20,1650.45,1.0,25,25.96,Net Banking,East,1.0,40.0,3.0,0,Not Returned,1237.8375,2024-09,1-3 days
ORD105084,CUST2405,Electronics,2025-05-17,4558.5,1.0,10,33.78,Debit Card,North,7.0,33.0,4.0,0,Not Returned,4102.650000000001,2025-05,6-7 days
ORD105096,CUST2509,Electronics,2026-04-06,4558.5,1.0,0,10.21,Net Banking,North,3.0,35.0,3.0,0,Not Returned,4558.5,2026-04,1-3 days
ORD105737,CUST3794,Fashion,2025-05-19,745.32,1.0,15,26.98,UPI,North,7.0,18.0,2.0,0,Not Returned,633.522,2025-05,6-7 days
ORD105452,CUST2246,Home & Kitchen,2025-05-11,2213.4,3.0,5,57.23,Net Banking,Central,5.0,22.0,1.0,0,Not Returned,6308.1900000000005,2025-05,4-5 days
ORD101462,CUST4327,Electronics,2026-01-13,4558.5,2.0,10,144.63,Cash on Delivery,West,5.0,22.0,5.0,0,Not Returned,8205.300000000001,2026-01,4-5 days
ORD100049,CUST3633,Fashion,2025-06-04,396.66,2.0,15,87.19,Net Banking,West,6.0,50.0,4.0,0,Not Returned,674.322,2025-06,6-7 days
ORD105354,CUST3163,Grocery,2026-08-19,308.68,3.0,5,75.56,Debit Card,West,3.0,22.0,5.0,0,Not Returned,879.7379999999999,2026-08,1-3 days
ORD104582,CUST2820,Toys,2026-07-04,479.88,1.0,25,69.96,UPI,North,4.0,30.0,3.0,0,Not Returned,359.90999999999997,2026-07,4-5 days
ORD100106,CUST1877,Sports,2025-12-21,1904.86,1.0,10,95.47,UPI,East,3.0,27.0,5.0,0,Not Returned,1714.374,2025-12,1-3 days
ORD100443,CUST1610,Grocery,2025-01-30,300.65,1.0,5,165.21,Cash on Delivery,North,2.0,16.0,4.0,0,Not Returned,285.61749999999995,2025-01,1-3 days
ORD101954,CUST1684,Sports,2025-07-13,2367.5,1.0,15,44.74,Debit Card,East,5.0,34.0,3.0,0,Not Returned,2012.375,2025-07,4-5 days
ORD104742,CUST4077,Grocery,2025-08-25,415.27,1.0,20,48.16,UPI,South,5.0,51.0,5.0,0,Not Returned,332.216,2025-08,4-5 days
ORD105858,CUST1211,Electronics,2025-06-02,4558.5,2.0,10,18.62,Credit Card,Central,6.0,19.0,4.0,0,Not Returned,8205.300000000001,2025-06,6-7 days
ORD100726,CUST3955,Books,2025-05-16,360.12,1.0,10,61.33,Debit Card,South,5.0,31.0,5.0,0,Not Returned,324.108,2025-05,4-5 days
ORD102238,CUST3138,Sports,2025-03-20,1360.68,1.0,0,52.31,Net Banking,North,5.0,35.0,5.0,0,Not Returned,1360.68,2025-03,4-5 days
ORD105952,CUST1500,Toys,2026-03-11,1029.43,2.0,0,64.5,Debit Card,Central,2.0,34.0,4.0,0,Not Returned,2058.86,2026-03,1-3 days
ORD102330,CUST4168,Toys,2025-10-29,969.35,1.0,25,75.31,UPI,East,4.0,54.0,5.0,0,Not Returned,727.0125,2025-10,4-5 days
ORD104125,CUST4375,Toys,2025-10-31,651.47,1.0,10,65.52,Credit Card,South,5.0,37.0,4.0,0,Not Returned,586.3230000000001,2025-10,4-5 days
ORD100169,CUST1032,Electronics,2025-12-10,4558.5,1.0,0,19.95,Credit Card,South,3.0,33.0,5.0,0,Not Returned,4558.5,2025-12,1-3 days
ORD101001,CUST4395,Fashion,2024-11-20,1535.96,1.0,15,63.72,Credit Card,North,7.0,34.0,4.0,0,Not Returned,1305.566,2024-11,6-7 days
ORD103252,CUST1206,Toys,2026-06-10,938.09,1.0,5,79.3,UPI,South,7.0,44.0,5.0,0,Not Returned,891.1854999999999,2026-06,6-7 days
ORD102148,CUST2678,Toys,2025-05-07,576.83,1.0,0,67.95,Cash on Delivery,South,3.0,34.0,4.0,0,Not Returned,576.83,2025-05,1-3 days
ORD100197,CUST4195,Toys,2024-11-02,549.9,1.0,15,64.04,Credit Card,Central,6.0,42.0,3.0,0,Not Returned,467.41499999999996,2024-11,6-7 days
ORD104591,CUST3883,Sports,2025-03-12,1708.99,1.0,25,11.55,Cash on Delivery,East,7.0,17.0,5.0,0,Not Returned,1281.7425,2025-03,6-7 days
ORD103793,CUST1667,Toys,2026-04-28,840.45,2.0,15,91.23,Credit Card,South,6.0,22.0,5.0,1,Changed Mind,1428.765,2026-04,6-7 days
ORD100647,CUST3401,Electronics,2025-09-28,4558.5,1.0,0,41.97,Debit Card,South,1.0,46.0,4.0,0,Not Returned,4558.5,2025-09,1-3 days
ORD103035,CUST2300,Home & Kitchen,2026-06-20,1837.64,1.0,0,26.27,Credit Card,East,6.0,16.0,4.0,0,Not Returned,1837.64,2026-06,6-7 days
ORD103733,CUST2463,Electronics,2025-01-27,4558.5,3.0,5,79.29,Debit Card,Central,3.0,16.0,5.0,0,Not Returned,12991.724999999999,2025-01,1-3 days
ORD102758,CUST4268,Home & Kitchen,2026-03-01,1819.24,1.0,25,23.44,Debit Card,North,4.0,34.0,5.0,1,Defective Product,1364.43,2026-03,4-5 days
ORD100373,CUST2453,Toys,2025-08-10,636.63,2.0,0,9.02,Credit Card,North,4.0,16.0,3.0,0,Not Returned,1273.26,2025-08,4-5 days
ORD104774,CUST2475,Books,2024-11-13,676.3,1.0,15,51.95,Net Banking,North,5.0,25.0,5.0,1,Changed Mind,574.8549999999999,2024-11,4-5 days
ORD100566,CUST2737,Electronics,2025-11-29,4558.5,2.0,0,29.77,Net Banking,South,4.0,45.0,5.0,0,Not Returned,9117.0,2025-11,4-5 days
ORD103720,CUST4024,Beauty,2024-08-22,483.28,1.0,10,85.88,UPI,North,4.0,27.0,3.0,1,Changed Mind,434.952,2024-08,4-5 days
ORD102895,CUST2290,Electronics,2026-07-02,4558.5,3.0,25,6.32,Net Banking,East,4.0,42.0,3.0,0,Not Returned,10256.625,2026-07,4-5 days
ORD104556,CUST3067,Fashion,2025-01-20,1743.13,1.0,15,12.33,Net Banking,North,7.0,18.0,4.0,0,Not Returned,1481.6605,2025-01,6-7 days
ORD103485,CUST2240,Fashion,2025-04-19,1524.79,1.0,5,67.33500000000001,UPI,West,6.0,30.0,5.0,0,Not Returned,1448.5504999999998,2025-04,6-7 days
ORD101155,CUST1152,Books,2026-01-29,420.3,1.0,10,86.61,UPI,Central,3.0,29.0,2.0,1,Wrong Item Delivered,378.27000000000004,2026-01,1-3 days
ORD104135,CUST2628,Grocery,2026-08-01,278.09,3.0,0,54.92,Credit Card,West,4.0,36.0,4.0,0,Not Returned,834.27,2026-08,4-5 days
ORD100973,CUST3011,Books,2026-01-08,284.71,1.0,5,64.81,Credit Card,Central,6.0,34.0,5.0,0,Not Returned,270.4745,2026-01,6-7 days
ORD103287,CUST3244,Beauty,2025-11-15,598.67,1.0,0,45.56,Cash on Delivery,East,6.0,28.0,5.0,1,Size Issue,598.67,2025-11,6-7 days
ORD103627,CUST2211,Home & Kitchen,2024-11-24,1511.46,2.0,25,41.4,Debit Card,Central,2.0,44.0,2.0,0,Not Returned,2267.19,2024-11,1-3 days
ORD103638,CUST3569,Beauty,2024-08-19,491.39,1.0,30,106.65,Cash on Delivery,North,4.0,44.0,4.0,0,Not Returned,343.97299999999996,2024-08,4-5 days
ORD105882,CUST4442,Books,2025-01-07,538.14,1.0,0,20.11,UPI,West,5.0,16.0,3.0,0,Not Returned,538.14,2025-01,4-5 days
ORD101835,CUST4266,Beauty,2025-10-13,801.71,1.0,15,79.06,Debit Card,Central,9.0,43.0,4.0,0,Not Returned,681.4535,2025-10,8+ days
ORD102308,CUST4228,Fashion,2025-05-29,1082.78,1.0,10,27.12,UPI,Central,3.0,48.0,4.0,1,Late Delivery,974.502,2025-05,1-3 days
ORD101840,CUST3423,Fashion,2026-01-10,1213.0,3.5,25,15.24,Net Banking,South,6.0,25.0,4.0,0,Not Returned,3184.125,2026-01,6-7 days
ORD104923,CUST2324,Fashion,2024-11-04,1906.05,1.0,0,19.43,Cash on Delivery,West,6.0,46.0,5.0,0,Not Returned,1906.05,2024-11,6-7 days
ORD102044,CUST3623,Electronics,2026-08-11,4558.5,1.0,10,91.08,Credit Card,North,4.0,39.0,4.0,1,Changed Mind,4102.650000000001,2026-08,4-5 days
ORD104405,CUST2278,Grocery,2025-08-28,443.14,1.0,15,20.35,UPI,Central,5.0,25.0,3.0,0,Not Returned,376.669,2025-08,4-5 days
ORD104372,CUST3794,Home & Kitchen,2025-08-31,1284.1,1.0,15,46.32,UPI,West,2.0,39.0,3.0,0,Not Returned,1091.485,2025-08,1-3 days
ORD104732,CUST3193,Books,2025-01-04,450.42,1.0,20,95.54,Credit Card,South,5.0,32.0,3.0,0,Not Returned,360.336,2025-01,4-5 days
ORD104750,CUST4238,Sports,2025-06-08,2371.79,1.0,10,120.06,Credit Card,Central,2.0,29.0,3.0,0,Not Returned,2134.611,2025-06,1-3 days
ORD104718,CUST2249,Home & Kitchen,2026-07-04,1976.11,1.0,15,194.48,Debit Card,North,7.0,31.0,5.0,0,Not Returned,1679.6934999999999,2026-07,6-7 days
ORD105955,CUST3324,Grocery,2025-01-22,483.88,2.0,15,39.08,Debit Card,Central,7.0,36.0,4.0,0,Not Returned,822.596,2025-01,6-7 days
ORD100844,CUST1740,Beauty,2024-12-09,444.02,1.0,15,203.85999999999999,Cash on Delivery,West,6.0,39.0,3.0,0,Not Returned,377.417,2024-12,6-7 days
ORD104489,CUST1788,Electronics,2025-10-01,4558.5,1.0,0,114.61,Cash on Delivery,West,7.0,47.0,5.0,0,Not Returned,4558.5,2025-10,6-7 days
ORD102155,CUST3023,Toys,2025-10-12,966.98,2.0,0,50.01,Net Banking,North,7.0,22.0,1.0,1,Changed Mind,1933.96,2025-10,6-7 days
ORD100349,CUST4299,Fashion,2026-01-01,922.97,1.0,0,36.49,UPI,East,1.0,28.0,5.0,0,Not Returned,922.97,2026-01,1-3 days
ORD100047,CUST2288,Home & Kitchen,2026-05-21,2914.42,1.0,15,69.51,Debit Card,North,7.0,53.0,5.0,0,Not Returned,2477.257,2026-05,6-7 days
ORD103651,CUST1717,Home & Kitchen,2025-05-13,3305.48,1.0,30,79.09,Credit Card,West,7.0,54.0,5.0,0,Not Returned,2313.836,2025-05,6-7 days
ORD105751,CUST1351,Toys,2025-07-24,858.09,1.0,0,20.74,Cash on Delivery,East,8.0,43.0,4.0,0,Not Returned,858.09,2025-07,8+ days
ORD104498,CUST3890,Beauty,2025-02-14,276.56,1.0,10,12.37,Debit Card,East,5.0,49.0,3.0,1,Size Issue,248.904,2025-02,4-5 days
ORD104018,CUST2117,Electronics,2025-01-13,4558.5,2.0,20,197.68,Cash on Delivery,South,3.0,58.0,3.0,0,Not Returned,7293.6,2025-01,1-3 days
ORD105203,CUST2483,Home & Kitchen,2025-12-08,2109.27,3.0,15,23.97,Cash on Delivery,South,5.0,57.0,5.0,0,Not Returned,5378.638499999999,2025-12,4-5 days
ORD105250,CUST1021,Sports,2026-01-09,461.92,1.0,25,88.49,Debit Card,East,3.0,52.0,5.0,0,Not Returned,346.44,2026-01,1-3 days
ORD101439,CUST3358,Fashion,2025-11-24,1192.17,1.0,25,6.63,Net Banking,West,5.0,24.0,5.0,0,Not Returned,894.1275,2025-11,4-5 days
ORD105085,CUST4345,Sports,2026-08-19,1789.38,1.0,20,61.87,Cash on Delivery,West,1.0,20.0,4.0,1,Wrong Item Delivered,1431.5040000000001,2026-08,1-3 days
ORD101865,CUST2995,Home & Kitchen,2026-03-20,4166.87,1.0,5,41.79,Net Banking,South,6.0,52.0,4.0,1,Wrong Item Delivered,3958.5264999999995,2026-03,6-7 days
ORD105406,CUST3055,Beauty,2026-05-25,856.78,1.0,0,69.63,Credit Card,Central,6.0,41.0,5.0,0,Not Returned,856.78,2026-05,6-7 days
ORD103195,CUST3777,Electronics,2025-10-05,4558.5,1.0,0,65.39,Cash on Delivery,East,6.0,44.0,3.0,0,Not Returned,4558.5,2025-10,6-7 days
ORD100033,CUST1858,Home & Kitchen,2025-05-16,2482.99,1.0,0,67.33500000000001,Net Banking,Central,8.0,48.0,1.0,0,Not Returned,2482.99,2025-05,8+ days
ORD100787,CUST1230,Electronics,2025-03-07,4558.5,2.0,0,124.83,Credit Card,Central,4.0,17.0,5.0,0,Not Returned,9117.0,2025-03,4-5 days
ORD105139,CUST3938,Home & Kitchen,2025-05-21,312.81,1.0,20,34.44,Debit Card,South,1.0,48.0,5.0,1,Better Price Found,250.24800000000002,2025-05,1-3 days
ORD104577,CUST3462,Grocery,2025-05-21,239.76,1.0,0,148.33,Net Banking,Central,4.0,30.0,5.0,0,Not Returned,239.76,2025-05,4-5 days
ORD105339,CUST2170,Sports,2024-10-19,2324.28,1.0,0,18.04,UPI,North,4.0,23.0,5.0,0,Not Returned,2324.28,2024-10,4-5 days
ORD102627,CUST2078,Toys,2026-01-13,1012.59,1.0,0,31.98,Cash on Delivery,East,3.0,16.0,5.0,0,Not Returned,1012.59,2026-01,1-3 days
ORD100931,CUST4274,Toys,2025-03-06,4558.5,2.0,0,60.47,UPI,West,5.0,38.0,3.0,1,Changed Mind,9117.0,2025-03,4-5 days
ORD102404,CUST1171,Beauty,2024-11-30,631.86,1.0,0,67.33500000000001,Debit Card,Central,3.0,44.0,4.0,0,Not Returned,631.86,2024-11,1-3 days
ORD101248,CUST1131,Home & Kitchen,2026-03-01,3028.31,2.0,5,26.85,UPI,North,1.0,41.0,5.0,0,Not Returned,5753.789,2026-03,1-3 days
ORD104855,CUST4372,Books,2025-05-31,450.16,1.0,25,104.67,UPI,Central,6.0,22.0,5.0,1,Late Delivery,337.62,2025-05,6-7 days
ORD100092,CUST4093,Beauty,2026-06-29,747.98,1.0,10,27.83,Cash on Delivery,East,5.0,44.0,4.0,0,Not Returned,673.182,2026-06,4-5 days
ORD105271,CUST4410,Electronics,2024-11-30,4558.5,3.0,20,34.83,UPI,Central,4.0,34.0,5.0,0,Not Returned,10940.400000000001,2024-11,4-5 days
ORD105511,CUST3591,Electronics,2025-12-06,4118.97,3.0,0,88.47,Net Banking,West,6.0,38.0,4.0,0,Not Returned,12356.91,2025-12,6-7 days
ORD105437,CUST3594,Grocery,2025-03-31,200.89,2.0,20,75.93,Net Banking,South,7.0,33.0,3.0,0,Not Returned,321.424,2025-03,6-7 days
ORD105568,CUST1421,Electronics,2026-04-14,4558.5,1.0,0,127.33,Net Banking,North,3.0,22.0,4.0,0,Not Returned,4558.5,2026-04,1-3 days
ORD102851,CUST3696,Books,2026-01-28,319.6,1.0,10,203.85999999999999,Cash on Delivery,East,5.0,43.0,5.0,0,Not Returned,287.64000000000004,2026-01,4-5 days
ORD102793,CUST3224,Home & Kitchen,2025-06-01,3089.51,1.0,5,26.61,Debit Card,West,3.0,31.0,2.0,0,Not Returned,2935.0345,2025-06,1-3 days
ORD105703,CUST1576,Home & Kitchen,2025-12-30,1012.185,1.0,10,46.22,Net Banking,North,5.0,33.0,2.0,0,Not Returned,910.9665,2025-12,4-5 days
ORD100764,CUST1322,Toys,2025-06-07,714.83,1.0,0,79.3,UPI,West,9.0,24.0,3.0,0,Not Returned,714.83,2025-06,8+ days
ORD102988,CUST3157,Fashion,2026-06-12,1093.02,3.5,0,17.06,UPI,West,2.0,56.0,4.0,0,Not Returned,3825.5699999999997,2026-06,1-3 days
ORD105469,CUST2234,Grocery,2025-11-14,311.43,1.0,10,65.0,Credit Card,Central,5.0,32.0,3.0,0,Not Returned,280.28700000000003,2025-11,4-5 days
ORD102448,CUST3383,Fashion,2024-09-10,1301.75,1.0,30,124.65,Net Banking,East,7.0,22.0,4.0,0,Not Returned,911.2249999999999,2024-09,6-7 days
ORD101728,CUST4168,Grocery,2026-05-14,330.55,2.0,25,29.32,UPI,West,5.0,34.0,4.0,1,Wrong Item Delivered,495.82500000000005,2026-05,4-5 days
ORD100257,CUST1962,Beauty,2026-07-15,906.63,2.0,10,99.93,Cash on Delivery,East,3.0,43.0,4.0,0,Not Returned,1631.934,2026-07,1-3 days
ORD105040,CUST2035,Grocery,2026-04-17,1012.185,3.0,25,203.85999999999999,Net Banking,West,1.0,35.0,5.0,0,Not Returned,2277.4162499999998,2026-04,1-3 days
ORD101219,CUST2262,Sports,2025-12-23,543.78,2.0,20,180.29,UPI,North,4.0,28.0,4.0,0,Not Returned,870.048,2025-12,4-5 days
ORD101161,CUST2185,Electronics,2026-07-04,4558.5,3.5,5,143.96,Cash on Delivery,North,5.0,39.0,5.0,0,Not Returned,15157.012499999999,2026-07,4-5 days
ORD105582,CUST1347,Electronics,2026-06-24,4558.5,1.0,0,22.38,UPI,Central,6.0,39.0,4.0,0,Not Returned,4558.5,2026-06,6-7 days
ORD100312,CUST4442,Sports,2026-01-30,956.68,2.0,5,109.23,Net Banking,East,3.0,43.0,4.0,0,Not Returned,1817.6919999999998,2026-01,1-3 days
ORD104386,CUST2717,Toys,2026-07-31,1474.29,1.0,0,32.77,Debit Card,West,6.0,56.0,5.0,0,Not Returned,1474.29,2026-07,6-7 days
ORD104032,CUST3338,Beauty,2025-02-07,595.02,3.0,5,86.97,Credit Card,South,3.0,35.0,4.0,0,Not Returned,1695.8069999999998,2025-02,1-3 days
ORD104859,CUST2575,Fashion,2025-06-30,1194.54,1.0,5,49.9,Cash on Delivery,North,5.0,61.0,5.0,0,Not Returned,1134.8129999999999,2025-06,4-5 days
ORD102997,CUST1078,Electronics,2026-05-12,4558.5,1.0,20,55.66,Debit Card,East,5.0,48.0,1.0,0,Not Returned,3646.8,2026-05,4-5 days
ORD104279,CUST3564,Fashion,2025-07-03,1374.39,1.0,5,85.4,Net Banking,South,6.0,45.0,4.0,0,Not Returned,1305.6705,2025-07,6-7 days
ORD101176,CUST3616,Beauty,2024-12-25,1142.33,1.0,5,48.51,UPI,East,7.0,24.0,2.0,0,Not Returned,1085.2134999999998,2024-12,6-7 days
ORD103896,CUST3044,Sports,2025-06-25,1335.05,1.0,25,102.97,Cash on Delivery,Central,6.0,44.0,5.0,1,Changed Mind,1001.2874999999999,2025-06,6-7 days
ORD101349,CUST3156,Electronics,2025-01-06,4558.5,3.0,0,132.76,UPI,West,6.0,23.0,4.0,0,Not Returned,13675.5,2025-01,6-7 days
ORD103775,CUST1919,Beauty,2026-02-10,995.23,1.0,0,61.48,Net Banking,East,7.0,34.0,4.0,0,Not Returned,995.23,2026-02,6-7 days
ORD103116,CUST1481,Home & Kitchen,2025-11-19,2231.73,1.0,25,107.16,Net Banking,West,8.0,26.0,4.0,0,Not Returned,1673.7975000000001,2025-11,8+ days
ORD103516,CUST3532,Sports,2025-07-29,782.29,1.0,10,11.69,Net Banking,North,7.0,54.0,4.0,0,Not Returned,704.061,2025-07,6-7 days
ORD102298,CUST1835,Grocery,2026-03-15,1012.185,1.0,25,13.38,Credit Card,South,4.0,43.0,5.0,1,Changed Mind,759.13875,2026-03,4-5 days
ORD102871,CUST4280,Home & Kitchen,2024-10-16,2310.67,1.0,25,121.9,Debit Card,North,5.0,43.0,1.0,0,Not Returned,1733.0025,2024-10,4-5 days
ORD105195,CUST1221,Books,2026-05-13,430.77,2.0,5,72.45,Debit Card,West,5.0,36.0,3.0,0,Not Returned,818.463,2026-05,4-5 days
ORD100391,CUST2255,Toys,2025-07-16,796.74,1.0,20,50.67,Cash on Delivery,Central,3.0,34.0,1.0,1,Changed Mind,637.392,2025-07,1-3 days
ORD101456,CUST2839,Toys,2025-05-21,1244.15,2.0,0,182.81,UPI,North,3.0,16.0,5.0,0,Not Returned,2488.3,2025-05,1-3 days
ORD101092,CUST3818,Beauty,2026-06-06,642.86,1.0,5,14.03,UPI,West,3.0,34.0,4.0,0,Not Returned,610.717,2026-06,1-3 days
ORD103239,CUST2806,Beauty,2025-04-09,614.16,1.0,0,203.85999999999999,Net Banking,North,3.0,49.0,2.0,0,Not Returned,614.16,2025-04,1-3 days
ORD105000,CUST1719,Home & Kitchen,2025-09-27,2234.61,2.0,10,23.78,Credit Card,South,2.0,43.0,3.0,1,Size Issue,4022.2980000000002,2025-09,1-3 days
ORD102778,CUST2313,Fashion,2025-08-13,992.3,1.0,10,33.72,UPI,South,4.0,35.0,5.0,0,Not Returned,893.0699999999999,2025-08,4-5 days
ORD104441,CUST3393,Books,2026-05-18,446.83,2.0,5,93.05,Credit Card,West,4.0,34.0,5.0,0,Not Returned,848.977,2026-05,4-5 days
ORD103656,CUST3658,Books,2025-09-17,319.64,3.0,0,125.94,Credit Card,East,4.0,30.0,5.0,1,Late Delivery,958.92,2025-09,4-5 days
ORD102583,CUST3134,Fashion,2025-11-10,989.42,1.0,30,61.33,Credit Card,South,5.0,33.0,3.0,0,Not Returned,692.5939999999999,2025-11,4-5 days
ORD103257,CUST3864,Electronics,2026-04-22,4558.5,1.0,20,102.34,Net Banking,West,4.0,38.0,4.0,0,Not Returned,3646.8,2026-04,4-5 days
ORD101372,CUST1734,Grocery,2025-12-13,320.49,2.0,20,61.77,Credit Card,West,6.0,36.0,3.0,0,Not Returned,512.784,2025-12,6-7 days
ORD105735,CUST3099,Fashion,2025-07-07,965.21,1.0,30,88.92,Credit Card,East,4.0,35.0,3.0,0,Not Returned,675.6469999999999,2025-07,4-5 days
ORD100919,CUST1258,Home & Kitchen,2026-04-04,1973.86,1.0,5,161.12,UPI,South,3.0,23.0,5.0,0,Not Returned,1875.167,2026-04,1-3 days
ORD104307,CUST2420,Electronics,2026-07-06,4558.5,1.0,20,45.26,UPI,Central,6.0,38.0,4.0,1,Not as Described,3646.8,2026-07,6-7 days
ORD105699,CUST1322,Electronics,2025-12-30,4558.5,1.0,15,77.26,Credit Card,Central,4.0,33.0,4.0,0,Not Returned,3874.725,2025-12,4-5 days
ORD102550,CUST3367,Toys,2026-03-19,660.37,1.0,5,67.33500000000001,UPI,Central,3.0,19.0,2.0,0,Not Returned,627.3515,2026-03,1-3 days
ORD100537,CUST3185,Home & Kitchen,2025-12-24,3181.65,2.0,15,24.19,Net Banking,North,5.0,26.0,5.0,0,Not Returned,5408.805,2025-12,4-5 days
ORD101220,CUST2621,Electronics,2026-01-29,4558.5,1.0,20,115.12,UPI,North,4.0,16.0,3.0,0,Not Returned,3646.8,2026-01,4-5 days
ORD104271,CUST3765,Grocery,2026-07-24,276.05,2.0,20,8.14,Credit Card,Central,5.0,28.0,4.0,1,Size Issue,441.68000000000006,2026-07,4-5 days
