order_id,customer_id,product_category,order_date,price,quantity,discount_pct,shipping_cost,payment_method,region,delivery_days,customer_age,customer_rating,is_returned,return_reason
ORD101260,CUST3996, Beauty,06/02/2025,812.51,2,0,86.97,Debit Card,East,2.0,49.0,4.0,0,
ORD102354,CUST3212,beauty,05-28-2025,766.01,3,25,8.38,UPI,South,4.0,61.0,3.0,1,Late Delivery
ORD105391,CUST1662,Toys,2026-04-24,738.58,1,25,103.45,Credit Card,South,1.0,17.0,3.0,0,
ORD100305,CUST4061,Books,2025-06-21,633.0,1,5,111.53,Debit Card,Central,4.0,16.0,5.0,0,
ORD103519,CUST1204,Toys,22/12/2024,786.59,2,15,110.74,UPI,North,3.0,34.0,3.0,0,
ORD100730,CUST3760,Home & kitchen,11-13-2025,1977.72,1,0,12.19,Net Banking,North,4.0,32.0,3.0,1,Better Price Found
ORD104051,CUST2009,Electronics ,08-01-2025,3266.08,1,0,127.39,Cash on Delivery,North,4.0,46.0,4.0,0,
ORD104798,CUST4154, Beauty,03/01/2025,,1,20,206.09,UPI,North,3.0,22.0,5.0,0,
ORD105559,CUST4492,Sports,04-09-2026,1407.17,1,10,149.02,Net Banking,Central,3.0,16.0,4.0,0,
ORD100246,CUST2175,toys,08-19-2024,979.93,1,25,93.85,Cash on Delivery,East,5.0,30.0,3.0,0,
ORD105763,CUST4171,grocery,08-11-2026,204.48,2,0,35.2,UPI,Central,5.0,24.0,4.0,0,
ORD103920,CUST4315,Home & Kitchen,2025-09-19,2899.47,1,0,129.03,UPI,West,4.0,26.0,5.0,0,
ORD101341,CUST1068,ELECTRONICS,15/06/2025,2230.66,1,0,44.91,UPI,Central,5.0,16.0,5.0,0,
ORD103076,CUST2871,Sports,2024-11-06,2815.81,3,5,26.29,Net Banking,North,2.0,17.0,4.0,0,
ORD102474,CUST2862,fashion,05-29-2025,,1,25,201.83,Cash on Delivery,West,3.0,37.0,5.0,0,
ORD104693,CUST1172,sports,21/05/2026,1325.39,3,15,113.21,Debit Card,Central,7.0,31.0,4.0,0,
ORD103609,CUST4428,Toys,2025-10-25,,1,25,54.61,Debit Card,South,7.0,23.0,5.0,0,
ORD101670,CUST2073,home & kitchen,10-07-2024,2989.44,1,20,13.85,Debit Card,South,5.0,16.0,5.0,0,
ORD103052,CUST1325,Fashion ,07/09/2024,11171.046843126293,3,0,77.62,Credit Card,West,5.0,42.0,4.0,1,Size Issue
ORD105318,CUST3921,Sports,2026-01-02,1531.64,1,20,111.82,Debit Card,East,3.0,39.0,5.0,0,
ORD102571,CUST2640,Books,22/01/2025,566.42,1,0,47.06,Net Banking,West,8.0,42.0,1.0,0,
ORD103091,CUST1736,fashion,19/08/2025,1458.52,1,30,185.02,Cash on Delivery,West,6.0,21.0,5.0,1,Late Delivery
ORD102019,CUST4497,Sports,09-24-2024,1783.81,1,0,42.33,Credit Card,South,5.0,27.0,5.0,0,
ORD104504,CUST1739,toys,2025-04-24,963.58,1,30,88.39,Debit Card,South,2.0,51.0,5.0,0,
ORD104115,CUST3323, Beauty,2024-12-21,674.54,1,25,103.58,Debit Card,South,4.0,16.0,4.0,0,
ORD101032,CUST2983,beauty,06/07/2025,1027.96,1,0,108.06,UPI,East,4.0,22.0,4.0,0,
ORD100732,CUST2989,grocery,15/12/2025,337.63,1,5,22.0,,East,10.0,23.0,4.0,0,
ORD102021,CUST3651,Fashion,07/05/2026,1783.74,1,15,69.53,Cash on Delivery,West,3.0,48.0,5.0,0,
ORD105441,CUST2246,books,02/12/2025,483.52,1,0,35.94,Cash on Delivery,East,6.0,37.0,5.0,0,
ORD104059,CUST4230,grocery,2026-01-05,288.11,4,5,20.43,UPI,East,6.0,22.0,4.0,0,
ORD103251,CUST2928,books,22/11/2024,573.38,1,5,109.8,Net Banking,North,6.0,46.0,5.0,1,Wrong Item Delivered
ORD100607,CUST1506,Sports,2025-02-28,1651.34,1,10,37.45,Cash on Delivery,Central,5.0,28.0,3.0,0,
ORD102703,CUST1321,Toys,08/02/2026,942.94,1,10,169.89,Net Banking,East,3.0,29.0,5.0,1,Size Issue
ORD102142,CUST3530,Home & kitchen,27/08/2025,1878.51,1,5,195.37,Debit Card,East,4.0,28.0,1.0,0,
ORD102004,CUST1822,Toys,2026-05-20,978.8,2,10,28.92,Credit Card,North,2.0,34.0,4.0,0,
ORD105161,CUST4342,fashion,04-06-2025,327.85,4,25,29.95,Net Banking,East,9.0,16.0,4.0,0,
ORD102069,CUST4310,beauty,2025-02-24,552.37,2,30,166.31,Cash on Delivery,West,5.0,17.0,4.0,0,
ORD102955,CUST2998,Fashion ,2025-10-01,1399.55,1,0,55.39,UPI,East,1.0,,4.0,0,
ORD100892,CUST2872,,03-22-2026,763.48,2,0,32.0,UPI,West,6.0,30.0,1.0,1,Late Delivery
ORD102431,CUST2754,home & kitchen,01/04/2026,2359.84,1,0,56.89,Credit Card,North,1.0,43.0,,0,
ORD100452,CUST3022,Electronics,19/08/2025,11210.03,4,15,85.58,Credit Card,East,4.0,28.0,5.0,0,
ORD100008,CUST1814,Books,07/09/2024,450.63,2,10,38.59,UPI,Central,1.0,43.0,1.0,0,
ORD103048,CUST3527,home & kitchen,2026-08-09,2508.92,1,10,99.14,Debit Card,Central,2.0,34.0,5.0,0,
ORD105490,CUST3086,Grocery,07-04-2025,394.62,1,10,22.71,UPI,South,6.0,36.0,4.0,0,
ORD102962,CUST3751,Electronics,23/10/2024,8972.75,1,15,47.25,Net Banking,South,3.0,30.0,5.0,0,
ORD103773,CUST3397,Books,27/03/2025,502.5,1,0,124.64,Credit Card,West,2.0,,3.0,1,Size Issue
ORD104581,CUST2517,sports,2024-11-18,1395.22,1,10,53.57,Debit Card,South,5.0,46.0,5.0,1,Size Issue
ORD102844,CUST3218,Electronics ,09/04/2026,12346.39,2,20,35.77,Net Banking,Central,4.0,38.0,5.0,1,Better Price Found
ORD100979,CUST3735,grocery,10/08/2026,123.51,2,15,44.04,Debit Card,West,4.0,24.0,5.0,0,
ORD105341,CUST1043,beauty,2026-04-01,671.1,1,0,32.44,Credit Card,South,8.0,37.0,5.0,1,Not as Described
ORD104989,CUST4200,Home & Kitchen,05/03/2025,2535.45,1,25,15.09,Cash on Delivery,West,7.0,27.0,3.0,0,
ORD101208,CUST3070,books,2025-09-23,430.1,4,0,143.14,Cash on Delivery,South,6.0,49.0,4.0,0,
ORD104520,CUST4080,sports,14/01/2025,2570.06,2,15,25.43,Net Banking,North,4.0,25.0,4.0,0,
ORD103409,CUST3181,Fashion ,2026-07-13,1588.15,1,30,60.88,Debit Card,Central,5.0,26.0,2.0,1,Wrong Item Delivered
ORD102747,CUST2972,Grocery,14/06/2026,424.26,1,0,118.17,UPI,North,5.0,33.0,3.0,0,
ORD104479,CUST2677,Books,12-17-2025,646.2,1,20,86.87,Cash on Delivery,North,6.0,51.0,,1,Defective Product
ORD102199,CUST3869, Beauty,2025-09-05,1054.41,1,5,26.24,Cash on Delivery,East,5.0,16.0,4.0,1,Wrong Item Delivered
ORD103995,CUST4040,Fashion,23/07/2026,992.41,1,0,36.59,Net Banking,West,3.0,16.0,4.0,0,
ORD101166,CUST3023,Fashion ,2025-09-20,1566.12,3,0,167.43,Cash on Delivery,West,4.0,34.0,2.0,0,
ORD103378,CUST2938,Toys,02/10/2024,1205.74,2,5,19.76,Cash on Delivery,South,6.0,30.0,4.0,1,Changed Mind
ORD103997,CUST3182,toys,05/07/2026,1264.75,1,0,32.88,Cash on Delivery,Central,4.0,38.0,3.0,0,
ORD103991,CUST1076,Fashion,2025-09-23,813.2,2,25,127.94,Credit Card,Central,4.0,31.0,4.0,0,
ORD105731,CUST2999,grocery,07-30-2026,91.07,1,15,100.46,Credit Card,West,5.0,26.0,4.0,0,
ORD100433,CUST2845,Beauty,08-20-2024,835.79,1,15,21.52,Net Banking,West,4.0,28.0,1.0,0,
ORD105264,CUST3008,sports,11-29-2024,2655.27,3,10,33.12,Debit Card,Central,1.0,37.0,5.0,0,
ORD101506,CUST4312,Home & kitchen,19/02/2026,1971.47,1,25,78.64,UPI,West,5.0,30.0,1.0,1,Late Delivery
ORD100985,CUST2480,electronics,24/12/2024,2695.73,1,0,104.75,Debit Card,Central,4.0,16.0,5.0,1,Changed Mind
ORD103620,CUST2615,books,06-26-2025,249.2,1,0,129.34,Net Banking,East,4.0,46.0,3.0,0,
ORD100729,CUST4090,Grocery,2024-12-10,285.13,1,30,31.93,UPI,West,3.0,30.0,5.0,0,
ORD102816,CUST1995,Home & Kitchen,06-04-2025,2266.19,2,30,36.66,UPI,North,4.0,34.0,4.0,0,
ORD100934,CUST1765,Fashion ,2025-04-23,1598.22,1,5,,Net Banking,South,4.0,53.0,5.0,0,
ORD101242,CUST3945,ELECTRONICS,07-23-2025,9533.67,1,0,69.81,Cash on Delivery,North,,19.0,4.0,0,
ORD102173,CUST2403,Fashion,18/05/2025,1257.42,2,20,63.92,UPI,South,6.0,42.0,2.0,0,
ORD104551,CUST1286,fashion,13/09/2025,916.49,1,20,21.18,UPI,South,4.0,33.0,1.0,0,
ORD100948,CUST2781,electronics,11-11-2025,11329.83,2,10,107.4,Cash on Delivery,East,2.0,42.0,5.0,0,
ORD102575,CUST3604,electronics,12-14-2024,6516.5,1,0,11.12,Debit Card,South,3.0,52.0,5.0,0,
ORD104983,CUST2275,Home & Kitchen,30/01/2026,3077.0,1,10,24.34,UPI,Central,5.0,36.0,1.0,0,
ORD105523,CUST3389,Grocery,2026-07-06,353.58,2,15,142.73,UPI,North,1.0,61.0,4.0,0,
ORD100971,CUST1878,Grocery,01-15-2026,386.2,2,25,,UPI,West,3.0,37.0,4.0,1,Not as Described
ORD101388,CUST4149,Beauty,24/04/2025,936.7,1,30,92.1,UPI,Central,4.0,39.0,5.0,0,
ORD105218,CUST3441,Fashion ,28/03/2025,1211.26,2,5,127.59,,North,6.0,41.0,2.0,0,
ORD100194,CUST1163,home & kitchen,07-30-2026,2330.55,1,0,104.84,Debit Card,North,2.0,54.0,4.0,0,
ORD101585,CUST2536,fashion,11-20-2025,348.13,1,0,36.67,UPI,West,2.0,31.0,,0,
ORD104113,CUST1611,sports,31/10/2025,1942.03,1,0,62.35,Debit Card,East,4.0,16.0,4.0,0,
ORD105600,CUST1463,Toys,06/04/2026,941.69,1,5,44.43,UPI,North,4.0,51.0,3.0,0,
ORD101235,CUST3208,Grocery,07-24-2026,50.0,1,15,91.45,Cash on Delivery,North,6.0,34.0,1.0,0,
ORD104174,CUST2460,grocery,2024-09-17,465.92,3,0,23.77,Cash on Delivery,East,6.0,21.0,4.0,0,
ORD104769,CUST1337,,2025-05-08,675.75,1,10,44.03,Cash on Delivery,Central,3.0,,4.0,1,Not as Described
ORD102661,CUST1048, Beauty,04/01/2026,750.91,1,5,118.85,Debit Card,Central,2.0,16.0,4.0,0,
ORD105722,CUST2210,beauty,04-05-2025,743.84,1,5,7.42,Cash on Delivery,South,6.0,45.0,4.0,0,
ORD105919,CUST2096,Sports,07-07-2026,1772.83,1,0,37.64,Credit Card,North,5.0,16.0,5.0,0,
ORD104757,CUST3255,Home & Kitchen,2025-05-19,3177.31,2,5,25.99,UPI,North,4.0,33.0,4.0,0,
ORD100059,CUST2729,toys,2026-03-21,867.89,2,15,68.87,UPI,South,,27.0,5.0,0,
ORD100500,CUST1998,Electronics,05/08/2026,9590.69,1,15,25.83,Net Banking,West,5.0,16.0,3.0,0,
ORD103168,CUST1006,Electronics,04/08/2026,14259.92,1,5,25.26,Cash on Delivery,East,6.0,27.0,5.0,1,Defective Product
ORD102657,CUST3811,toys,02/06/2025,824.01,2,0,71.0,Debit Card,Central,1.0,36.0,5.0,0,
ORD100276,CUST3289,Home & kitchen,09-11-2025,32158.382070355863,2,30,46.87,UPI,North,6.0,34.0,3.0,1,Changed Mind
ORD101485,CUST4212,Home & Kitchen,2025-04-26,1600.43,1,15,183.26,Cash on Delivery,Central,1.0,39.0,5.0,0,
ORD104437,CUST1319,Home & kitchen,23/01/2025,3954.91,3,10,158.64,Net Banking,South,2.0,36.0,4.0,1,Wrong Item Delivered
ORD100419,CUST4131, Beauty,13/11/2024,1015.19,1,15,102.61,Cash on Delivery,East,3.0,41.0,1.0,0,
ORD102123,CUST1692,fashion,24/10/2025,1366.35,1,15,21.62,Cash on Delivery,West,5.0,41.0,2.0,0,
ORD101422,CUST2227,Electronics,2025-03-08,10732.34,3,25,,Cash on Delivery,West,4.0,20.0,2.0,0,
ORD104331,CUST2068,home & kitchen,2025-05-08,3794.96,1,10,45.97,Net Banking,North,4.0,17.0,4.0,0,
ORD101263,CUST1970, Beauty,09/04/2026,301.66,1,30,17.88,UPI,South,3.0,40.0,5.0,0,
ORD103723,CUST2187,Fashion,03-23-2025,890.74,1,0,8.11,Credit Card,North,5.0,,4.0,0,
ORD104949,CUST1952,grocery,2026-08-11,308.68,1,0,38.29,Cash on Delivery,Central,6.0,50.0,5.0,1,Size Issue
ORD103543,CUST4185,fashion,2025-11-09,1356.55,1,10,22.73,Net Banking,North,7.0,29.0,5.0,1,Better Price Found
ORD102012,CUST3433,Fashion,05-18-2025,1228.91,1,30,95.48,Debit Card,South,4.0,30.0,2.0,0,
ORD102247,CUST1780,Grocery,04-13-2026,225.44,1,15,81.31,Net Banking,West,5.0,55.0,5.0,1,Defective Product
ORD102943,CUST2609,beauty,2025-12-24,597.14,1,0,17.07,UPI,Central,6.0,26.0,4.0,0,
ORD105549,CUST1408,Beauty,08-27-2024,,1,15,33.5,Debit Card,West,5.0,48.0,5.0,1,Size Issue
ORD105252,CUST1160,books,05/04/2025,375.05,2,0,30.1,Credit Card,East,4.0,28.0,,0,
ORD100244,CUST2232,fashion,11-11-2025,368.69,1,0,113.23,Debit Card,North,1.0,30.0,5.0,0,
ORD103153,CUST1447, Beauty,2025-11-09,1021.7,1,0,49.54,UPI,South,6.0,45.0,4.0,0,
ORD104012,CUST1465,grocery,2025-06-11,202.27,1,0,3.45,Credit Card,West,5.0,50.0,4.0,0,
ORD103446,CUST1756,Sports,03-29-2026,1708.9,32,30,19.11,UPI,West,6.0,,5.0,1,Better Price Found
ORD105874,CUST3898,Home & kitchen,09-08-2024,2267.33,1,0,,Credit Card,East,4.0,28.0,5.0,0,
ORD103008,CUST2611,toys,2025-04-19,463.29,1,25,49.86,Debit Card,East,6.0,18.0,5.0,0,
ORD102625,CUST2446,Beauty,04-06-2025,505.61,1,0,55.31,UPI,South,3.0,16.0,5.0,0,
ORD103499,CUST1790,Grocery,11-29-2024,522.25,1,25,46.96,Credit Card,Central,7.0,52.0,5.0,0,
ORD101441,CUST4344,Electronics,20/05/2025,5886.16,1,20,156.84,Credit Card,South,6.0,37.0,5.0,0,
ORD101542,CUST1903,Toys,03-23-2026,1385.13,1,20,130.23,Credit Card,West,6.0,16.0,5.0,1,Size Issue
ORD103809,CUST3375,Toys,2024-10-28,507.87,1,15,67.66,Net Banking,North,2.0,46.0,5.0,0,
ORD101015,CUST3625,Toys,10-26-2024,1234.77,1,5,58.15,Net Banking,West,3.0,22.0,4.0,1,Changed Mind
ORD101436,CUST1727,books,04/08/2025,425.27,4,20,155.43,Cash on Delivery,Central,4.0,30.0,3.0,0,
ORD100960,CUST1628,Electronics ,2024-09-11,9491.79,2,10,33.12,UPI,North,4.0,39.0,3.0,0,
ORD103940,CUST2547,Books,10-25-2025,563.57,1,0,19.2,Debit Card,North,3.0,35.0,5.0,0,
ORD100187,CUST1308,Grocery,26/08/2024,394.52,1,10,119.25,Cash on Delivery,West,3.0,31.0,5.0,0,
ORD103401,CUST3973,Toys,2025-12-14,1459.85,1,20,107.8,Net Banking,North,7.0,32.0,1.0,1,Better Price Found
ORD105301,CUST1910,Fashion,05-21-2025,860.63,2,30,55.37,Net Banking,North,3.0,34.0,4.0,0,
ORD103484,CUST2470,beauty,03/07/2026,684.13,1,10,150.73,Net Banking,North,4.0,37.0,5.0,1,Changed Mind
ORD104295,CUST3994,Electronics ,16/10/2025,10995.63,2,0,78.48,Cash on Delivery,West,5.0,29.0,4.0,0,
ORD100135,CUST3992,books,2026-01-10,456.23,3,0,37.16,Net Banking,East,5.0,30.0,4.0,0,
ORD103579,CUST3109,Toys,2024-09-09,773.58,2,30,90.77,Cash on Delivery,West,5.0,16.0,3.0,0,
ORD104574,CUST4342,home & kitchen,02/06/2026,1048.74,2,10,93.32,Credit Card,Central,4.0,63.0,1.0,0,
ORD103269,CUST1916,grocery,07-28-2025,308.74,3,0,31.63,UPI,East,5.0,40.0,5.0,0,
ORD103328,CUST3876,Books,2025-02-06,326.12,1,15,23.03,UPI,East,6.0,19.0,4.0,0,
ORD104337,CUST2992, Beauty,10-03-2025,488.61,2,0,30.6,Net Banking,East,2.0,23.0,4.0,0,
ORD103888,CUST1488,,26/12/2025,303.97,1,5,67.69,Credit Card,North,6.0,45.0,4.0,0,
ORD105686,CUST2460,Electronics,2024-08-25,12891.96,2,25,129.73,Cash on Delivery,Central,,42.0,4.0,0,
ORD103712,CUST2408,ELECTRONICS,18/12/2025,9323.75,1,0,42.92,Cash on Delivery,West,7.0,44.0,5.0,1,Changed Mind
ORD104598,CUST3753,ELECTRONICS,02-10-2026,8578.71,2,15,126.26,Cash on Delivery,West,4.0,50.0,3.0,0,
ORD101320,CUST2382,fashion,2026-07-09,998.67,2,0,24.77,Credit Card,South,10.0,20.0,4.0,0,
ORD105415,CUST4020,books,08-02-2026,491.91,4,0,63.77,Cash on Delivery,West,3.0,33.0,2.0,0,
ORD102094,CUST1690, Beauty,2026-02-26,747.29,1,20,30.58,Credit Card,South,1.0,35.0,5.0,0,
ORD101335,CUST3071,Grocery,08-25-2024,317.3,1,10,104.82,Credit Card,West,3.0,40.0,2.0,1,Defective Product
ORD104297,CUST2637,Home & kitchen,2024-09-15,2452.28,1,0,163.48,Cash on Delivery,Central,3.0,35.0,3.0,0,
ORD102937,CUST3589,home & kitchen,11-25-2025,2502.16,1,25,50.73,Cash on Delivery,South,2.0,38.0,4.0,1,Late Delivery
ORD101031,CUST1647,,01-04-2026,805.49,1,15,53.55,Credit Card,Central,9.0,32.0,3.0,0,
ORD103628,CUST1371,Beauty,2025-02-09,1001.61,1,25,186.9,Debit Card,North,44.0,27.0,5.0,0,
ORD103812,CUST4189,Home & Kitchen,03-12-2025,2075.16,2,20,189.46,Cash on Delivery,East,6.0,16.0,3.0,0,
ORD100149,CUST3333,,2024-11-14,532.04,2,10,37.25,Credit Card,Central,2.0,17.0,4.0,0,
ORD103813,CUST2393,toys,08-08-2025,925.29,2,0,112.08,Credit Card,West,,23.0,4.0,0,
ORD101847,CUST1369,Beauty,2025-08-12,260.73,1,20,93.85,Credit Card,North,6.0,16.0,5.0,0,
ORD101042,CUST1207,Fashion,29/11/2024,1227.63,1,25,58.74,Debit Card,East,4.0,42.0,4.0,0,
ORD104486,CUST4160,Books,2025-11-22,406.85,2,0,96.07,UPI,West,9.0,,3.0,0,
ORD102838,CUST2424,books,01-02-2025,460.31,1,15,15.81,UPI,East,4.0,31.0,5.0,0,
ORD102246,CUST2872,Toys,2025-06-02,1034.36,2,0,177.02,Debit Card,East,7.0,45.0,5.0,0,
ORD105628,CUST2724,home & kitchen,04/05/2026,606.8,1,10,48.99,Debit Card,Central,1.0,,5.0,0,
ORD100831,CUST2482,Home & kitchen,2025-06-24,1546.04,1,20,59.59,Credit Card,West,5.0,21.0,3.0,0,
ORD104912,CUST1258,Electronics ,12-29-2025,7973.64,1,0,73.4,Net Banking,West,3.0,21.0,2.0,0,
ORD101181,CUST2016,toys,03/08/2025,1165.39,1,0,55.01,Debit Card,Central,3.0,25.0,5.0,0,
ORD104853,CUST4451,Electronics,04-29-2025,8398.09,1,0,15.16,Credit Card,West,4.0,54.0,2.0,0,
ORD102264,CUST2318,toys,2025-10-31,1054.11,1,10,108.98,Credit Card,West,4.0,,5.0,0,
ORD104801,CUST1123,fashion,05-04-2026,1332.9,1,5,29.07,,South,7.0,44.0,3.0,0,
ORD102143,CUST1466,Beauty,11-13-2024,528.89,1,15,23.45,Cash on Delivery,North,3.0,46.0,1.0,0,
ORD105838,CUST2436,toys,2026-07-14,694.88,1,10,84.0,Credit Card,South,6.0,39.0,4.0,0,
ORD102290,CUST1052, Beauty,06-23-2025,846.53,1,10,65.23,Net Banking,South,6.0,28.0,3.0,1,Wrong Item Delivered
ORD101963,CUST3261,Beauty,2025-09-29,782.96,1,25,78.39,Cash on Delivery,North,4.0,50.0,4.0,0,
ORD102751,CUST1043,toys,2024-12-10,1113.89,1,5,11.8,Net Banking,South,4.0,33.0,1.0,0,
ORD101136,CUST2110,Grocery,16/04/2026,407.31,1,5,,UPI,Central,5.0,35.0,5.0,0,
ORD104539,CUST3273,Fashion ,2026-07-16,1178.52,1,5,8.47,UPI,North,4.0,26.0,4.0,0,
ORD102905,CUST1141,Fashion,19/08/2024,1633.93,2,15,26.69,Cash on Delivery,East,3.0,23.0,4.0,0,
ORD103063,CUST4103,Sports,11/08/2026,1415.55,1,25,258.49,Net Banking,West,1.0,39.0,4.0,0,
ORD100738,CUST3732,sports,08-09-2025,810.17,2,0,139.56,Cash on Delivery,North,4.0,16.0,5.0,1,Wrong Item Delivered
ORD103184,CUST1794,home & kitchen,2026-04-19,3886.65,2,0,69.04,Debit Card,East,3.0,38.0,4.0,0,
ORD100825,CUST3635,fashion,10-01-2025,619.8,1,0,78.74,Debit Card,South,5.0,29.0,2.0,0,
ORD104004,CUST4135,electronics,15/02/2026,4814.18,1,0,257.14,Credit Card,North,5.0,31.0,5.0,1,Defective Product
ORD104741,CUST1685,grocery,11-11-2025,224.63,2,10,84.49,Debit Card,East,3.0,37.0,5.0,0,
ORD103644,CUST3804,electronics,17/01/2025,5711.83,1,25,41.12,Net Banking,Central,2.0,41.0,3.0,0,
ORD105650,CUST3631,ELECTRONICS,01/10/2024,,1,15,40.29,Credit Card,East,4.0,37.0,4.0,1,Better Price Found
ORD104366,CUST2005, Beauty,11-22-2025,940.42,1,10,71.73,UPI,East,3.0,53.0,3.0,1,Size Issue
ORD100840,CUST3156,Fashion,09/02/2026,1418.69,2,15,25.01,Debit Card,North,7.0,32.0,4.0,0,
ORD102878,CUST1319,Books,20/04/2026,388.71,4,5,139.43,UPI,South,2.0,30.0,4.0,0,
ORD105130,CUST2950,electronics,2025-02-23,9064.21,2,30,71.15,Net Banking,West,8.0,27.0,5.0,0,
ORD104211,CUST2633,Beauty,2026-07-25,994.15,1,5,13.17,Credit Card,South,2.0,34.0,4.0,0,
ORD102450,CUST1150,grocery,10-24-2025,338.44,1,10,30.73,Credit Card,East,5.0,36.0,4.0,0,
ORD102587,CUST1043,grocery,15/08/2025,142.96,2,20,92.85,UPI,Central,6.0,53.0,4.0,0,
ORD105660,CUST1512,Fashion,09-04-2025,489.53,2,10,82.89,Debit Card,Central,6.0,37.0,4.0,0,
ORD105134,CUST1370,Home & kitchen,01-31-2026,2011.55,1,10,88.11,Cash on Delivery,Central,4.0,33.0,5.0,0,
ORD102350,CUST1998,Fashion,2026-06-21,1281.74,1,5,227.83,Net Banking,South,10.0,20.0,3.0,0,
ORD104296,CUST2191,home & kitchen,28/09/2025,2424.01,1,0,32.03,Debit Card,South,4.0,32.0,4.0,0,
ORD102883,CUST3334,electronics,12/12/2025,6984.34,1,0,63.41,Cash on Delivery,Central,1.0,16.0,1.0,1,Defective Product
ORD101990,CUST4046,Fashion,2024-11-25,1550.32,2,25,17.0,Debit Card,South,6.0,41.0,4.0,0,
ORD101674,CUST4142,Sports,01-21-2026,2426.48,1,25,25.64,Cash on Delivery,Central,3.0,36.0,3.0,1,Wrong Item Delivered
ORD103215,CUST1827,books,15/09/2024,561.61,2,0,164.95,UPI,North,9.0,47.0,3.0,0,
ORD101430,CUST2349,Books,2025-05-23,230.84,1,10,65.66,Net Banking,East,3.0,37.0,,1,Not as Described
ORD100179,CUST4465,grocery,2025-08-11,5980.998257098453,1,0,33.9,Credit Card,Central,6.0,44.0,4.0,0,
ORD103670,CUST3839,Beauty,2026-03-26,722.4,1,25,74.38,Credit Card,East,5.0,,4.0,0,
ORD100698,CUST1500,fashion,04-16-2025,919.38,1,0,77.16,Debit Card,South,8.0,38.0,4.0,0,
ORD102432,CUST2282,grocery,20/12/2024,346.96,1,10,25.14,UPI,North,4.0,34.0,4.0,0,
ORD101179,CUST3741,fashion,10-21-2024,1460.44,4,20,78.58,UPI,North,2.0,43.0,,0,
ORD104533,CUST2826,Grocery,08/10/2025,309.61,1,0,69.16,Credit Card,Central,3.0,36.0,4.0,0,
ORD104688,CUST2356,Beauty,31/10/2025,529.92,1,30,101.92,Debit Card,West,7.0,49.0,3.0,0,
ORD105705,CUST3054,Books,15/08/2026,273.61,1,5,36.61,Debit Card,Central,1.0,52.0,4.0,1,Not as Described
ORD100807,CUST3497,books,2025-09-06,311.95,1,20,212.78,UPI,East,6.0,18.0,3.0,1,Defective Product
ORD105818,CUST2528,Toys,07-20-2025,507.68,2,15,64.35,Cash on Delivery,West,7.0,34.0,5.0,0,
ORD100083,CUST3323,Toys,2024-09-30,900.22,1,0,75.18,UPI,South,4.0,35.0,3.0,0,
ORD102203,CUST2576,Fashion,26/12/2025,1205.63,1,25,80.95,Debit Card,Central,6.0,42.0,5.0,0,
ORD102921,CUST3330, Beauty,10/10/2025,660.14,1,25,27.55,Cash on Delivery,East,8.0,25.0,5.0,0,
ORD103594,CUST3588,sports,2026-01-27,1245.03,1,15,21.72,Debit Card,Central,2.0,,5.0,1,Not as Described
ORD101282,CUST1549,toys,2025-09-30,817.4,1,10,68.77,Net Banking,East,6.0,31.0,5.0,0,
ORD105685,CUST2264,Electronics,05/04/2025,6867.04,1,0,36.22,Debit Card,South,4.0,54.0,5.0,1,Better Price Found
ORD101442,CUST2495,books,2026-03-16,,1,0,173.26,UPI,Central,3.0,39.0,5.0,0,
ORD100398,CUST4113,home & kitchen,01-30-2026,967.15,1,0,28.78,UPI,South,6.0,39.0,5.0,0,
ORD105522,CUST4187,beauty,2025-09-15,741.17,1,20,209.96,Credit Card,East,4.0,24.0,5.0,0,
ORD101787,CUST4292,grocery,07-22-2025,243.18,1,20,117.58,Credit Card,North,6.0,27.0,5.0,0,
ORD104780,CUST3474,beauty,2025-01-05,593.51,3,5,65.92,Credit Card,Central,2.0,44.0,4.0,0,
ORD102762,CUST2790,Toys,25/05/2026,915.38,1,15,29.15,Net Banking,Central,4.0,40.0,5.0,0,
ORD101704,CUST3361,Toys,27/02/2025,910.34,1,15,181.56,Cash on Delivery,South,4.0,43.0,4.0,0,
ORD101268,CUST4011,Grocery,07-13-2026,417.38,1,5,,Net Banking,East,3.0,44.0,4.0,0,
ORD104816,CUST2601, Beauty,2025-10-12,488.63,2,15,24.66,Net Banking,East,2.0,21.0,4.0,0,
ORD101059,CUST2765,electronics,04-30-2026,9677.31,1,0,14.54,Net Banking,North,4.0,,3.0,0,
ORD104919,CUST3558,grocery,20/11/2025,388.27,1,10,129.55,Debit Card,South,7.0,47.0,4.0,0,
ORD102647,CUST3542,grocery,08-06-2025,245.2,1,5,37.37,Credit Card,East,7.0,30.0,5.0,0,
ORD103593,CUST2874,Sports,05-19-2025,2348.49,1,10,2.23,Debit Card,South,1.0,25.0,3.0,0,
ORD104944,CUST2372,books,08-06-2025,373.82,1,0,62.04,Credit Card,West,4.0,38.0,3.0,0,
ORD100183,CUST3609,sports,05/03/2026,1893.05,1,0,18.64,Net Banking,South,6.0,32.0,5.0,1,Not as Described
ORD104132,CUST3651,Fashion ,10-19-2025,1656.95,1,10,6.37,UPI,East,7.0,53.0,3.0,0,
ORD102389,CUST4223,Fashion ,04/11/2024,1042.4,1,10,88.49,UPI,South,8.0,45.0,5.0,0,
ORD103099,CUST3914,toys,01-06-2026,,2,10,64.76,Cash on Delivery,East,6.0,52.0,4.0,1,Defective Product
ORD105390,CUST3688,Grocery,12/08/2026,262.18,2,10,394.52,Debit Card,South,8.0,36.0,1.0,0,
ORD100056,CUST1372,Fashion ,2025-08-26,484.58,1,30,63.84,Net Banking,North,2.0,41.0,2.0,0,
ORD101788,CUST1497,sports,22/03/2026,2970.45,1,0,94.48,UPI,West,5.0,31.0,4.0,0,
ORD104090,CUST2251,Grocery,12/01/2025,148.41,1,10,72.4,UPI,Central,3.0,30.0,5.0,1,Defective Product
ORD100121,CUST2140,electronics,2025-06-23,8207.78,1,25,55.51,Credit Card,Central,5.0,31.0,5.0,0,
ORD104672,CUST4089,grocery,07-21-2026,180.02,1,5,36.89,UPI,East,5.0,32.0,4.0,0,
ORD102397,CUST3235, Beauty,03-24-2026,829.2,1,0,146.71,Cash on Delivery,Central,5.0,35.0,4.0,0,
ORD104749,CUST3380,electronics,31/07/2025,6403.27,2,15,51.28,Net Banking,Central,6.0,26.0,4.0,0,
ORD105420,CUST1765,sports,03/02/2026,2775.18,2,15,60.57,Debit Card,West,7.0,27.0,5.0,0,
ORD102331,CUST3521,books,2026-07-01,467.11,2,0,81.45,Debit Card,East,3.0,39.0,4.0,0,
ORD100889,CUST1973,Home & kitchen,03-09-2026,2674.57,1,5,63.36,UPI,East,10.0,24.0,2.0,0,
ORD102609,CUST1436,sports,2025-06-12,1839.28,1,15,117.65,Net Banking,South,7.0,31.0,1.0,0,
ORD105246,CUST1508,beauty,03-19-2026,661.83,2,10,45.77,Cash on Delivery,East,3.0,23.0,5.0,1,Late Delivery
ORD100706,CUST4470,Beauty,2025-08-06,616.76,4,25,79.36,Net Banking,Central,1.0,48.0,4.0,0,
ORD100275,CUST3734,Sports,27/03/2026,1941.51,2,10,,Credit Card,East,4.0,18.0,1.0,0,
ORD100746,CUST1719,Beauty,02-16-2026,708.55,1,20,17.88,Debit Card,South,5.0,27.0,4.0,0,
ORD104065,CUST2812,fashion,2026-05-14,1011.75,1,5,133.65,UPI,South,4.0,38.0,2.0,0,
ORD104190,CUST3790,Electronics ,2024-09-06,10466.46,2,0,30.23,Cash on Delivery,Central,5.0,,5.0,1,Not as Described
ORD102909,CUST1908,toys,2024-08-23,891.56,3,20,18.85,Credit Card,West,2.0,49.0,5.0,0,
ORD100402,CUST2238,Electronics ,09/05/2025,2727.18,1,25,78.82,Cash on Delivery,Central,7.0,41.0,3.0,0,
ORD102242,CUST3955,books,2026-01-25,546.68,1,15,87.36,UPI,West,8.0,21.0,2.0,1,Defective Product
ORD103028,CUST3217,Sports,11-28-2024,855.25,2,10,98.56,Debit Card,East,5.0,28.0,4.0,0,
ORD100000,CUST1102,Fashion,11-29-2025,1408.62,2,10,59.78,UPI,South,8.0,42.0,1.0,0,
ORD102302,CUST1918,books,2026-02-10,334.53,1,5,73.3,Net Banking,West,5.0,,3.0,1,Late Delivery
ORD104461,CUST1585,beauty,08/09/2024,673.32,1,5,127.2,Net Banking,North,8.0,34.0,3.0,1,Size Issue
ORD105514,CUST2081,books,27/05/2026,219.4,1,30,32.77,Net Banking,West,5.0,19.0,4.0,1,Not as Described
ORD103315,CUST4253,Books,2025-03-26,483.57,1,5,145.09,Debit Card,Central,2.0,35.0,5.0,0,
ORD104579,CUST4325,Home & kitchen,2026-04-24,479.64,3,15,203.37,Debit Card,East,5.0,38.0,3.0,0,
ORD101953,CUST4101,Grocery,14/11/2024,324.26,1,20,131.7,Cash on Delivery,East,6.0,42.0,,1,Better Price Found
ORD101555,CUST3677,sports,08/02/2026,436.12,1,0,13.3,UPI,Central,4.0,30.0,1.0,1,Defective Product
ORD104954,CUST1563,books,2024-10-16,402.87,1,0,38.18,UPI,Central,3.0,16.0,5.0,1,Defective Product
ORD103658,CUST3878,home & kitchen,10-17-2025,2744.48,1,0,9.05,UPI,South,9.0,47.0,4.0,0,
ORD101078,CUST3127,Beauty,29/03/2026,1088.2,1,20,53.06,UPI,North,7.0,20.0,5.0,0,
ORD100757,CUST2659,Electronics ,18/03/2025,10101.94,1,20,88.91,UPI,West,8.0,64.0,4.0,0,
ORD104679,CUST1234,fashion,2025-12-27,947.69,1,25,64.21,Net Banking,South,3.0,24.0,5.0,0,
ORD102967,CUST2432,Grocery,12-20-2024,258.09,1,0,147.43,UPI,Central,3.0,36.0,5.0,0,
ORD104083,CUST4331,books,02/11/2025,503.66,2,10,108.08,UPI,West,3.0,55.0,5.0,0,
ORD105236,CUST3340,Fashion,2025-07-02,904.92,1,25,,UPI,Central,5.0,21.0,5.0,0,
ORD102016,CUST4067,sports,03/06/2026,1755.57,1,5,65.44,Net Banking,North,3.0,44.0,3.0,0,
ORD101107,CUST4174,beauty,06-14-2025,570.91,1,5,167.49,Credit Card,East,4.0,37.0,3.0,0,
ORD100739,CUST1903,Home & Kitchen,2025-04-01,758.91,1,5,37.54,Credit Card,South,3.0,53.0,5.0,0,
ORD101354,CUST1925,home & kitchen,2026-08-12,2318.73,1,0,31.25,Debit Card,Central,6.0,23.0,3.0,0,
ORD103173,CUST2367,sports,2025-06-17,,3,0,64.79,Credit Card,South,3.0,41.0,4.0,0,
ORD104561,CUST2317,Electronics,02-14-2025,5151.45,1,0,70.03,Debit Card,Central,2.0,37.0,2.0,1,Wrong Item Delivered
ORD102414,CUST1742,Sports,08/01/2025,1172.52,1,0,18.53,UPI,Central,6.0,47.0,4.0,0,
ORD102654,CUST2733,sports,07/09/2025,1110.16,3,25,38.29,Net Banking,East,3.0,41.0,4.0,0,
ORD103467,CUST1288,grocery,13/09/2024,236.58,2,15,21.26,Credit Card,West,3.0,44.0,5.0,0,
ORD102219,CUST3037,books,2025-04-07,229.46,1,0,149.33,Cash on Delivery,Central,4.0,,3.0,1,Late Delivery
ORD102969,CUST1597,Fashion,2025-07-08,1092.57,3,10,60.08,Debit Card,Central,5.0,23.0,5.0,1,Size Issue
ORD104586,CUST1368,toys,05-07-2025,685.56,1,0,314.18,Debit Card,North,5.0,21.0,4.0,0,
ORD101749,CUST1583,beauty,30/07/2026,902.01,4,15,53.11,Net Banking,West,5.0,30.0,3.0,1,Wrong Item Delivered
ORD100961,CUST2519,,12-28-2025,371.71,2,15,193.62,Debit Card,East,2.0,43.0,5.0,0,
ORD102670,CUST2524,electronics,01-13-2026,1673.76,1,0,40.26,Debit Card,East,9.0,40.0,5.0,0,
ORD104961,CUST2300,Home & kitchen,2024-11-25,3800.11,1,25,53.91,Credit Card,West,6.0,25.0,2.0,0,
ORD101935,CUST1926,Books,2025-07-24,459.92,1,10,109.33,UPI,North,2.0,34.0,4.0,0,
ORD100407,CUST4083,Books,11-28-2025,278.16,4,0,190.42,Debit Card,West,8.0,16.0,5.0,1,Changed Mind
ORD101702,CUST2758,grocery,2025-04-20,339.66,1,20,204.39,Cash on Delivery,East,9.0,46.0,5.0,0,
ORD104849,CUST3010,Home & kitchen,06-15-2026,3705.11,1,5,172.0,Credit Card,East,3.0,42.0,1.0,0,
ORD100115,CUST3676,Electronics ,09-27-2024,10109.25,1,20,18.42,Cash on Delivery,North,6.0,34.0,4.0,0,
ORD100521,CUST2561,ELECTRONICS,17/06/2026,5855.73,1,5,64.9,Credit Card,Central,5.0,47.0,1.0,1,Changed Mind
ORD101586,CUST3595,Books,2025-07-15,470.78,1,20,39.44,UPI,South,2.0,44.0,4.0,0,
ORD100740,CUST3454,Electronics ,2025-06-03,11521.33,1,5,89.91,UPI,South,6.0,21.0,4.0,0,
ORD101222,CUST3368,fashion,2026-02-15,455.01,1,10,52.25,Debit Card,West,8.0,43.0,5.0,0,
ORD105926,CUST2024,Books,2026-06-24,246.97,2,0,,Cash on Delivery,South,5.0,21.0,4.0,0,
ORD101010,CUST4464,grocery,04/06/2026,216.54,1,25,86.98,Net Banking,East,7.0,44.0,3.0,0,
ORD101444,CUST3234,beauty,01-12-2025,426.56,1,15,138.55,Net Banking,West,,28.0,1.0,0,
ORD100747,CUST3181,sports,11-21-2024,1731.53,1,0,48.98,Credit Card,North,5.0,20.0,5.0,0,
ORD105668,CUST4388,fashion,01/12/2025,989.84,1,15,131.1,Debit Card,West,4.0,43.0,4.0,0,
ORD105080,CUST4118,Fashion ,11-02-2025,1145.17,2,0,63.61,Cash on Delivery,West,1.0,19.0,5.0,0,
ORD104052,CUST4212,Books,07-24-2026,262.99,1,20,79.81,Debit Card,East,1.0,37.0,5.0,0,
ORD104315,CUST3690,Books,04-26-2026,304.95,2,30,104.07,UPI,Central,5.0,16.0,4.0,0,
ORD104378,CUST4163,electronics,2025-06-08,7479.31,1,15,98.21,Credit Card,Central,2.0,37.0,4.0,0,
ORD101146,CUST3254,sports,11-27-2024,1758.35,1,10,62.17,Net Banking,East,8.0,41.0,5.0,0,
ORD102091,CUST2283,fashion,08-10-2026,1123.22,1,15,60.2,UPI,North,11.0,47.0,5.0,0,
ORD104094,CUST4125,Books,04-18-2026,241.57,2,10,141.87,UPI,South,2.0,39.0,5.0,0,
ORD104979,CUST3427,Beauty,10-25-2024,517.13,1,20,75.78,Debit Card,West,4.0,33.0,4.0,0,
ORD104865,CUST3730, Beauty,16/09/2025,941.1,1,10,83.74,UPI,East,6.0,26.0,4.0,0,
ORD101497,CUST2892,sports,2025-10-02,1360.97,2,0,134.99,Debit Card,East,4.0,29.0,5.0,0,
ORD103059,CUST1132,grocery,07/01/2025,399.93,1,10,48.49,Net Banking,West,7.0,19.0,3.0,1,Late Delivery
ORD101079,CUST3483,Books,2025-07-19,324.0,1,0,69.24,UPI,West,4.0,21.0,4.0,1,Late Delivery
ORD103772,CUST4384, Beauty,18/09/2024,848.2,1,5,80.74,Credit Card,Central,4.0,27.0,5.0,1,Defective Product
ORD105439,CUST2962,Fashion,21/04/2025,1218.64,1,5,19.48,Net Banking,South,4.0,41.0,4.0,0,
ORD104154,CUST3909,home & kitchen,10-23-2024,3504.75,1,0,45.46,Net Banking,West,4.0,26.0,5.0,0,
ORD105540,CUST1086,toys,2025-12-05,,1,20,84.98,Net Banking,North,4.0,18.0,1.0,1,Wrong Item Delivered
ORD100117,CUST3982,Home & Kitchen,02/10/2024,916.29,1,0,129.95,UPI,South,5.0,28.0,1.0,1,Size Issue
ORD104990,CUST2472,ELECTRONICS,08-05-2025,6134.04,1,0,99.19,Net Banking,West,7.0,33.0,5.0,0,
ORD103872,CUST4122,Fashion,2024-11-26,1750.0,1,10,30.14,Cash on Delivery,West,5.0,52.0,3.0,0,
ORD101195,CUST1547,Beauty,2025-01-26,277.66,1,15,64.04,,Central,3.0,41.0,4.0,0,
ORD100991,CUST3259, Beauty,07-26-2025,373.06,1,20,102.33,Cash on Delivery,South,6.0,33.0,4.0,1,Better Price Found
ORD104098,CUST4011,Home & kitchen,03/08/2025,3456.15,4,15,54.03,Debit Card,North,6.0,33.0,5.0,0,
ORD101169,CUST4312,Sports,06/03/2025,1917.0,2,25,69.05,Cash on Delivery,Central,4.0,33.0,4.0,1,Size Issue
ORD105335,CUST3599,Beauty,04-28-2026,861.97,1,30,64.72,Debit Card,South,3.0,31.0,5.0,0,
ORD104851,CUST1373,Grocery,09-16-2024,230.97,1,10,34.95,Debit Card,West,5.0,28.0,5.0,0,
ORD101729,CUST2340,beauty,2026-04-28,16039.324334268364,1,15,119.35,Credit Card,East,2.0,49.0,3.0,0,
ORD105721,CUST2862,Beauty,2025-08-18,785.78,3,30,128.0,UPI,Central,2.0,22.0,4.0,0,
ORD102616,CUST4153,Grocery,10-04-2025,226.55,1,0,94.69,Net Banking,South,6.0,40.0,5.0,1,Changed Mind
ORD101730,CUST2870,Electronics,21/10/2024,4235.83,2,0,110.18,Credit Card,Central,6.0,26.0,5.0,0,
ORD103557,CUST1360,Home & Kitchen,11-09-2025,3469.07,4,5,,Debit Card,East,5.0,39.0,4.0,0,
ORD102979,CUST2843,Home & Kitchen,08/11/2024,2639.11,1,0,,,Central,4.0,30.0,3.0,0,
ORD100334,CUST1468,Home & Kitchen,2025-07-31,3022.57,1,10,,Net Banking,North,6.0,40.0,5.0,0,
ORD104674,CUST4176,electronics,05-28-2026,7126.23,1,0,79.74,UPI,South,5.0,52.0,4.0,0,
ORD104916,CUST2702,Fashion ,2024-12-19,12149.412570786015,1,0,5.63,UPI,South,4.0,39.0,5.0,0,
ORD105237,CUST2332,Sports,2024-11-18,3061.63,4,0,115.91,Cash on Delivery,North,5.0,52.0,3.0,0,
ORD100610,CUST4368,beauty,2025-10-20,805.89,4,0,37.31,Debit Card,West,6.0,38.0,4.0,1,Changed Mind
ORD102573,CUST3855,home & kitchen,25/09/2025,2893.28,1,0,68.56,UPI,West,6.0,26.0,1.0,0,
ORD100671,CUST3008,grocery,01-02-2026,234.01,1,0,52.67,Cash on Delivery,East,1.0,19.0,5.0,0,
ORD100639,CUST4375,Grocery,07-13-2026,325.91,1,15,27.35,Cash on Delivery,South,6.0,33.0,4.0,0,
ORD100510,CUST3703,fashion,10-16-2025,1514.96,1,0,,Cash on Delivery,Central,5.0,37.0,5.0,0,
ORD102639,CUST4419,home & kitchen,02-02-2025,3018.94,1,20,40.64,Debit Card,East,4.0,31.0,5.0,0,
ORD102040,CUST3651,Grocery,19/05/2025,227.39,1,20,28.41,Credit Card,East,3.0,44.0,4.0,1,Late Delivery
ORD101218,CUST2893,Grocery,09-30-2024,169.26,2,0,126.6,UPI,East,5.0,38.0,3.0,1,Wrong Item Delivered
ORD105284,CUST3593,fashion,2025-03-03,1108.1,4,15,53.3,Debit Card,East,7.0,,4.0,0,
ORD104408,CUST4262,sports,2024-09-08,2716.31,1,5,40.93,UPI,South,6.0,16.0,1.0,0,
ORD102082,CUST3788,Fashion,08-19-2025,1120.6,1,0,58.94,Credit Card,Central,4.0,34.0,1.0,1,Defective Product
ORD104243,CUST3091,toys,2025-08-29,603.4,1,0,87.52,Debit Card,North,3.0,41.0,5.0,0,
ORD103513,CUST1295,beauty,02-05-2025,,1,10,115.48,Debit Card,Central,4.0,37.0,,0,
ORD104156,CUST2283,books,25/02/2025,457.07,2,15,174.89,Cash on Delivery,West,4.0,27.0,3.0,1,Better Price Found
ORD101282,CUST1549,toys,2025-09-30,817.4,1,10,68.77,Net Banking,East,6.0,31.0,5.0,0,
ORD105377,CUST1021,toys,04/05/2025,201.16,1,10,90.17,Net Banking,East,4.0,24.0,3.0,0,
ORD102885,CUST3286,Electronics,01/10/2025,10023.59,2,0,149.17,Net Banking,South,5.0,42.0,1.0,0,
ORD100965,CUST2141,Toys,05/04/2025,412.92,1,15,161.09,,South,4.0,35.0,3.0,1,Better Price Found
ORD103339,CUST1064,Beauty,10/10/2024,776.13,2,20,73.97,Debit Card,South,7.0,44.0,5.0,0,
ORD105543,CUST1284,Beauty,2025-11-06,155.07,1,15,69.68,Credit Card,North,5.0,32.0,5.0,1,Defective Product
ORD102483,CUST4422,Grocery,2025-12-09,158.23,1,0,63.09,Net Banking,East,5.0,36.0,5.0,0,
ORD104999,CUST1625,toys,10-28-2025,163.79,1,0,25.42,Credit Card,East,2.0,47.0,4.0,0,
ORD105847,CUST2698,grocery,06-09-2026,413.6,1,5,25.62,Credit Card,Central,8.0,27.0,4.0,0,
ORD105369,CUST3585,Sports,08-20-2024,2482.84,1,5,45.12,Net Banking,Central,6.0,37.0,5.0,1,Changed Mind
ORD103971,CUST3602,ELECTRONICS,13/01/2025,4813.74,1,5,100.07,Debit Card,North,4.0,29.0,5.0,0,
ORD103750,CUST2825,beauty,2025-04-01,596.67,2,25,136.47,Net Banking,West,1.0,45.0,5.0,1,Size Issue
ORD102516,CUST1584,Toys,06-15-2025,1009.04,1,25,34.07,Debit Card,South,4.0,25.0,5.0,0,
ORD104828,CUST2580,Books,06-16-2026,429.0,1,15,52.01,Net Banking,West,2.0,30.0,5.0,0,
ORD101175,CUST1791,sports,12-24-2025,1671.0,1,25,,Cash on Delivery,North,4.0,40.0,2.0,0,
ORD105247,CUST1849,Home & kitchen,20/02/2026,1360.79,1,5,72.53,Debit Card,East,3.0,17.0,4.0,0,
ORD101338,CUST2979,Grocery,02/07/2026,92.27,1,0,105.41,Net Banking,South,3.0,25.0,4.0,0,
ORD105451,CUST3012,Electronics ,2025-02-19,5169.41,1,25,195.05,Debit Card,South,5.0,38.0,5.0,0,
ORD101825,CUST4320,Sports,09-09-2024,1017.42,2,0,68.8,Net Banking,South,4.0,40.0,4.0,0,
ORD100915,CUST3632,fashion,04-23-2025,1160.66,1,0,242.87,Net Banking,West,5.0,23.0,3.0,0,
ORD104632,CUST4442,Beauty,2026-07-03,471.72,1,10,5.94,UPI,North,7.0,46.0,4.0,0,
ORD101790,CUST1910,grocery,03-12-2026,182.17,1,10,113.5,Debit Card,Central,6.0,44.0,4.0,0,
ORD101188,CUST3735,fashion,07/02/2025,1312.92,4,20,29.37,Credit Card,North,2.0,42.0,4.0,0,
ORD105112,CUST3486, Beauty,05-27-2025,411.08,1,10,111.9,Credit Card,East,4.0,36.0,2.0,0,
ORD105815,CUST2744,electronics,04-16-2026,7852.23,2,30,51.17,UPI,West,2.0,29.0,3.0,0,
ORD103320,CUST3090,Books,24/08/2024,386.99,1,0,94.85,Net Banking,North,3.0,33.0,5.0,0,
ORD102281,CUST1728,books,01/08/2026,394.5,2,15,65.63,Credit Card,Central,6.0,29.0,4.0,0,
ORD100683,CUST4149,Electronics,2025-12-07,11746.48,1,5,133.41,Cash on Delivery,South,1.0,31.0,5.0,0,
ORD105984,CUST1326,Sports,28/04/2025,1116.12,1,10,80.71,Cash on Delivery,South,4.0,34.0,5.0,0,
ORD104974,CUST1024,Fashion,2025-07-08,1144.69,1,10,149.65,Cash on Delivery,North,7.0,,2.0,0,
ORD100996,CUST4372,beauty,04/03/2026,600.83,1,15,143.94,UPI,East,5.0,,5.0,0,
ORD100210,CUST1911,sports,2026-05-08,1545.7,2,15,239.96,Net Banking,East,2.0,36.0,4.0,0,
ORD104129,CUST2072,Grocery,09/09/2024,382.23,1,0,97.69,UPI,East,6.0,29.0,5.0,0,
ORD103560,CUST1965,Beauty,08-22-2024,832.47,2,5,69.89,Debit Card,Central,3.0,29.0,3.0,1,Not as Described
ORD103003,CUST1763,Grocery,11/09/2025,351.58,1,0,49.49,Net Banking,North,8.0,26.0,5.0,0,
ORD100987,CUST4244,Electronics ,2026-08-09,11514.3,2,25,108.79,Debit Card,North,5.0,16.0,1.0,0,
ORD101132,CUST3925,Books,2024-09-18,480.28,2,5,13.52,Net Banking,West,7.0,20.0,4.0,1,Better Price Found
ORD101701,CUST1120,toys,03-05-2026,723.25,1,5,19.59,Credit Card,North,9.0,,3.0,1,Defective Product
ORD105440,CUST2749,Toys,02/10/2024,884.08,2,5,62.74,Cash on Delivery,South,4.0,53.0,4.0,0,
ORD103999,CUST2776,Home & kitchen,03-04-2026,2182.14,2,15,38.65,Cash on Delivery,West,3.0,26.0,3.0,0,
ORD100949,CUST4241,Beauty,03-07-2025,803.22,3,15,117.68,Cash on Delivery,Central,4.0,26.0,5.0,0,
ORD104183,CUST3716,electronics,2025-10-04,9827.44,1,30,55.9,Credit Card,East,1.0,32.0,5.0,0,
ORD100445,CUST1244,home & kitchen,11-30-2024,1953.91,1,15,106.67,Net Banking,North,6.0,21.0,3.0,0,
ORD102035,CUST3132,beauty,2025-03-27,,2,30,,UPI,East,3.0,34.0,5.0,0,
ORD104391,CUST3161,Books,15/04/2026,366.3,1,30,23.13,Debit Card,South,3.0,44.0,2.0,0,
ORD100463,CUST3125,Beauty,12-25-2024,1142.6,1,20,40.49,UPI,South,5.0,47.0,4.0,1,Wrong Item Delivered
ORD102919,CUST2049,Fashion,02-17-2025,1569.26,2,15,97.82,Net Banking,Central,9.0,25.0,3.0,0,
ORD101905,CUST1659,Grocery,30/05/2026,319.93,31,15,139.61,UPI,West,5.0,38.0,4.0,0,
ORD104618,CUST2138,ELECTRONICS,30/01/2025,,2,10,93.01,Net Banking,Central,5.0,34.0,4.0,0,
ORD104788,CUST2933,Toys,12-11-2025,697.36,1,0,40.93,Net Banking,North,2.0,42.0,4.0,1,Better Price Found
ORD105068,CUST3606,Electronics ,2024-11-06,8885.59,1,0,10.34,Net Banking,North,4.0,41.0,5.0,1,Wrong Item Delivered
ORD105495,CUST3853,sports,25/01/2025,1691.7,1,10,201.52,Cash on Delivery,West,7.0,18.0,3.0,0,
ORD104021,CUST1720,sports,12-13-2025,1210.33,1,25,18.34,Debit Card,South,4.0,,3.0,1,Size Issue
ORD101051,CUST1368,Toys,17/08/2025,957.36,2,10,61.12,Credit Card,Central,6.0,56.0,4.0,0,
ORD103815,CUST1633,Sports,01/11/2024,1873.99,1,25,153.7,Cash on Delivery,Central,7.0,46.0,3.0,0,
ORD102691,CUST4049,fashion,28/10/2024,1289.65,3,15,204.37,Cash on Delivery,South,2.0,36.0,4.0,0,
ORD100473,CUST4332,fashion,10/07/2026,517.25,2,0,16.91,Credit Card,Central,3.0,45.0,1.0,0,
ORD100868,CUST3102,Home & Kitchen,13/07/2025,1872.47,1,0,63.25,UPI,North,2.0,32.0,5.0,0,
ORD104128,CUST1597,toys,2025-06-13,1181.69,1,10,81.89,UPI,East,5.0,27.0,3.0,0,
ORD105616,CUST4180,grocery,09-08-2025,265.48,1,25,203.31,Net Banking,South,6.0,19.0,5.0,1,Wrong Item Delivered
ORD104448,CUST1529,Home & kitchen,2026-01-20,1787.14,1,25,13.89,UPI,East,7.0,43.0,5.0,0,
ORD105436,CUST3150,books,24/05/2025,611.91,2,5,17.51,UPI,Central,7.0,36.0,5.0,0,
ORD100797,CUST4317,Electronics,2025-07-13,9748.01,1,5,16.83,Credit Card,East,4.0,28.0,2.0,0,
ORD102680,CUST1039,Toys,2025-07-30,988.56,4,0,27.51,Net Banking,North,4.0,32.0,3.0,0,
ORD102643,CUST3717,Toys,2025-12-26,1267.74,1,0,111.4,Net Banking,North,6.0,43.0,2.0,0,
ORD101227,CUST2933,Electronics,2026-08-09,9714.72,1,0,113.79,Debit Card,West,5.0,35.0,5.0,1,Late Delivery
ORD100658,CUST1214,Beauty,24/12/2024,766.74,1,15,90.63,Credit Card,South,7.0,27.0,3.0,0,
ORD102888,CUST2878,fashion,2025-05-07,1418.03,1,10,55.39,Debit Card,East,5.0,29.0,4.0,0,
ORD103505,CUST1067,toys,04-04-2026,883.73,1,5,39.57,Cash on Delivery,South,3.0,40.0,5.0,0,
ORD103256,CUST3578,Books,2026-06-01,67.75,1,5,45.01,Credit Card,North,5.0,24.0,5.0,0,
ORD105974,CUST3358,sports,03-14-2026,,1,0,18.16,Debit Card,West,3.0,25.0,5.0,0,
ORD104344,CUST2793,books,01-17-2026,439.83,1,5,33.35,Credit Card,Central,7.0,36.0,1.0,0,
ORD100596,CUST2973,Fashion ,2026-06-18,1323.89,1,20,20.24,Credit Card,South,6.0,36.0,2.0,0,
ORD100359,CUST2783,,2026-01-18,2034.23,1,10,149.39,Credit Card,South,6.0,23.0,3.0,1,Better Price Found
ORD105647,CUST4200,Home & Kitchen,04-22-2025,1796.27,1,10,68.19,Net Banking,West,5.0,28.0,4.0,0,
ORD102798,CUST2576,Fashion ,01-23-2026,1402.33,1,10,70.66,Net Banking,South,5.0,38.0,5.0,0,
ORD105197,CUST3681,books,29/03/2025,432.43,1,15,213.19,Cash on Delivery,South,6.0,,5.0,0,
ORD104772,CUST2132,Electronics,15/10/2024,8537.95,1,0,168.06,Credit Card,Central,4.0,,3.0,0,
ORD100785,CUST2811,books,07/10/2024,684.9,2,0,86.93,Credit Card,Central,3.0,29.0,4.0,0,
ORD101216,CUST3102,Beauty,07-16-2025,438.88,2,20,72.13,Credit Card,South,5.0,32.0,2.0,0,
ORD104945,CUST3396,electronics,31/08/2024,6031.02,1,10,78.4,Debit Card,Central,5.0,36.0,5.0,1,Changed Mind
ORD103468,CUST2026,Books,2025-10-10,218.25,1,0,118.03,Debit Card,South,7.0,52.0,4.0,0,
ORD103176,CUST3826, Beauty,30/11/2025,,1,15,288.5,Cash on Delivery,Central,6.0,56.0,2.0,1,Size Issue
ORD105827,CUST3524,electronics,06/12/2025,7559.95,2,30,90.84,Credit Card,South,3.0,20.0,5.0,0,
ORD104825,CUST3822,grocery,2024-09-11,296.71,1,0,34.64,UPI,East,9.0,47.0,1.0,0,
ORD102748,CUST4296,Home & Kitchen,2025-09-17,904.44,3,0,20.7,Cash on Delivery,North,,34.0,4.0,0,
ORD101283,CUST2044,Beauty,05-29-2025,486.72,1,25,81.25,Credit Card,West,2.0,25.0,5.0,0,
ORD101895,CUST2551,,2025-08-14,2576.57,1,30,42.33,Credit Card,East,2.0,35.0,1.0,0,
ORD104858,CUST4003,Home & kitchen,06-07-2026,2850.83,1,0,27.91,Net Banking,East,4.0,27.0,4.0,0,
ORD103449,CUST1310,Beauty,26/07/2025,359.8,2,5,58.15,UPI,North,2.0,,4.0,0,
ORD100616,CUST1258,books,27/01/2025,442.73,1,0,46.08,Credit Card,Central,5.0,28.0,1.0,1,Late Delivery
ORD103123,CUST3411,books,2025-02-08,297.13,1,5,118.43,UPI,West,4.0,26.0,5.0,0,
ORD101279,CUST1591,Fashion ,2026-05-07,1094.2,1,20,38.71,Credit Card,West,1.0,28.0,1.0,0,
ORD104543,CUST1002,beauty,30/07/2026,581.72,1,0,,Credit Card,West,4.0,36.0,2.0,1,Changed Mind
ORD102316,CUST3410,Home & kitchen,14/05/2025,1363.55,2,5,157.52,Credit Card,North,2.0,51.0,3.0,1,Changed Mind
ORD105268,CUST1405,Grocery,19/01/2025,188.88,1,5,188.79,Debit Card,West,,31.0,4.0,0,
ORD100054,CUST2635,Electronics ,06-06-2026,7302.9,1,0,130.48,Cash on Delivery,South,3.0,41.0,2.0,0,
ORD102079,CUST3390,Electronics ,2026-05-14,5453.76,2,30,,Debit Card,West,5.0,39.0,5.0,0,
ORD103783,CUST1488,Home & Kitchen,02-13-2025,3933.15,1,15,180.85,Cash on Delivery,South,3.0,44.0,4.0,0,
ORD103953,CUST3818,ELECTRONICS,26/10/2025,74661.1089688912,2,25,96.63,Credit Card,North,4.0,25.0,5.0,1,Not as Described
ORD101329,CUST4436,Beauty,09-06-2025,760.13,1,5,43.14,Net Banking,South,3.0,24.0,5.0,1,Changed Mind
ORD105481,CUST1683,Grocery,20/03/2026,365.89,2,0,136.73,Cash on Delivery,Central,10.0,31.0,2.0,0,
ORD102481,CUST3677,Fashion,2024-12-24,1386.05,2,10,41.51,Debit Card,West,4.0,34.0,4.0,1,Better Price Found
ORD100161,CUST1409,grocery,2026-08-18,228.51,1,15,29.7,Debit Card,East,5.0,25.0,5.0,0,
ORD102600,CUST3882, Beauty,08-30-2024,356.23,1,5,64.83,Cash on Delivery,West,2.0,30.0,1.0,1,Not as Described
ORD103963,CUST2320,Toys,09/10/2025,984.55,1,10,14.06,Debit Card,South,3.0,36.0,5.0,0,
ORD105393,CUST2471,Toys,2025-07-02,1368.97,1,0,50.47,Debit Card,North,4.0,26.0,5.0,0,
ORD101766,CUST4154,beauty,11-26-2024,1057.43,1,5,177.2,Net Banking,South,1.0,43.0,4.0,0,
ORD105018,CUST4078,Beauty,05/03/2026,408.87,1,30,14.72,Net Banking,West,3.0,17.0,4.0,0,
ORD102464,CUST3319,Books,12-13-2024,522.83,1,30,58.34,Debit Card,North,5.0,51.0,3.0,0,
ORD105049,CUST4066,Toys,01/12/2024,,1,5,152.16,Cash on Delivery,South,3.0,18.0,5.0,0,
ORD103984,CUST3668,grocery,23/03/2026,340.53,1,10,173.88,Debit Card,East,3.0,,4.0,0,
ORD104013,CUST1113,Electronics,06/12/2024,8513.5,4,0,443.25,Debit Card,West,6.0,20.0,4.0,1,Not as Described
ORD105778,CUST4085,electronics,04-26-2025,8411.94,2,20,134.26,UPI,South,4.0,,3.0,0,
ORD103272,CUST3865,Electronics,2025-06-01,4504.12,1,15,55.29,Cash on Delivery,North,1.0,40.0,4.0,0,
ORD105321,CUST1216,Beauty,2026-02-07,516.43,1,0,204.13,UPI,North,6.0,36.0,4.0,0,
ORD100307,CUST1903,beauty,11-02-2025,777.55,1,0,76.95,UPI,West,5.0,33.0,4.0,0,
ORD103634,CUST3880,home & kitchen,03-06-2026,3158.46,1,30,32.1,Debit Card,West,5.0,49.0,5.0,0,
ORD104499,CUST3373,Home & Kitchen,04-24-2026,1765.51,2,25,86.66,Net Banking,North,3.0,58.0,4.0,0,
ORD105100,CUST3613,Electronics ,03/01/2025,12633.38,1,0,104.27,Debit Card,North,6.0,37.0,5.0,1,Wrong Item Delivered
ORD102565,CUST4171,Electronics,15/10/2025,9087.47,1,15,64.15,Debit Card,East,4.0,40.0,1.0,0,
ORD103126,CUST1026,Home & Kitchen,2025-11-01,1605.35,1,20,24.83,Debit Card,North,3.0,51.0,4.0,0,
ORD105873,CUST1626,books,03-04-2026,550.76,1,0,117.1,Net Banking,Central,6.0,31.0,4.0,0,
ORD101731,CUST1821,Fashion,24/08/2024,1665.77,1,10,36.64,Net Banking,South,4.0,17.0,1.0,0,
ORD105823,CUST2160,books,07-04-2025,460.09,1,30,120.21,Cash on Delivery,South,7.0,38.0,3.0,1,Not as Described
ORD102379,CUST2059,beauty,02-01-2025,511.72,1,30,56.88,Credit Card,East,8.0,35.0,2.0,1,Defective Product
ORD101677,CUST3523, Beauty,09-15-2025,771.38,1,0,313.73,UPI,East,8.0,53.0,5.0,0,
ORD105279,CUST1341,Sports,06-07-2025,1695.43,1,5,34.71,Credit Card,South,3.0,30.0,4.0,0,
ORD105538,CUST3009,Books,2025-01-04,434.54,1,5,87.64,UPI,West,8.0,52.0,5.0,0,
ORD101854,CUST2325,electronics,04-28-2026,10866.37,2,20,181.79,Net Banking,South,5.0,44.0,3.0,1,Size Issue
ORD103653,CUST3905,Grocery,10-06-2024,291.1,1,0,190.55,Cash on Delivery,South,2.0,20.0,3.0,0,
ORD105613,CUST4364,Home & kitchen,12/09/2025,2257.55,4,5,155.85,Net Banking,South,4.0,16.0,4.0,1,Size Issue
ORD104547,CUST4450,electronics,19/08/2026,11838.68,4,5,85.02,Credit Card,South,3.0,16.0,3.0,0,
ORD103528,CUST4423,Books,2025-04-22,361.99,2,0,31.41,Credit Card,South,6.0,44.0,1.0,0,
ORD102718,CUST2695,Fashion ,25/07/2026,1150.95,1,15,91.7,Net Banking,West,5.0,35.0,4.0,0,
ORD102626,CUST1039,Home & kitchen,31/08/2025,2065.9,2,0,71.1,Cash on Delivery,West,4.0,26.0,3.0,0,
ORD100676,CUST3397,books,2025-11-18,433.55,1,25,112.14,Debit Card,South,1.0,37.0,4.0,1,Not as Described
ORD104488,CUST3637,Beauty,03/12/2025,580.1,1,10,120.08,Cash on Delivery,North,4.0,46.0,5.0,0,
ORD104175,CUST3297,books,08-11-2026,603.27,1,0,97.34,Cash on Delivery,South,3.0,55.0,2.0,1,Defective Product
ORD105142,CUST2789,books,15/03/2026,266.98,2,10,44.61,Cash on Delivery,Central,5.0,26.0,4.0,1,Size Issue
ORD101640,CUST1872,sports,02/05/2025,2071.37,1,0,116.51,Credit Card,South,5.0,45.0,4.0,0,
ORD100028,CUST2185,Home & kitchen,2025-02-01,,1,10,9.26,UPI,Central,4.0,45.0,2.0,0,
ORD101543,CUST2125,Toys,20/03/2025,1205.83,1,0,42.33,Debit Card,North,4.0,,5.0,0,
ORD102702,CUST4173,electronics,2025-08-27,10051.96,1,0,102.35,UPI,East,5.0,,4.0,0,
ORD103870,CUST1506, Beauty,08-08-2026,558.1,2,0,22.04,Debit Card,Central,10.0,38.0,5.0,0,
ORD102163,CUST4490,home & kitchen,2026-05-19,2972.71,1,15,62.98,Credit Card,South,3.0,44.0,2.0,0,
ORD104364,CUST3929,Grocery,03-01-2025,238.02,1,15,144.27,Debit Card,West,76.0,16.0,4.0,0,
ORD101244,CUST1940,fashion,23/05/2025,451.51,1,20,122.27,Debit Card,Central,5.0,30.0,1.0,0,
ORD103506,CUST1229,home & kitchen,09-15-2024,3017.18,1,15,55.7,Credit Card,East,3.0,16.0,4.0,0,
ORD105518,CUST1042,books,2025-11-19,502.71,1,20,20.26,Net Banking,Central,7.0,30.0,4.0,0,
ORD105394,CUST3904,Books,05-26-2026,492.06,1,15,20.09,Credit Card,North,5.0,30.0,3.0,1,Late Delivery
ORD104184,CUST3390,sports,21/10/2025,2173.96,2,10,63.27,Net Banking,North,3.0,,5.0,0,
ORD101564,CUST3499,Electronics,05-10-2026,5594.51,1,0,35.81,Net Banking,South,3.0,25.0,5.0,1,Late Delivery
ORD105398,CUST1129,toys,2025-04-18,1103.77,1,15,135.31,Net Banking,South,2.0,33.0,,0,
ORD103262,CUST4095,Electronics,2024-10-15,12812.98,2,20,25.66,Cash on Delivery,North,5.0,54.0,,0,
ORD102343,CUST4082, Beauty,21/03/2025,672.12,1,15,123.58,Credit Card,Central,4.0,37.0,4.0,1,Better Price Found
ORD105645,CUST2226,Toys,08/09/2025,19509.429805966327,2,0,37.5,Net Banking,North,5.0,46.0,5.0,0,
ORD101818,CUST2566,Toys,2026-03-23,951.98,1,10,10.27,Net Banking,East,1.0,38.0,4.0,1,Defective Product
ORD104251,CUST4452, Beauty,16/03/2026,620.8,1,0,46.07,Net Banking,East,3.0,29.0,4.0,0,
ORD101523,CUST1579,Sports,2025-05-18,2405.91,2,25,129.81,Cash on Delivery,North,4.0,55.0,3.0,0,
ORD102236,CUST4399,grocery,2025-04-25,335.55,2,20,77.18,Credit Card,West,1.0,50.0,4.0,1,Size Issue
ORD100712,CUST3513,Books,09/04/2026,575.72,1,0,44.13,Net Banking,East,5.0,22.0,4.0,0,
ORD105761,CUST1874,Toys,2024-12-03,936.05,1,0,73.26,UPI,West,3.0,37.0,5.0,0,
ORD100756,CUST2710,Electronics ,01-19-2026,14165.64,1,15,49.92,UPI,South,2.0,24.0,4.0,0,
ORD100345,CUST3425,Grocery,01-10-2025,197.07,1,0,382.73,UPI,Central,5.0,42.0,4.0,0,
ORD105360,CUST3104,Electronics ,04-24-2026,9075.98,4,10,90.56,Net Banking,Central,6.0,47.0,,0,
ORD102405,CUST3443,Home & kitchen,2024-08-22,1937.26,1,5,71.08,Net Banking,Central,4.0,43.0,4.0,0,
ORD102791,CUST1598, Beauty,04-27-2026,749.29,1,0,302.05,Cash on Delivery,North,3.0,,4.0,0,
ORD100788,CUST1303,Sports,03/05/2025,1647.9,2,20,174.72,Credit Card,Central,3.0,21.0,2.0,0,
ORD103261,CUST3185,electronics,22/12/2025,11002.52,2,0,72.45,UPI,North,2.0,,5.0,0,
ORD105553,CUST1541,fashion,07-03-2026,1328.64,1,15,20.61,UPI,West,4.0,28.0,5.0,0,
ORD101997,CUST2531,Home & Kitchen,02-25-2026,3321.67,1,25,35.69,Debit Card,South,5.0,34.0,4.0,0,
ORD101989,CUST1933,toys,01-01-2026,1237.26,1,0,130.41,Net Banking,South,3.0,28.0,3.0,0,
ORD103199,CUST4259,home & kitchen,06-19-2026,2230.21,1,15,,Net Banking,West,3.0,31.0,5.0,0,
ORD100019,CUST2083,Toys,04-27-2025,1309.31,2,25,31.17,Net Banking,West,5.0,43.0,1.0,0,
ORD104542,CUST3674,Electronics,15/11/2025,9225.46,1,0,,Debit Card,East,1.0,37.0,1.0,0,
ORD105160,CUST2886,toys,16/09/2025,763.59,4,10,43.87,Cash on Delivery,South,3.0,45.0,5.0,1,Wrong Item Delivered
ORD105293,CUST1510,Fashion,2024-10-14,1774.02,1,10,61.43,UPI,South,1.0,43.0,5.0,0,
ORD102371,CUST3648,Sports,08/03/2026,1389.09,3,15,161.57,Net Banking,South,7.0,38.0,4.0,0,
ORD104030,CUST4439,Toys,05/06/2025,890.11,1,0,29.23,Net Banking,West,3.0,20.0,4.0,1,Not as Described
ORD104867,CUST1889,sports,02-01-2026,1156.62,3,20,23.89,Net Banking,North,5.0,28.0,4.0,0,
ORD105075,CUST4079,books,2024-10-02,128.04,1,10,95.07,Credit Card,North,1.0,23.0,1.0,0,
ORD103098,CUST2327,fashion,23/10/2024,1665.44,2,0,34.83,Credit Card,West,8.0,37.0,4.0,0,
ORD102026,CUST1541,Fashion,2024-08-25,1557.85,1,5,93.5,Credit Card,Central,7.0,44.0,4.0,0,
ORD104929,CUST1179,Electronics ,18/11/2025,12402.77,1,5,42.41,UPI,North,7.0,,4.0,0,
ORD104044,CUST1717,books,12-02-2024,363.58,1,30,152.97,UPI,Central,7.0,41.0,1.0,1,Wrong Item Delivered
ORD100974,CUST1555,toys,01-12-2025,477.75,3,0,51.48,Debit Card,West,3.0,26.0,4.0,0,
ORD103504,CUST4417,Grocery,09-13-2025,282.4,2,20,68.97,UPI,South,3.0,40.0,3.0,0,
ORD103983,CUST2422,Toys,2025-06-27,425.42,2,5,29.78,Credit Card,West,4.0,56.0,2.0,0,
ORD103027,CUST3672,sports,2024-11-23,1966.91,2,10,152.58,Cash on Delivery,West,6.0,41.0,3.0,1,Size Issue
ORD103321,CUST1522,Home & Kitchen,06-10-2025,2542.85,1,5,74.47,Cash on Delivery,Central,3.0,57.0,4.0,0,
ORD101153,CUST3351,Toys,2024-10-23,1277.19,1,10,59.82,Credit Card,Central,5.0,42.0,5.0,0,
ORD100921,CUST1825,beauty,09-15-2024,629.73,2,0,102.42,Net Banking,West,6.0,53.0,4.0,0,
ORD104834,CUST1453,Beauty,31/05/2025,686.47,1,0,22.07,Credit Card,West,6.0,17.0,4.0,0,
ORD100737,CUST3429,Toys,12-27-2025,855.0,1,25,11.95,Debit Card,North,7.0,29.0,5.0,0,
ORD104335,CUST1466,electronics,04-22-2025,12372.31,1,25,67.97,Credit Card,East,5.0,,5.0,0,
ORD101130,CUST4166,grocery,09/04/2026,181.49,1,30,11.07,Debit Card,West,3.0,,2.0,0,
ORD103844,CUST3734,toys,06/10/2024,1038.38,2,15,76.24,UPI,North,5.0,30.0,2.0,0,
ORD101144,CUST2934,electronics,17/04/2025,5202.98,2,10,104.86,Cash on Delivery,South,2.0,28.0,5.0,0,
ORD100582,CUST3776,Toys,11-15-2025,940.51,1,15,17.51,Net Banking,West,4.0,37.0,4.0,0,
ORD100129,CUST1875,books,08-09-2025,318.88,2,0,140.2,UPI,North,4.0,,4.0,1,Defective Product
ORD104622,CUST3342,books,17/10/2024,710.1,2,0,45.01,Net Banking,East,1.0,33.0,4.0,1,Better Price Found
ORD104481,CUST1187,Books,23/04/2025,288.54,2,10,37.3,Debit Card,North,3.0,35.0,1.0,1,Late Delivery
ORD102970,CUST4351,Beauty,2025-07-06,961.89,1,10,26.57,Credit Card,North,3.0,39.0,5.0,0,
ORD104892,CUST1689,books,11/02/2026,364.96,1,20,,Net Banking,Central,5.0,27.0,5.0,1,Late Delivery
ORD104399,CUST2235,sports,2026-03-08,1585.89,1,0,137.08,UPI,West,8.0,39.0,4.0,0,
ORD103675,CUST1315,Sports,20/07/2026,2709.59,1,15,147.0,Credit Card,Central,6.0,16.0,4.0,0,
ORD103655,CUST1977, Beauty,06/08/2026,1221.95,1,15,20.78,Debit Card,North,4.0,40.0,,0,
ORD103573,CUST2780,Sports,2025-03-15,2755.41,1,15,92.59,Debit Card,North,6.0,40.0,4.0,0,
ORD102287,CUST3761,Sports,20/01/2026,1176.21,2,0,79.68,Cash on Delivery,North,2.0,,4.0,0,
ORD105534,CUST1607,books,02/07/2025,573.9,1,10,78.54,Debit Card,Central,6.0,42.0,5.0,0,
ORD100615,CUST3498,Electronics ,04-15-2025,2789.09,1,0,90.85,UPI,Central,7.0,52.0,5.0,0,
ORD100563,CUST1302,,22/09/2025,3783.51,1,5,98.57,Net Banking,South,2.0,22.0,4.0,0,
ORD102092,CUST1019,beauty,2025-11-25,1131.57,1,10,39.6,Cash on Delivery,North,3.0,42.0,5.0,0,
ORD105759,CUST1156, Beauty,03-10-2025,531.33,1,20,194.92,UPI,East,3.0,24.0,5.0,0,
ORD105830,CUST3231,Sports,11-18-2025,1954.41,1,15,33.02,Net Banking,Central,6.0,21.0,4.0,0,
ORD101708,CUST1644,Electronics ,18/12/2024,9460.47,1,0,145.62,Cash on Delivery,West,2.0,40.0,3.0,1,Defective Product
ORD104339,CUST4151,electronics,15/03/2026,5499.23,1,5,72.72,UPI,North,4.0,,4.0,0,
ORD104006,CUST4400,Home & Kitchen,14/06/2025,4077.59,1,0,112.77,Debit Card,North,4.0,20.0,5.0,0,
ORD101104,CUST2806, Beauty,01-05-2025,394.96,1,20,110.21,UPI,North,4.0,50.0,5.0,0,
ORD102757,CUST1037,Electronics ,08-02-2025,6937.99,2,25,10.36,Cash on Delivery,South,4.0,42.0,4.0,0,
ORD105747,CUST2893,fashion,2025-01-29,1272.58,2,20,180.84,Debit Card,West,5.0,54.0,3.0,0,
ORD103759,CUST1588,Grocery,2025-10-30,421.26,1,0,50.75,Credit Card,West,8.0,32.0,5.0,0,
ORD100621,CUST3017,ELECTRONICS,03-29-2025,7641.52,2,25,78.79,Debit Card,North,4.0,30.0,4.0,0,
ORD101863,CUST1645,Fashion ,26/11/2024,1190.69,4,10,165.26,Cash on Delivery,West,7.0,25.0,4.0,0,
ORD103377,CUST2066,Sports,03-15-2026,808.2,1,20,99.74,Net Banking,Central,6.0,20.0,2.0,0,
ORD104536,CUST2529,Electronics,07-27-2026,6252.13,2,30,7.13,Cash on Delivery,Central,7.0,19.0,5.0,0,
ORD102420,CUST1402,Sports,2024-10-07,1817.62,1,10,141.17,UPI,West,8.0,33.0,4.0,0,
ORD104053,CUST2486,Fashion ,07-04-2026,698.51,1,0,,Net Banking,East,1.0,40.0,3.0,1,Better Price Found
ORD105684,CUST1196,Fashion,2025-08-07,895.29,1,0,,UPI,West,6.0,33.0,4.0,0,
ORD105342,CUST2736,Toys,23/07/2026,290.94,1,5,72.23,Debit Card,East,6.0,32.0,5.0,0,
ORD105023,CUST4013,Books,2026-06-27,396.21,1,0,160.11,Debit Card,Central,8.0,47.0,4.0,0,
ORD101384,CUST3051,Fashion,2026-01-30,755.58,1,25,22.49,UPI,West,8.0,18.0,5.0,0,
ORD102443,CUST3206, Beauty,2024-11-29,729.4,2,0,89.82,Credit Card,West,7.0,23.0,5.0,0,
ORD101421,CUST2780, Beauty,2024-10-04,520.04,1,5,45.3,UPI,South,7.0,33.0,4.0,0,
ORD104071,CUST3586,Beauty,19/06/2026,917.6,4,10,68.79,UPI,South,7.0,38.0,1.0,0,
ORD104711,CUST2007,Beauty,2026-04-30,739.33,2,0,10.93,Credit Card,South,3.0,43.0,4.0,0,
ORD103823,CUST1477,Books,2026-06-19,668.13,2,25,218.11,UPI,East,5.0,24.0,5.0,0,
ORD100561,CUST2905,beauty,2026-06-07,748.87,1,10,62.57,Debit Card,East,3.0,26.0,4.0,0,
ORD101739,CUST2679,Beauty,12-07-2024,866.9,1,0,112.71,Net Banking,East,6.0,38.0,3.0,0,
ORD102652,CUST4072,beauty,2025-06-05,532.5,1,0,77.48,UPI,North,2.0,37.0,3.0,0,
ORD104956,CUST2539,home & kitchen,2025-01-13,2236.05,1,0,59.2,Credit Card,North,7.0,28.0,4.0,1,Wrong Item Delivered
ORD102526,CUST4385,Electronics,01-01-2026,3398.85,1,0,49.55,Net Banking,Central,2.0,43.0,1.0,0,
ORD103294,CUST1708,electronics,2026-01-08,9848.61,1,0,44.3,Debit Card,West,5.0,17.0,5.0,0,
ORD102889,CUST2749,Fashion ,2026-01-14,,1,20,19.25,Net Banking,South,3.0,34.0,5.0,0,
ORD102761,CUST2686,grocery,19/05/2025,,2,0,12.71,Debit Card,East,5.0,22.0,3.0,0,
ORD105693,CUST3056,sports,22/08/2025,1907.63,2,0,112.8,Net Banking,South,4.0,51.0,4.0,0,
ORD104095,CUST3433,Fashion,22/11/2024,1677.43,3,20,29.43,Cash on Delivery,North,5.0,27.0,5.0,0,
ORD101754,CUST4063,toys,20/07/2025,1477.12,2,0,165.65,UPI,West,2.0,16.0,3.0,0,
ORD103617,CUST1164,Toys,2026-08-05,392.38,1,0,158.98,Cash on Delivery,Central,3.0,23.0,3.0,0,
ORD100145,CUST1328,Fashion ,07-22-2026,875.92,1,30,83.19,Debit Card,South,7.0,31.0,5.0,0,
ORD102494,CUST2483,ELECTRONICS,2025-01-02,9998.46,1,20,85.08,Net Banking,East,5.0,23.0,4.0,0,
ORD103470,CUST1609,Books,06-05-2026,339.01,1,25,179.41,Debit Card,Central,5.0,16.0,5.0,0,
ORD100415,CUST3811,sports,2025-10-14,2005.77,1,15,66.66,Cash on Delivery,Central,7.0,20.0,1.0,0,
ORD104936,CUST3457,books,2026-07-21,298.45,2,0,47.33,Cash on Delivery,North,5.0,,4.0,0,
ORD100052,CUST2076,books,2025-10-03,336.99,1,0,104.28,UPI,South,6.0,21.0,4.0,1,Wrong Item Delivered
ORD105116,CUST1523,Electronics ,2025-08-22,7958.51,2,15,123.86,Debit Card,West,4.0,35.0,5.0,1,Wrong Item Delivered
ORD103395,CUST2404,Sports,2026-05-11,2534.25,1,25,145.54,Debit Card,South,5.0,46.0,3.0,0,
ORD103435,CUST2160,Sports,26/01/2025,2908.51,1,25,244.92,Credit Card,East,6.0,16.0,2.0,1,Size Issue
ORD105896,CUST1089,toys,08-12-2025,806.88,1,20,91.35,Cash on Delivery,North,5.0,37.0,4.0,0,
ORD105675,CUST1666, Beauty,10/02/2025,501.11,1,5,31.84,Cash on Delivery,Central,1.0,40.0,3.0,0,
ORD105258,CUST3229,books,03-25-2025,167.01,3,0,207.76,Debit Card,East,7.0,19.0,3.0,0,
ORD102503,CUST3426,beauty,11-20-2024,530.11,1,5,106.89,Credit Card,South,3.0,42.0,4.0,0,
ORD103151,CUST3148,beauty,2025-09-08,990.64,2,30,7.17,UPI,Central,7.0,43.0,4.0,1,Size Issue
ORD105202,CUST4011,sports,02-17-2026,1330.39,1,5,,Net Banking,West,6.0,23.0,5.0,0,
ORD105574,CUST3684,grocery,04/12/2024,408.47,1,25,37.07,Credit Card,Central,,29.0,3.0,0,
ORD101974,CUST3193,Sports,2025-03-16,1635.07,1,20,52.33,Cash on Delivery,West,2.0,52.0,4.0,0,
ORD102768,CUST4276,Home & kitchen,08-31-2025,1305.58,1,20,226.25,Credit Card,West,2.0,19.0,4.0,0,
ORD100962,CUST4125,books,05-17-2025,308.02,1,25,132.34,Cash on Delivery,North,8.0,33.0,3.0,0,
ORD100551,CUST1596,toys,2025-05-20,1319.07,1,15,160.8,Net Banking,South,3.0,33.0,4.0,1,Changed Mind
ORD103745,CUST2478,ELECTRONICS,06-14-2026,5354.93,1,0,104.6,Cash on Delivery,West,6.0,45.0,5.0,0,
ORD105811,CUST1510,books,21/08/2025,193.27,1,15,18.01,Net Banking,Central,2.0,44.0,3.0,0,
ORD104268,CUST2240,Home & Kitchen,2026-01-31,1697.89,2,0,67.08,Credit Card,East,9.0,39.0,5.0,0,
ORD103018,CUST2609,ELECTRONICS,07/12/2024,8330.39,1,0,133.31,Cash on Delivery,West,8.0,26.0,4.0,0,
ORD102622,CUST4230,toys,25/05/2025,801.54,2,20,43.17,Credit Card,East,4.0,56.0,3.0,0,
ORD102108,CUST2278,fashion,2026-05-22,263.35,1,0,53.95,Net Banking,East,3.0,27.0,4.0,0,
ORD103836,CUST4211,toys,2026-01-05,1013.73,1,15,44.1,UPI,West,3.0,16.0,5.0,0,
ORD101121,CUST2222,Toys,03-10-2025,767.99,1,15,112.38,Credit Card,East,3.0,32.0,5.0,0,
ORD103263,CUST3325,Beauty,28/02/2026,655.66,1,0,87.74,Net Banking,North,6.0,35.0,4.0,0,
ORD102467,CUST2980,Sports,2026-02-07,2057.69,1,10,52.43,Debit Card,North,6.0,18.0,4.0,0,
ORD104109,CUST2894,Books,2026-06-12,455.5,1,0,92.68,Credit Card,West,2.0,34.0,4.0,0,
ORD105663,CUST4368,Grocery,01/06/2025,137.54,1,10,126.64,Credit Card,West,6.0,49.0,1.0,1,Changed Mind
ORD102293,CUST1818,Fashion,2025-12-21,578.21,1,15,95.74,Debit Card,Central,4.0,21.0,4.0,0,
ORD100358,CUST2883,Fashion ,01/06/2026,944.69,2,0,42.52,UPI,South,2.0,36.0,4.0,1,Better Price Found
ORD101858,CUST2494,books,09-07-2025,294.96,1,20,101.89,UPI,Central,3.0,36.0,5.0,0,
ORD100446,CUST2259,,12-18-2024,691.22,1,10,9.64,Net Banking,North,4.0,34.0,5.0,0,
ORD103659,CUST4051,beauty,19/01/2025,553.6,1,10,91.41,UPI,West,4.0,39.0,5.0,1,Better Price Found
ORD103605,CUST3367,grocery,2026-06-11,118.51,1,10,143.06,Debit Card,Central,4.0,16.0,4.0,1,Wrong Item Delivered
ORD105521,CUST1064,Grocery,26/12/2024,423.02,2,15,14.4,UPI,West,7.0,23.0,4.0,0,
ORD104460,CUST2990,grocery,03-28-2025,314.39,1,25,184.03,Debit Card,South,3.0,45.0,4.0,0,
ORD105166,CUST4282,Beauty,2025-12-18,927.66,1,0,54.47,Net Banking,East,4.0,34.0,4.0,1,Size Issue
ORD105839,CUST2900,Books,27/07/2026,4284.038792403276,1,20,66.84,UPI,South,7.0,16.0,3.0,1,Size Issue
ORD100289,CUST2375,books,02-06-2025,558.71,1,15,45.61,Credit Card,West,2.0,27.0,4.0,1,Better Price Found
ORD103119,CUST2878,Grocery,20/02/2025,305.04,4,0,103.61,Credit Card,North,4.0,38.0,5.0,1,Late Delivery
ORD103701,CUST3533,home & kitchen,2026-07-18,1051.59,1,5,36.51,Net Banking,East,6.0,18.0,4.0,0,
ORD104700,CUST2639,sports,2025-05-20,1542.23,2,10,52.38,Debit Card,West,9.0,41.0,5.0,0,
ORD104896,CUST3926,Toys,12-27-2024,1043.55,1,15,122.95,Cash on Delivery,South,6.0,36.0,1.0,0,
ORD101429,CUST3540,sports,04-18-2025,1776.38,2,25,65.64,Net Banking,East,2.0,16.0,5.0,1,Wrong Item Delivered
ORD102034,CUST2911,Fashion ,02-19-2025,555.64,1,0,7.58,Net Banking,East,5.0,16.0,5.0,0,
ORD101193,CUST2208,Fashion,11-12-2024,1355.98,1,20,45.39,UPI,Central,4.0,42.0,4.0,0,
ORD101137,CUST3851,electronics,02/07/2026,5958.7,1,20,53.41,Net Banking,North,3.0,34.0,4.0,0,
ORD105079,CUST2538,Fashion,20/03/2026,1440.68,1,5,106.08,UPI,East,7.0,45.0,3.0,1,Wrong Item Delivered
ORD104698,CUST4336,Home & kitchen,2026-02-06,546.48,1,10,74.59,Debit Card,Central,2.0,56.0,5.0,0,
ORD102931,CUST4157,toys,09-28-2024,1202.31,2,25,91.05,Net Banking,East,4.0,35.0,5.0,0,
ORD101955,CUST4311,Books,30/07/2026,337.73,1,5,115.53,Cash on Delivery,Central,6.0,41.0,5.0,0,
ORD105461,CUST1357,Books,10-20-2025,5915.452293325427,1,15,296.7,Debit Card,Central,5.0,33.0,1.0,0,
ORD100700,CUST2732,toys,2026-07-07,662.53,1,10,88.44,UPI,South,5.0,30.0,1.0,1,Defective Product
ORD103462,CUST1444,Fashion,2025-12-03,878.71,2,20,79.93,Cash on Delivery,West,6.0,23.0,5.0,0,
ORD105145,CUST1365,Fashion,10-22-2024,1514.43,1,0,4.0,Debit Card,North,2.0,21.0,5.0,0,
ORD103597,CUST3329,home & kitchen,11/09/2024,2771.61,1,0,152.61,,Central,2.0,28.0,4.0,0,
ORD100332,CUST3544,Toys,2026-04-24,783.29,3,10,17.24,UPI,Central,3.0,50.0,5.0,0,
ORD101490,CUST4318,sports,26/03/2025,2845.09,4,15,116.15,UPI,Central,5.0,34.0,5.0,0,
ORD101434,CUST3470,Home & Kitchen,26/03/2025,2358.56,2,20,147.27,Debit Card,East,5.0,21.0,3.0,0,
ORD103877,CUST4015,Electronics,2025-07-19,5728.44,1,15,135.5,Cash on Delivery,West,5.0,30.0,5.0,0,
ORD104623,CUST4020,books,2026-04-01,404.79,1,10,33.87,Net Banking,West,4.0,33.0,4.0,0,
ORD103214,CUST4215,toys,2024-11-09,718.37,1,0,195.61,Cash on Delivery,West,,19.0,4.0,0,
ORD100718,CUST2437,Grocery,23/06/2026,252.96,1,5,21.55,UPI,North,4.0,34.0,4.0,0,
ORD103561,CUST3171,toys,2025-01-06,1200.86,1,10,62.51,UPI,South,4.0,20.0,5.0,0,
ORD103228,CUST1474,Toys,13/05/2026,555.31,2,0,,Net Banking,East,3.0,18.0,2.0,0,
ORD104494,CUST1076,toys,08-21-2025,989.02,2,15,96.03,Net Banking,North,5.0,65.0,1.0,0,
ORD102537,CUST3857,ELECTRONICS,20/05/2026,9099.04,1,5,51.66,Cash on Delivery,East,7.0,24.0,4.0,0,
ORD102492,CUST3635,books,10-14-2024,306.59,2,0,35.68,Cash on Delivery,West,6.0,35.0,4.0,1,Wrong Item Delivered
ORD105228,CUST3739,Electronics ,11/08/2025,12940.28,2,0,61.5,Credit Card,North,5.0,31.0,4.0,1,Changed Mind
ORD104715,CUST1562,beauty,04-18-2026,944.75,1,15,59.59,Cash on Delivery,Central,3.0,34.0,5.0,0,
ORD105804,CUST4171,toys,10/01/2026,634.93,1,5,12.62,Credit Card,South,4.0,40.0,2.0,0,
ORD101182,CUST2571,Sports,2024-08-23,1451.8,3,0,48.84,UPI,North,6.0,46.0,2.0,0,
ORD102028,CUST1916,home & kitchen,2026-03-27,2496.72,1,5,100.39,Debit Card,South,6.0,22.0,4.0,0,
ORD104321,CUST4459,books,07-30-2025,124.04,1,5,18.99,Credit Card,Central,6.0,43.0,3.0,1,Defective Product
ORD100968,CUST2585,Toys,2025-08-18,1129.89,4,10,,Credit Card,North,6.0,26.0,5.0,0,
ORD103967,CUST4323,ELECTRONICS,08-17-2025,5281.29,1,15,185.91,Cash on Delivery,East,5.0,16.0,2.0,0,
ORD102585,CUST4168,Grocery,30/09/2024,174.43,2,0,73.8,Net Banking,West,4.0,22.0,4.0,0,
ORD100773,CUST1967,Home & kitchen,04-06-2026,4458.56,1,5,28.98,Net Banking,West,3.0,32.0,4.0,1,Changed Mind
ORD102190,CUST2999,books,2025-08-07,464.51,1,20,48.35,Cash on Delivery,East,1.0,,5.0,0,
ORD100432,CUST1641,Home & Kitchen,09-26-2025,2414.32,1,0,19.81,UPI,East,5.0,49.0,4.0,0,
ORD102699,CUST1714,toys,06/12/2025,,1,20,60.17,Net Banking,Central,5.0,50.0,4.0,0,
ORD103804,CUST2321,grocery,12-19-2024,288.36,1,0,47.96,Net Banking,Central,2.0,42.0,4.0,0,
ORD101076,CUST1159,Home & Kitchen,2024-09-17,3495.55,1,10,45.66,Net Banking,East,6.0,21.0,5.0,0,
ORD103577,CUST3201,Fashion ,2026-02-11,1937.9,1,25,54.55,UPI,East,3.0,29.0,4.0,0,
ORD103619,CUST1137,books,2026-03-03,190.88,1,0,156.2,UPI,Central,6.0,70.0,5.0,0,
ORD101817,CUST3226,Beauty,08-15-2026,1207.43,1,20,50.92,UPI,Central,3.0,23.0,4.0,0,
ORD103071,CUST2281,Grocery,05-24-2025,306.17,2,5,70.25,Debit Card,South,5.0,47.0,4.0,1,Late Delivery
ORD101409,CUST1423,Toys,08-28-2025,479.74,1,0,34.49,UPI,North,3.0,25.0,5.0,0,
ORD105561,CUST4111,fashion,28/11/2024,1425.93,1,20,55.79,Net Banking,West,5.0,27.0,5.0,1,Not as Described
ORD103439,CUST4422,Home & Kitchen,2025-12-11,2499.56,1,15,56.1,Credit Card,East,7.0,47.0,5.0,0,
ORD101447,CUST3901,toys,22/07/2025,734.39,1,5,20.74,Net Banking,North,4.0,59.0,5.0,0,
ORD105573,CUST2578,grocery,2025-01-31,468.63,1,20,112.96,Net Banking,East,5.0,33.0,5.0,0,
ORD105128,CUST4138,home & kitchen,06-09-2026,3649.44,3,25,25.69,Debit Card,Central,6.0,48.0,5.0,0,
ORD104950,CUST4108,Electronics ,03/09/2024,4751.07,1,30,19.57,Credit Card,Central,1.0,47.0,3.0,0,
ORD101883,CUST2420,Books,14/10/2024,394.76,1,15,15.94,Net Banking,West,6.0,40.0,2.0,0,
ORD102039,CUST4438,Grocery,2026-07-26,300.34,1,5,3.73,Debit Card,Central,8.0,24.0,5.0,0,
ORD102756,CUST4094,Grocery,06-24-2026,263.86,1,25,6.12,Debit Card,West,7.0,21.0,5.0,0,
ORD105001,CUST2899, Beauty,23/02/2025,883.31,1,5,,UPI,West,5.0,25.0,5.0,0,
ORD101675,CUST3874,fashion,2025-06-18,1314.99,2,0,42.62,Net Banking,North,6.0,29.0,5.0,0,
ORD105772,CUST2221,Home & kitchen,2025-06-11,1906.7,2,10,119.91,Debit Card,East,3.0,20.0,5.0,0,
ORD101090,CUST2706,Books,2024-11-07,277.61,1,5,141.79,Net Banking,Central,6.0,45.0,5.0,0,
ORD102938,CUST2248,Books,2025-05-25,483.61,1,0,18.68,Net Banking,East,3.0,21.0,3.0,0,
ORD104458,CUST1482,beauty,2025-09-05,1312.56,1,0,25.5,Cash on Delivery,Central,1.0,41.0,5.0,0,
ORD101723,CUST3757,books,2024-11-14,409.92,1,10,48.84,Debit Card,South,5.0,39.0,5.0,0,
ORD105651,CUST4076,Home & Kitchen,2024-09-11,3185.18,2,0,168.51,UPI,Central,5.0,32.0,2.0,0,
ORD100162,CUST1873,sports,2024-10-11,2578.74,2,25,51.63,Debit Card,East,7.0,35.0,4.0,0,
ORD100318,CUST2891,ELECTRONICS,2025-06-28,9326.17,1,15,29.36,,South,6.0,44.0,4.0,0,
ORD104868,CUST2684,Fashion,2026-06-14,1660.49,1,15,87.16,UPI,South,6.0,56.0,5.0,0,
ORD105185,CUST3244,Sports,2026-08-13,1365.98,2,10,,Debit Card,South,4.0,35.0,5.0,0,
ORD101665,CUST4436,Books,2024-11-23,247.92,1,0,93.04,UPI,West,5.0,33.0,4.0,1,Size Issue
ORD103624,CUST4084,Home & kitchen,2024-10-18,1519.77,1,0,128.48,UPI,Central,4.0,26.0,2.0,0,
ORD102153,CUST1364,sports,2024-08-28,1862.37,1,0,75.79,Net Banking,Central,5.0,29.0,3.0,1,Wrong Item Delivered
ORD104093,CUST4144,home & kitchen,31/08/2025,3408.71,2,5,165.47,Debit Card,North,7.0,35.0,4.0,0,
ORD105200,CUST1593, Beauty,19/03/2025,730.41,1,0,223.26,Credit Card,South,4.0,34.0,3.0,0,
ORD102858,CUST3698,fashion,28/10/2024,2226.89,1,20,118.23,Debit Card,West,3.0,41.0,5.0,0,
ORD103205,CUST3437,Electronics ,2025-05-30,5560.61,1,0,58.41,Credit Card,West,4.0,27.0,3.0,1,Wrong Item Delivered
ORD104000,CUST3976,Sports,03/07/2026,938.13,1,10,5.29,Credit Card,South,5.0,37.0,4.0,0,
ORD101661,CUST1987,Toys,2025-05-28,683.21,1,25,70.34,Credit Card,East,7.0,32.0,3.0,0,
ORD105981,CUST4287,Electronics,27/10/2024,9784.87,2,25,35.44,Debit Card,North,4.0,41.0,5.0,0,
ORD104470,CUST2383,Sports,10-06-2025,2515.31,2,5,14.53,Debit Card,South,5.0,31.0,,0,
ORD105844,CUST2161,Beauty,29/01/2025,1043.17,1,5,87.4,UPI,East,1.0,18.0,,0,
ORD104491,CUST1216,Home & Kitchen,2025-10-14,2035.62,1,15,176.66,Cash on Delivery,West,6.0,38.0,4.0,1,Defective Product
ORD105835,CUST2862,ELECTRONICS,01-28-2025,14773.27,1,25,38.55,Cash on Delivery,East,3.0,26.0,4.0,0,
ORD101535,CUST4339,Electronics ,26/11/2024,8245.57,2,0,91.72,Debit Card,West,7.0,46.0,4.0,0,
ORD100231,CUST3946,fashion,2025-09-16,1549.17,2,15,57.73,Debit Card,Central,5.0,27.0,5.0,0,
ORD104766,CUST1101,toys,2025-03-06,1167.39,2,25,91.44,Credit Card,West,5.0,36.0,5.0,1,Wrong Item Delivered
ORD102134,CUST3874,grocery,02-19-2025,231.28,1,10,104.74,Debit Card,West,1.0,39.0,3.0,0,
ORD104883,CUST2901,grocery,21/12/2025,465.04,1,5,50.13,Cash on Delivery,North,4.0,41.0,2.0,0,
ORD104810,CUST2335,fashion,15/09/2025,680.09,1,0,34.75,Credit Card,Central,5.0,31.0,5.0,1,Late Delivery
ORD101023,CUST4141,electronics,07/12/2025,,2,25,146.41,UPI,South,4.0,51.0,4.0,1,Defective Product
ORD101646,CUST2572,Home & kitchen,10-23-2025,937.48,1,15,116.05,Net Banking,West,6.0,60.0,1.0,0,
ORD102129,CUST3711,sports,08-16-2026,1126.04,1,10,106.77,Debit Card,North,1.0,42.0,5.0,0,
ORD103194,CUST2226,Fashion ,2026-04-21,1668.76,1,20,42.15,Credit Card,Central,6.0,38.0,5.0,0,
ORD101118,CUST4291,Beauty,29/12/2025,745.28,2,0,29.0,Cash on Delivery,South,3.0,16.0,3.0,0,
ORD104440,CUST2617,beauty,2025-09-02,518.08,1,25,125.44,Cash on Delivery,North,8.0,38.0,3.0,0,
ORD103002,CUST3445,grocery,2025-08-08,353.52,1,20,81.72,Debit Card,Central,5.0,53.0,5.0,0,
ORD105132,CUST1556,Fashion,2024-11-16,328.3,2,20,45.0,Cash on Delivery,North,5.0,43.0,3.0,0,
ORD105595,CUST1608,beauty,08-20-2024,730.12,1,15,69.88,UPI,North,6.0,47.0,2.0,0,
ORD104566,CUST1017,Toys,11-07-2025,921.07,1,25,60.1,UPI,East,3.0,36.0,2.0,1,Not as Described
ORD102837,CUST3321,beauty,2025-08-12,786.39,2,0,85.59,Cash on Delivery,Central,1.0,24.0,5.0,0,
ORD105491,CUST4192,Toys,2025-05-26,,1,10,52.85,Cash on Delivery,Central,6.0,31.0,4.0,0,
ORD105298,CUST1599,toys,03-10-2026,1078.35,2,15,89.93,UPI,South,2.0,18.0,3.0,0,
ORD105126,CUST3931,fashion,02/07/2025,1012.01,1,5,49.83,Cash on Delivery,North,8.0,35.0,4.0,0,
ORD100953,CUST1655, Beauty,2026-02-18,578.9,1,10,37.83,Credit Card,North,6.0,,5.0,0,
ORD101355,CUST4391,ELECTRONICS,26/03/2025,5654.04,1,10,45.79,Cash on Delivery,South,5.0,33.0,1.0,0,
ORD101113,CUST2543,ELECTRONICS,2025-08-03,9114.19,1,0,35.37,UPI,West,1.0,16.0,4.0,1,Wrong Item Delivered
ORD104619,CUST3180,Electronics,06-21-2026,2945.47,2,0,15.54,UPI,East,6.0,27.0,5.0,1,Wrong Item Delivered
ORD103295,CUST1319,beauty,2025-12-16,1012.08,1,0,4.9,Net Banking,North,1.0,41.0,5.0,0,
ORD101740,CUST3218,toys,09-05-2024,,2,15,27.7,Debit Card,North,2.0,27.0,4.0,0,
ORD101172,CUST1762,toys,23/02/2025,1284.87,1,0,20.5,Credit Card,South,2.0,37.0,2.0,0,
ORD104471,CUST2946,sports,2026-03-13,1097.58,1,10,58.9,Cash on Delivery,North,4.0,42.0,1.0,1,Not as Described
ORD105283,CUST4001,Toys,10-09-2024,828.49,1,20,83.73,Credit Card,North,4.0,44.0,4.0,0,
ORD101350,CUST2451,Grocery,02-19-2025,293.26,1,30,24.07,Cash on Delivery,Central,4.0,31.0,3.0,1,Changed Mind
ORD102873,CUST2703,grocery,30/09/2025,361.72,1,5,38.02,Credit Card,Central,7.0,28.0,4.0,0,
ORD104223,CUST2589,ELECTRONICS,2025-07-10,,1,5,180.42,Net Banking,West,8.0,28.0,4.0,0,
ORD101115,CUST3183,beauty,2025-07-21,352.08,1,0,91.9,Cash on Delivery,South,3.0,34.0,4.0,0,
ORD105487,CUST3804,Grocery,06-05-2025,,1,0,48.11,UPI,North,3.0,30.0,5.0,0,
ORD100860,CUST4281,Grocery,2026-04-08,326.96,1,5,43.0,UPI,West,2.0,26.0,3.0,0,
ORD101483,CUST3990,Electronics,11/11/2024,126578.90350358585,3,0,40.37,,East,5.0,32.0,5.0,0,
ORD103768,CUST4093,Books,01-20-2026,555.78,1,15,11.34,Credit Card,South,4.0,40.0,5.0,1,Not as Described
ORD104042,CUST1966,books,17/02/2026,272.28,1,25,70.55,Credit Card,East,4.0,16.0,5.0,0,
ORD101583,CUST1582,Electronics ,06-02-2025,11341.92,1,25,193.64,UPI,Central,6.0,16.0,4.0,0,
ORD105530,CUST3579,Home & Kitchen,01-15-2025,,2,0,26.69,Net Banking,West,4.0,,3.0,1,Size Issue
ORD103070,CUST4376,grocery,06/11/2025,454.89,1,10,114.81,Credit Card,Central,6.0,30.0,4.0,0,
ORD104435,CUST2740,toys,2024-10-25,587.26,4,25,88.74,Credit Card,West,2.0,33.0,4.0,1,Not as Described
ORD104368,CUST4224,Home & kitchen,10/09/2025,2369.68,1,0,55.87,Debit Card,East,4.0,38.0,5.0,0,
ORD100852,CUST1979,Sports,2025-02-06,2681.51,1,20,28.69,Cash on Delivery,East,3.0,16.0,2.0,0,
ORD100325,CUST1079,electronics,10-17-2024,8934.44,2,10,52.45,Debit Card,East,4.0,44.0,4.0,0,
ORD103403,CUST4448,Books,2025-10-15,338.08,1,0,46.88,Debit Card,East,1.0,46.0,5.0,1,Changed Mind
ORD105870,CUST1834,sports,13/07/2026,2186.41,1,10,114.42,Net Banking,West,5.0,,5.0,0,
ORD105182,CUST2225,books,01/02/2026,384.91,1,25,23.45,Credit Card,Central,3.0,25.0,3.0,1,Changed Mind
ORD102806,CUST3982,sports,12-12-2024,1711.88,1,0,95.22,Cash on Delivery,East,5.0,16.0,5.0,0,
ORD105640,CUST1315,Sports,2024-10-15,130.7,1,25,32.04,Net Banking,North,5.0,28.0,2.0,0,
ORD104033,CUST1494,fashion,02-06-2026,1138.09,1,15,62.67,Credit Card,West,4.0,16.0,5.0,0,
ORD105209,CUST1393,Fashion,06-26-2026,2047.6,2,15,54.65,Credit Card,East,7.0,41.0,3.0,0,
ORD101002,CUST3620,Books,12/03/2026,359.67,1,0,91.49,Cash on Delivery,South,3.0,25.0,5.0,1,Defective Product
ORD103150,CUST2348,Sports,09/05/2026,2101.51,1,0,103.92,UPI,South,6.0,27.0,5.0,0,
ORD102377,CUST3285,home & kitchen,22/03/2026,3092.0,2,10,33.49,Credit Card,West,9.0,35.0,5.0,0,
ORD103476,CUST4157,Fashion,01-18-2026,1740.08,1,0,207.24,Cash on Delivery,East,6.0,35.0,5.0,0,
ORD105897,CUST2992,Sports,2025-06-17,1514.29,1,0,131.96,Cash on Delivery,West,3.0,29.0,4.0,0,
ORD104984,CUST1809,sports,2024-12-17,1558.11,1,5,60.92,Cash on Delivery,North,2.0,49.0,4.0,1,Size Issue
ORD100905,CUST2599,sports,2025-09-28,2479.59,3,15,89.78,Credit Card,South,4.0,31.0,3.0,0,
ORD101857,CUST4467,Fashion ,2026-03-08,972.81,4,5,92.75,Net Banking,South,3.0,35.0,2.0,0,
ORD103384,CUST4210,Grocery,2024-10-14,212.5,1,15,112.99,Debit Card,South,1.0,21.0,5.0,0,
ORD102945,CUST3067,Sports,10-28-2025,1464.86,2,5,,Debit Card,South,9.0,36.0,,1,Not as Described
ORD104660,CUST3407,Sports,2025-09-01,1802.4,1,0,93.31,Net Banking,West,3.0,39.0,3.0,0,
ORD102893,CUST3186,Home & kitchen,2025-12-12,2593.84,1,0,30.76,Cash on Delivery,East,4.0,30.0,4.0,0,
ORD100101,CUST3899,electronics,2024-08-24,7269.12,1,10,73.88,Net Banking,South,6.0,37.0,4.0,1,Not as Described
ORD104564,CUST3833,fashion,2024-08-30,1453.34,2,10,66.01,Debit Card,North,5.0,60.0,4.0,0,
ORD102410,CUST3645,sports,2025-01-20,2430.67,2,15,79.76,Debit Card,North,7.0,19.0,3.0,1,Late Delivery
ORD105204,CUST3357,ELECTRONICS,2026-01-31,11918.95,1,5,170.24,Debit Card,North,3.0,38.0,4.0,1,Changed Mind
ORD104546,CUST2557,books,2026-04-24,164.45,1,20,214.85,Credit Card,North,4.0,16.0,4.0,0,
ORD104610,CUST3625,Home & kitchen,2026-07-05,2565.88,1,15,156.68,Net Banking,South,7.0,40.0,4.0,1,Defective Product
ORD105861,CUST3982,Toys,05-31-2025,788.07,2,0,53.54,UPI,West,8.0,42.0,5.0,0,
ORD105098,CUST2946,Home & kitchen,2025-12-13,1612.17,2,15,,Debit Card,North,8.0,44.0,5.0,0,
ORD105731,CUST2999,grocery,07-30-2026,91.07,1,15,100.46,Credit Card,West,5.0,26.0,4.0,0,
ORD100073,CUST2222,ELECTRONICS,05-17-2026,5522.52,3,15,82.61,Cash on Delivery,South,6.0,47.0,4.0,0,
ORD104401,CUST3970,toys,2025-04-20,1534.75,2,5,53.49,Cash on Delivery,East,4.0,27.0,4.0,0,
ORD103369,CUST3191,fashion,06-10-2026,1038.57,1,20,36.46,UPI,Central,6.0,22.0,5.0,0,
ORD105436,CUST3150,books,24/05/2025,611.91,2,5,17.51,UPI,Central,7.0,36.0,5.0,0,
ORD100830,CUST3746,books,10-26-2024,552.54,1,0,278.61,Debit Card,Central,1.0,36.0,4.0,0,
ORD100893,CUST4427,grocery,03/10/2024,126.5,1,10,162.23,Net Banking,Central,5.0,33.0,4.0,1,Size Issue
ORD102038,CUST3713,home & kitchen,2025-08-27,3717.99,1,30,33.1,Net Banking,South,6.0,41.0,4.0,0,
ORD103727,CUST2810,Fashion,06/10/2025,17117.85337453362,1,0,28.25,UPI,Central,1.0,27.0,2.0,0,
ORD102215,CUST1322,Electronics,08/04/2026,8862.03,3,5,13.35,Credit Card,North,2.0,,5.0,0,
ORD103423,CUST3680,grocery,2024-10-29,369.88,1,0,61.47,Cash on Delivery,North,9.0,48.0,4.0,0,
ORD101592,CUST1010,Home & Kitchen,04-15-2025,2150.81,1,5,146.31,Net Banking,North,7.0,53.0,1.0,1,Wrong Item Delivered
ORD104965,CUST4074,Home & Kitchen,05/04/2026,2395.58,1,5,283.04,Cash on Delivery,West,2.0,16.0,4.0,0,
ORD103576,CUST1427,sports,07-16-2025,2890.65,1,5,108.04,Cash on Delivery,Central,4.0,44.0,2.0,1,Not as Described
ORD103389,CUST3423,Beauty,12-24-2024,325.39,2,30,54.54,UPI,Central,3.0,22.0,4.0,1,Changed Mind
ORD103899,CUST4233,fashion,03-06-2025,1691.08,1,0,58.45,Net Banking,Central,2.0,,,0,
ORD102428,CUST2252, Beauty,11-12-2025,661.24,2,0,40.78,Debit Card,North,4.0,38.0,4.0,0,
ORD104864,CUST3572,Grocery,03-07-2025,201.0,1,10,31.65,Debit Card,West,7.0,32.0,1.0,0,
ORD104007,CUST3596,Home & Kitchen,06-16-2026,2576.8,1,5,84.08,Credit Card,Central,6.0,47.0,4.0,1,Size Issue
ORD105338,CUST1235,beauty,12-17-2024,730.12,1,0,30.94,Cash on Delivery,Central,4.0,26.0,4.0,0,
ORD105649,CUST1638,Sports,03-16-2025,1423.17,2,20,36.15,Cash on Delivery,Central,4.0,26.0,5.0,0,
ORD100933,CUST2583,books,2026-02-13,264.64,1,5,148.19,Credit Card,North,5.0,30.0,3.0,0,
ORD104988,CUST1824,Books,2026-07-27,,2,25,131.81,Cash on Delivery,East,8.0,28.0,5.0,1,Not as Described
ORD105857,CUST3639, Beauty,2025-01-06,626.17,1,20,211.69,Credit Card,Central,5.0,44.0,4.0,1,Not as Described
ORD101252,CUST1137,Sports,2024-10-31,1307.55,1,15,19.19,Debit Card,West,4.0,36.0,3.0,0,
ORD100080,CUST2486,grocery,02/09/2024,283.41,2,0,46.96,Debit Card,South,6.0,34.0,4.0,0,
ORD102557,CUST3195,home & kitchen,26/02/2025,2877.46,1,20,59.74,Debit Card,West,4.0,18.0,4.0,0,
ORD100405,CUST3266,Home & kitchen,2026-08-01,1348.26,1,0,138.84,Credit Card,Central,5.0,24.0,4.0,0,
ORD103600,CUST1701,books,20/07/2025,466.75,1,0,53.14,Credit Card,West,7.0,35.0,5.0,0,
ORD105776,CUST1220,Fashion ,2024-12-31,684.29,3,0,63.85,UPI,East,3.0,30.0,5.0,0,
ORD101538,CUST3014,fashion,2025-06-14,697.46,4,15,3.45,Debit Card,East,3.0,35.0,5.0,0,
ORD103511,CUST3197,Grocery,07/07/2026,338.83,1,10,106.85,Credit Card,West,7.0,20.0,4.0,0,
ORD102352,CUST2562,beauty,2026-05-28,641.54,1,0,54.55,Cash on Delivery,West,4.0,41.0,4.0,0,
ORD102463,CUST2827,beauty,2025-08-29,1286.26,1,0,12.15,UPI,East,2.0,59.0,4.0,0,
ORD102387,CUST1297,Grocery,01-13-2026,231.92,1,15,43.96,Credit Card,South,3.0,35.0,4.0,0,
ORD104621,CUST2370,Home & Kitchen,01/06/2025,1326.75,1,5,54.95,Cash on Delivery,North,8.0,28.0,4.0,0,
ORD105176,CUST3935,grocery,12-08-2024,564.6,1,30,228.19,Credit Card,Central,7.0,24.0,5.0,0,
ORD104568,CUST3276,grocery,2024-12-23,,1,20,91.75,UPI,West,4.0,26.0,3.0,0,
ORD102928,CUST1153,grocery,01/12/2025,344.09,1,25,92.58,UPI,East,9.0,35.0,1.0,1,Changed Mind
ORD105082,CUST2380,books,2025-07-30,565.16,2,10,40.91,Cash on Delivery,South,4.0,29.0,5.0,0,
ORD103319,CUST3386,Toys,08-12-2026,738.0,1,10,33.93,UPI,East,6.0,62.0,5.0,0,
ORD103792,CUST1071,Toys,2026-02-05,707.0,1,10,26.95,Credit Card,East,6.0,43.0,5.0,0,
ORD103621,CUST4268,Sports,2025-08-04,1216.66,1,25,17.93,Net Banking,East,2.0,25.0,2.0,0,
ORD101922,CUST4374,grocery,22/10/2024,348.98,1,25,66.26,Net Banking,East,6.0,35.0,4.0,0,
ORD105623,CUST1244,Fashion,23/06/2026,955.68,1,0,103.27,Cash on Delivery,East,5.0,,4.0,0,
ORD103186,CUST2962,beauty,24/06/2026,1034.44,4,15,196.92,Credit Card,Central,5.0,16.0,4.0,1,Better Price Found
ORD105846,CUST4434,Books,28/02/2025,500.93,1,25,26.24,Debit Card,West,4.0,17.0,5.0,0,
ORD105263,CUST2822,Books,13/12/2025,402.89,1,15,31.73,Cash on Delivery,South,7.0,28.0,4.0,0,
ORD102759,CUST1947,Books,21/03/2025,621.75,1,10,19.14,Net Banking,West,3.0,51.0,5.0,1,Defective Product
ORD102644,CUST1027,Electronics,08-14-2025,11461.69,1,0,85.09,Net Banking,Central,5.0,,4.0,0,
ORD101122,CUST2219,books,30/01/2025,515.7,1,0,180.45,Net Banking,East,4.0,21.0,4.0,0,
ORD104538,CUST3201,Fashion ,2026-03-13,995.1,1,10,85.57,Net Banking,North,3.0,33.0,5.0,0,
ORD102880,CUST3970,books,28/10/2024,360.43,1,10,22.63,Credit Card,West,5.0,28.0,3.0,1,Defective Product
ORD105101,CUST4328,Beauty,07-19-2026,504.74,1,10,55.98,Net Banking,West,5.0,18.0,5.0,0,
ORD104058,CUST1223,Fashion,12-16-2025,1637.17,1,10,68.15,UPI,Central,7.0,41.0,,0,
ORD104228,CUST2744,home & kitchen,07-02-2025,1785.31,1,10,,Credit Card,South,4.0,45.0,5.0,0,
ORD105942,CUST3094,Electronics,31/05/2026,6077.51,1,0,14.37,UPI,West,2.0,32.0,3.0,1,Changed Mind
ORD105774,CUST3149,Electronics ,05-17-2026,12628.99,1,0,115.98,Debit Card,South,8.0,34.0,3.0,0,
ORD103491,CUST2187,Electronics ,02-25-2026,8477.35,2,25,111.33,Cash on Delivery,South,3.0,16.0,4.0,0,
ORD105786,CUST4207,home & kitchen,2024-08-26,2910.55,1,5,78.36,Credit Card,North,5.0,34.0,4.0,1,Not as Described
ORD104008,CUST2689,Grocery,01-14-2025,,1,30,37.41,UPI,Central,3.0,42.0,5.0,0,
ORD105039,CUST1679,grocery,05-21-2026,400.84,1,15,171.04,Credit Card,South,6.0,34.0,5.0,0,
ORD100912,CUST4011,Fashion ,03-05-2026,1183.56,1,15,121.93,UPI,South,4.0,18.0,4.0,0,
ORD103278,CUST2156,Electronics,29/04/2026,8692.29,3,5,103.49,Net Banking,South,,29.0,5.0,1,Not as Described
ORD100651,CUST1592,Fashion,21/08/2024,1310.84,1,10,,Net Banking,East,5.0,49.0,2.0,0,
ORD105311,CUST4079,grocery,12-21-2024,353.86,1,0,23.1,Credit Card,West,6.0,39.0,5.0,0,
ORD104648,CUST3775,sports,06/10/2024,2186.86,2,10,37.16,Net Banking,South,4.0,25.0,1.0,0,
ORD104039,CUST2283,ELECTRONICS,07/03/2026,7448.98,1,10,186.35,Cash on Delivery,East,5.0,,5.0,0,
ORD103692,CUST4448, Beauty,01-10-2026,670.55,2,0,45.83,Debit Card,West,10.0,46.0,5.0,1,Defective Product
ORD105430,CUST1609,fashion,11-21-2025,1342.71,2,5,85.97,Credit Card,West,2.0,22.0,3.0,0,
ORD100213,CUST1932,Sports,03-23-2026,2175.76,2,10,52.18,Credit Card,North,1.0,16.0,4.0,0,
ORD103777,CUST2229,Sports,12-09-2024,253.82,2,20,87.04,Net Banking,East,6.0,29.0,,0,
ORD100603,CUST2627,electronics,24/12/2025,11241.15,1,0,108.32,UPI,South,4.0,44.0,5.0,0,
ORD105833,CUST2187,Fashion,11/09/2024,609.52,2,10,88.37,Cash on Delivery,Central,7.0,46.0,5.0,0,
ORD101077,CUST2364,Home & Kitchen,27/11/2024,3004.26,2,0,291.96,UPI,Central,4.0,41.0,4.0,0,
ORD103632,CUST1099,sports,02-16-2026,2464.73,1,25,120.19,Cash on Delivery,Central,3.0,33.0,3.0,1,Not as Described
ORD100368,CUST1998,beauty,05-25-2026,12952.279689815363,3,25,45.8,UPI,North,6.0,50.0,5.0,0,
ORD100470,CUST1658,beauty,11-03-2024,827.71,1,15,,Debit Card,West,4.0,20.0,4.0,1,Not as Described
ORD103514,CUST1579,beauty,09-14-2024,298.97,1,5,103.99,Cash on Delivery,East,7.0,50.0,5.0,0,
ORD100741,CUST1837,sports,28/09/2024,1902.73,3,5,25.47,Cash on Delivery,West,5.0,24.0,5.0,0,
ORD101095,CUST4179,ELECTRONICS,2026-03-14,5781.24,2,10,154.4,UPI,Central,7.0,33.0,4.0,0,
ORD104870,CUST2510,Books,11-15-2024,606.03,4,5,69.96,Credit Card,South,3.0,51.0,3.0,0,
ORD100221,CUST2069,fashion,11/11/2024,978.76,2,0,29.83,UPI,Central,5.0,33.0,4.0,0,
ORD100562,CUST3775,Home & kitchen,08/06/2026,2868.11,1,25,41.05,Net Banking,Central,3.0,28.0,5.0,0,
ORD101547,CUST3251,Beauty,03-01-2026,692.65,2,5,38.35,UPI,East,5.0,16.0,4.0,0,
ORD103862,CUST4486,Grocery,06-22-2026,351.89,1,25,313.09,,South,4.0,22.0,5.0,1,Defective Product
ORD104905,CUST4163,Sports,08-22-2024,1410.75,1,0,74.1,Debit Card,East,2.0,33.0,3.0,0,
ORD102926,CUST4356,beauty,2026-01-14,868.72,2,0,,UPI,South,6.0,20.0,4.0,0,
ORD104056,CUST3481,Toys,03/12/2025,620.31,2,0,74.52,Cash on Delivery,South,4.0,30.0,3.0,0,
ORD101394,CUST2537,toys,09-27-2025,,1,10,20.23,Net Banking,East,6.0,38.0,5.0,0,
ORD102253,CUST3413,toys,07-19-2025,950.4,2,0,102.41,UPI,Central,1.0,24.0,4.0,1,Changed Mind
ORD103036,CUST3183,toys,2024-10-07,849.57,3,10,74.56,Net Banking,East,5.0,45.0,5.0,0,
ORD104726,CUST1785,Home & Kitchen,2026-03-23,2542.43,1,0,43.3,Net Banking,South,4.0,53.0,4.0,0,
ORD104612,CUST2323,electronics,25/09/2024,9455.31,1,0,63.78,Credit Card,West,5.0,28.0,5.0,0,
ORD105117,CUST1356,Home & Kitchen,08-17-2025,4094.74,2,5,81.31,Net Banking,North,1.0,50.0,4.0,0,
ORD102900,CUST3306,books,11-06-2025,444.42,1,5,211.95,UPI,East,3.0,40.0,5.0,0,
ORD101281,CUST2706,toys,04/10/2025,947.73,1,15,29.93,Credit Card,North,5.0,41.0,5.0,0,
ORD103668,CUST2197,Beauty,2026-04-14,966.42,1,25,50.27,Credit Card,North,4.0,47.0,3.0,0,
ORD103346,CUST2861,books,17/11/2025,475.16,1,0,3.28,,Central,4.0,30.0,2.0,0,
ORD102911,CUST4366,Beauty,09-03-2024,478.22,1,10,42.2,Debit Card,East,6.0,48.0,5.0,0,
ORD103058,CUST1670,electronics,2025-07-31,11729.26,1,25,138.22,UPI,South,2.0,16.0,5.0,0,
ORD104609,CUST1008,beauty,26/05/2026,421.37,1,0,2.21,Debit Card,East,9.0,42.0,1.0,0,
ORD104383,CUST3587,grocery,2024-09-30,374.6,3,25,53.78,Credit Card,East,5.0,22.0,4.0,0,
ORD104763,CUST2915,Electronics,06-26-2025,5746.7,3,5,77.92,Net Banking,West,5.0,23.0,4.0,1,Better Price Found
ORD101769,CUST2665,grocery,25/07/2025,319.21,1,0,54.53,Debit Card,West,2.0,21.0,5.0,0,
ORD103197,CUST3365,Sports,01/09/2024,2832.84,1,0,37.17,UPI,South,5.0,50.0,4.0,1,Wrong Item Delivered
ORD100100,CUST1902,Books,2025-02-03,531.36,1,10,43.41,Cash on Delivery,West,5.0,28.0,4.0,0,
ORD105170,CUST4472,sports,2024-11-17,1862.08,1,15,,Credit Card,East,3.0,32.0,4.0,0,
ORD103438,CUST3433,books,09-29-2024,418.25,1,0,100.99,UPI,North,5.0,42.0,5.0,0,
ORD101450,CUST4472,Grocery,10-08-2024,221.37,2,10,94.5,Net Banking,Central,3.0,42.0,4.0,0,
ORD102675,CUST2105, Beauty,10-31-2024,675.83,2,0,120.24,Net Banking,South,5.0,19.0,4.0,0,
ORD101306,CUST3036,books,08-28-2025,261.45,1,0,32.68,Debit Card,South,7.0,40.0,5.0,0,
ORD102725,CUST2938,grocery,10-27-2024,232.63,4,20,229.07,Debit Card,East,2.0,33.0,5.0,0,
ORD105769,CUST2032,Grocery,24/06/2025,279.63,2,10,1.75,Net Banking,North,2.0,24.0,3.0,0,
ORD101127,CUST2178,Grocery,2026-01-28,328.97,3,10,33.93,Debit Card,North,4.0,33.0,3.0,1,Wrong Item Delivered
ORD100067,CUST1456,home & kitchen,30/11/2025,2006.01,1,10,27.15,Cash on Delivery,South,1.0,42.0,4.0,0,
ORD102421,CUST3378,Toys,01-10-2025,833.48,1,20,65.25,Cash on Delivery,Central,3.0,42.0,4.0,0,
ORD100875,CUST2535,Sports,15/08/2026,2876.8,1,5,,Net Banking,West,3.0,30.0,4.0,1,Size Issue
ORD105969,CUST1508,toys,22/06/2025,1106.66,1,0,82.9,Debit Card,North,6.0,48.0,2.0,0,
ORD103406,CUST1686,grocery,11/11/2024,390.66,1,0,71.51,UPI,Central,6.0,38.0,5.0,0,
ORD103694,CUST1540,Fashion,2025-03-29,1342.63,1,30,46.66,Cash on Delivery,West,5.0,38.0,1.0,1,Size Issue
ORD103546,CUST1365,Books,12-28-2024,624.53,4,10,67.73,UPI,South,5.0,23.0,4.0,0,
ORD102810,CUST1213,Fashion ,11/01/2025,1467.37,2,10,100.97,Cash on Delivery,Central,1.0,45.0,4.0,0,
ORD102408,CUST4036,Home & kitchen,19/01/2025,2611.99,1,0,93.56,Debit Card,South,4.0,34.0,1.0,0,
ORD105687,CUST2630,home & kitchen,2026-02-19,2739.05,2,20,153.42,Debit Card,North,6.0,52.0,5.0,0,
ORD100372,CUST1744,Home & Kitchen,05-03-2026,3315.67,2,25,55.18,Cash on Delivery,Central,3.0,27.0,3.0,0,
ORD101814,CUST2717,Books,2025-05-25,354.43,2,0,,Debit Card,North,1.0,29.0,3.0,0,
ORD101276,CUST4090,Electronics ,05-21-2025,6071.66,1,5,8.64,Credit Card,North,3.0,,5.0,1,Wrong Item Delivered
ORD101453,CUST1991,books,24/11/2025,344.33,1,5,40.62,UPI,North,1.0,50.0,5.0,1,Not as Described
ORD104827,CUST1284,Fashion ,02/01/2025,923.29,1,5,138.02,Credit Card,East,5.0,22.0,5.0,0,
ORD103977,CUST3558,Books,2026-03-30,444.29,1,0,73.6,Credit Card,West,8.0,33.0,4.0,0,
ORD100493,CUST4446,Grocery,2024-10-26,306.28,2,0,128.7,Cash on Delivery,Central,6.0,20.0,5.0,0,
ORD101246,CUST1772,Home & kitchen,12-10-2024,1594.73,2,25,25.25,Debit Card,West,3.0,35.0,5.0,0,
ORD104084,CUST2338,Electronics,23/09/2025,4243.71,2,15,16.9,Debit Card,South,5.0,47.0,4.0,0,
ORD101521,CUST1977,Fashion,04/04/2025,1003.53,1,20,143.93,Debit Card,East,7.0,42.0,5.0,0,
ORD101791,CUST4373,fashion,11-22-2024,1147.04,4,20,111.56,Credit Card,South,1.0,49.0,3.0,0,
ORD103683,CUST2818,Fashion ,2025-04-29,499.31,1,0,41.61,Debit Card,West,7.0,48.0,4.0,0,
ORD103469,CUST1076,Electronics,03-10-2026,11106.44,3,0,95.97,Credit Card,East,5.0,24.0,4.0,0,
ORD100665,CUST4208,Books,19/09/2024,262.18,1,25,45.97,Debit Card,South,5.0,23.0,5.0,0,
ORD102936,CUST1046,,2025-11-02,3927.26,2,25,149.78,Debit Card,West,6.0,30.0,3.0,0,
ORD101648,CUST1572,books,05/04/2025,575.96,3,20,,UPI,Central,1.0,36.0,3.0,1,Wrong Item Delivered
ORD105836,CUST1468,Home & kitchen,26/09/2025,4199.7,1,30,150.51,UPI,Central,2.0,25.0,4.0,1,Changed Mind
ORD104778,CUST4147,beauty,14/02/2026,380.71,1,10,47.08,Credit Card,West,4.0,37.0,5.0,0,
ORD103959,CUST2725,Toys,30/08/2025,813.86,1,0,82.88,UPI,North,4.0,34.0,4.0,0,
ORD104126,CUST3773,Books,13/03/2025,645.96,1,25,106.25,Credit Card,Central,8.0,47.0,5.0,0,
ORD104890,CUST1725,Books,11-05-2025,345.18,1,30,81.49,,Central,5.0,35.0,4.0,0,
ORD102566,CUST4013,grocery,16/01/2026,241.87,1,20,,Credit Card,South,7.0,26.0,4.0,1,Wrong Item Delivered
ORD100663,CUST2851,Electronics ,2025-10-26,8795.36,1,0,80.87,Debit Card,Central,6.0,25.0,2.0,0,
ORD104434,CUST1335,Books,16/04/2026,244.13,1,20,24.11,Cash on Delivery,South,4.0,27.0,4.0,1,Better Price Found
ORD102152,CUST1011,Fashion ,04-17-2025,1667.91,1,0,40.54,Cash on Delivery,North,3.0,53.0,5.0,1,Changed Mind
ORD105464,CUST3402,sports,2024-11-14,1619.48,1,0,84.48,Credit Card,Central,6.0,48.0,4.0,1,Better Price Found
ORD102423,CUST3749,Home & Kitchen,2025-05-07,1837.42,1,20,80.49,Debit Card,West,3.0,25.0,3.0,0,
ORD104316,CUST2201,Fashion,27/07/2025,1604.2,1,20,35.71,Debit Card,East,3.0,33.0,1.0,1,Size Issue
ORD104526,CUST1118,Electronics,10-05-2024,12321.21,1,15,99.04,Cash on Delivery,West,7.0,48.0,3.0,0,
ORD105808,CUST1058,Beauty,10-14-2025,508.15,3,10,84.41,Cash on Delivery,East,5.0,29.0,4.0,1,Defective Product
ORD101287,CUST4397,beauty,14/09/2025,732.96,1,15,86.11,Credit Card,Central,5.0,32.0,5.0,0,
ORD104459,CUST2533,Fashion ,2025-05-17,,1,15,97.11,Cash on Delivery,West,5.0,19.0,5.0,1,Changed Mind
ORD105067,CUST3557,Books,07-07-2025,449.8,1,15,112.28,Cash on Delivery,South,5.0,27.0,5.0,0,
ORD104422,CUST3571,Home & kitchen,06/10/2025,749.37,1,25,34.29,UPI,North,4.0,16.0,3.0,1,Not as Described
ORD102120,CUST1935,fashion,09/06/2025,1053.48,2,0,135.47,Net Banking,Central,5.0,23.0,4.0,0,
ORD104620,CUST1021,Beauty,2025-07-13,519.78,1,15,66.51,Net Banking,South,2.0,44.0,3.0,0,
ORD105962,CUST1306,Home & kitchen,2026-05-09,1433.93,1,0,72.58,Cash on Delivery,North,6.0,55.0,5.0,0,
ORD104866,CUST3859,beauty,06-19-2026,966.31,2,5,34.74,Net Banking,South,7.0,17.0,3.0,0,
ORD100531,CUST3681,Toys,14/06/2025,1305.29,1,5,39.87,UPI,East,4.0,50.0,5.0,0,
ORD100078,CUST1002,Books,24/06/2026,415.32,1,25,111.61,Debit Card,North,8.0,,4.0,0,
ORD104387,CUST3788,Electronics,06-08-2025,4491.7,1,5,116.05,Cash on Delivery,North,2.0,39.0,5.0,0,
ORD103323,CUST3248,Toys,2025-05-15,650.94,1,0,27.86,UPI,South,5.0,33.0,4.0,1,Better Price Found
ORD104290,CUST1208,Toys,04-20-2026,988.78,1,0,57.17,Net Banking,South,2.0,25.0,5.0,0,
ORD103331,CUST2782,toys,2025-06-11,1355.07,1,0,43.85,Debit Card,Central,3.0,16.0,1.0,0,
ORD103763,CUST3419, Beauty,02/07/2026,608.03,1,20,7.85,Cash on Delivery,East,5.0,24.0,4.0,0,
ORD101209,CUST3198,home & kitchen,13/01/2025,2646.66,1,10,173.24,Credit Card,East,,27.0,,0,
ORD105683,CUST4236,home & kitchen,2024-09-20,3231.08,1,0,129.67,Credit Card,East,8.0,38.0,4.0,1,Wrong Item Delivered
ORD103019,CUST1359,home & kitchen,12/12/2025,1881.95,1,0,8.64,Net Banking,East,7.0,22.0,4.0,0,
ORD103169,CUST2904,sports,2024-11-13,2385.28,1,0,56.42,Debit Card,Central,4.0,29.0,5.0,1,Wrong Item Delivered
ORD102234,CUST4110,fashion,10/11/2024,675.6,1,25,77.93,Debit Card,South,7.0,,4.0,0,
ORD105963,CUST3647,Fashion ,2025-10-12,443.06,1,15,2.65,Debit Card,South,6.0,26.0,5.0,0,
ORD100079,CUST3001,Books,30/10/2025,425.74,3,10,71.97,Debit Card,South,10.0,39.0,4.0,0,
ORD104614,CUST3785,Grocery,2025-03-07,452.54,1,20,68.68,Cash on Delivery,Central,4.0,32.0,4.0,1,Wrong Item Delivered
ORD102530,CUST4081,Electronics ,09-11-2025,6923.04,1,20,,Credit Card,East,2.0,36.0,3.0,0,
ORD103922,CUST4129,toys,2024-08-31,707.57,1,5,71.45,Credit Card,North,,22.0,4.0,0,
ORD101644,CUST1411,grocery,10-21-2024,508.83,1,25,80.15,Net Banking,East,2.0,34.0,4.0,0,
ORD105097,CUST3810,Home & kitchen,07-15-2025,2673.25,1,15,247.64,UPI,East,5.0,,5.0,0,
ORD105863,CUST2791,home & kitchen,01/09/2025,3025.82,1,0,91.39,Credit Card,North,2.0,43.0,1.0,0,
ORD103253,CUST1220,grocery,04/11/2024,479.32,1,15,89.82,Cash on Delivery,South,4.0,24.0,4.0,0,
ORD104120,CUST3922,beauty,2024-11-13,301.96,1,25,51.8,Net Banking,South,,29.0,4.0,1,Late Delivery
ORD105749,CUST3631,toys,07-25-2025,634.19,2,15,,Credit Card,North,6.0,27.0,5.0,0,
ORD105312,CUST2413,Fashion ,2025-05-30,1443.07,1,10,115.67,Debit Card,South,2.0,34.0,5.0,1,Size Issue
ORD102805,CUST2323,Books,07-22-2026,396.48,1,0,68.66,Credit Card,East,4.0,49.0,4.0,0,
ORD105820,CUST2785,Sports,2024-12-15,1343.67,4,0,335.63,UPI,South,7.0,26.0,5.0,0,
ORD101457,CUST2962,Beauty,2026-08-13,818.61,1,30,85.07,UPI,Central,1.0,19.0,4.0,0,
ORD103341,CUST1556,Home & Kitchen,12-12-2025,3448.15,1,15,39.56,Cash on Delivery,South,6.0,36.0,5.0,0,
ORD104594,CUST1454,books,2025-11-28,490.55,1,15,114.94,UPI,North,4.0,,3.0,0,
ORD100228,CUST1181,books,2025-01-04,189.34,1,10,114.12,UPI,South,4.0,25.0,5.0,0,
ORD103660,CUST2312,fashion,02-26-2026,1294.34,1,5,132.79,Net Banking,West,8.0,20.0,5.0,0,
ORD104993,CUST4010,ELECTRONICS,08-23-2025,6909.82,1,5,96.17,Debit Card,West,8.0,37.0,4.0,1,Changed Mind
ORD104549,CUST2152, Beauty,04-25-2026,784.17,1,15,75.97,UPI,North,4.0,,3.0,1,Changed Mind
ORD101489,CUST1275,Books,2025-07-15,385.81,1,30,28.86,Debit Card,South,3.0,,5.0,1,Wrong Item Delivered
ORD100742,CUST1865,Fashion ,2025-03-27,793.99,2,0,33.43,Debit Card,East,8.0,38.0,4.0,0,
ORD105251,CUST4278, Beauty,09-28-2025,452.75,3,0,156.65,Credit Card,Central,3.0,19.0,4.0,0,
ORD105129,CUST3945,sports,11/03/2025,1551.18,1,0,115.06,Debit Card,Central,8.0,19.0,5.0,0,
ORD101328,CUST1240,Home & kitchen,2026-08-12,2475.53,1,5,33.7,Cash on Delivery,Central,5.0,34.0,5.0,1,Better Price Found
ORD103549,CUST4245,Fashion ,01-07-2026,1324.13,1,5,76.1,UPI,East,4.0,34.0,2.0,0,
ORD100722,CUST1125,Fashion ,24/11/2025,1212.36,1,5,97.06,Debit Card,South,5.0,30.0,4.0,0,
ORD105383,CUST2996,Books,2025-06-15,318.19,2,15,63.29,UPI,North,5.0,33.0,1.0,0,
ORD102305,CUST4271,Electronics ,2026-03-15,6985.59,1,25,151.2,UPI,South,2.0,42.0,5.0,0,
ORD100956,CUST1142,Sports,13/03/2026,1521.17,1,20,67.07,Cash on Delivery,North,3.0,22.0,4.0,0,
ORD101668,CUST4155, Beauty,02-27-2026,394.65,1,25,50.26,Debit Card,East,1.0,37.0,2.0,0,
ORD101759,CUST1535,Toys,07-02-2025,609.47,1,0,12.23,UPI,East,3.0,57.0,3.0,0,
ORD104081,CUST3073,Grocery,01-11-2026,374.12,1,0,84.09,UPI,East,10.0,45.0,5.0,0,
ORD103961,CUST1091,grocery,07-28-2025,247.99,1,10,89.05,UPI,North,6.0,34.0,4.0,0,
ORD104712,CUST1088,beauty,2024-12-27,1021.73,1,10,,Debit Card,East,5.0,28.0,4.0,1,Defective Product
ORD102265,CUST2575,home & kitchen,2025-08-22,1205.48,1,5,16.68,Cash on Delivery,East,,65.0,4.0,1,Late Delivery
ORD100507,CUST4360,Home & kitchen,2025-08-25,1862.43,1,20,250.54,Cash on Delivery,West,6.0,33.0,4.0,0,
ORD102221,CUST2688,toys,2024-11-02,905.7,2,20,16.32,Credit Card,East,5.0,30.0,3.0,0,
ORD103362,CUST3143,Books,31/08/2025,227.6,1,25,202.94,Debit Card,East,2.0,30.0,2.0,0,
ORD103182,CUST3330,books,06-04-2025,443.75,2,25,141.43,Debit Card,East,5.0,37.0,4.0,0,
ORD105607,CUST3464,toys,2026-07-31,1386.7,2,5,149.92,Cash on Delivery,Central,5.0,50.0,5.0,0,
ORD101845,CUST3016,books,11/08/2026,444.8,3,10,132.53,UPI,West,5.0,31.0,4.0,1,Size Issue
ORD100134,CUST2732,Grocery,17/07/2025,413.26,3,5,64.7,Cash on Delivery,Central,7.0,49.0,5.0,0,
ORD105302,CUST1430,fashion,22/05/2025,1733.08,1,15,99.68,Credit Card,North,4.0,23.0,4.0,1,Not as Described
ORD103702,CUST3915,toys,25/06/2026,997.27,4,10,88.97,UPI,South,5.0,42.0,4.0,0,
ORD102799,CUST2814,grocery,2026-03-05,349.12,1,20,74.58,Cash on Delivery,Central,3.0,49.0,3.0,1,Not as Described
ORD101841,CUST3869,grocery,08/09/2024,333.43,1,10,41.89,Cash on Delivery,Central,7.0,,4.0,0,
ORD104197,CUST3573,home & kitchen,04/08/2025,2549.13,4,5,51.75,Debit Card,North,2.0,16.0,4.0,0,
ORD105998,CUST3201,Home & Kitchen,07/04/2026,934.82,1,15,139.89,Debit Card,Central,1.0,,3.0,1,Size Issue
ORD105307,CUST2429,grocery,2024-10-27,380.23,1,20,111.22,Net Banking,North,4.0,38.0,5.0,1,Size Issue
ORD105372,CUST1145,Toys,08-30-2025,939.51,1,25,,UPI,South,6.0,29.0,5.0,0,
ORD103230,CUST3434,Toys,01-03-2026,719.87,1,0,120.92,Cash on Delivery,North,2.0,33.0,5.0,1,Not as Described
ORD105066,CUST2674,books,08-07-2026,202.89,1,5,172.58,UPI,Central,8.0,21.0,5.0,0,
ORD104483,CUST3645,Grocery,2026-02-07,294.74,1,0,129.05,Debit Card,North,6.0,39.0,4.0,0,
ORD100713,CUST3280,home & kitchen,2025-12-25,2749.72,3,25,74.16,UPI,West,6.0,30.0,5.0,0,
ORD100195,CUST1860,grocery,07/06/2026,263.29,1,20,81.11,Cash on Delivery,West,2.0,37.0,4.0,0,
ORD103112,CUST3916,Grocery,2024-12-27,239.8,1,20,53.34,Net Banking,East,2.0,18.0,4.0,1,Better Price Found
ORD102638,CUST1846,Beauty,18/05/2026,697.98,2,30,69.66,UPI,South,5.0,27.0,4.0,0,
ORD102050,CUST4299,Beauty,06-07-2026,561.59,1,0,104.72,UPI,Central,4.0,41.0,4.0,0,
ORD104512,CUST1241,Books,2025-12-28,464.42,1,20,122.39,Net Banking,West,5.0,30.0,5.0,0,
ORD100904,CUST3079,electronics,24/08/2025,1631.06,53,0,63.75,Debit Card,North,4.0,52.0,4.0,0,
ORD104355,CUST1406,,2025-08-18,8446.9,1,10,47.11,UPI,West,3.0,42.0,5.0,1,Wrong Item Delivered
ORD101700,CUST1483,Books,2026-02-05,562.86,1,5,65.4,Debit Card,South,,35.0,2.0,0,
ORD101651,CUST3953,Fashion ,2025-11-01,574.79,2,10,82.86,Debit Card,Central,6.0,16.0,4.0,1,Better Price Found
ORD103054,CUST4465,Books,11-25-2024,492.37,1,20,143.42,Debit Card,South,2.0,18.0,5.0,0,
ORD101464,CUST1447,toys,06-18-2026,490.36,2,20,44.03,UPI,South,6.0,16.0,5.0,0,
ORD102116,CUST2403,grocery,08-16-2026,253.88,1,0,294.77,Credit Card,Central,4.0,32.0,4.0,0,
ORD102701,CUST3757,books,2025-05-05,577.88,1,20,146.2,Net Banking,East,3.0,52.0,3.0,1,Late Delivery
ORD105371,CUST3633,,24/06/2026,1194.45,1,15,42.53,Net Banking,South,6.0,27.0,3.0,0,
ORD100377,CUST3116,Grocery,09-29-2025,344.45,1,0,242.18,Credit Card,South,4.0,38.0,4.0,0,
ORD100474,CUST1150,Beauty,25/02/2026,578.1,1,0,10.66,Net Banking,Central,5.0,44.0,5.0,0,
ORD103417,CUST1168,Home & kitchen,31/12/2025,1211.9,1,0,90.52,Credit Card,West,3.0,31.0,4.0,0,
ORD102406,CUST3242,Home & kitchen,03/06/2025,3751.4,1,5,33.88,UPI,East,5.0,22.0,5.0,0,
ORD102855,CUST3511,Electronics ,2025-09-26,7165.43,1,10,63.89,UPI,North,5.0,,5.0,1,Late Delivery
ORD102534,CUST4173,Electronics,06-05-2026,,1,5,150.93,Debit Card,East,1.0,21.0,3.0,1,Wrong Item Delivered
ORD101915,CUST3989, Beauty,01-28-2026,423.18,1,0,48.97,Credit Card,East,6.0,25.0,5.0,0,
ORD103132,CUST1595,Sports,01/05/2025,1465.27,1,30,96.3,Debit Card,East,6.0,28.0,4.0,0,
ORD100188,CUST3830,toys,07-10-2026,632.09,1,10,22.02,Cash on Delivery,West,5.0,37.0,1.0,0,
ORD100063,CUST1047,Sports,10/05/2026,1249.4,1,10,66.5,,South,4.0,26.0,,0,
ORD101082,CUST2609,Fashion,08/04/2025,727.42,1,5,115.62,UPI,West,2.0,41.0,5.0,1,Not as Described
ORD105322,CUST3618,toys,21/06/2026,1216.18,1,5,15.71,UPI,West,6.0,36.0,4.0,0,
ORD102712,CUST3674, Beauty,2025-04-05,567.71,1,10,68.08,Net Banking,South,4.0,34.0,5.0,0,
ORD100716,CUST2119,toys,09-09-2024,1169.87,1,20,89.41,Debit Card,Central,5.0,31.0,4.0,1,Not as Described
ORD102413,CUST2035,Toys,12/11/2025,403.6,1,20,22.65,Cash on Delivery,South,7.0,52.0,5.0,0,
ORD100328,CUST1281,Toys,01-29-2025,1105.23,1,0,23.48,Cash on Delivery,Central,3.0,34.0,5.0,1,Better Price Found
ORD101128,CUST3771,Books,16/11/2024,366.46,1,30,68.39,Net Banking,South,7.0,26.0,4.0,0,
ORD105353,CUST4372,Beauty,15/07/2026,618.33,1,5,55.36,Debit Card,East,1.0,47.0,5.0,0,
ORD100172,CUST1550,books,11-02-2024,208.64,1,5,55.72,Credit Card,South,3.0,16.0,1.0,1,Size Issue
ORD101342,CUST2125, Beauty,2025-09-10,660.79,1,10,40.95,Cash on Delivery,East,4.0,47.0,5.0,0,
ORD103033,CUST4154,Electronics,08-16-2026,7057.5,1,15,118.97,,West,6.0,32.0,5.0,0,
ORD102942,CUST1206,fashion,27/01/2025,1035.41,1,0,57.0,Debit Card,South,4.0,36.0,4.0,0,
ORD104283,CUST1089,Fashion,31/07/2025,1430.73,3,0,85.35,Cash on Delivery,West,1.0,34.0,5.0,0,
ORD100701,CUST3953,Books,05-15-2026,197.9,1,0,108.8,Credit Card,Central,8.0,27.0,5.0,0,
ORD104452,CUST4057,electronics,2025-07-31,4055.7,2,15,39.68,Cash on Delivery,Central,6.0,38.0,5.0,0,
ORD104997,CUST4498,Grocery,05-24-2025,296.4,2,25,149.11,Credit Card,West,4.0,53.0,4.0,1,Late Delivery
ORD105654,CUST2860,beauty,2025-06-24,564.49,1,15,69.23,Net Banking,East,7.0,37.0,4.0,0,
ORD100775,CUST3467, Beauty,10/01/2025,,1,5,8.92,Credit Card,East,2.0,,5.0,0,
ORD104933,CUST4241,Sports,2026-01-21,1562.38,4,25,138.91,Cash on Delivery,East,5.0,38.0,2.0,1,Better Price Found
ORD100243,CUST1712,Books,27/12/2025,369.32,1,0,152.29,Net Banking,North,2.0,24.0,5.0,0,
ORD105744,CUST2190,Electronics ,05-04-2026,13479.58,1,25,125.36,Debit Card,North,9.0,32.0,3.0,0,
ORD101832,CUST4343, Beauty,03-01-2025,767.97,1,15,34.19,Debit Card,Central,5.0,42.0,5.0,1,Late Delivery
ORD103044,CUST4024,ELECTRONICS,03/06/2026,5422.35,2,10,31.58,Credit Card,West,8.0,34.0,5.0,0,
ORD105983,CUST4087,Home & Kitchen,07/03/2025,3456.38,1,5,94.69,Debit Card,South,1.0,28.0,4.0,0,
ORD103333,CUST1569,sports,12-23-2024,1984.57,4,15,34.01,Cash on Delivery,North,4.0,35.0,2.0,1,Not as Described
ORD102908,CUST2236,electronics,15/08/2026,8306.83,1,10,92.1,UPI,South,6.0,38.0,4.0,0,
ORD105206,CUST1604,grocery,08-11-2026,526.68,1,5,148.01,Debit Card,South,8.0,55.0,4.0,0,
ORD100039,CUST3621,electronics,2025-05-23,6857.84,3,10,81.11,UPI,North,4.0,43.0,1.0,1,Defective Product
ORD101757,CUST1306,fashion,2026-04-10,1166.92,1,15,108.16,Credit Card,North,5.0,25.0,5.0,0,
ORD105764,CUST4311,Electronics ,05-23-2025,9156.12,4,0,41.74,,East,2.0,59.0,1.0,0,
ORD103024,CUST2746,Electronics,10-11-2025,6409.19,3,20,78.22,Net Banking,North,2.0,37.0,1.0,0,
ORD105196,CUST3906,Beauty,05-02-2026,603.95,1,15,14.94,Cash on Delivery,East,9.0,23.0,2.0,0,
ORD100361,CUST2106,toys,07-25-2026,855.33,1,0,22.31,Debit Card,Central,3.0,25.0,5.0,0,
ORD101802,CUST3350,Sports,2024-09-25,1720.75,1,10,9.71,Credit Card,Central,4.0,32.0,3.0,0,
ORD102226,CUST3681, Beauty,10-04-2025,702.62,2,15,86.69,Cash on Delivery,East,5.0,37.0,3.0,1,Not as Described
ORD104796,CUST4243,Toys,22/07/2025,1026.17,1,0,76.15,Debit Card,West,4.0,24.0,4.0,0,
ORD104076,CUST3013,sports,11/03/2026,2430.25,1,0,36.08,Debit Card,North,6.0,18.0,5.0,0,
ORD103082,CUST1201,books,01/03/2026,418.19,27,0,14.33,UPI,East,2.0,37.0,5.0,0,
ORD104964,CUST3654,grocery,03/08/2026,390.5,1,15,161.77,Debit Card,West,8.0,48.0,1.0,0,
ORD105337,CUST1383,sports,10/02/2025,2154.79,1,15,11.17,Debit Card,Central,6.0,,1.0,0,
ORD100444,CUST4385,electronics,06-14-2026,5056.33,1,0,244.03,Cash on Delivery,South,8.0,47.0,4.0,0,
ORD100640,CUST3714,Home & Kitchen,17/07/2025,3964.19,1,0,40.63,Credit Card,South,4.0,33.0,3.0,0,
ORD101649,CUST3640,Electronics ,02-16-2025,7300.98,2,15,230.02,UPI,North,4.0,43.0,4.0,0,
ORD101706,CUST2475,Grocery,2025-07-17,395.29,2,0,140.3,Credit Card,North,8.0,27.0,4.0,0,
ORD100459,CUST1084,Sports,10-22-2025,2066.62,3,15,259.66,Credit Card,North,5.0,30.0,5.0,0,
ORD101684,CUST1270,books,29/12/2025,500.5,1,25,163.6,,North,4.0,28.0,4.0,0,
ORD103789,CUST2949,beauty,11-21-2025,696.74,3,0,70.74,Cash on Delivery,South,7.0,19.0,4.0,0,
ORD101707,CUST3321,books,09-28-2024,435.84,2,15,50.13,Credit Card,South,1.0,25.0,,0,
ORD105913,CUST3096,Electronics ,04/09/2024,7283.24,1,10,97.11,Cash on Delivery,Central,1.0,45.0,5.0,0,
ORD100587,CUST4230,Fashion ,16/09/2024,868.76,1,15,37.56,Debit Card,West,3.0,18.0,1.0,0,
ORD100625,CUST4043,ELECTRONICS,22/12/2025,12990.87,1,15,58.16,UPI,Central,2.0,42.0,5.0,0,
ORD101524,CUST2713,ELECTRONICS,2025-08-27,1948.75,1,20,152.55,Net Banking,East,5.0,35.0,4.0,0,
ORD104797,CUST4464,ELECTRONICS,10-20-2024,10615.91,1,15,82.94,Net Banking,South,5.0,31.0,4.0,0,
ORD101984,CUST2100,Grocery,15/02/2026,,2,10,28.14,Net Banking,North,4.0,40.0,5.0,1,Wrong Item Delivered
ORD105655,CUST4397,toys,28/09/2025,1777.95,3,0,51.4,Net Banking,South,4.0,38.0,4.0,0,
ORD102730,CUST3682, Beauty,12-10-2024,679.44,2,10,65.12,UPI,Central,2.0,26.0,5.0,0,
ORD100735,CUST2413,sports,08-28-2025,2010.98,1,0,30.28,Credit Card,South,5.0,53.0,3.0,0,
ORD102599,CUST3120,books,21/10/2025,342.09,1,20,38.8,Net Banking,Central,6.0,41.0,5.0,0,
ORD102827,CUST2998,sports,11-05-2024,2660.37,1,15,22.3,Cash on Delivery,South,1.0,27.0,5.0,1,Not as Described
ORD104530,CUST2008,Books,2025-12-25,577.31,3,15,79.99,Cash on Delivery,North,4.0,25.0,4.0,0,
ORD105755,CUST1264,grocery,2025-06-08,201.77,1,15,80.63,Cash on Delivery,South,3.0,42.0,5.0,0,
ORD105914,CUST1885,sports,26/02/2026,1933.63,1,20,60.03,Net Banking,West,4.0,24.0,4.0,0,
ORD102996,CUST2475,Home & kitchen,2026-06-17,3284.53,1,0,84.3,Debit Card,North,7.0,41.0,1.0,0,
ORD105118,CUST3756,Grocery,2025-03-27,299.7,1,10,,Debit Card,South,4.0,19.0,1.0,0,
ORD104513,CUST2332,Electronics,11-11-2025,10845.67,2,25,88.6,UPI,East,3.0,47.0,1.0,1,Better Price Found
ORD100336,CUST2049,toys,24/07/2025,930.03,1,25,53.97,Cash on Delivery,West,5.0,,3.0,1,Better Price Found
ORD103634,CUST3880,home & kitchen,03-06-2026,3158.46,1,30,32.1,Debit Card,West,5.0,49.0,5.0,0,
ORD101875,CUST2603,books,13/07/2026,259.43,1,10,42.77,UPI,East,1.0,16.0,4.0,0,
ORD102453,CUST4175,beauty,2025-07-30,521.64,2,25,73.08,Cash on Delivery,East,2.0,38.0,1.0,0,
ORD100279,CUST3067,,2026-04-06,405.23,1,0,103.98,Credit Card,Central,4.0,20.0,4.0,0,
ORD102646,CUST4473,Fashion ,07-20-2026,,1,25,79.87,Cash on Delivery,North,2.0,,5.0,0,
ORD104567,CUST3755,,08/06/2026,,1,25,90.9,Debit Card,South,2.0,41.0,5.0,0,
ORD103859,CUST4088,sports,22/12/2024,3197.32,1,10,70.02,UPI,East,6.0,40.0,1.0,0,
ORD100876,CUST2305,Electronics ,2025-01-30,6119.18,1,10,65.51,Cash on Delivery,South,4.0,46.0,5.0,0,
ORD104628,CUST3561,Grocery,2024-10-03,263.71,3,0,176.14,Debit Card,East,4.0,43.0,5.0,0,
ORD103122,CUST3021,ELECTRONICS,11-06-2025,7623.5,1,30,61.6,Cash on Delivery,North,1.0,21.0,4.0,0,
ORD103381,CUST3557,beauty,04-02-2026,378.93,1,5,64.03,Credit Card,North,4.0,53.0,4.0,0,
ORD103138,CUST3503,beauty,23/12/2025,,1,25,128.35,Credit Card,West,5.0,28.0,2.0,0,
ORD103343,CUST2867,beauty,2026-03-31,646.32,3,5,109.27,Credit Card,West,3.0,16.0,4.0,1,Better Price Found
ORD100138,CUST2215,electronics,2024-12-10,8215.1,1,20,19.94,Debit Card,West,8.0,43.0,3.0,0,
ORD103666,CUST2925, Beauty,17/04/2026,945.43,1,0,118.02,Cash on Delivery,West,6.0,27.0,4.0,1,Better Price Found
ORD100504,CUST2131,grocery,2026-05-12,196.58,1,0,77.46,UPI,Central,,27.0,5.0,1,Defective Product
ORD101884,CUST1687,Fashion ,07/08/2026,1982.0,1,0,211.54,Cash on Delivery,South,5.0,24.0,3.0,1,Changed Mind
ORD105975,CUST2891,grocery,2026-08-11,336.85,1,15,7.83,Credit Card,Central,3.0,,5.0,0,
ORD103548,CUST2704,Books,2026-05-29,446.97,1,10,155.6,Debit Card,West,3.0,44.0,2.0,0,
ORD105363,CUST1463,books,21/12/2024,555.65,2,5,36.01,Net Banking,South,5.0,35.0,5.0,0,
ORD100913,CUST1546,Home & Kitchen,2026-02-23,2298.98,1,15,135.14,UPI,Central,3.0,26.0,5.0,0,
ORD102589,CUST3122,Books,2026-06-30,427.27,1,20,68.8,UPI,Central,7.0,20.0,5.0,1,Wrong Item Delivered
ORD105143,CUST1915,Books,2026-04-01,239.11,1,5,32.58,UPI,East,3.0,46.0,5.0,0,
ORD100120,CUST1574,ELECTRONICS,09-15-2025,13170.58,1,0,25.27,,North,4.0,,3.0,1,Wrong Item Delivered
ORD100387,CUST3267,books,2025-05-15,358.2,2,10,81.84,Cash on Delivery,East,6.0,31.0,3.0,1,Wrong Item Delivered
ORD102513,CUST3484,books,24/01/2025,304.54,3,20,32.56,UPI,Central,4.0,49.0,4.0,0,
ORD100037,CUST3986,Beauty,22/12/2024,933.24,2,15,173.33,Credit Card,Central,6.0,26.0,5.0,1,Defective Product
ORD104191,CUST1499,Beauty,06/08/2026,982.33,2,20,12.05,UPI,Central,5.0,37.0,5.0,0,
ORD101402,CUST2595,sports,2024-12-09,1805.94,1,0,77.12,Cash on Delivery,Central,4.0,34.0,3.0,0,
ORD101420,CUST1597,Fashion,03-03-2025,952.44,1,10,55.63,Credit Card,Central,6.0,55.0,4.0,0,
ORD105906,CUST2404,Home & Kitchen,11-12-2024,3707.83,1,5,49.22,UPI,South,3.0,,3.0,0,
ORD105294,CUST3801,electronics,09-11-2025,6262.09,1,10,97.58,Cash on Delivery,West,3.0,43.0,4.0,0,
ORD104663,CUST4233,home & kitchen,10-07-2024,2267.47,1,0,89.36,Debit Card,South,6.0,30.0,5.0,0,
ORD101086,CUST3006,Home & Kitchen,08-26-2025,3227.31,3,15,23.91,Net Banking,West,7.0,36.0,3.0,1,Late Delivery
ORD103235,CUST4106,ELECTRONICS,2024-09-04,8198.59,2,0,106.73,Debit Card,South,3.0,28.0,2.0,0,
ORD103544,CUST2994,Beauty,2024-12-12,453.68,1,25,,Credit Card,Central,,27.0,1.0,1,Late Delivery
ORD102501,CUST2683,Fashion ,05/12/2025,1249.01,3,25,,Credit Card,North,4.0,28.0,4.0,1,Changed Mind
ORD104719,CUST2514,ELECTRONICS,07-18-2025,3677.23,2,30,16.1,Cash on Delivery,South,6.0,42.0,5.0,1,Better Price Found
ORD105944,CUST4386,grocery,21/03/2025,291.52,1,15,,Net Banking,Central,2.0,,3.0,0,
ORD105235,CUST3878,Electronics,08-19-2026,4688.63,3,25,83.59,Cash on Delivery,North,4.0,29.0,5.0,0,
ORD104601,CUST1266,electronics,2024-11-20,5875.4,1,20,129.53,Cash on Delivery,West,4.0,29.0,2.0,0,
ORD103740,CUST3750,grocery,2025-07-10,368.97,2,0,,UPI,North,5.0,17.0,5.0,0,
ORD105309,CUST3488,grocery,26/09/2025,398.16,1,0,,Net Banking,South,5.0,43.0,1.0,0,
ORD100147,CUST3765,Sports,2025-10-27,2612.55,1,10,54.06,UPI,South,2.0,16.0,5.0,0,
ORD101497,CUST2892,sports,2025-10-02,1360.97,2,0,134.99,Debit Card,East,4.0,29.0,5.0,0,
ORD102224,CUST3535,Beauty,03-20-2026,555.77,1,0,89.26,Debit Card,West,3.0,54.0,1.0,0,
ORD102258,CUST2978,Grocery,2026-04-24,383.26,3,0,100.58,Cash on Delivery,West,7.0,29.0,2.0,0,
ORD103930,CUST1672,Home & Kitchen,2026-05-27,2946.99,1,5,45.78,Net Banking,North,1.0,29.0,5.0,1,Defective Product
ORD101971,CUST1410,Toys,25/07/2026,1215.03,1,25,70.57,Net Banking,West,2.0,16.0,5.0,0,
ORD105515,CUST2672,books,01-28-2026,422.87,1,30,42.85,Cash on Delivery,West,1.0,29.0,1.0,1,Defective Product
ORD103372,CUST2357,beauty,12/10/2025,560.18,2,10,44.39,Debit Card,Central,1.0,37.0,4.0,0,
ORD100035,CUST3654, Beauty,07-04-2026,858.55,1,5,73.39,Debit Card,East,6.0,34.0,4.0,0,
ORD100631,CUST2145,grocery,06/07/2026,110.84,1,25,55.86,Debit Card,South,5.0,20.0,4.0,0,
ORD105771,CUST2121,Sports,11-30-2024,1452.61,4,15,58.21,Debit Card,East,2.0,39.0,4.0,0,
ORD103900,CUST2639,fashion,27/03/2026,1211.04,1,5,92.36,Cash on Delivery,West,2.0,42.0,4.0,1,Defective Product
ORD102527,CUST1394,grocery,2024-12-06,404.85,1,30,49.93,Net Banking,Central,6.0,23.0,4.0,0,
ORD105423,CUST2013,beauty,15/08/2026,661.75,1,0,27.88,Debit Card,Central,4.0,39.0,5.0,0,
ORD100728,CUST1215,toys,28/10/2025,1247.51,1,15,172.29,Net Banking,West,1.0,41.0,4.0,0,
ORD104550,CUST4027,home & kitchen,2024-09-21,2782.2,1,0,103.19,Cash on Delivery,East,5.0,16.0,3.0,1,Wrong Item Delivered
ORD105644,CUST4064,Beauty,2026-02-13,549.84,1,5,149.76,Cash on Delivery,Central,4.0,30.0,4.0,0,
ORD104522,CUST4081,books,14/08/2025,459.13,1,20,57.84,Debit Card,South,4.0,23.0,5.0,1,Size Issue
ORD104230,CUST2898,toys,25/04/2025,784.63,1,10,148.27,Cash on Delivery,East,5.0,18.0,1.0,0,
ORD102831,CUST1087,Sports,2026-02-05,2690.52,1,25,55.86,Net Banking,North,3.0,24.0,4.0,1,Size Issue
ORD100453,CUST3449,Books,2025-07-05,348.79,1,15,116.48,Net Banking,East,6.0,19.0,5.0,0,
ORD101056,CUST4452,Grocery,2025-08-15,162.29,4,0,107.26,Credit Card,Central,9.0,35.0,3.0,0,
ORD102124,CUST3912, Beauty,11-17-2024,1033.14,1,5,64.38,Net Banking,North,3.0,45.0,4.0,0,
ORD103324,CUST1003,sports,27/07/2026,2485.46,1,0,46.25,Credit Card,North,4.0,29.0,4.0,0,
ORD101901,CUST4464,grocery,2024-10-11,411.26,1,30,135.57,UPI,South,8.0,38.0,5.0,0,
ORD102713,CUST2095,toys,03-19-2025,708.78,3,5,101.04,Cash on Delivery,East,5.0,36.0,5.0,0,
ORD101058,CUST1033,ELECTRONICS,2025-03-15,8065.48,1,5,93.25,Cash on Delivery,North,2.0,38.0,4.0,0,
ORD103865,CUST1439,Books,07-06-2025,379.16,1,30,43.36,Cash on Delivery,North,6.0,16.0,1.0,1,Not as Described
ORD101576,CUST4218,home & kitchen,2026-07-23,2692.29,4,20,224.16,Credit Card,South,4.0,,4.0,1,Changed Mind
ORD103030,CUST2265,grocery,2026-05-11,237.47,1,0,16.29,UPI,West,2.0,21.0,5.0,0,
ORD105850,CUST1107,Toys,09-11-2024,1267.24,1,0,43.6,UPI,South,4.0,23.0,2.0,0,
ORD102013,CUST2943,Grocery,2025-07-11,196.32,1,0,87.2,Cash on Delivery,Central,7.0,,5.0,0,
ORD102556,CUST2038,home & kitchen,08/12/2025,1606.95,4,0,32.78,UPI,North,50.0,30.0,2.0,1,Changed Mind
ORD105829,CUST4079,Sports,08-16-2025,3814.23,1,0,398.9,Net Banking,South,3.0,32.0,4.0,0,
ORD101795,CUST4329,toys,24/02/2025,824.89,1,5,52.98,Debit Card,East,3.0,35.0,2.0,0,
ORD103517,CUST3872,Home & kitchen,09-21-2024,1539.95,1,0,83.95,Cash on Delivery,West,5.0,29.0,4.0,0,
ORD103742,CUST3008,Fashion ,06-03-2025,1170.94,1,25,135.18,UPI,Central,1.0,34.0,5.0,1,Better Price Found
ORD102607,CUST3354,Grocery,29/06/2026,279.77,2,15,77.38,UPI,South,4.0,50.0,4.0,0,
ORD105227,CUST1499,Sports,2024-11-12,2480.41,1,0,109.64,UPI,South,2.0,39.0,3.0,0,
ORD102113,CUST3131,toys,18/07/2025,951.95,1,15,103.42,Net Banking,Central,6.0,43.0,5.0,0,
ORD100448,CUST2182,books,10-09-2025,407.23,1,25,78.94,Credit Card,Central,6.0,51.0,5.0,0,
ORD100207,CUST2092,grocery,04-03-2026,222.73,1,10,135.95,UPI,West,6.0,35.0,3.0,0,
ORD101634,CUST4168,Home & kitchen,2024-11-27,1905.68,4,0,72.56,Net Banking,West,2.0,16.0,1.0,0,
ORD102057,CUST4017,Toys,10/06/2025,1072.38,2,5,55.46,Credit Card,North,6.0,18.0,4.0,0,
ORD101925,CUST1699,grocery,09-06-2024,159.26,1,0,194.14,Credit Card,Central,4.0,36.0,5.0,0,
ORD100981,CUST2189,books,25/09/2025,412.23,1,10,10.86,,Central,3.0,,4.0,0,
ORD105214,CUST1608,Beauty,02/07/2025,906.31,1,0,,Debit Card,Central,4.0,19.0,4.0,0,
ORD104661,CUST1420,Beauty,2025-01-06,352.4,1,5,,Debit Card,East,6.0,58.0,5.0,1,Changed Mind
ORD102222,CUST3249,Sports,14/09/2024,1035.36,1,25,121.95,Cash on Delivery,South,5.0,25.0,4.0,0,
ORD100932,CUST2638,Beauty,15/05/2025,439.48,1,0,134.56,Cash on Delivery,Central,3.0,,4.0,0,
ORD101391,CUST3597,home & kitchen,04-14-2025,2799.61,1,0,69.81,Net Banking,North,4.0,19.0,5.0,1,Size Issue
ORD100085,CUST4342,toys,02-05-2026,529.08,1,25,77.75,Cash on Delivery,North,6.0,19.0,4.0,1,Changed Mind
ORD102299,CUST1132,Home & kitchen,02-20-2026,1680.13,2,0,53.92,Debit Card,South,1.0,41.0,4.0,0,
ORD103839,CUST1804,electronics,06-30-2025,8234.9,1,0,121.02,UPI,South,6.0,33.0,1.0,0,
ORD104642,CUST2545,Home & kitchen,2026-06-20,2687.93,1,20,91.17,Net Banking,West,3.0,29.0,4.0,0,
ORD102540,CUST2561,home & kitchen,03-19-2026,1829.85,2,10,93.09,Credit Card,South,6.0,57.0,3.0,0,
ORD102546,CUST1343,sports,02-04-2025,1463.41,1,15,77.55,Net Banking,East,,22.0,5.0,0,
ORD104870,CUST2510,Books,11-15-2024,606.03,4,5,69.96,Credit Card,South,3.0,51.0,3.0,0,
ORD101680,CUST4309,electronics,06-23-2026,9791.27,1,10,92.87,Credit Card,Central,1.0,38.0,2.0,0,
ORD100800,CUST1253,toys,08-20-2025,737.72,2,15,,UPI,North,6.0,42.0,4.0,0,
ORD105051,CUST2261,Home & Kitchen,06-05-2025,2822.14,4,10,77.72,Debit Card,Central,5.0,47.0,5.0,0,
ORD102916,CUST2885,electronics,2024-10-26,9185.95,1,5,206.47,Debit Card,North,2.0,35.0,4.0,0,
ORD103747,CUST2514,beauty,05-05-2026,1089.5,2,25,167.73,Net Banking,North,55.0,45.0,4.0,0,
ORD103288,CUST2975,Books,13/12/2024,,2,15,34.54,Credit Card,West,6.0,28.0,5.0,0,
ORD105222,CUST1367, Beauty,2025-12-22,853.38,1,10,50.63,UPI,East,5.0,,5.0,0,
ORD101400,CUST2556,Fashion ,03-02-2025,1146.59,1,0,105.61,,North,4.0,28.0,4.0,1,Wrong Item Delivered
ORD103955,CUST1695,Fashion,2024-11-10,1115.52,2,0,82.05,Credit Card,West,7.0,33.0,5.0,1,Defective Product
ORD103534,CUST1186,Electronics ,21/01/2025,6096.86,1,15,95.92,Net Banking,Central,6.0,23.0,4.0,0,
ORD100875,CUST2535,Sports,15/08/2026,2876.8,1,5,,Net Banking,West,3.0,30.0,4.0,1,Size Issue
ORD101874,CUST3875,sports,20/08/2024,1859.33,3,5,112.67,UPI,Central,6.0,53.0,5.0,0,
ORD105800,CUST3617,toys,2025-11-25,60.95,1,0,92.12,UPI,South,6.0,26.0,5.0,0,
ORD104627,CUST2273,Sports,17/12/2024,1247.49,1,0,58.31,Credit Card,North,5.0,51.0,2.0,0,
ORD101178,CUST2343,Home & kitchen,06-27-2025,2836.18,1,0,82.92,Net Banking,South,5.0,34.0,5.0,0,
ORD105739,CUST3795,toys,2025-02-27,867.08,2,0,53.2,Credit Card,West,5.0,36.0,5.0,1,Not as Described
ORD102632,CUST2448,Home & kitchen,2025-08-02,2795.41,1,0,64.91,Net Banking,Central,2.0,26.0,5.0,0,
ORD103311,CUST3176,Books,06/12/2024,570.66,1,0,91.48,Credit Card,Central,4.0,47.0,4.0,1,Better Price Found
ORD101726,CUST2642,Toys,2026-08-06,1258.17,1,5,59.15,Net Banking,North,5.0,39.0,5.0,0,
ORD103911,CUST2567,Books,30/07/2026,377.04,4,30,105.46,UPI,South,3.0,26.0,2.0,0,
ORD100723,CUST3172,sports,10-25-2024,818.41,2,0,346.14,Credit Card,North,3.0,40.0,4.0,0,
ORD102436,CUST3783,Fashion ,05-08-2025,522.49,2,0,22.04,UPI,North,5.0,45.0,4.0,0,
ORD101801,CUST2888, Beauty,16/11/2024,664.39,1,30,112.4,Debit Card,West,7.0,35.0,4.0,0,
ORD105933,CUST2998,Grocery,2026-07-17,58.17,1,20,71.47,,East,4.0,48.0,5.0,0,
ORD102978,CUST4294,Grocery,04-26-2025,466.04,1,10,93.57,Credit Card,North,6.0,48.0,4.0,0,
ORD103952,CUST2278, Beauty,2025-02-06,1011.53,2,10,121.22,Credit Card,Central,3.0,30.0,,0,
ORD101580,CUST3913,Toys,02-17-2025,1105.17,2,5,48.07,Net Banking,West,4.0,32.0,5.0,1,Defective Product
ORD102553,CUST4294,home & kitchen,2025-01-16,1378.83,1,5,23.9,Net Banking,Central,6.0,39.0,5.0,0,
ORD103473,CUST1620,Fashion ,31/05/2025,1361.38,1,20,141.21,Credit Card,Central,2.0,29.0,5.0,0,
ORD101498,CUST2659,Beauty,04/02/2025,467.99,2,0,62.98,UPI,West,6.0,16.0,4.0,0,
ORD100314,CUST3187,Fashion,05/08/2026,1082.84,1,0,53.24,Net Banking,Central,6.0,44.0,2.0,0,
ORD101673,CUST3574,sports,24/08/2025,848.83,1,5,156.04,Debit Card,Central,7.0,40.0,5.0,0,
ORD104874,CUST1849,Grocery,2024-12-17,446.85,1,20,47.18,UPI,South,8.0,31.0,4.0,0,
ORD103541,CUST1409,Grocery,2024-09-17,258.31,1,20,127.84,Debit Card,East,3.0,25.0,5.0,0,
ORD103363,CUST1362,Sports,31/05/2026,1645.48,1,5,54.19,Credit Card,West,,20.0,3.0,0,
ORD101406,CUST1542,fashion,04/03/2025,753.43,1,0,84.37,Credit Card,North,7.0,49.0,5.0,0,
ORD100004,CUST1356,electronics,06-02-2026,10303.13,1,10,21.41,Cash on Delivery,West,6.0,,2.0,0,
ORD100766,CUST1907,fashion,2026-02-15,1431.82,2,0,50.43,Cash on Delivery,North,8.0,25.0,5.0,0,
ORD104836,CUST1281,home & kitchen,08-03-2025,2978.18,1,25,155.8,UPI,South,3.0,53.0,4.0,0,
ORD101837,CUST1711,,2026-08-13,178.76,1,5,67.9,Debit Card,South,6.0,41.0,4.0,0,
ORD102790,CUST1328,fashion,09-11-2024,599.88,2,0,75.15,Cash on Delivery,East,8.0,47.0,5.0,0,
ORD101407,CUST2765,Home & Kitchen,21/10/2024,3393.36,1,15,88.09,UPI,East,5.0,41.0,5.0,0,
ORD100622,CUST1961,electronics,11-11-2024,12067.72,2,5,15.88,Credit Card,South,2.0,28.0,4.0,0,
ORD100026,CUST3885,sports,15/10/2025,932.07,2,20,29.02,Net Banking,South,6.0,76.0,5.0,1,Defective Product
ORD102277,CUST3926,Books,19/01/2025,494.69,1,25,158.36,UPI,North,6.0,43.0,5.0,0,
ORD101428,CUST2620,fashion,29/03/2025,1456.18,2,0,23.08,Net Banking,Central,4.0,,4.0,0,
ORD105915,CUST1470,Books,05-14-2026,506.13,1,5,37.83,UPI,East,7.0,,,0,
ORD104327,CUST2703,fashion,31/10/2024,648.56,1,10,90.11,Cash on Delivery,Central,6.0,36.0,5.0,0,
ORD102866,CUST3417,Grocery,11-18-2025,287.1,1,25,64.01,Debit Card,East,2.0,36.0,4.0,0,
ORD105618,CUST1357, Beauty,2025-01-26,657.86,1,25,43.66,Credit Card,West,,26.0,4.0,0,
ORD104439,CUST3289,books,09/06/2025,440.75,1,0,82.66,Credit Card,East,3.0,21.0,2.0,0,
ORD104134,CUST2324,Books,07-27-2025,537.46,2,25,34.32,UPI,West,1.0,43.0,3.0,0,
ORD105972,CUST1087,Home & kitchen,02-07-2025,2908.14,1,20,65.23,Cash on Delivery,West,7.0,43.0,4.0,0,
ORD105060,CUST3058,Fashion ,08-09-2025,913.33,1,0,78.72,Cash on Delivery,South,6.0,36.0,2.0,1,Not as Described
ORD101390,CUST4168,grocery,2025-06-04,,1,20,87.2,Credit Card,North,7.0,16.0,4.0,0,
ORD104177,CUST3948,Books,11-09-2024,293.06,2,10,39.38,Net Banking,South,6.0,22.0,4.0,1,Better Price Found
ORD102498,CUST2972,Toys,2026-01-27,715.34,1,30,25.92,Cash on Delivery,West,3.0,54.0,5.0,0,
ORD100130,CUST1240,books,2026-05-13,643.03,1,0,77.42,Net Banking,East,4.0,38.0,5.0,0,
ORD104086,CUST3627,grocery,27/02/2026,251.41,2,5,120.98,Debit Card,Central,6.0,26.0,1.0,0,
ORD104854,CUST2218,home & kitchen,2026-01-21,2688.25,1,15,93.95,Cash on Delivery,South,5.0,27.0,4.0,0,
ORD102077,CUST4486,fashion,03-21-2025,939.66,2,25,104.92,Debit Card,North,7.0,44.0,3.0,0,
ORD104225,CUST1369,toys,31/10/2025,577.66,1,15,56.16,Credit Card,Central,3.0,56.0,4.0,0,
ORD102772,CUST2101,books,2025-09-11,264.49,2,0,28.43,Net Banking,Central,3.0,29.0,5.0,0,
ORD102728,CUST1340,Sports,01/03/2026,,2,0,32.59,Credit Card,North,6.0,,4.0,1,Better Price Found
ORD103208,CUST3907,Fashion ,2026-05-08,1280.25,4,15,59.28,Debit Card,Central,5.0,48.0,2.0,0,
ORD102925,CUST3824,Sports,2025-08-10,800.81,1,0,67.86,Net Banking,West,6.0,36.0,5.0,0,
ORD104244,CUST1387,Books,25/06/2025,291.8,1,0,29.69,UPI,East,3.0,,3.0,0,
ORD100541,CUST1280,Electronics ,14/09/2024,11904.95,1,0,25.95,Net Banking,North,1.0,23.0,5.0,0,
ORD103487,CUST3650,beauty,17/08/2026,561.1,1,25,49.49,Net Banking,Central,5.0,16.0,4.0,0,
ORD105115,CUST3935,toys,03-15-2026,1097.47,1,10,43.85,Cash on Delivery,Central,4.0,38.0,3.0,1,Changed Mind
ORD101545,CUST2873,Sports,19/12/2024,598.57,1,5,64.74,Credit Card,Central,1.0,16.0,1.0,0,
ORD101771,CUST1850,Toys,07-25-2026,1007.47,2,15,95.11,Credit Card,South,7.0,53.0,5.0,0,
ORD100383,CUST1070,ELECTRONICS,12/07/2025,1881.17,2,20,144.9,Cash on Delivery,West,4.0,30.0,4.0,0,
ORD100512,CUST2983,Grocery,11/07/2025,259.22,1,20,52.1,Cash on Delivery,West,7.0,,5.0,0,
ORD101811,CUST2687,Fashion,03-22-2025,1153.79,1,5,81.12,Debit Card,South,5.0,47.0,4.0,1,Defective Product
ORD101085,CUST4392,Toys,21/04/2025,881.69,3,15,156.57,Cash on Delivery,South,9.0,16.0,1.0,0,
ORD100699,CUST3725,Grocery,2025-06-15,259.9,1,15,,UPI,North,1.0,44.0,2.0,0,
ORD102820,CUST4157, Beauty,12-10-2024,932.82,2,5,84.72,UPI,West,5.0,47.0,5.0,0,
ORD103349,CUST1761, Beauty,05-05-2025,1089.67,2,5,78.98,Debit Card,Central,6.0,23.0,3.0,1,Size Issue
ORD105347,CUST1056,Electronics,18/11/2024,11649.32,2,5,39.37,Credit Card,Central,6.0,37.0,1.0,1,Defective Product
ORD102017,CUST1370,Books,18/04/2026,588.05,1,0,144.79,Net Banking,Central,8.0,40.0,5.0,0,
ORD105729,CUST3663,Home & kitchen,21/05/2026,,1,25,54.77,Net Banking,North,53.0,16.0,5.0,1,Wrong Item Delivered
ORD103145,CUST2552,toys,15/05/2025,1224.17,1,10,10.02,UPI,West,3.0,44.0,4.0,0,
ORD102179,CUST1683,Electronics,28/05/2026,2092.26,2,25,53.1,UPI,West,6.0,32.0,5.0,0,
ORD105643,CUST2924,Books,2026-03-01,341.25,1,0,,Cash on Delivery,West,5.0,34.0,2.0,0,
ORD104636,CUST4252,sports,04-19-2025,1942.85,1,10,29.74,Debit Card,South,6.0,29.0,5.0,0,
ORD100916,CUST4191, Beauty,2024-12-24,1004.64,1,0,105.15,Net Banking,North,4.0,41.0,5.0,0,
ORD104299,CUST3779,Toys,01-30-2026,1006.51,1,5,32.46,Cash on Delivery,West,3.0,51.0,4.0,0,
ORD103171,CUST1849,Toys,2026-02-09,1071.39,1,10,17.79,Net Banking,South,3.0,17.0,4.0,0,
ORD100760,CUST3824,grocery,07-21-2025,159.66,1,0,162.25,UPI,South,7.0,35.0,1.0,0,
ORD100770,CUST4179,grocery,01-07-2025,376.08,1,0,92.61,Debit Card,East,4.0,23.0,3.0,0,
ORD104377,CUST2289,Beauty,19/10/2024,683.02,1,5,137.01,Debit Card,West,1.0,33.0,5.0,0,
ORD104269,CUST3526,Sports,11-14-2025,1302.86,1,10,134.41,UPI,Central,4.0,36.0,5.0,0,
ORD105323,CUST3897,beauty,01/08/2026,685.6,2,10,75.03,Cash on Delivery,East,6.0,31.0,5.0,0,
ORD105038,CUST1773,Home & kitchen,02/09/2025,2559.65,2,25,280.61,Credit Card,North,5.0,48.0,5.0,0,
ORD104194,CUST1629,Toys,2026-04-22,846.58,1,15,97.99,UPI,South,3.0,46.0,5.0,0,
ORD102586,CUST3622,ELECTRONICS,10/04/2026,6027.98,3,5,99.77,UPI,North,6.0,30.0,4.0,0,
ORD101114,CUST1709,Home & Kitchen,04-05-2025,3222.68,2,0,24.79,Net Banking,Central,4.0,30.0,3.0,0,
ORD104822,CUST2247,grocery,2025-11-29,308.38,1,5,85.8,Cash on Delivery,East,7.0,29.0,3.0,1,Size Issue
ORD100798,CUST1771,toys,10/10/2025,1252.45,3,15,156.51,Credit Card,North,4.0,46.0,4.0,0,
ORD101549,CUST4174,fashion,10/11/2024,1459.31,1,0,151.85,Debit Card,South,3.0,44.0,4.0,0,
ORD102655,CUST3214,Sports,2025-08-03,2436.21,2,15,159.81,Debit Card,Central,4.0,33.0,5.0,1,Not as Described
ORD104105,CUST1919,Books,05-27-2026,480.26,1,5,148.61,UPI,North,4.0,46.0,4.0,0,
ORD102317,CUST3471,Sports,09-22-2025,1190.08,1,10,110.47,Credit Card,West,4.0,27.0,4.0,1,Defective Product
ORD100680,CUST2762, Beauty,2025-08-23,511.06,1,0,10.61,Credit Card,Central,6.0,27.0,5.0,0,
ORD101334,CUST1618,books,10-07-2024,329.24,1,10,108.64,Credit Card,West,2.0,46.0,2.0,1,Changed Mind
ORD103371,CUST2921,Books,2025-07-16,661.16,2,5,103.22,Cash on Delivery,North,7.0,32.0,4.0,0,
ORD103383,CUST3070,beauty,10-18-2024,429.37,2,10,90.73,Credit Card,North,2.0,53.0,4.0,1,Changed Mind
ORD101755,CUST1391,electronics,2024-10-20,5169.09,1,5,110.93,UPI,North,5.0,33.0,5.0,1,Changed Mind
ORD100342,CUST3358,Books,06-29-2026,317.07,1,15,73.25,UPI,East,8.0,34.0,5.0,0,
ORD105255,CUST4487,books,10-04-2025,404.35,2,25,112.7,UPI,South,7.0,54.0,2.0,0,
ORD105472,CUST1523,Sports,09/12/2024,2099.97,1,25,9.13,Debit Card,North,5.0,27.0,1.0,0,
ORD102567,CUST3700,Beauty,27/11/2024,693.91,1,10,102.66,Credit Card,South,3.0,21.0,5.0,1,Size Issue
ORD102523,CUST2578,ELECTRONICS,2025-02-02,7627.55,2,15,71.59,UPI,East,3.0,34.0,3.0,1,Size Issue
ORD100140,CUST3220,Electronics,16/10/2025,7799.52,1,25,64.76,Debit Card,West,6.0,,4.0,0,
ORD101310,CUST2518,toys,2026-06-18,926.77,1,5,36.46,Cash on Delivery,South,4.0,36.0,5.0,0,
ORD101772,CUST2897,home & kitchen,07-15-2025,2295.36,1,5,20.71,Cash on Delivery,Central,5.0,25.0,5.0,1,Better Price Found
ORD102114,CUST2383,home & kitchen,28/10/2025,3270.89,1,25,139.94,Cash on Delivery,Central,3.0,29.0,5.0,0,
ORD102957,CUST3523,Books,09/01/2025,283.42,1,25,32.54,Debit Card,Central,7.0,20.0,5.0,1,Size Issue
ORD100227,CUST3361,Books,11/11/2024,385.23,1,10,57.59,Credit Card,West,4.0,16.0,3.0,0,
ORD102732,CUST2013,Home & Kitchen,2025-04-02,383.26,1,20,70.97,Debit Card,East,3.0,54.0,5.0,0,
ORD100578,CUST2172,Beauty,2025-08-17,716.62,1,30,172.29,Cash on Delivery,East,3.0,,4.0,1,Not as Described
ORD105601,CUST3976,sports,15/10/2025,2223.26,2,0,64.96,Cash on Delivery,Central,7.0,37.0,4.0,1,Late Delivery
ORD101966,CUST3552,fashion,2026-03-16,1050.67,3,10,65.85,Cash on Delivery,South,3.0,28.0,3.0,0,
ORD105603,CUST1522,beauty,04-12-2025,717.63,1,0,16.2,Debit Card,East,1.0,27.0,4.0,0,
ORD105065,CUST2062,sports,2026-02-24,1748.01,1,0,,UPI,Central,5.0,29.0,4.0,0,
ORD100163,CUST1542,beauty,08-23-2025,516.45,2,0,78.99,Debit Card,South,2.0,24.0,4.0,1,Defective Product
ORD102850,CUST2313,sports,15/11/2025,2089.56,1,5,200.4,Debit Card,Central,4.0,27.0,5.0,0,
ORD103131,CUST3675,Toys,2024-12-05,1035.43,1,10,5.07,Credit Card,Central,1.0,41.0,5.0,1,Better Price Found
ORD102244,CUST1768,Sports,2025-11-08,2679.77,2,0,6.65,Debit Card,Central,7.0,26.0,5.0,0,
ORD101872,CUST2206,ELECTRONICS,2026-02-06,10295.93,1,0,128.44,Cash on Delivery,North,3.0,31.0,2.0,0,
ORD105834,CUST1867,books,2026-05-03,344.97,2,30,71.45,Cash on Delivery,South,6.0,47.0,5.0,0,
ORD103279,CUST3475,grocery,03/03/2026,200.39,1,0,45.48,UPI,West,6.0,36.0,4.0,1,Late Delivery
ORD102360,CUST1788,fashion,06-06-2026,1343.86,1,5,160.43,Debit Card,North,4.0,44.0,3.0,0,
ORD105625,CUST4189,Beauty,05-01-2026,1116.55,1,0,33.07,Credit Card,North,3.0,31.0,4.0,0,
ORD103818,CUST4405,books,10/11/2025,265.91,1,0,100.98,Net Banking,North,5.0,35.0,4.0,0,
ORD104847,CUST4307,fashion,06-06-2025,544.97,1,5,52.03,Cash on Delivery,Central,3.0,48.0,4.0,0,
ORD101782,CUST4359,Books,2025-03-25,401.77,1,0,117.84,Debit Card,East,4.0,36.0,5.0,0,
ORD100427,CUST4031,Books,07/11/2025,424.16,2,10,64.33,Net Banking,South,3.0,39.0,3.0,1,Defective Product
ORD105700,CUST1382,Fashion ,28/05/2026,1947.7,2,20,20.22,UPI,East,7.0,30.0,5.0,0,
ORD100449,CUST2919,grocery,07-06-2025,253.93,1,0,39.16,Credit Card,West,3.0,57.0,4.0,0,
ORD102323,CUST2755,electronics,2025-05-21,6352.49,2,30,105.74,UPI,West,9.0,58.0,5.0,0,
ORD104540,CUST1004,toys,15/07/2025,1760.47,3,15,43.41,Cash on Delivery,South,4.0,26.0,4.0,0,
ORD104001,CUST3139,beauty,11-20-2025,284.03,1,0,62.48,Debit Card,North,3.0,16.0,4.0,0,
ORD102267,CUST4122,Sports,19/06/2026,1258.33,1,20,68.81,Credit Card,South,8.0,40.0,4.0,0,
ORD100313,CUST1522,Fashion ,07-26-2025,910.04,1,25,66.88,Credit Card,East,8.0,22.0,3.0,0,
ORD104168,CUST2802,fashion,11-27-2025,1835.2,4,10,148.83,UPI,Central,6.0,,4.0,0,
ORD104061,CUST2266,sports,27/09/2025,1579.61,1,0,24.85,Net Banking,West,3.0,52.0,5.0,0,
ORD100369,CUST3334,Sports,02-18-2026,1114.36,1,5,20.02,Cash on Delivery,East,4.0,21.0,5.0,0,
ORD101528,CUST3642,grocery,07/01/2026,347.55,1,15,53.84,Debit Card,North,1.0,26.0,1.0,0,
ORD101721,CUST4383,Toys,04-09-2025,749.19,3,0,76.6,Cash on Delivery,South,3.0,55.0,3.0,0,
ORD104037,CUST1369,Home & Kitchen,08-16-2025,1973.68,2,0,133.99,Credit Card,South,2.0,18.0,4.0,0,
ORD100664,CUST3519,books,22/08/2025,361.86,1,0,152.83,Credit Card,West,1.0,31.0,5.0,0,
ORD105591,CUST3710,Fashion ,2026-06-19,1269.41,1,15,160.72,Net Banking,South,4.0,36.0,2.0,1,Better Price Found
ORD103925,CUST2288,Toys,26/05/2025,620.51,1,10,29.94,Credit Card,North,6.0,33.0,5.0,0,
ORD105290,CUST4226,Fashion ,2025-04-07,1512.09,4,0,60.33,Credit Card,West,1.0,54.0,3.0,0,
ORD103817,CUST3288,books,01-03-2025,256.93,3,5,69.85,Cash on Delivery,Central,7.0,56.0,5.0,0,
ORD102462,CUST4101,Toys,2026-01-01,951.22,1,0,122.29,Cash on Delivery,West,5.0,40.0,1.0,0,
ORD103523,CUST4349,toys,2025-10-25,1113.87,1,0,225.95,UPI,South,2.0,42.0,5.0,0,
ORD104951,CUST2265,Grocery,06-05-2026,325.49,1,15,64.54,Debit Card,North,6.0,43.0,4.0,0,
ORD105901,CUST2846,,11-25-2025,1791.45,2,25,81.44,Credit Card,North,4.0,32.0,5.0,0,
ORD104673,CUST3390,Sports,07/05/2025,1630.95,1,10,,Credit Card,Central,3.0,31.0,1.0,0,
ORD102894,CUST2814,books,2026-08-18,464.26,1,5,106.61,UPI,West,2.0,38.0,5.0,0,
ORD100678,CUST3446,Home & kitchen,2025-05-24,2039.28,2,0,,Net Banking,Central,4.0,16.0,5.0,0,
ORD100126,CUST1382,books,08-29-2024,399.5,1,15,22.96,Debit Card,North,5.0,16.0,2.0,0,
ORD102297,CUST3828,Home & Kitchen,04-24-2026,2553.46,1,15,32.53,UPI,Central,5.0,25.0,5.0,0,
ORD102271,CUST3467,Home & Kitchen,11-28-2024,2923.96,2,5,92.4,UPI,South,4.0,57.0,5.0,0,
ORD104907,CUST2534,Home & Kitchen,28/06/2026,3955.84,2,25,68.33,Debit Card,North,4.0,37.0,4.0,0,
ORD102386,CUST1186,electronics,15/02/2026,4515.58,1,30,48.45,Credit Card,North,4.0,33.0,2.0,0,
ORD105631,CUST3849,toys,27/11/2024,1091.43,1,30,51.98,UPI,North,8.0,33.0,4.0,0,
ORD103874,CUST1166,Home & kitchen,09-30-2025,3251.25,2,15,25.47,Credit Card,Central,7.0,16.0,5.0,0,
ORD104953,CUST3538,Sports,2026-02-23,1650.61,3,20,125.81,Debit Card,South,5.0,42.0,4.0,1,Defective Product
ORD105183,CUST3700,books,08/08/2026,417.36,1,10,78.82,Net Banking,North,2.0,37.0,5.0,0,
ORD100370,CUST2552,Home & kitchen,08/11/2025,2783.55,1,30,23.23,Cash on Delivery,Central,4.0,16.0,5.0,0,
ORD103654,CUST1566,ELECTRONICS,2026-03-07,9641.7,1,0,113.01,Debit Card,South,5.0,23.0,4.0,0,
ORD104768,CUST1310,Fashion,2025-03-01,1435.9,2,0,87.79,Cash on Delivery,South,4.0,25.0,4.0,1,Late Delivery
ORD101272,CUST3749, Beauty,08/07/2026,754.88,2,10,20.07,Debit Card,West,2.0,41.0,4.0,0,
ORD100285,CUST4185,Grocery,09/03/2025,50.0,1,0,49.49,Net Banking,East,5.0,16.0,5.0,0,
ORD100095,CUST3661,Toys,2026-08-16,930.03,1,0,76.35,UPI,South,4.0,26.0,,0,
ORD101170,CUST1665,Toys,11-09-2024,943.89,1,20,51.34,UPI,East,7.0,33.0,3.0,1,Defective Product
ORD103203,CUST4450,Home & kitchen,2025-11-19,,1,30,,Credit Card,East,4.0,32.0,3.0,1,Wrong Item Delivered
ORD102554,CUST2483,toys,04-06-2025,333.61,1,25,27.81,Net Banking,Central,,32.0,4.0,0,
ORD101228,CUST2674,Books,2024-09-11,400.25,1,25,33.09,Net Banking,West,4.0,16.0,3.0,1,Defective Product
ORD102948,CUST2376,Beauty,12-05-2024,1140.03,1,20,12.54,Debit Card,West,6.0,45.0,5.0,0,
ORD105442,CUST2489,Fashion,11-07-2024,912.46,1,0,92.56,Credit Card,West,5.0,40.0,5.0,0,
ORD100171,CUST3717,books,2025-03-25,402.2,4,20,35.67,Net Banking,East,5.0,,4.0,0,
ORD102559,CUST3787,books,2025-11-09,665.76,1,10,101.39,UPI,East,5.0,22.0,4.0,1,Changed Mind
ORD101463,CUST3613,Toys,15/09/2025,963.5,2,0,27.36,Credit Card,South,4.0,30.0,4.0,0,
ORD101003,CUST4144,Fashion ,22/10/2025,1283.15,1,10,152.93,UPI,South,4.0,22.0,,0,
ORD102717,CUST3133,sports,02-16-2026,2151.43,1,5,11.7,Credit Card,South,3.0,29.0,2.0,0,
ORD105497,CUST3063,Toys,2025-08-28,905.49,1,15,72.87,Net Banking,South,5.0,17.0,1.0,0,
ORD105958,CUST1869,Beauty,03-14-2025,664.24,1,0,95.42,Net Banking,West,3.0,30.0,4.0,0,
ORD103202,CUST2536,fashion,04-23-2025,945.09,1,5,301.88,UPI,South,5.0,33.0,5.0,0,
ORD102043,CUST2377,grocery,2025-08-06,415.2,1,0,208.03,Cash on Delivery,South,4.0,39.0,5.0,0,
ORD102584,CUST3447,Toys,03-16-2025,254.21,2,25,155.85,Cash on Delivery,West,1.0,38.0,3.0,0,
ORD100250,CUST1875,toys,08/07/2025,15421.319532979827,1,25,143.19,UPI,East,6.0,29.0,4.0,0,
ORD102635,CUST1778,Fashion ,12-31-2025,786.02,1,10,91.99,Net Banking,North,8.0,18.0,4.0,1,Better Price Found
ORD104731,CUST3405,books,27/02/2026,366.77,1,5,111.32,UPI,South,2.0,29.0,4.0,0,
ORD105458,CUST3166,Home & Kitchen,2026-03-11,1658.87,2,15,124.93,Credit Card,Central,7.0,34.0,4.0,0,
ORD100048,CUST3044,Grocery,2025-01-21,529.93,1,0,33.03,Cash on Delivery,North,3.0,35.0,5.0,0,
ORD101352,CUST2663,beauty,2024-10-15,532.18,3,30,42.14,Net Banking,South,3.0,36.0,5.0,1,Defective Product
ORD100111,CUST1386,sports,12/06/2025,50.0,1,20,31.07,Cash on Delivery,Central,1.0,,5.0,0,
ORD103338,CUST1047,toys,2024-11-18,1079.32,1,0,95.22,UPI,South,4.0,35.0,1.0,1,Better Price Found
ORD100950,CUST1307, Beauty,2026-07-12,314.62,1,25,25.75,Credit Card,East,5.0,24.0,2.0,0,
ORD100193,CUST4260,fashion,04-01-2025,1751.21,1,5,128.57,Net Banking,North,6.0,21.0,4.0,1,Defective Product
ORD102650,CUST4130,Sports,12-30-2024,2368.84,2,0,26.39,Debit Card,East,5.0,28.0,5.0,0,
ORD100612,CUST1957,home & kitchen,11-06-2024,3908.33,1,0,32.59,Net Banking,East,2.0,33.0,2.0,1,Not as Described
ORD104130,CUST2847,Fashion,02-07-2025,1295.4,1,0,39.64,Credit Card,East,2.0,54.0,1.0,0,
ORD104322,CUST1848,grocery,12-15-2024,345.36,1,5,104.73,Net Banking,East,1.0,35.0,4.0,0,
ORD100152,CUST3390,Home & Kitchen,21/06/2025,3303.53,2,0,,Net Banking,North,6.0,23.0,3.0,0,
ORD100109,CUST1995,grocery,2025-10-14,261.93,1,25,101.59,Net Banking,West,6.0,45.0,4.0,1,Defective Product
ORD105173,CUST3884,Toys,2025-08-15,281.93,1,10,59.01,Debit Card,North,3.0,28.0,4.0,0,
ORD100672,CUST2816,books,2026-01-21,331.56,1,5,186.99,Credit Card,East,2.0,33.0,3.0,0,
ORD102000,CUST3075,Fashion,03/04/2025,1221.72,1,5,76.95,Net Banking,Central,7.0,16.0,4.0,0,
ORD105240,CUST1080,sports,05/04/2026,1847.49,2,15,39.85,UPI,East,6.0,40.0,4.0,0,
ORD105379,CUST2452,Books,02/01/2025,197.58,1,30,205.71,Debit Card,East,5.0,24.0,2.0,1,Wrong Item Delivered
ORD105971,CUST2568,toys,04-14-2025,398.74,1,10,68.96,UPI,Central,6.0,43.0,4.0,0,
ORD102582,CUST2641,Books,26/05/2025,505.63,1,20,15.2,Credit Card,East,6.0,44.0,1.0,0,
ORD103143,CUST1381,Grocery,06-30-2026,,1,20,79.34,Credit Card,West,3.0,41.0,4.0,1,Changed Mind
ORD105133,CUST3595,Toys,06-24-2026,670.36,1,0,140.36,Cash on Delivery,North,4.0,34.0,4.0,0,
ORD102451,CUST3226,Books,26/09/2025,336.37,1,25,85.67,Net Banking,Central,4.0,34.0,4.0,0,
ORD101537,CUST3027,grocery,23/08/2025,99.93,2,20,,Credit Card,South,6.0,16.0,5.0,0,
ORD101308,CUST2923,Beauty,08-06-2026,412.46,1,10,141.68,Credit Card,Central,4.0,,3.0,0,
ORD101157,CUST4430,Electronics,20/06/2025,6955.21,1,0,37.99,UPI,East,3.0,53.0,4.0,0,
ORD104607,CUST3516,Sports,12-27-2025,2047.75,1,5,177.32,UPI,West,4.0,41.0,4.0,0,
ORD102158,CUST1414,Books,2026-01-29,604.23,3,15,55.42,Credit Card,South,6.0,37.0,3.0,0,
ORD101698,CUST1519,grocery,2024-12-19,338.0,1,5,21.37,Net Banking,South,6.0,42.0,5.0,0,
ORD104376,CUST1285,sports,2025-09-01,819.36,1,5,112.58,UPI,East,5.0,51.0,3.0,0,
ORD103113,CUST2261,Books,25/09/2024,610.36,1,0,23.87,Cash on Delivery,North,4.0,28.0,3.0,0,
ORD102741,CUST3857,Fashion,2025-07-10,1404.47,1,5,96.89,Credit Card,West,4.0,16.0,5.0,0,
ORD102381,CUST2773,sports,2025-11-22,2631.32,2,25,59.12,Debit Card,South,5.0,20.0,5.0,0,
ORD102185,CUST3503,toys,07-05-2025,17010.31259414411,1,10,109.43,Net Banking,West,5.0,28.0,5.0,1,Changed Mind
ORD104511,CUST2668,sports,03-31-2025,3107.52,2,5,127.93,Net Banking,Central,4.0,23.0,4.0,0,
ORD101440,CUST2334, Beauty,2026-03-13,782.38,2,0,21.47,Credit Card,North,5.0,52.0,4.0,0,
ORD103387,CUST1058,Beauty,08/05/2026,423.96,1,0,80.33,Debit Card,Central,5.0,31.0,3.0,0,
ORD105289,CUST1628,fashion,06-21-2025,1188.2,2,10,58.57,Cash on Delivery,East,2.0,29.0,1.0,1,Defective Product
ORD104899,CUST4426,Electronics ,2026-01-10,3032.95,1,20,58.71,Cash on Delivery,North,7.0,45.0,5.0,1,Changed Mind
ORD105476,CUST2499,sports,01/08/2026,1772.76,1,30,75.81,Cash on Delivery,North,7.0,23.0,4.0,1,Size Issue
ORD104204,CUST1865,electronics,2025-10-09,10428.8,1,0,30.7,Cash on Delivery,East,7.0,16.0,3.0,0,
ORD105642,CUST1613,Home & Kitchen,04-05-2026,2398.35,3,5,29.07,Cash on Delivery,North,4.0,36.0,3.0,0,
ORD101699,CUST2100,Toys,02-18-2026,1345.73,1,25,39.36,Credit Card,South,1.0,39.0,4.0,0,
ORD103744,CUST1229,Home & Kitchen,27/08/2025,3730.31,1,5,24.83,Cash on Delivery,Central,4.0,32.0,3.0,0,
ORD100882,CUST3889,Home & Kitchen,11-28-2024,1640.47,1,0,13.99,UPI,South,3.0,45.0,5.0,1,Wrong Item Delivered
ORD103909,CUST1279,Home & Kitchen,2024-09-26,2115.2,1,10,226.4,Cash on Delivery,Central,5.0,39.0,2.0,0,
ORD100567,CUST2871,beauty,01-05-2026,1183.34,1,15,90.49,,West,6.0,32.0,4.0,0,
ORD105474,CUST4110,Fashion ,2026-01-21,1075.91,1,15,58.05,UPI,South,1.0,26.0,5.0,0,
ORD103283,CUST3660,Home & Kitchen,04-14-2025,1780.17,1,5,75.11,Net Banking,East,3.0,52.0,4.0,1,Better Price Found
ORD102610,CUST3060,Electronics ,10-01-2025,9337.87,1,15,78.8,Debit Card,East,3.0,28.0,4.0,0,
ORD101808,CUST1608,Electronics,2025-03-11,7209.53,1,25,128.68,Net Banking,South,4.0,43.0,5.0,0,
ORD102261,CUST1711,home & kitchen,06/01/2026,2701.39,1,0,18.01,UPI,West,4.0,27.0,3.0,1,Late Delivery
ORD101514,CUST3404,Fashion,11-08-2025,1597.11,1,20,62.65,Cash on Delivery,West,4.0,42.0,4.0,0,
ORD103038,CUST4438,books,12-31-2024,460.28,1,0,58.5,Debit Card,Central,8.0,39.0,4.0,0,
ORD103598,CUST1559,home & kitchen,10-01-2024,2949.36,1,0,154.35,Debit Card,South,2.0,18.0,3.0,0,
ORD101746,CUST1840,toys,03-31-2025,879.92,2,5,51.51,Net Banking,West,3.0,40.0,4.0,0,
ORD100315,CUST2613,home & kitchen,2024-09-07,1618.16,1,10,24.02,Debit Card,West,7.0,28.0,5.0,0,
ORD100572,CUST3864,Fashion ,2025-10-13,1532.58,4,0,41.33,UPI,Central,7.0,34.0,2.0,0,
ORD102968,CUST4288,Fashion,2025-11-12,1329.17,1,20,58.54,Credit Card,South,5.0,39.0,5.0,0,
ORD105073,CUST3755,books,03/08/2025,549.23,3,0,15.84,UPI,West,4.0,27.0,4.0,0,
ORD102333,CUST3345,sports,2025-08-12,841.24,2,20,47.53,Cash on Delivery,North,7.0,16.0,4.0,1,Better Price Found
ORD104903,CUST2262,Home & kitchen,05-31-2025,2792.98,2,10,90.56,Net Banking,South,6.0,16.0,5.0,0,
ORD105982,CUST2232,Fashion ,18/06/2025,1404.32,2,10,79.03,Cash on Delivery,West,6.0,18.0,2.0,0,
ORD101696,CUST4207,grocery,05/09/2025,490.76,2,20,163.29,Cash on Delivery,North,4.0,,5.0,0,
ORD104534,CUST3604,toys,2024-10-19,690.02,3,20,63.47,Cash on Delivery,West,5.0,34.0,3.0,1,Better Price Found
ORD105409,CUST1441,books,23/11/2024,,1,0,,Credit Card,East,5.0,31.0,4.0,0,
ORD101921,CUST2751,Home & kitchen,05-09-2025,3343.45,3,10,92.69,Net Banking,North,2.0,37.0,4.0,0,
ORD103204,CUST3480,home & kitchen,12-18-2024,1222.92,1,10,71.85,Credit Card,Central,5.0,29.0,4.0,0,
ORD101141,CUST3175,fashion,21/12/2025,1077.41,1,10,32.52,Debit Card,North,6.0,31.0,5.0,0,
ORD101859,CUST2530,books,07-22-2026,645.12,1,20,21.09,Net Banking,North,5.0,34.0,2.0,0,
ORD102688,CUST1245,sports,2026-01-05,1458.12,2,0,47.73,Debit Card,West,2.0,36.0,4.0,0,
ORD105987,CUST3852,ELECTRONICS,2025-06-02,11740.37,2,5,62.3,Debit Card,South,8.0,30.0,5.0,0,
ORD102711,CUST1934,Home & Kitchen,12-15-2024,42354.04254781212,2,5,19.16,UPI,Central,2.0,54.0,5.0,0,
ORD104512,CUST1241,Books,2025-12-28,464.42,1,20,122.39,Net Banking,West,5.0,30.0,5.0,0,
ORD103581,CUST3427,Home & Kitchen,01-28-2026,3708.33,1,10,109.39,Net Banking,East,3.0,36.0,3.0,0,
ORD101017,CUST3698,beauty,2024-12-09,667.72,3,20,93.88,Net Banking,South,5.0,30.0,5.0,0,
ORD105615,CUST2727,Home & kitchen,2025-10-17,1312.05,1,0,154.63,Cash on Delivery,North,,30.0,3.0,1,Not as Described
ORD100929,CUST1195,Electronics ,05-11-2026,4012.82,1,0,44.28,Net Banking,East,7.0,42.0,2.0,0,
ORD100748,CUST3049,,01-15-2026,325.19,1,5,95.06,Debit Card,Central,8.0,38.0,4.0,0,
ORD105403,CUST3792,Home & kitchen,2025-08-16,3457.52,1,5,58.53,Credit Card,West,2.0,34.0,5.0,0,
ORD100623,CUST1555,grocery,05-29-2026,419.79,1,0,74.43,Cash on Delivery,East,5.0,31.0,4.0,0,
ORD105842,CUST1031,Home & Kitchen,2026-02-11,4600.69,4,30,41.42,UPI,West,3.0,28.0,,0,
ORD105894,CUST4433,fashion,2026-04-28,750.51,1,0,282.78,Cash on Delivery,Central,8.0,29.0,5.0,0,
ORD101344,CUST4330,toys,08-31-2024,1532.02,1,15,231.76,Credit Card,East,5.0,56.0,5.0,0,
ORD104166,CUST1619,Fashion,02-28-2026,1706.83,1,15,270.13,Debit Card,West,7.0,37.0,4.0,0,
ORD102705,CUST1593,Fashion,2025-07-24,1287.37,1,10,3.24,UPI,West,2.0,20.0,5.0,1,Wrong Item Delivered
ORD101057,CUST2927,books,12-10-2025,260.24,3,20,115.5,Cash on Delivery,East,2.0,45.0,,1,Better Price Found
ORD101064,CUST2484,Books,2025-10-03,481.85,2,15,29.33,Cash on Delivery,South,7.0,45.0,2.0,0,
ORD105787,CUST1813,beauty,03/06/2026,475.11,1,5,47.24,Cash on Delivery,East,1.0,28.0,3.0,1,Changed Mind
ORD104833,CUST2682,Fashion ,2024-12-22,1310.91,1,15,40.07,Net Banking,East,2.0,37.0,2.0,0,
ORD105310,CUST1196,Fashion,10-30-2024,1026.24,2,15,17.82,Credit Card,North,8.0,31.0,5.0,0,
ORD103414,CUST4265,Toys,18/03/2025,1168.54,1,0,50.24,UPI,East,4.0,28.0,5.0,0,
ORD101765,CUST1830,grocery,12/10/2024,243.3,2,10,104.38,Credit Card,East,7.0,19.0,4.0,0,
ORD104684,CUST4216,Home & Kitchen,2026-06-14,2837.73,2,5,131.03,Debit Card,West,4.0,36.0,5.0,0,
ORD100479,CUST3693, Beauty,11/08/2026,1018.63,1,0,43.9,UPI,West,4.0,29.0,3.0,0,
ORD100229,CUST1006,grocery,2026-01-19,350.42,1,25,330.49,UPI,North,3.0,36.0,4.0,0,
ORD105826,CUST1367,home & kitchen,23/04/2026,2687.96,1,5,37.71,Credit Card,East,2.0,19.0,5.0,0,
ORD103780,CUST2178,Home & Kitchen,09/12/2025,1383.67,1,0,216.19,Credit Card,South,1.0,36.0,4.0,0,
ORD102449,CUST4150, Beauty,16/10/2025,763.84,1,10,48.24,Credit Card,South,5.0,36.0,5.0,0,
ORD102054,CUST3684,home & kitchen,01-28-2026,1791.46,2,0,33.13,UPI,South,4.0,36.0,4.0,0,
ORD105895,CUST1412,Toys,01-18-2025,1094.13,1,25,,Credit Card,West,7.0,,4.0,0,
ORD103992,CUST3114,Electronics ,11-20-2025,12112.21,1,5,65.86,Credit Card,East,6.0,24.0,4.0,0,
ORD104699,CUST4031,fashion,2025-04-18,1503.48,1,25,71.92,UPI,North,2.0,16.0,5.0,0,
ORD104209,CUST2633,Beauty,2025-05-24,933.89,2,25,176.33,Credit Card,South,7.0,31.0,2.0,0,
ORD101229,CUST1554,Books,12-28-2024,254.47,1,20,35.9,Net Banking,Central,6.0,28.0,4.0,1,Changed Mind
ORD104850,CUST3359,electronics,21/07/2025,6650.37,1,0,171.33,Credit Card,North,7.0,22.0,5.0,0,
ORD105594,CUST4231,home & kitchen,03-25-2026,3340.62,1,15,38.44,Net Banking,East,5.0,55.0,4.0,1,Late Delivery
ORD102497,CUST2352,toys,18/06/2025,809.36,1,10,133.78,,South,8.0,32.0,5.0,0,
ORD101683,CUST3661,Electronics ,02-27-2026,9071.11,1,0,,Credit Card,East,5.0,38.0,5.0,0,
ORD100594,CUST2116,fashion,09-11-2025,1214.28,1,20,66.75,Debit Card,North,5.0,27.0,4.0,1,Late Delivery
ORD103356,CUST3887,toys,10-08-2025,899.78,1,15,107.64,Cash on Delivery,East,2.0,,4.0,1,Changed Mind
ORD102269,CUST2204,Electronics ,24/07/2026,7139.7,2,0,57.58,Credit Card,North,5.0,53.0,4.0,0,
ORD101561,CUST1970,Electronics,2026-03-08,4401.66,1,15,22.73,Cash on Delivery,North,1.0,34.0,3.0,0,
ORD104754,CUST2253,ELECTRONICS,04/06/2025,7339.96,1,20,57.38,Net Banking,South,4.0,,5.0,0,
ORD104164,CUST1675,Toys,2025-04-04,1202.25,3,15,262.96,UPI,Central,5.0,43.0,5.0,0,
ORD105045,CUST3980,sports,20/02/2026,1969.7,3,15,161.89,UPI,Central,8.0,24.0,3.0,0,
ORD102971,CUST3807,Toys,2025-02-05,734.05,1,0,54.74,Cash on Delivery,West,4.0,39.0,5.0,0,
ORD101741,CUST4438, Beauty,29/04/2025,656.18,1,20,83.24,Debit Card,East,5.0,48.0,4.0,0,
ORD105093,CUST1503,Grocery,06/09/2024,358.63,3,25,202.15,Net Banking,West,4.0,31.0,5.0,0,
ORD105192,CUST2612,Home & Kitchen,2026-05-06,1144.9,1,15,83.15,UPI,North,7.0,19.0,5.0,0,
ORD102311,CUST2029,Grocery,08-28-2024,490.14,1,5,41.92,Cash on Delivery,Central,4.0,17.0,4.0,0,
ORD101591,CUST2999,Sports,07-17-2025,2059.63,4,0,249.27,Net Banking,South,1.0,16.0,2.0,0,
ORD101343,CUST2174,ELECTRONICS,2025-09-14,11504.28,2,5,73.79,Credit Card,West,8.0,42.0,4.0,0,
ORD102742,CUST3420,toys,2025-09-17,914.99,1,30,27.59,Debit Card,North,5.0,34.0,3.0,1,Changed Mind
ORD102629,CUST4067,Books,06/06/2025,487.98,3,0,79.74,Net Banking,West,1.0,46.0,5.0,0,
ORD103978,CUST1376,Grocery,02-13-2026,300.8,1,0,115.66,Credit Card,West,2.0,27.0,4.0,0,
ORD100799,CUST2948,Electronics,2025-04-11,8081.95,3,0,91.51,Debit Card,East,7.0,37.0,5.0,0,
ORD100280,CUST3244,Fashion ,06-26-2025,1453.9,2,15,46.56,Debit Card,East,4.0,25.0,3.0,0,
ORD101554,CUST1419,beauty,12/08/2026,596.0,1,25,43.94,Net Banking,West,1.0,33.0,4.0,0,
ORD100731,CUST2814,books,10-17-2024,443.91,1,0,107.31,Debit Card,North,1.0,20.0,3.0,0,
ORD102633,CUST3349,books,25/01/2025,606.76,2,20,17.75,Debit Card,North,7.0,32.0,5.0,0,
ORD103564,CUST3078,Electronics ,10/08/2026,7719.38,1,30,119.22,Debit Card,West,1.0,43.0,4.0,0,
ORD103566,CUST1852,Home & Kitchen,11-19-2025,2882.59,1,10,84.74,Debit Card,South,4.0,26.0,5.0,0,
ORD103586,CUST1971,Toys,01/02/2025,909.79,1,30,121.84,Debit Card,South,7.0,34.0,5.0,0,
ORD101129,CUST2616,Beauty,2025-09-20,937.34,1,5,53.1,Debit Card,West,4.0,38.0,1.0,0,
ORD105580,CUST3521,Grocery,05-07-2025,194.15,1,0,130.97,Credit Card,East,6.0,50.0,3.0,0,
ORD101598,CUST1892,ELECTRONICS,09-13-2025,3085.71,1,0,48.55,Cash on Delivery,Central,5.0,,5.0,1,Wrong Item Delivered
ORD103062,CUST3749,Electronics,01-28-2025,6141.51,1,20,64.06,Credit Card,North,5.0,31.0,5.0,0,
ORD104193,CUST1434,Books,2026-06-29,404.48,1,0,127.66,Credit Card,South,6.0,38.0,4.0,0,
ORD103412,CUST3172,Home & Kitchen,2025-02-26,723.06,2,10,117.59,Cash on Delivery,Central,1.0,36.0,5.0,0,
ORD102531,CUST2975,Fashion ,12/11/2024,1191.34,1,5,172.33,Debit Card,Central,7.0,19.0,3.0,0,
ORD102334,CUST1298,grocery,09-25-2025,307.37,1,0,74.25,Credit Card,North,6.0,25.0,2.0,0,
ORD100180,CUST3598, Beauty,2024-09-25,514.59,1,0,161.46,UPI,Central,6.0,27.0,5.0,0,
ORD100024,CUST3533,fashion,17/04/2026,844.35,2,5,15.05,Cash on Delivery,West,5.0,38.0,4.0,0,
ORD105193,CUST2324,grocery,29/10/2024,488.66,1,0,70.06,UPI,West,5.0,29.0,2.0,0,
ORD101602,CUST3367,Toys,04-22-2025,711.22,2,0,82.29,UPI,West,4.0,23.0,4.0,0,
ORD102544,CUST1548,Sports,10-29-2024,1410.04,1,20,45.83,UPI,West,4.0,16.0,5.0,0,
ORD103218,CUST3048,Books,2025-08-06,253.35,1,10,189.4,Credit Card,South,4.0,55.0,5.0,0,
ORD103085,CUST2171,home & kitchen,07/03/2026,2355.72,1,0,85.35,Net Banking,West,3.0,21.0,5.0,0,
ORD102906,CUST3440,Grocery,07/08/2026,167.19,1,20,196.07,Cash on Delivery,North,4.0,29.0,5.0,0,
ORD100431,CUST1711,Beauty,2024-12-11,996.05,2,10,153.49,Net Banking,East,6.0,39.0,4.0,1,Size Issue
ORD102941,CUST3858,Fashion,2025-04-14,1660.25,1,0,63.9,Credit Card,East,1.0,31.0,4.0,0,
ORD100569,CUST4495,Home & Kitchen,08-19-2026,2611.21,1,15,71.26,Credit Card,South,7.0,25.0,5.0,0,
ORD104770,CUST3055,Home & Kitchen,2025-03-22,1766.99,3,15,,UPI,West,6.0,,4.0,0,
ORD105956,CUST1952,Toys,03-23-2026,1047.71,1,30,24.1,Net Banking,West,3.0,37.0,4.0,0,
ORD102276,CUST1822,Home & kitchen,2025-11-24,2899.67,1,5,58.24,UPI,South,5.0,44.0,5.0,0,
ORD104264,CUST1703,ELECTRONICS,2024-11-12,7549.01,2,25,13.05,Debit Card,South,8.0,40.0,1.0,0,
ORD104227,CUST1763, Beauty,15/05/2025,651.8,2,0,19.37,Debit Card,West,4.0,16.0,4.0,0,
ORD105619,CUST1011,home & kitchen,02-06-2025,2794.29,1,10,65.98,UPI,North,6.0,27.0,5.0,0,
ORD101690,CUST2266,sports,2025-11-07,1469.46,1,0,114.21,Cash on Delivery,South,1.0,26.0,5.0,0,
ORD104369,CUST4284,fashion,02-01-2025,1008.41,1,0,39.48,UPI,West,1.0,,2.0,1,Defective Product
ORD104611,CUST3662,Grocery,24/12/2025,138.9,1,0,130.61,Debit Card,West,3.0,,3.0,0,
ORD105810,CUST2257,beauty,30/08/2024,232.64,4,20,313.44,Cash on Delivery,West,5.0,50.0,4.0,0,
ORD101365,CUST1390,home & kitchen,03/08/2026,1465.53,1,10,80.33,UPI,South,5.0,41.0,2.0,0,
ORD104806,CUST2391,sports,2026-04-20,1672.58,1,15,44.99,Net Banking,North,6.0,66.0,2.0,0,
ORD103710,CUST1840,toys,2025-05-16,779.34,1,15,16.71,Credit Card,South,5.0,16.0,3.0,0,
ORD104888,CUST1660,Electronics ,11/03/2025,9047.15,1,10,,Net Banking,North,6.0,38.0,5.0,0,
ORD105081,CUST2990,Sports,2025-03-01,1823.15,1,30,30.62,Debit Card,Central,5.0,31.0,3.0,1,Wrong Item Delivered
ORD104705,CUST3585,books,2025-07-06,,1,0,104.29,Net Banking,West,4.0,49.0,4.0,0,
ORD102161,CUST1205,Books,02-28-2025,585.14,1,10,39.28,Net Banking,South,9.0,29.0,,1,Not as Described
ORD103457,CUST2057,home & kitchen,17/08/2026,1946.6,1,15,10.7,Debit Card,West,4.0,37.0,5.0,0,
ORD102845,CUST1002,Books,2025-05-14,362.06,2,15,18.19,Credit Card,Central,1.0,38.0,4.0,0,
ORD103572,CUST2491,ELECTRONICS,27/09/2024,9413.81,1,25,118.69,Cash on Delivery,Central,5.0,42.0,5.0,1,Wrong Item Delivered
ORD100132,CUST2086,sports,09/08/2026,1823.94,1,15,73.06,Net Banking,Central,4.0,16.0,5.0,0,
ORD105652,CUST1656,beauty,23/12/2024,341.09,2,10,88.43,UPI,North,6.0,16.0,5.0,0,
ORD102642,CUST1321,Beauty,04/11/2024,236.22,1,15,57.73,Cash on Delivery,North,6.0,47.0,4.0,0,
ORD105674,CUST1114,electronics,04-29-2026,4925.26,1,10,108.93,Net Banking,Central,3.0,35.0,4.0,0,
ORD104410,CUST4170,Fashion,02-11-2025,997.7,1,10,40.43,Debit Card,North,1.0,46.0,4.0,1,Wrong Item Delivered
ORD100855,CUST3778,grocery,2025-01-07,288.31,2,0,,UPI,Central,2.0,,2.0,0,
ORD100264,CUST3942,Fashion,2025-10-13,1461.33,1,25,23.46,Debit Card,Central,1.0,42.0,2.0,0,
ORD105319,CUST1517,sports,2024-12-10,1402.43,2,15,29.4,Net Banking,Central,3.0,37.0,5.0,1,Late Delivery
ORD101096,CUST1932,Grocery,15/10/2025,252.21,2,25,49.11,Credit Card,South,8.0,,4.0,0,
ORD104881,CUST3904,books,2025-02-18,367.41,1,0,31.25,Debit Card,South,4.0,51.0,5.0,0,
ORD103061,CUST2691,Sports,2026-06-26,1775.41,1,10,29.54,Cash on Delivery,North,1.0,44.0,4.0,0,
ORD105009,CUST2703,sports,13/08/2025,1973.38,1,15,60.55,Cash on Delivery,North,3.0,40.0,5.0,0,
ORD101715,CUST1614,Fashion ,2025-05-12,139.83,1,5,44.22,Cash on Delivery,South,6.0,37.0,2.0,1,Not as Described
ORD104963,CUST4243,Toys,09-16-2024,791.89,1,25,71.63,UPI,West,,16.0,3.0,0,
ORD105899,CUST2719,grocery,01-19-2025,337.52,1,10,186.25,Debit Card,South,7.0,28.0,5.0,0,
ORD103526,CUST1258,home & kitchen,2025-11-12,2342.36,1,15,43.9,Credit Card,North,5.0,40.0,1.0,0,
ORD101584,CUST2100,fashion,10-15-2025,1141.13,2,15,50.04,Net Banking,West,5.0,30.0,5.0,0,
ORD101189,CUST2256,Sports,11-13-2024,2322.06,2,5,102.33,UPI,South,5.0,54.0,5.0,0,
ORD101374,CUST1848,Electronics ,2024-08-30,9211.98,2,5,45.36,Net Banking,East,3.0,26.0,5.0,1,Better Price Found
ORD100426,CUST1246, Beauty,10-08-2025,719.15,3,5,62.92,Credit Card,South,4.0,25.0,5.0,0,
ORD104038,CUST1500,fashion,09/02/2025,,2,25,40.26,Credit Card,Central,6.0,,5.0,0,
ORD105807,CUST3783,ELECTRONICS,16/07/2026,6115.19,1,0,59.01,Credit Card,Central,3.0,37.0,3.0,0,
ORD104446,CUST1591,home & kitchen,2026-04-13,4663.89,1,20,80.25,Credit Card,East,7.0,45.0,4.0,0,
ORD102411,CUST1583,Books,05-03-2026,545.19,1,0,141.81,Debit Card,North,3.0,35.0,3.0,0,
ORD102457,CUST3052,grocery,2024-11-24,266.21,1,10,99.04,Cash on Delivery,South,6.0,17.0,5.0,0,
ORD103165,CUST4309,Toys,2025-08-17,1097.04,1,0,68.45,Credit Card,East,3.0,30.0,2.0,0,
ORD103250,CUST1207,Grocery,18/09/2025,149.76,1,5,108.53,Credit Card,West,2.0,40.0,3.0,1,Not as Described
ORD104321,CUST4459,books,07-30-2025,124.04,1,5,18.99,Credit Card,Central,6.0,43.0,3.0,1,Defective Product
ORD104242,CUST1184, Beauty,2025-09-25,292.04,1,15,129.77,Debit Card,North,5.0,40.0,3.0,1,Changed Mind
ORD105276,CUST3252,Books,2025-06-23,548.52,1,0,56.47,Cash on Delivery,North,7.0,32.0,4.0,0,
ORD102374,CUST3936,Books,09-05-2024,363.3,1,15,15.6,UPI,East,5.0,49.0,4.0,0,
ORD104900,CUST3141,Sports,2025-11-26,1752.5,4,30,127.94,UPI,Central,2.0,,5.0,0,
ORD102328,CUST1163,Fashion,07-05-2026,1363.05,1,25,12.12,UPI,North,6.0,26.0,5.0,0,
ORD103032,CUST2761,home & kitchen,2026-06-14,3044.37,4,0,92.19,UPI,East,4.0,36.0,5.0,1,Better Price Found
ORD101625,CUST2822,beauty,02/09/2025,461.24,2,10,77.23,UPI,Central,5.0,39.0,5.0,0,
ORD103858,CUST2154,Sports,06/01/2025,1418.87,1,0,36.18,UPI,South,6.0,46.0,4.0,0,
ORD105370,CUST1890,Home & kitchen,10-08-2025,2229.92,1,15,94.95,Net Banking,East,4.0,60.0,5.0,0,
ORD100841,CUST2379,electronics,15/09/2024,4753.06,1,10,54.33,Debit Card,East,6.0,45.0,4.0,0,
ORD105522,CUST4187,beauty,2025-09-15,741.17,1,20,209.96,Credit Card,East,4.0,24.0,5.0,0,
ORD100595,CUST2052,books,04-18-2026,453.5,1,0,101.65,Debit Card,West,4.0,28.0,4.0,0,
ORD101763,CUST2302,home & kitchen,2026-02-07,2376.21,1,25,41.98,Debit Card,South,2.0,40.0,1.0,0,
ORD102901,CUST2536,Sports,2025-09-21,1659.69,1,0,13.71,Net Banking,South,6.0,44.0,3.0,0,
ORD100131,CUST1008,Grocery,17/12/2024,191.68,2,15,42.9,Debit Card,Central,3.0,42.0,5.0,0,
ORD101163,CUST3468,Toys,03-25-2025,1053.99,4,0,50.98,Cash on Delivery,West,5.0,30.0,3.0,0,
ORD105389,CUST1445,home & kitchen,04/04/2026,1707.58,1,10,72.36,Cash on Delivery,South,7.0,28.0,3.0,0,
ORD102167,CUST1187,Electronics,05-03-2026,6094.55,3,5,29.74,Net Banking,North,2.0,27.0,5.0,0,
ORD103933,CUST1448,sports,08-10-2025,2037.21,2,15,176.99,UPI,South,2.0,40.0,4.0,0,
ORD101637,CUST3172,Toys,12-01-2024,759.15,1,0,158.94,Net Banking,North,49.0,45.0,4.0,0,
ORD100245,CUST4414,home & kitchen,06-11-2025,2755.38,1,15,124.74,Cash on Delivery,Central,4.0,27.0,4.0,0,
ORD101435,CUST1822, Beauty,12/07/2026,717.04,1,0,169.57,Credit Card,South,4.0,25.0,5.0,0,
ORD103739,CUST4479,Electronics,2024-10-19,7135.35,3,25,170.7,Credit Card,West,4.0,16.0,3.0,0,
ORD103148,CUST2928,home & kitchen,05/10/2024,1706.04,1,25,63.5,Credit Card,West,6.0,45.0,5.0,0,
ORD104272,CUST2239,Fashion ,03/06/2025,1092.59,1,10,109.42,Cash on Delivery,Central,5.0,41.0,5.0,1,Size Issue
ORD103404,CUST3630,toys,2025-04-28,351.19,4,0,140.65,Cash on Delivery,Central,6.0,20.0,2.0,0,
ORD105384,CUST4151,Home & kitchen,24/08/2024,4036.71,1,20,43.48,Net Banking,South,5.0,16.0,5.0,0,
ORD101369,CUST1304,books,2025-03-05,335.83,1,25,140.56,,East,6.0,38.0,4.0,0,
ORD101291,CUST4119,Home & kitchen,01-03-2025,2564.91,1,15,20.49,Debit Card,North,,29.0,3.0,0,
ORD102015,CUST4431,Home & Kitchen,2025-04-27,3106.25,4,0,184.47,Debit Card,West,6.0,30.0,4.0,0,
ORD104046,CUST2041,Toys,06/07/2025,618.21,1,20,16.3,Cash on Delivery,West,10.0,38.0,4.0,0,
ORD103060,CUST1061,home & kitchen,13/06/2025,1032.54,1,10,92.82,Cash on Delivery,Central,,43.0,4.0,0,
ORD101167,CUST1549,Books,31/05/2026,515.88,1,20,127.06,UPI,Central,5.0,40.0,5.0,0,
ORD104116,CUST3943,Electronics,11-12-2024,11930.13,3,0,45.29,UPI,East,2.0,33.0,4.0,1,Not as Described
ORD102383,CUST3190,Fashion ,2025-12-24,679.83,2,5,38.86,Cash on Delivery,West,9.0,18.0,4.0,1,Defective Product
ORD101682,CUST3598,grocery,05-31-2025,230.59,1,30,117.04,Credit Card,North,3.0,42.0,4.0,0,
ORD102441,CUST1335,grocery,2025-12-03,272.11,1,0,11.02,Debit Card,North,2.0,16.0,5.0,0,
ORD100118,CUST1447,grocery,24/04/2025,464.38,1,5,63.33,Net Banking,East,2.0,,3.0,0,
ORD103154,CUST3576,toys,10/10/2025,836.94,2,25,,Cash on Delivery,Central,3.0,52.0,4.0,1,Wrong Item Delivered
ORD102568,CUST1941,Beauty,14/11/2024,156.04,1,0,65.06,Credit Card,South,8.0,42.0,5.0,0,
ORD103177,CUST4236,books,2025-03-12,245.12,1,30,45.37,,North,4.0,53.0,5.0,0,
ORD100089,CUST1676,sports,12/07/2026,1017.85,1,10,32.77,,East,7.0,16.0,4.0,0,
ORD104153,CUST1540,Grocery,05-22-2026,310.55,1,0,177.81,Credit Card,North,6.0,19.0,5.0,0,
ORD103530,CUST1494,ELECTRONICS,08/06/2025,8392.12,2,0,134.5,Cash on Delivery,North,4.0,23.0,4.0,1,Defective Product
ORD104282,CUST1606,Sports,2026-03-04,1062.99,1,5,54.55,UPI,West,3.0,,4.0,0,
ORD105950,CUST3690, Beauty,2024-10-11,468.58,1,25,62.55,Debit Card,East,1.0,16.0,4.0,0,
ORD102686,CUST3325,grocery,10-03-2025,324.63,1,20,102.77,UPI,East,4.0,42.0,5.0,0,
ORD100588,CUST3373,beauty,07/07/2025,581.69,2,30,128.85,UPI,East,6.0,38.0,,0,
ORD102310,CUST1220,Books,07-26-2026,652.62,1,20,122.76,Net Banking,West,,40.0,4.0,1,Not as Described
ORD103419,CUST4458,sports,2025-11-27,1661.97,2,30,184.53,Credit Card,North,3.0,,3.0,0,
ORD103693,CUST2875,Sports,2025-09-23,173.61,1,15,56.9,UPI,South,6.0,46.0,4.0,0,
ORD101610,CUST1002,Fashion,07/07/2025,1529.9,1,10,12.98,UPI,West,1.0,28.0,4.0,0,
ORD101641,CUST1620,Home & kitchen,21/11/2025,946.29,4,15,219.38,Credit Card,East,2.0,33.0,5.0,0,
ORD101629,CUST2956,Books,2026-01-08,349.23,3,5,162.63,Credit Card,West,5.0,34.0,5.0,0,
ORD101106,CUST1835,Toys,2025-06-16,938.26,1,5,12.35,UPI,West,1.0,49.0,5.0,0,
ORD100038,CUST2893, Beauty,2025-02-13,694.88,1,20,72.91,Credit Card,North,4.0,46.0,5.0,0,
ORD100681,CUST3874,Grocery,30/10/2024,,4,0,43.05,Cash on Delivery,South,4.0,21.0,5.0,0,
ORD100708,CUST1470,Books,29/09/2025,541.44,1,15,64.4,Cash on Delivery,West,5.0,17.0,3.0,0,
ORD102268,CUST2629,Sports,2025-02-16,2681.94,2,25,32.78,Net Banking,East,5.0,46.0,4.0,0,
ORD104171,CUST2065,beauty,09-14-2024,1080.36,3,0,154.66,UPI,North,5.0,35.0,5.0,0,
ORD103848,CUST2439,sports,01-01-2025,853.35,3,5,36.64,Cash on Delivery,North,5.0,32.0,5.0,0,
ORD100412,CUST2956,Grocery,2025-02-19,314.1,1,10,5.85,UPI,Central,6.0,18.0,2.0,0,
ORD101900,CUST2848,Beauty,30/01/2025,681.64,3,0,56.72,Credit Card,Central,4.0,36.0,5.0,0,
ORD102714,CUST2619,electronics,2025-11-04,10760.38,2,10,17.08,UPI,East,68.0,39.0,3.0,0,
ORD101714,CUST2932,Toys,2025-02-13,836.08,1,0,63.88,Credit Card,Central,4.0,34.0,2.0,1,Defective Product
ORD101985,CUST1082,Toys,2026-06-05,981.4,1,0,111.73,Debit Card,East,3.0,35.0,4.0,0,
ORD102984,CUST3551,ELECTRONICS,2025-09-24,10002.63,2,10,18.7,Credit Card,North,1.0,33.0,5.0,1,Size Issue
ORD101289,CUST3477,ELECTRONICS,2025-05-21,6264.7,1,15,119.49,UPI,North,5.0,45.0,3.0,0,
ORD101949,CUST3056,fashion,01-23-2026,900.94,1,20,104.7,Credit Card,East,4.0,56.0,3.0,0,
ORD100977,CUST1359,fashion,10/07/2025,1592.89,1,0,96.51,Cash on Delivery,East,6.0,35.0,4.0,0,
ORD101831,CUST1987,Toys,2025-02-16,1109.8,3,0,118.77,Cash on Delivery,North,3.0,20.0,4.0,0,
ORD101546,CUST4164,grocery,10-06-2025,429.0,1,25,257.31,Cash on Delivery,South,7.0,25.0,4.0,0,
ORD104161,CUST2078,Beauty,06-09-2026,867.36,1,0,109.09,Net Banking,East,5.0,55.0,3.0,0,
ORD105199,CUST2976,Sports,07-08-2025,1778.32,3,5,,Credit Card,North,4.0,46.0,4.0,1,Size Issue
ORD105186,CUST2730,Home & kitchen,06-01-2025,2391.52,4,10,55.24,Debit Card,East,5.0,39.0,1.0,0,
ORD101544,CUST2182,fashion,01-30-2025,1425.95,1,0,28.57,Net Banking,West,5.0,42.0,4.0,0,
ORD104955,CUST2214,sports,05-19-2025,,1,15,107.98,Credit Card,East,3.0,30.0,4.0,0,
ORD105178,CUST1921,Sports,07-03-2026,2137.05,2,0,71.58,Debit Card,Central,4.0,25.0,2.0,0,
ORD103249,CUST2387,toys,2025-04-03,468.34,1,15,139.53,Debit Card,Central,7.0,51.0,4.0,1,Defective Product
ORD102811,CUST1892,books,2026-05-12,752.76,1,0,64.75,Cash on Delivery,North,6.0,56.0,5.0,0,
ORD103314,CUST2296,toys,16/01/2025,708.53,2,5,97.63,Credit Card,Central,4.0,49.0,5.0,0,
ORD102930,CUST4195, Beauty,2025-05-24,608.08,1,0,62.56,Cash on Delivery,South,9.0,40.0,4.0,0,
ORD105502,CUST1186,Grocery,12-22-2024,344.1,1,0,9.82,Cash on Delivery,West,6.0,27.0,5.0,1,Defective Product
ORD104675,CUST2923,home & kitchen,03/12/2024,3300.54,1,0,16.53,Debit Card,West,3.0,52.0,4.0,1,Wrong Item Delivered
ORD103866,CUST2453,sports,12-29-2024,1108.57,1,0,26.07,Debit Card,West,7.0,25.0,4.0,1,Changed Mind
ORD105824,CUST1406,grocery,2026-01-14,260.31,1,30,40.78,Debit Card,East,3.0,39.0,4.0,1,Size Issue
ORD102735,CUST1698,Toys,09-08-2025,723.86,1,5,17.4,Debit Card,South,4.0,29.0,5.0,0,
ORD100421,CUST1924,Beauty,03-20-2026,558.13,1,25,78.57,Cash on Delivery,South,3.0,27.0,4.0,0,
ORD101767,CUST1636,grocery,10-20-2025,216.52,1,5,33.76,Credit Card,East,7.0,16.0,4.0,1,Not as Described
ORD104876,CUST3616,toys,2024-09-07,623.74,2,0,58.77,Net Banking,East,8.0,17.0,5.0,0,
ORD100356,CUST2775,Fashion,2025-08-12,,1,0,,Net Banking,South,8.0,51.0,,1,Not as Described
ORD103641,CUST4083,Fashion,23/03/2025,1700.94,1,20,18.17,Credit Card,North,5.0,38.0,5.0,0,
ORD101323,CUST3009, Beauty,01/12/2025,585.55,2,20,35.26,Debit Card,West,6.0,36.0,4.0,0,
ORD102604,CUST4340,Sports,30/04/2025,1855.76,1,0,,Credit Card,South,1.0,19.0,5.0,1,Not as Described
ORD105864,CUST3908,ELECTRONICS,03/02/2025,10979.37,1,5,71.37,Credit Card,Central,7.0,29.0,5.0,0,
ORD101459,CUST3833,Toys,2025-08-24,551.63,1,20,165.92,Cash on Delivery,East,5.0,27.0,4.0,0,
ORD102109,CUST2571,home & kitchen,2024-11-21,2665.46,1,10,47.87,Credit Card,East,6.0,30.0,5.0,0,
ORD100486,CUST2179,sports,11-22-2024,1664.17,1,25,84.57,Net Banking,West,8.0,50.0,3.0,0,
ORD102766,CUST1324,Home & kitchen,27/01/2025,734.02,1,0,18.11,,West,5.0,35.0,4.0,1,Late Delivery
ORD103086,CUST2730,Home & Kitchen,22/07/2025,2628.51,1,0,55.95,Cash on Delivery,South,5.0,23.0,4.0,0,
ORD103455,CUST1255,Sports,2025-03-09,1954.34,1,0,40.68,Credit Card,East,3.0,33.0,5.0,0,
ORD103527,CUST2745,books,2026-03-30,405.97,1,0,123.6,Credit Card,North,9.0,16.0,4.0,1,Changed Mind
ORD103310,CUST3706,fashion,2026-02-23,1334.6,1,10,38.33,UPI,South,3.0,16.0,5.0,0,
ORD105057,CUST1698,Home & Kitchen,02-05-2026,1849.92,1,0,9.71,Cash on Delivery,East,6.0,42.0,4.0,0,
ORD102750,CUST2064,Electronics,05-13-2025,5411.25,1,0,127.49,Debit Card,East,2.0,34.0,5.0,0,
ORD100399,CUST2159,books,09-06-2025,354.42,1,0,114.21,UPI,Central,2.0,44.0,4.0,0,
ORD100638,CUST1500,Sports,08/03/2025,2448.12,1,30,96.07,UPI,Central,2.0,34.0,4.0,0,
ORD104232,CUST1635,beauty,01-02-2026,487.65,1,20,48.24,Credit Card,South,1.0,41.0,2.0,0,
ORD104968,CUST3209,electronics,12/02/2025,11013.62,1,10,118.14,Net Banking,Central,7.0,16.0,2.0,0,
ORD103652,CUST3887,Home & Kitchen,05/12/2025,2590.8,1,0,71.82,Debit Card,South,6.0,23.0,4.0,0,
ORD101261,CUST3365,Electronics,2025-10-14,9667.29,1,25,164.52,Credit Card,West,3.0,29.0,4.0,0,
ORD102366,CUST4168,Home & kitchen,22/12/2025,2120.75,1,25,35.78,Cash on Delivery,North,4.0,43.0,3.0,0,
ORD100580,CUST2443,Sports,05/11/2025,2594.76,1,15,14.48,Credit Card,East,3.0,27.0,4.0,1,Wrong Item Delivered
ORD104449,CUST3102,sports,07-27-2026,2384.24,1,5,,Cash on Delivery,South,5.0,46.0,5.0,1,Defective Product
ORD102706,CUST3623,Grocery,05-15-2026,292.17,1,25,39.77,Net Banking,West,6.0,31.0,3.0,0,
ORD100917,CUST3848,Beauty,2026-01-01,1060.26,1,0,207.66,,Central,9.0,36.0,5.0,0,
ORD105169,CUST3820,Grocery,21/08/2025,337.14,1,25,33.09,Net Banking,West,4.0,48.0,5.0,1,Size Issue
ORD103868,CUST1932,Books,2025-01-22,704.29,1,0,51.79,Credit Card,Central,4.0,41.0,3.0,0,
ORD103031,CUST3145,Electronics ,01-04-2026,8378.12,2,0,37.06,UPI,West,6.0,19.0,3.0,0,
ORD100392,CUST1494,beauty,02-18-2025,956.93,1,0,193.9,UPI,North,5.0,30.0,5.0,0,
ORD101143,CUST2692,Books,26/09/2024,360.73,1,15,52.19,Cash on Delivery,West,8.0,20.0,5.0,0,
ORD100887,CUST3493,Sports,2026-07-07,1313.82,1,10,29.13,UPI,West,7.0,37.0,3.0,0,
ORD105904,CUST3585,Sports,2025-12-14,1071.32,1,20,29.81,Cash on Delivery,East,3.0,37.0,5.0,0,
ORD100006,CUST1895,Home & kitchen,09/09/2024,1907.69,1,20,103.5,UPI,East,3.0,30.0,5.0,0,
ORD105010,CUST4040,toys,2026-07-07,1001.1,1,15,29.42,Debit Card,South,3.0,39.0,2.0,0,
ORD104009,CUST2175,fashion,2025-03-02,539.55,1,20,67.29,Credit Card,Central,4.0,28.0,3.0,0,
ORD100267,CUST1022,fashion,11/12/2025,1527.17,1,0,234.59,Credit Card,East,5.0,41.0,4.0,0,
ORD104681,CUST1223,Toys,21/04/2026,819.41,1,10,89.48,UPI,Central,5.0,27.0,4.0,0,
ORD101499,CUST1763,ELECTRONICS,2025-11-22,5916.69,1,0,309.19,Net Banking,West,6.0,28.0,3.0,1,Not as Described
ORD101313,CUST1066,electronics,2026-02-11,2770.82,1,0,26.53,Debit Card,West,2.0,27.0,4.0,0,
ORD105524,CUST4054,Fashion,2024-11-04,1142.4,1,10,138.92,Net Banking,South,5.0,29.0,5.0,0,
ORD101375,CUST4081,fashion,2025-10-22,888.84,1,5,45.74,Cash on Delivery,South,5.0,19.0,3.0,0,
ORD102830,CUST2796,toys,2025-04-29,334.21,4,5,97.97,Net Banking,North,4.0,16.0,4.0,0,
ORD105930,CUST4248,electronics,2024-11-02,2403.53,1,10,87.84,Debit Card,North,4.0,34.0,4.0,0,
ORD105505,CUST2137,Fashion,07-08-2026,1132.24,1,0,67.74,UPI,South,6.0,21.0,5.0,0,
ORD105334,CUST2280,fashion,06-12-2025,,1,0,29.77,Debit Card,South,6.0,40.0,5.0,1,Not as Described
ORD100571,CUST2470,Sports,24/05/2025,2713.41,1,20,16.81,Cash on Delivery,West,8.0,16.0,2.0,0,
ORD105162,CUST4429,Grocery,07-09-2026,381.88,1,30,91.23,Debit Card,West,4.0,40.0,4.0,0,
ORD101747,CUST1975,grocery,09-10-2025,120.72,1,5,29.41,Net Banking,Central,5.0,46.0,4.0,0,
ORD104669,CUST1180,toys,27/11/2024,842.09,1,15,106.07,UPI,North,2.0,33.0,3.0,0,
ORD104813,CUST2352,sports,2024-12-09,1427.27,1,15,122.48,Net Banking,Central,7.0,23.0,5.0,0,
ORD104147,CUST2616,Sports,05-24-2025,2682.19,1,15,48.23,Credit Card,West,4.0,46.0,4.0,1,Defective Product
ORD105635,CUST1434,,27/09/2024,344.84,1,5,,Debit Card,West,7.0,32.0,2.0,0,
ORD101924,CUST1397,Grocery,08-05-2025,214.06,1,10,58.98,Cash on Delivery,Central,7.0,36.0,2.0,1,Defective Product
ORD102700,CUST2165,books,2026-08-04,530.67,1,0,50.05,Net Banking,North,2.0,39.0,2.0,0,
ORD100792,CUST1369,Home & Kitchen,03/12/2025,2160.61,1,5,159.41,Debit Card,West,7.0,35.0,4.0,1,Better Price Found
ORD104835,CUST2713,Electronics ,21/11/2024,7168.81,1,5,132.57,Cash on Delivery,East,5.0,37.0,5.0,0,
ORD100517,CUST2568,sports,09/02/2025,1270.42,1,0,113.38,UPI,North,2.0,16.0,1.0,0,
ORD100786,CUST4261,sports,11-23-2025,1545.93,1,0,71.13,Debit Card,South,2.0,34.0,5.0,0,
ORD102368,CUST1425,toys,06-25-2025,769.43,2,0,50.31,Debit Card,North,1.0,35.0,5.0,0,
ORD101373,CUST2288,electronics,06-28-2026,4851.67,1,0,10.95,Credit Card,East,7.0,21.0,5.0,1,Late Delivery
ORD104686,CUST3845,sports,2025-12-20,1797.5,1,0,220.44,Credit Card,West,4.0,29.0,1.0,0,
ORD105961,CUST4307,home & kitchen,11-06-2025,1705.61,1,10,87.5,Cash on Delivery,South,5.0,34.0,4.0,0,
ORD103125,CUST1325,toys,14/06/2025,612.58,2,5,61.77,Cash on Delivery,South,4.0,,,0,
ORD102502,CUST1176,Grocery,2024-09-04,263.38,1,5,63.03,UPI,Central,3.0,25.0,4.0,0,
ORD103441,CUST3900,Fashion ,11-28-2025,1548.11,1,10,43.78,Credit Card,East,8.0,37.0,2.0,1,Better Price Found
ORD105404,CUST2330,grocery,01-23-2026,298.0,1,0,42.91,Credit Card,East,3.0,43.0,4.0,0,
ORD102469,CUST2997,Sports,2025-01-25,1899.89,1,10,43.37,Credit Card,Central,5.0,,4.0,0,
ORD102720,CUST3980,Toys,09-04-2024,652.32,1,15,67.98,Net Banking,North,2.0,28.0,5.0,0,
ORD100051,CUST4051,Books,29/11/2024,384.79,2,20,63.84,Net Banking,East,8.0,37.0,5.0,1,Changed Mind
ORD103631,CUST3336,Books,07-20-2025,449.25,1,0,60.18,Credit Card,East,4.0,26.0,2.0,0,
ORD105295,CUST1270,Books,23/09/2025,418.44,1,10,60.91,Cash on Delivery,North,3.0,55.0,3.0,0,
ORD105004,CUST2364,ELECTRONICS,08-05-2025,,1,15,101.9,Net Banking,North,5.0,28.0,5.0,0,
ORD100511,CUST1608,books,2025-08-11,272.0,2,10,41.13,UPI,West,4.0,,4.0,0,
ORD104426,CUST3928,home & kitchen,2026-03-15,2874.85,1,0,28.68,Net Banking,South,1.0,41.0,4.0,0,
ORD103299,CUST3273,Fashion,23/07/2025,1285.03,1,5,223.42,Cash on Delivery,East,3.0,36.0,4.0,0,
ORD103473,CUST1620,Fashion ,31/05/2025,1361.38,1,20,141.21,Credit Card,Central,2.0,29.0,5.0,0,
ORD102141,CUST1429,electronics,04-18-2026,13116.04,1,15,86.06,Debit Card,West,4.0,34.0,5.0,0,
ORD101778,CUST1607,Sports,07/05/2026,2122.19,1,15,13.76,Cash on Delivery,North,7.0,21.0,4.0,1,Wrong Item Delivered
ORD102101,CUST3186,ELECTRONICS,2024-08-22,6930.14,1,10,10.22,Debit Card,West,5.0,16.0,5.0,0,
ORD100674,CUST1607,Toys,2025-04-11,613.74,3,0,196.98,Credit Card,South,7.0,17.0,3.0,0,
ORD103453,CUST2054,home & kitchen,2026-03-04,1424.22,1,20,64.68,Credit Card,North,4.0,16.0,1.0,0,
ORD103665,CUST3157,Grocery,2025-08-09,259.7,1,0,161.4,Credit Card,East,2.0,19.0,5.0,0,
ORD100650,CUST3441,Beauty,03-18-2026,836.23,1,5,40.56,Credit Card,South,3.0,44.0,2.0,0,
ORD104097,CUST2849,beauty,07-06-2026,995.91,1,15,,UPI,East,1.0,31.0,5.0,0,
ORD100212,CUST4360, Beauty,01/05/2025,941.5,1,10,101.3,Debit Card,South,5.0,25.0,5.0,0,
ORD103507,CUST3953,ELECTRONICS,04-22-2025,5659.98,1,15,142.03,Cash on Delivery,South,7.0,17.0,3.0,0,
ORD104213,CUST2591,Fashion ,01-18-2025,1124.2,2,0,24.32,Credit Card,West,5.0,,4.0,0,
ORD104690,CUST3523,Sports,2026-07-24,1144.44,4,20,26.98,Net Banking,West,1.0,38.0,3.0,1,Wrong Item Delivered
ORD101627,CUST1493,fashion,04-27-2025,1635.37,1,15,175.04,Cash on Delivery,South,1.0,33.0,5.0,0,
ORD105805,CUST2546,books,18/12/2024,702.03,2,0,91.27,UPI,South,5.0,39.0,4.0,0,
ORD105327,CUST4270,Electronics ,2026-08-09,8266.6,1,5,69.55,Credit Card,North,4.0,27.0,5.0,0,
ORD100060,CUST2576,sports,2025-10-28,1465.78,1,10,41.13,UPI,West,8.0,31.0,1.0,0,
ORD103611,CUST4015,Fashion,03/02/2026,1057.83,2,20,66.8,Net Banking,East,3.0,44.0,5.0,1,Not as Described
ORD105633,CUST3851,beauty,2026-02-05,865.72,1,10,24.74,Credit Card,West,2.0,16.0,1.0,0,
ORD103386,CUST2127,Books,11-12-2025,350.97,1,0,158.78,Cash on Delivery,West,6.0,18.0,3.0,1,Size Issue
ORD100491,CUST3256,Home & Kitchen,2024-12-12,3456.99,1,15,35.22,Cash on Delivery,West,7.0,,4.0,0,
ORD100396,CUST1886,Books,2025-01-01,384.51,1,25,30.26,Credit Card,South,1.0,29.0,4.0,0,
ORD102193,CUST2287,toys,2025-02-26,900.54,2,0,52.54,Credit Card,South,6.0,56.0,3.0,0,
ORD100278,CUST3509,Books,01/06/2026,,1,10,111.17,UPI,East,2.0,36.0,5.0,0,
ORD105632,CUST2546,sports,2026-01-15,2342.11,1,5,70.97,Cash on Delivery,North,1.0,39.0,5.0,0,
ORD104635,CUST4365,grocery,04-19-2026,346.84,1,15,98.67,Cash on Delivery,West,3.0,21.0,3.0,0,
ORD105478,CUST2786,books,12/11/2024,482.61,1,0,84.61,UPI,West,7.0,33.0,2.0,0,
ORD103130,CUST1757,home & kitchen,01-17-2025,1736.7,1,25,41.88,Net Banking,North,1.0,27.0,4.0,1,Wrong Item Delivered
ORD100181,CUST2133,Electronics ,2025-06-24,8108.06,2,0,173.62,Credit Card,West,8.0,39.0,2.0,1,Defective Product
ORD100422,CUST2558,,2026-03-09,659.42,1,0,23.08,Net Banking,East,1.0,31.0,4.0,0,
ORD102338,CUST2703,ELECTRONICS,2025-08-23,13565.1,1,0,187.19,Net Banking,Central,3.0,28.0,4.0,0,
ORD101060,CUST2083,Grocery,24/11/2024,239.39,1,10,51.39,Cash on Delivery,West,4.0,46.0,5.0,0,
ORD101091,CUST4263,beauty,19/10/2025,287.49,1,15,72.95,Cash on Delivery,South,1.0,38.0,4.0,0,
ORD100661,CUST2836,Sports,2024-10-04,2318.31,1,20,151.99,Credit Card,South,3.0,49.0,4.0,0,
ORD104809,CUST3828,Home & kitchen,27/02/2026,1974.6,1,0,42.57,Debit Card,West,5.0,29.0,4.0,0,
ORD102886,CUST1432,,06-18-2025,1523.76,1,20,69.35,Net Banking,Central,4.0,30.0,3.0,1,Not as Described
ORD105871,CUST1105,Fashion ,10-26-2024,1657.96,2,25,115.5,Net Banking,Central,5.0,53.0,5.0,0,
ORD100350,CUST3318,Books,11-15-2024,231.55,1,0,26.04,Debit Card,West,4.0,35.0,3.0,0,
ORD100062,CUST3266,Fashion,09-09-2025,882.33,28,5,16.89,Debit Card,Central,8.0,43.0,5.0,0,
ORD104114,CUST2507,grocery,2024-10-23,493.42,1,15,,Debit Card,South,4.0,44.0,4.0,0,
ORD100609,CUST2073, Beauty,17/02/2026,736.97,1,10,45.9,UPI,North,4.0,19.0,2.0,0,
ORD101836,CUST4437,Beauty,05-29-2025,791.68,2,20,87.52,Credit Card,West,4.0,,3.0,0,
ORD104047,CUST1229,home & kitchen,2026-05-11,1549.1,1,0,47.69,Debit Card,West,5.0,26.0,2.0,1,Wrong Item Delivered
ORD100077,CUST4189,Home & Kitchen,2025-09-17,2649.27,1,10,119.79,Debit Card,East,5.0,63.0,4.0,1,Changed Mind
ORD103538,CUST2515,grocery,19/12/2024,307.99,1,25,34.46,Credit Card,South,3.0,28.0,4.0,0,
ORD105422,CUST2079,Sports,2024-11-11,2243.37,1,10,48.98,Credit Card,North,7.0,33.0,3.0,0,
ORD101256,CUST1959,sports,09/06/2025,3050.98,1,0,54.16,UPI,Central,5.0,37.0,5.0,0,
ORD101046,CUST3366,sports,2026-04-05,2402.09,1,0,106.55,Cash on Delivery,South,5.0,40.0,5.0,0,
ORD100823,CUST3903,toys,11-21-2024,1283.65,1,20,94.65,Cash on Delivery,East,1.0,22.0,5.0,0,
ORD105533,CUST3974,electronics,2025-02-04,4909.26,2,10,137.88,Net Banking,South,6.0,24.0,4.0,0,
ORD104413,CUST4447,fashion,02-05-2026,1205.29,1,30,197.24,Credit Card,North,6.0,24.0,5.0,1,Size Issue
ORD100695,CUST1532,toys,2025-05-18,1357.15,1,0,,Credit Card,North,6.0,34.0,4.0,0,
ORD101271,CUST2410,sports,16/08/2025,2407.89,1,0,232.43,Credit Card,West,2.0,18.0,5.0,1,Wrong Item Delivered
ORD105275,CUST3548,home & kitchen,11-20-2024,2338.02,1,0,127.03,UPI,East,6.0,29.0,5.0,0,
ORD102708,CUST3508,Electronics,06-23-2025,7631.54,2,0,91.21,UPI,East,3.0,16.0,5.0,1,Defective Product
ORD105355,CUST1173,Fashion ,2026-01-01,851.51,1,15,18.9,Credit Card,South,4.0,36.0,4.0,0,
ORD100186,CUST3297,Sports,16/01/2026,1813.4,1,10,100.34,UPI,Central,1.0,37.0,5.0,0,
ORD104382,CUST3353,Home & kitchen,2024-12-07,1789.13,1,0,69.33,UPI,South,5.0,23.0,4.0,0,
ORD102535,CUST2767,Fashion,28/12/2025,1122.86,1,25,80.92,Credit Card,East,8.0,23.0,4.0,0,
ORD102204,CUST4385,toys,2024-12-05,632.86,1,0,39.71,Cash on Delivery,North,1.0,38.0,4.0,0,
ORD100546,CUST1411,toys,25/11/2025,996.83,2,10,,Net Banking,South,3.0,34.0,4.0,0,
ORD100635,CUST3808, Beauty,2024-10-30,720.92,1,0,11.24,Net Banking,North,5.0,44.0,5.0,0,
ORD104683,CUST3623,fashion,08-02-2026,1115.15,1,0,60.05,Credit Card,South,5.0,27.0,4.0,0,
ORD104082,CUST2723,Home & Kitchen,10-06-2024,1958.61,1,5,19.32,UPI,South,3.0,18.0,,1,Size Issue
ORD102825,CUST1630,toys,05/05/2025,741.19,1,0,30.09,Debit Card,South,5.0,26.0,5.0,0,
ORD103117,CUST1830,Beauty,06/06/2026,891.84,1,10,86.37,Debit Card,West,4.0,33.0,1.0,0,
ORD100687,CUST2703,Home & kitchen,07-16-2025,3731.33,1,0,21.71,Cash on Delivery,East,7.0,16.0,4.0,0,
ORD101726,CUST2642,Toys,2026-08-06,1258.17,1,5,59.15,Net Banking,North,5.0,39.0,5.0,0,
ORD103083,CUST2800,Home & kitchen,04/01/2025,3294.54,1,5,238.24,Cash on Delivery,West,,16.0,5.0,0,
ORD105299,CUST1924,electronics,2026-05-16,8938.71,2,30,133.66,Credit Card,West,5.0,33.0,5.0,1,Size Issue
ORD103225,CUST1543,Toys,26/12/2025,580.78,1,0,104.56,Cash on Delivery,South,6.0,45.0,5.0,0,
ORD100767,CUST1688,books,19/04/2025,198.17,1,0,119.12,Credit Card,South,2.0,43.0,4.0,0,
ORD105666,CUST2918,Grocery,04-07-2026,309.0,2,0,84.4,Debit Card,South,4.0,42.0,5.0,1,Not as Described
ORD100255,CUST3536,ELECTRONICS,12-17-2025,6236.27,1,25,14.56,UPI,East,4.0,34.0,4.0,0,
ORD102775,CUST3608,grocery,03-18-2025,488.77,2,5,200.02,Credit Card,East,3.0,43.0,5.0,0,
ORD105357,CUST4128,ELECTRONICS,25/12/2025,7893.65,1,20,57.51,Cash on Delivery,East,7.0,40.0,4.0,0,
ORD102697,CUST1814,books,2026-07-24,362.64,1,0,42.54,UPI,West,6.0,29.0,5.0,0,
ORD101647,CUST2758,Grocery,05-02-2025,409.03,1,15,66.71,UPI,North,6.0,35.0,4.0,1,Not as Described
ORD105928,CUST3938,ELECTRONICS,2026-04-29,6417.57,2,25,61.89,Debit Card,East,5.0,16.0,5.0,1,Better Price Found
ORD100951,CUST2663, Beauty,2025-12-22,395.32,1,25,129.43,Debit Card,North,4.0,29.0,4.0,0,
ORD101981,CUST1158,fashion,2026-01-08,1110.05,2,5,65.2,UPI,South,2.0,46.0,5.0,1,Defective Product
ORD102653,CUST1221,grocery,2025-10-14,300.85,1,10,166.17,UPI,East,2.0,36.0,4.0,0,
ORD102593,CUST3760,sports,11/11/2025,1876.53,1,5,40.92,UPI,North,,30.0,4.0,0,
ORD104525,CUST2667,electronics,2025-07-24,,1,20,20.12,Credit Card,North,3.0,32.0,5.0,1,Not as Described
ORD101012,CUST3256,home & kitchen,26/11/2025,2044.15,1,15,61.47,Net Banking,Central,4.0,34.0,4.0,0,
ORD105212,CUST3111,Beauty,11-12-2024,432.32,2,15,131.56,UPI,Central,5.0,43.0,5.0,1,Late Delivery
ORD104939,CUST4159,ELECTRONICS,25/06/2026,6362.16,1,5,13.51,UPI,North,8.0,16.0,1.0,0,
ORD102572,CUST4280,Beauty,16/03/2026,330.33,2,25,47.48,Debit Card,East,4.0,30.0,4.0,0,
ORD104463,CUST2249,Electronics,23/06/2025,9481.81,2,20,72.18,Debit Card,Central,6.0,48.0,4.0,0,
ORD101940,CUST2695,Home & kitchen,04-01-2026,,1,10,66.3,Debit Card,Central,1.0,46.0,4.0,0,
ORD103572,CUST2491,ELECTRONICS,27/09/2024,9413.81,1,25,118.69,Cash on Delivery,Central,5.0,42.0,5.0,1,Wrong Item Delivered
ORD105010,CUST4040,toys,2026-07-07,1001.1,1,15,29.42,Debit Card,South,3.0,39.0,2.0,0,
ORD100360,CUST3137,Home & Kitchen,25/12/2024,2857.53,1,0,52.0,Credit Card,East,6.0,47.0,5.0,0,
ORD101820,CUST4200,home & kitchen,2025-08-04,2276.69,2,0,179.16,Cash on Delivery,East,6.0,34.0,5.0,0,
ORD101061,CUST4128,Toys,02-01-2026,1559.42,1,15,34.01,UPI,Central,7.0,32.0,5.0,0,
ORD101557,CUST1132,ELECTRONICS,20/05/2026,5368.37,1,0,25.73,Debit Card,South,4.0,,2.0,0,
ORD103492,CUST1723,Books,05/12/2025,425.79,1,0,206.1,Net Banking,West,7.0,38.0,4.0,0,
ORD105909,CUST1648,fashion,09-22-2025,1745.64,1,0,19.11,UPI,East,5.0,27.0,5.0,0,
ORD100584,CUST4433,books,2025-12-13,287.68,2,0,111.07,Credit Card,West,4.0,40.0,2.0,0,
ORD102738,CUST2913,Books,05-12-2026,370.81,30,25,51.0,Debit Card,West,3.0,38.0,5.0,1,Changed Mind
ORD101873,CUST3985,Fashion,11-20-2024,1281.01,3,5,124.36,Credit Card,West,3.0,37.0,1.0,0,
ORD102466,CUST1598,books,2026-05-18,563.15,1,5,133.3,Debit Card,East,6.0,40.0,4.0,0,
ORD103302,CUST1445,Electronics,2024-10-08,7584.54,1,10,22.56,UPI,South,5.0,38.0,4.0,0,
ORD104546,CUST2557,books,2026-04-24,164.45,1,20,214.85,Credit Card,North,4.0,16.0,4.0,0,
ORD105512,CUST2511,Grocery,11-04-2025,242.82,4,15,104.0,Net Banking,North,8.0,27.0,4.0,1,Not as Described
ORD104178,CUST1506,Sports,2026-05-14,1335.05,1,10,51.57,Debit Card,North,7.0,51.0,5.0,0,
ORD100378,CUST1350,grocery,13/07/2026,256.57,1,15,219.38,Net Banking,South,7.0,28.0,5.0,0,
ORD100667,CUST2876, Beauty,04/09/2025,,1,30,57.64,Net Banking,West,4.0,30.0,3.0,0,
ORD104508,CUST2168,Home & Kitchen,2025-09-19,3031.1,1,0,112.51,Cash on Delivery,North,5.0,16.0,4.0,0,
ORD101930,CUST3629, Beauty,2025-02-28,551.27,1,0,139.72,Debit Card,Central,7.0,16.0,4.0,0,
ORD104359,CUST2702,Home & Kitchen,2025-07-05,2921.05,1,15,90.53,Cash on Delivery,South,4.0,40.0,3.0,0,
ORD103571,CUST1176,home & kitchen,21/12/2025,1513.44,1,15,214.51,Net Banking,Central,6.0,16.0,4.0,1,Better Price Found
ORD102801,CUST4011,Electronics ,11/01/2025,5783.02,1,25,57.77,Credit Card,West,5.0,23.0,5.0,0,
ORD103893,CUST3436,fashion,04-23-2025,914.49,1,0,64.26,UPI,Central,5.0,42.0,4.0,1,Better Price Found
ORD104205,CUST4283,electronics,2026-05-12,9944.8,1,0,43.9,Cash on Delivery,Central,3.0,29.0,3.0,0,
ORD102024,CUST4196,Electronics ,08-29-2025,6099.63,2,5,69.21,Cash on Delivery,East,7.0,33.0,5.0,0,
ORD104196,CUST3701,Beauty,18/04/2026,438.52,2,10,64.6,Net Banking,East,5.0,42.0,4.0,0,
ORD101152,CUST4148,Beauty,2024-10-01,,1,10,63.98,Debit Card,North,6.0,24.0,,0,
ORD105501,CUST1487,sports,2025-03-03,1428.83,1,5,39.24,Debit Card,North,8.0,19.0,5.0,0,
ORD104468,CUST2710,Grocery,2026-05-17,432.45,1,25,121.25,UPI,East,7.0,31.0,5.0,0,
ORD104107,CUST3650,Grocery,06-24-2026,258.63,2,25,47.53,Debit Card,West,2.0,38.0,1.0,0,
ORD101192,CUST3827,Home & Kitchen,04/03/2026,3541.71,1,0,135.22,Credit Card,North,8.0,16.0,3.0,0,
ORD100558,CUST2888,books,12-01-2024,238.0,1,0,18.8,Credit Card,East,7.0,54.0,5.0,0,
ORD100423,CUST2813,,07-14-2025,400.8,1,5,75.98,Debit Card,North,6.0,,4.0,0,
ORD105867,CUST4453,books,2026-03-15,522.48,4,5,49.89,Credit Card,Central,3.0,49.0,4.0,0,
ORD100139,CUST1239,Grocery,25/01/2025,,1,20,151.82,Net Banking,West,4.0,38.0,2.0,1,Late Delivery
ORD105890,CUST3440,sports,20/07/2025,1853.74,1,25,57.12,UPI,North,2.0,42.0,5.0,0,
ORD100414,CUST1303,grocery,07/06/2025,335.49,1,5,23.08,UPI,Central,7.0,23.0,,0,
ORD102425,CUST1285,Home & Kitchen,15/03/2025,1642.1,1,25,66.68,UPI,West,1.0,44.0,1.0,0,
ORD104336,CUST1494,grocery,11-13-2025,203.59,4,20,55.52,Cash on Delivery,Central,3.0,21.0,4.0,0,
ORD101423,CUST1315,Toys,08-07-2025,742.91,2,20,35.49,Credit Card,South,6.0,40.0,4.0,1,Changed Mind
ORD102099,CUST2757,fashion,28/06/2025,1260.94,1,10,92.82,Cash on Delivery,North,2.0,36.0,5.0,0,
ORD104808,CUST2652,toys,02/01/2026,715.09,1,15,165.06,Net Banking,West,3.0,48.0,5.0,0,
ORD102289,CUST4470,Fashion ,09-13-2025,1310.64,4,0,27.25,Cash on Delivery,North,5.0,32.0,5.0,1,Better Price Found
ORD104156,CUST2283,books,25/02/2025,457.07,2,15,174.89,Cash on Delivery,West,4.0,27.0,3.0,1,Better Price Found
ORD104353,CUST3900,books,2026-02-02,257.85,1,15,25.29,UPI,West,6.0,37.0,5.0,0,
ORD105426,CUST1422,books,2026-03-14,686.68,4,20,11.55,Debit Card,West,3.0,22.0,5.0,1,Better Price Found
ORD101074,CUST3467,home & kitchen,2024-12-02,2316.8,1,10,61.83,UPI,South,4.0,48.0,3.0,0,
ORD105999,CUST3819,Beauty,08-12-2026,920.65,3,5,101.94,Net Banking,West,6.0,41.0,2.0,0,
ORD105443,CUST2437,home & kitchen,12/03/2025,50.0,3,15,138.78,Net Banking,South,5.0,19.0,4.0,0,
ORD104807,CUST2743,books,2025-01-30,216.03,1,20,47.15,Cash on Delivery,West,1.0,16.0,3.0,0,
ORD103373,CUST4269,Home & kitchen,22/06/2025,1781.46,1,0,14.8,Cash on Delivery,North,5.0,27.0,3.0,0,
ORD105373,CUST3530, Beauty,03/07/2026,598.65,1,10,46.2,Debit Card,South,5.0,33.0,3.0,1,Wrong Item Delivered
ORD102029,CUST4297,Fashion,19/02/2025,,4,5,53.6,Cash on Delivery,East,3.0,38.0,1.0,1,Late Delivery
ORD105796,CUST3760,beauty,10/11/2024,436.66,2,25,22.58,Debit Card,South,5.0,33.0,5.0,0,
ORD104670,CUST2276,Toys,10-02-2024,1095.93,1,25,33.63,UPI,West,4.0,33.0,3.0,0,
ORD104727,CUST3844,Sports,09-12-2025,,3,0,60.84,Debit Card,West,1.0,42.0,4.0,0,
ORD105691,CUST1398,,01-14-2026,1247.26,1,15,58.14,Net Banking,South,8.0,35.0,4.0,0,
ORD100460,CUST3753,Books,2026-08-19,298.07,2,0,149.17,Credit Card,North,2.0,42.0,2.0,1,Wrong Item Delivered
ORD100156,CUST2621, Beauty,09/02/2025,534.99,1,10,82.14,Net Banking,West,6.0,,3.0,0,
ORD103286,CUST1977,Electronics,24/10/2025,11380.85,2,0,92.31,Cash on Delivery,South,4.0,41.0,5.0,0,
ORD104070,CUST1656,books,19/01/2025,191.37,1,15,19.01,Debit Card,North,5.0,16.0,5.0,1,Not as Described
ORD103601,CUST1900,sports,02-25-2026,348.99,1,20,112.46,UPI,North,6.0,38.0,3.0,0,
ORD101718,CUST2717,electronics,02-11-2026,14461.53,1,0,35.16,Net Banking,Central,3.0,46.0,4.0,1,Size Issue
ORD100529,CUST2871,grocery,30/10/2024,266.35,1,5,67.95,Cash on Delivery,South,8.0,59.0,4.0,0,
ORD100492,CUST2671,Toys,08-28-2024,667.92,1,0,62.04,Cash on Delivery,West,4.0,40.0,4.0,0,
ORD102388,CUST3059,beauty,05-07-2025,525.98,1,5,107.66,UPI,West,1.0,48.0,3.0,0,
ORD102321,CUST1711,Sports,2024-10-12,1796.02,2,5,158.29,Debit Card,West,7.0,43.0,3.0,0,
ORD103547,CUST3431,grocery,01-17-2026,381.29,3,30,125.12,Cash on Delivery,East,4.0,38.0,4.0,0,
ORD100721,CUST4035,Beauty,2024-10-08,143.97,1,0,56.43,Credit Card,West,6.0,26.0,1.0,0,
ORD104393,CUST2827,sports,01-12-2026,1695.97,1,15,63.8,Net Banking,East,3.0,40.0,2.0,0,
ORD101124,CUST3887,Sports,01-17-2025,2800.72,1,20,95.88,Debit Card,South,1.0,45.0,4.0,0,
ORD100087,CUST1515,electronics,12/09/2025,7018.09,1,15,55.52,Credit Card,East,8.0,22.0,3.0,1,Size Issue
ORD104072,CUST4326,beauty,04-07-2025,898.18,4,0,63.39,Cash on Delivery,North,4.0,42.0,5.0,1,Not as Described
ORD104935,CUST2031,toys,09/10/2025,708.2,1,10,68.32,UPI,Central,2.0,16.0,4.0,0,
ORD100940,CUST1739,Books,08-16-2026,66.94,1,15,107.6,Credit Card,South,4.0,25.0,5.0,1,Not as Described
ORD104664,CUST3347,books,04-25-2026,443.49,1,15,12.36,Credit Card,West,3.0,17.0,4.0,0,
ORD102780,CUST1090,Fashion ,2026-07-28,757.52,1,0,60.03,Net Banking,Central,2.0,32.0,4.0,0,
ORD104356,CUST2489,ELECTRONICS,09/12/2024,8261.51,3,5,99.66,UPI,West,6.0,42.0,3.0,0,
ORD103353,CUST2682,electronics,08-20-2025,2421.74,1,15,144.03,Credit Card,North,6.0,33.0,5.0,0,
ORD102055,CUST2210,Books,17/08/2025,502.31,3,20,91.31,Debit Card,North,5.0,27.0,5.0,0,
ORD100513,CUST3260,Books,04-28-2025,411.17,3,5,31.41,Net Banking,North,5.0,,4.0,1,Late Delivery
ORD104160,CUST2158,toys,06-27-2026,513.53,1,10,31.23,Debit Card,West,4.0,23.0,4.0,0,
ORD102118,CUST1771,fashion,08/05/2025,968.36,1,20,69.44,Debit Card,Central,6.0,40.0,4.0,0,
ORD100668,CUST1127,Grocery,2025-12-02,263.55,1,25,114.92,UPI,West,,27.0,5.0,0,
ORD100644,CUST1515,electronics,02-13-2025,10542.29,3,0,73.25,Net Banking,East,6.0,37.0,4.0,0,
ORD102986,CUST3737,Books,01-09-2026,574.05,4,5,150.77,Net Banking,North,5.0,,4.0,0,
ORD100214,CUST3703,sports,2025-01-28,1417.07,2,5,120.18,Cash on Delivery,East,6.0,27.0,4.0,0,
ORD101909,CUST3885,books,02/06/2026,91.42,1,25,97.21,Net Banking,West,5.0,16.0,1.0,0,
ORD101111,CUST1849,toys,27/11/2024,603.23,1,5,83.96,UPI,South,6.0,32.0,2.0,0,
ORD105291,CUST1106,Grocery,2025-07-01,82.51,1,5,104.38,Credit Card,East,5.0,29.0,3.0,0,
ORD101876,CUST4157,beauty,05-02-2026,747.48,1,0,66.34,Net Banking,West,7.0,38.0,5.0,0,
ORD101297,CUST1480,Fashion,23/07/2026,724.61,1,0,60.2,UPI,West,3.0,53.0,4.0,0,
ORD104121,CUST4331,Grocery,2025-01-14,410.7,4,25,48.69,Credit Card,Central,6.0,38.0,4.0,0,
ORD104465,CUST4029,Books,30/12/2024,539.06,4,10,146.27,Debit Card,North,4.0,24.0,4.0,1,Size Issue
ORD102950,CUST3245,books,2026-02-14,382.38,1,0,48.16,Credit Card,Central,2.0,46.0,5.0,0,
ORD103065,CUST2799,beauty,06-27-2026,386.0,1,0,58.9,UPI,North,6.0,45.0,4.0,0,
ORD103037,CUST1484,fashion,13/07/2026,966.37,1,5,79.91,Cash on Delivery,North,4.0,31.0,4.0,0,
ORD102898,CUST2763,Fashion,2026-02-28,476.66,1,0,229.07,Net Banking,North,8.0,47.0,5.0,0,
ORD102785,CUST3021,Toys,12-07-2024,744.47,1,20,130.81,Debit Card,Central,8.0,52.0,4.0,1,Defective Product
ORD100075,CUST1626,,11-07-2025,7026.93,2,0,119.3,Debit Card,North,,29.0,2.0,1,Wrong Item Delivered
ORD102208,CUST4489,Grocery,01/05/2026,469.06,1,15,73.32,UPI,East,5.0,37.0,3.0,0,
ORD104821,CUST2849,grocery,2025-10-09,324.01,1,15,63.95,,North,5.0,33.0,4.0,1,Not as Described
ORD104545,CUST2027,sports,03-06-2025,1766.97,2,0,28.15,UPI,West,2.0,27.0,3.0,1,Better Price Found
ORD101536,CUST3300,Books,2025-05-26,628.9,1,5,92.13,Net Banking,East,8.0,38.0,5.0,1,Changed Mind
ORD102496,CUST1943,home & kitchen,11-13-2024,3705.2,1,10,88.18,Debit Card,Central,5.0,37.0,5.0,0,
ORD101381,CUST2358,sports,06-05-2026,2021.64,1,0,83.91,Credit Card,South,57.0,21.0,4.0,1,Not as Described
ORD101493,CUST4277,home & kitchen,06/11/2024,2097.0,3,15,77.96,UPI,East,1.0,34.0,1.0,0,
ORD104314,CUST4495,books,23/06/2026,434.27,1,10,51.24,Net Banking,Central,1.0,16.0,5.0,0,
ORD103861,CUST1876,Toys,10-30-2024,794.87,1,10,15.75,Cash on Delivery,South,6.0,29.0,5.0,1,Changed Mind
ORD102284,CUST2442,Home & kitchen,11-11-2024,2812.54,1,20,204.6,Cash on Delivery,East,4.0,,4.0,0,
ORD101645,CUST1504,books,11-29-2024,447.18,2,5,59.36,Cash on Delivery,South,5.0,,4.0,0,
ORD102419,CUST3751,grocery,11/10/2024,476.8,1,10,7.82,Net Banking,South,1.0,41.0,4.0,0,
ORD105120,CUST2827,sports,2024-12-19,2935.29,1,15,58.98,Cash on Delivery,East,6.0,16.0,,0,
ORD101879,CUST3504,Fashion ,23/06/2026,861.01,2,20,82.05,Debit Card,East,4.0,37.0,3.0,0,
ORD103157,CUST4228,grocery,2025-11-04,50.0,2,0,51.77,Net Banking,West,2.0,16.0,4.0,0,
ORD103178,CUST2229,fashion,10-07-2024,1255.92,2,15,202.53,Net Banking,West,50.0,56.0,3.0,0,
ORD101258,CUST1231,sports,12/05/2026,2073.13,1,0,74.15,UPI,North,5.0,29.0,3.0,0,
ORD102001,CUST4196,Sports,09/06/2025,1957.78,1,15,60.31,Net Banking,West,7.0,16.0,5.0,1,Wrong Item Delivered
ORD103274,CUST2330,fashion,18/03/2026,1239.92,2,5,82.68,UPI,Central,6.0,,4.0,0,
ORD105077,CUST1171,home & kitchen,10-18-2025,2513.78,1,5,85.29,Credit Card,East,4.0,19.0,5.0,0,
ORD103084,CUST2247,toys,2025-06-05,841.4,2,15,59.28,Cash on Delivery,East,4.0,35.0,4.0,0,
ORD105697,CUST1153,sports,2026-05-16,2475.14,1,5,,Cash on Delivery,Central,5.0,31.0,3.0,1,Not as Described
ORD104142,CUST3483,Grocery,2026-06-13,216.88,1,25,90.11,Debit Card,West,4.0,45.0,5.0,0,
ORD101257,CUST4089,Electronics,09-17-2025,9585.19,2,20,26.81,UPI,West,3.0,21.0,3.0,0,
ORD102989,CUST1697,toys,19/09/2024,646.96,1,15,11.36,Net Banking,East,9.0,42.0,4.0,0,
ORD103962,CUST2547,electronics,09/08/2026,5814.69,1,20,68.84,Credit Card,North,5.0,46.0,5.0,1,Not as Described
ORD102561,CUST4210,electronics,06-17-2025,6672.77,1,5,95.9,Credit Card,West,4.0,27.0,5.0,0,
ORD104433,CUST2743,Beauty,12-04-2024,577.27,1,20,90.4,UPI,West,4.0,28.0,4.0,0,
ORD103443,CUST1532, Beauty,07/05/2026,952.38,1,30,126.1,Debit Card,Central,7.0,44.0,4.0,1,Wrong Item Delivered
ORD100789,CUST2851,fashion,2025-04-02,834.37,1,25,37.36,Credit Card,West,3.0,37.0,5.0,0,
ORD104469,CUST2268,Fashion,2025-08-05,1181.23,2,0,87.37,Net Banking,Central,2.0,,,0,
ORD105103,CUST1187,toys,2025-05-09,669.01,2,25,57.39,UPI,North,4.0,41.0,3.0,0,
ORD105314,CUST3177,Beauty,27/07/2026,619.32,1,10,86.47,Debit Card,East,3.0,29.0,4.0,0,
ORD104253,CUST3885,toys,2025-06-19,577.27,1,0,81.29,UPI,South,8.0,30.0,5.0,0,
ORD100294,CUST2669,home & kitchen,04/10/2024,2495.1,1,0,107.51,Net Banking,West,,33.0,5.0,1,Size Issue
ORD100909,CUST1276,Fashion ,07/05/2025,1271.08,1,5,91.65,Net Banking,South,1.0,36.0,4.0,0,
ORD104515,CUST2597,Grocery,2024-09-30,305.48,1,20,30.52,Cash on Delivery,North,3.0,36.0,5.0,1,Better Price Found
ORD101632,CUST2283,books,11-01-2024,474.86,2,0,60.4,Net Banking,West,4.0,40.0,4.0,0,
ORD105019,CUST3087,home & kitchen,28/01/2026,4063.33,2,25,85.15,Net Banking,South,3.0,27.0,4.0,1,Wrong Item Delivered
ORD104943,CUST3729,electronics,08-03-2026,10128.2,1,0,54.26,UPI,Central,6.0,33.0,5.0,0,
ORD102335,CUST2301,toys,15/03/2026,903.52,1,0,34.43,Debit Card,East,3.0,30.0,5.0,0,
ORD103639,CUST3829,Home & Kitchen,2024-10-09,2574.83,1,5,27.65,Debit Card,South,1.0,32.0,4.0,0,
ORD103255,CUST3441,home & kitchen,2024-12-27,3047.75,1,15,61.56,Cash on Delivery,East,1.0,21.0,3.0,0,
ORD103989,CUST3110,Home & kitchen,2025-02-18,3205.76,1,10,190.69,Debit Card,Central,3.0,,2.0,0,
ORD101871,CUST2256,beauty,25/12/2024,586.55,1,0,153.05,Credit Card,North,8.0,29.0,5.0,0,
ORD105257,CUST3073,Toys,2026-08-05,671.01,1,20,24.88,UPI,South,4.0,37.0,5.0,0,
ORD101125,CUST2965,ELECTRONICS,2025-08-11,7644.95,2,10,77.44,Net Banking,South,10.0,31.0,2.0,0,
ORD104680,CUST4355,ELECTRONICS,2025-02-08,8889.07,2,0,113.81,Cash on Delivery,Central,6.0,26.0,5.0,0,
ORD102346,CUST3659,toys,2026-02-19,1205.15,1,0,133.53,UPI,West,4.0,52.0,4.0,0,
ORD102125,CUST1153,sports,2025-12-07,1222.92,1,20,64.01,Cash on Delivery,South,5.0,,5.0,0,
ORD105029,CUST2865,Fashion,2025-02-26,1251.72,2,25,49.4,Credit Card,North,1.0,25.0,4.0,1,Better Price Found
ORD104863,CUST1646,Home & Kitchen,2025-02-10,2903.8,1,20,205.94,Cash on Delivery,North,4.0,29.0,3.0,0,
ORD104724,CUST1591,grocery,2024-10-05,215.2,1,15,115.64,Credit Card,West,2.0,24.0,4.0,0,
ORD104894,CUST2119,Fashion,27/08/2024,,1,20,,Cash on Delivery,South,3.0,16.0,2.0,0,
ORD104421,CUST3382, Beauty,02-15-2026,430.85,1,10,234.82,Net Banking,East,5.0,24.0,4.0,1,Wrong Item Delivered
ORD105388,CUST3197,Home & Kitchen,02/06/2026,4535.53,2,10,115.1,Debit Card,Central,4.0,41.0,3.0,0,
ORD101526,CUST1760,books,26/05/2025,443.34,1,0,98.84,UPI,South,9.0,25.0,1.0,0,
ORD102843,CUST2211,Toys,10/12/2024,1342.42,1,15,194.88,UPI,Central,3.0,54.0,4.0,0,
ORD102755,CUST3817,Toys,2025-09-14,1093.23,1,0,41.67,UPI,North,6.0,20.0,5.0,0,
ORD105954,CUST2347,Grocery,26/08/2024,164.96,1,25,63.33,Debit Card,East,7.0,37.0,2.0,0,
ORD103166,CUST3496,Fashion ,12-28-2024,722.72,2,10,185.02,UPI,South,7.0,39.0,4.0,0,
ORD101145,CUST4157,Home & Kitchen,2024-10-31,3549.98,1,0,117.6,Credit Card,West,4.0,32.0,5.0,0,
ORD101960,CUST2309,grocery,27/10/2025,213.46,2,20,121.96,Net Banking,Central,6.0,37.0,5.0,0,
ORD105411,CUST3048,Home & Kitchen,12-10-2024,50.0,1,0,60.38,Debit Card,Central,7.0,37.0,,0,
ORD105153,CUST4469,books,2025-09-14,460.37,1,20,19.03,UPI,West,2.0,46.0,3.0,0,
ORD105324,CUST3777,Home & Kitchen,10/03/2026,2984.76,1,10,7.94,Credit Card,West,3.0,25.0,4.0,0,
ORD100002,CUST4016,Fashion ,29/01/2025,818.63,1,20,17.1,Credit Card,North,3.0,35.0,4.0,0,
ORD101337,CUST3731,Fashion,13/11/2025,1040.37,3,25,,UPI,South,8.0,31.0,5.0,0,
ORD103445,CUST3318,Fashion,06-07-2026,1086.61,2,15,8.47,Net Banking,Central,2.0,24.0,5.0,0,
ORD102172,CUST1380,Fashion,23/05/2026,1111.0,1,10,36.32,Cash on Delivery,North,6.0,31.0,4.0,0,
ORD100964,CUST2630,Toys,2025-09-10,675.07,1,5,147.91,Net Banking,East,5.0,34.0,,1,Better Price Found
ORD105387,CUST2754,ELECTRONICS,2025-03-25,8855.02,1,10,116.84,Net Banking,West,6.0,41.0,4.0,0,
ORD103196,CUST3194,Grocery,06/04/2025,222.01,1,0,28.69,Debit Card,West,4.0,47.0,4.0,0,
ORD104354,CUST3072,Home & Kitchen,2025-07-07,2549.11,1,0,176.5,Credit Card,Central,53.0,,2.0,0,
ORD100653,CUST1714,sports,18/02/2025,1819.37,2,0,4.22,Credit Card,North,7.0,35.0,3.0,0,
ORD102631,CUST1731,Sports,09-28-2025,865.35,1,15,174.76,UPI,West,4.0,52.0,5.0,0,
ORD104991,CUST1687,electronics,06/06/2025,7524.3,1,0,46.86,Credit Card,West,5.0,18.0,5.0,0,
ORD100744,CUST2343,toys,2025-02-21,1055.26,2,5,119.64,UPI,North,5.0,34.0,3.0,0,
ORD100259,CUST1603,ELECTRONICS,2026-03-31,10674.27,1,20,26.29,Debit Card,East,3.0,46.0,2.0,0,
ORD104087,CUST3581,books,12-01-2025,405.2,1,0,127.58,UPI,West,10.0,48.0,5.0,0,
ORD100533,CUST2085,books,2025-07-28,410.06,2,0,94.1,Cash on Delivery,South,8.0,40.0,4.0,0,
ORD100633,CUST2821,books,2025-01-24,225.02,2,10,36.91,Cash on Delivery,East,,21.0,5.0,1,Size Issue
ORD100556,CUST1986,toys,2025-11-15,1073.84,1,20,108.32,Net Banking,North,3.0,35.0,5.0,0,
ORD100590,CUST2208,Electronics,10-23-2024,7639.75,2,10,39.93,Net Banking,North,6.0,28.0,5.0,1,Defective Product
ORD102130,CUST4424,Home & Kitchen,06/11/2024,2441.27,2,0,32.25,Net Banking,North,3.0,22.0,3.0,0,
ORD100886,CUST3247,toys,2026-04-21,604.17,1,5,150.33,Debit Card,North,3.0,46.0,,0,
ORD104485,CUST3342,Home & Kitchen,01-17-2026,1898.0,1,5,47.07,UPI,South,4.0,38.0,5.0,0,
ORD100495,CUST3653,Sports,07-12-2026,1440.03,2,0,77.34,Net Banking,South,1.0,50.0,4.0,0,
ORD103006,CUST2013,sports,09-03-2024,1839.69,1,0,106.53,UPI,South,8.0,19.0,4.0,0,
ORD100362,CUST3204,Fashion,12/11/2025,259.94,2,0,6.17,Net Banking,West,3.0,49.0,5.0,0,
ORD102027,CUST3462,beauty,2025-12-05,700.37,1,0,64.16,Debit Card,East,5.0,45.0,4.0,0,
ORD104310,CUST2922,grocery,2026-01-31,276.53,1,20,44.55,Net Banking,Central,6.0,16.0,4.0,1,Changed Mind
ORD101150,CUST2176,grocery,22/02/2026,202.95,4,15,39.6,,Central,7.0,39.0,1.0,1,Changed Mind
ORD103408,CUST4056,sports,03-27-2025,2136.32,1,5,41.58,Net Banking,North,3.0,51.0,5.0,0,
ORD104329,CUST1857,Home & kitchen,03-28-2025,3841.4,4,25,182.96,Cash on Delivery,West,2.0,30.0,3.0,0,
ORD102788,CUST2521,sports,08-18-2025,1949.57,1,15,27.1,,West,5.0,31.0,4.0,0,
ORD103236,CUST1859,Books,04/04/2025,250.84,1,25,107.16,Debit Card,West,1.0,48.0,4.0,0,
ORD100662,CUST3102,Grocery,2026-03-10,438.89,3,10,58.31,UPI,North,4.0,30.0,5.0,0,
ORD100993,CUST2630,Grocery,10-06-2024,438.05,2,10,142.51,UPI,West,6.0,46.0,4.0,1,Changed Mind
ORD100648,CUST1954,sports,23/01/2025,1721.32,1,25,67.48,Net Banking,East,4.0,,4.0,0,
ORD101712,CUST1010,grocery,11/02/2026,290.28,1,10,9.24,Net Banking,Central,,,2.0,0,
ORD100070,CUST2078,Sports,2026-05-21,1854.55,1,20,58.95,UPI,South,4.0,29.0,3.0,0,
ORD104928,CUST3662,Books,2026-04-06,,1,5,146.68,UPI,North,7.0,,4.0,0,
ORD103567,CUST1793, Beauty,09/03/2025,403.41,1,30,48.53,UPI,South,6.0,25.0,4.0,0,
ORD102086,CUST3332,Fashion ,2025-04-26,1452.66,1,15,137.01,Debit Card,West,3.0,21.0,5.0,1,Changed Mind
ORD105316,CUST3426,Books,09/06/2025,275.53,1,25,33.6,Cash on Delivery,East,3.0,52.0,5.0,0,
ORD101686,CUST4467, Beauty,2026-02-03,1013.08,2,0,49.21,UPI,East,8.0,40.0,5.0,0,
ORD103092,CUST3851,Books,11/03/2026,378.69,4,15,31.06,Net Banking,North,4.0,33.0,1.0,1,Better Price Found
ORD101312,CUST1906,Toys,04/10/2025,543.71,1,0,75.58,Debit Card,East,6.0,43.0,4.0,0,
ORD105232,CUST4052,Home & Kitchen,2025-03-07,2292.56,1,0,66.47,UPI,North,3.0,47.0,5.0,1,Not as Described
ORD100906,CUST1178,toys,19/05/2026,987.43,1,0,31.58,Credit Card,North,3.0,37.0,,1,Changed Mind
ORD102972,CUST4103,Toys,05-19-2025,925.59,2,20,5.17,Credit Card,North,4.0,21.0,4.0,0,
ORD103895,CUST4432,Toys,16/11/2024,637.01,2,15,304.29,Cash on Delivery,South,5.0,24.0,4.0,1,Changed Mind
ORD105604,CUST2577,Books,29/12/2024,371.97,4,0,92.57,Net Banking,South,4.0,50.0,3.0,0,
ORD103715,CUST1497,sports,2025-09-13,1490.32,1,15,15.93,Debit Card,East,5.0,45.0,5.0,0,
ORD102370,CUST4036,books,01-14-2026,302.77,1,0,32.13,Net Banking,West,6.0,26.0,4.0,0,
ORD104333,CUST3062,Electronics,12-24-2024,13017.55,2,25,23.1,Debit Card,East,2.0,50.0,4.0,0,
ORD104233,CUST3159,Fashion,2026-06-30,1394.7,1,5,80.99,Credit Card,North,2.0,21.0,5.0,0,
ORD104588,CUST3940,Fashion ,03-28-2025,1816.12,1,20,61.67,Cash on Delivery,West,3.0,58.0,4.0,0,
ORD104885,CUST3691,Home & Kitchen,10-18-2024,2731.93,2,15,28.85,Credit Card,East,9.0,42.0,2.0,0,
ORD100009,CUST3872,Sports,01-24-2026,906.19,1,25,136.29,Net Banking,Central,3.0,42.0,2.0,0,
ORD100873,CUST3056,Electronics,09-26-2024,8345.72,1,0,44.84,Cash on Delivery,North,4.0,,3.0,1,Not as Described
ORD103554,CUST3500,books,07-05-2026,268.64,1,10,213.07,Credit Card,South,7.0,18.0,4.0,0,
ORD103758,CUST3405,Fashion ,2024-11-29,921.31,1,0,53.71,Debit Card,East,6.0,17.0,5.0,0,
ORD102773,CUST4495,sports,2025-06-16,2387.02,1,0,93.54,UPI,Central,4.0,30.0,4.0,0,
ORD104738,CUST1857,Toys,28/05/2026,664.48,1,15,55.38,Debit Card,South,3.0,54.0,1.0,0,
ORD104347,CUST3497,Fashion ,2026-03-13,1173.56,1,0,98.64,Net Banking,East,5.0,16.0,4.0,1,Not as Described
ORD104375,CUST4302,Sports,26/08/2024,2121.15,1,20,105.19,Credit Card,East,8.0,34.0,4.0,0,
ORD104710,CUST2391,electronics,2026-01-26,5805.66,4,0,219.32,UPI,South,3.0,24.0,2.0,1,Wrong Item Delivered
ORD105730,CUST1507,Beauty,2026-06-25,807.74,1,5,61.23,Cash on Delivery,North,3.0,17.0,5.0,0,
ORD103111,CUST1592,Home & kitchen,12-15-2024,2615.69,2,15,72.0,Credit Card,Central,5.0,16.0,5.0,1,Not as Described
ORD105317,CUST1038,toys,20/11/2024,785.75,1,10,61.16,Debit Card,West,4.0,32.0,4.0,1,Wrong Item Delivered
ORD102614,CUST2024,books,21/03/2026,530.27,1,20,84.08,Net Banking,Central,8.0,34.0,1.0,1,Better Price Found
ORD100284,CUST3611,grocery,02-15-2025,310.96,1,25,,UPI,South,6.0,30.0,3.0,1,Not as Described
ORD102036,CUST2626, Beauty,13/04/2026,735.29,1,5,53.19,Debit Card,West,7.0,35.0,3.0,1,Late Delivery
ORD103090,CUST3959,Home & kitchen,2025-07-15,2545.48,1,0,107.97,UPI,West,2.0,40.0,2.0,0,
ORD102777,CUST3550,Home & Kitchen,2025-03-05,4197.3,1,5,17.58,,North,7.0,53.0,4.0,0,
ORD102667,CUST2405,fashion,2026-07-20,1493.66,4,30,71.25,UPI,South,7.0,30.0,5.0,0,
ORD101897,CUST2963,toys,11-01-2024,1300.19,2,15,66.26,Credit Card,East,2.0,44.0,5.0,0,
ORD102254,CUST1551,sports,18/07/2026,2411.79,1,25,17.28,UPI,West,6.0,,4.0,0,
ORD105725,CUST1733,home & kitchen,2024-10-23,2160.11,1,5,33.89,Net Banking,East,4.0,43.0,1.0,0,
ORD104371,CUST4491,Toys,06-06-2026,843.15,1,15,63.23,Credit Card,East,8.0,25.0,4.0,0,
ORD103766,CUST2697,toys,06-18-2026,542.71,1,20,,Credit Card,South,4.0,37.0,4.0,0,
ORD104036,CUST2031,Sports,06-30-2026,1121.89,4,15,72.5,,West,3.0,30.0,5.0,0,
ORD102796,CUST4392,Home & Kitchen,2026-04-08,1803.04,1,10,45.55,UPI,East,4.0,16.0,,1,Changed Mind
ORD100498,CUST2119,sports,25/08/2025,1339.07,3,15,219.69,Net Banking,West,3.0,37.0,4.0,1,Defective Product
ORD103929,CUST2241,Toys,09/05/2026,867.65,1,15,77.35,Credit Card,Central,7.0,,3.0,0,
ORD102175,CUST2869,Books,07/06/2025,464.38,3,10,25.24,Credit Card,West,2.0,23.0,4.0,0,
ORD104652,CUST1954,Grocery,19/02/2026,303.09,1,25,35.01,Credit Card,South,4.0,50.0,4.0,0,
ORD100379,CUST2664,Toys,11/02/2025,218.24,1,20,51.1,UPI,East,4.0,24.0,4.0,0,
ORD104398,CUST2656,Fashion ,03-13-2026,1557.27,1,0,15.38,Net Banking,Central,5.0,42.0,5.0,0,
ORD103664,CUST2853,Grocery,2025-05-18,374.2,1,0,,Cash on Delivery,South,3.0,30.0,4.0,0,
ORD101052,CUST3070,Books,07-10-2026,161.17,1,25,25.6,Net Banking,Central,5.0,42.0,2.0,0,
ORD100190,CUST2512,Books,14/09/2024,347.8,1,5,78.96,Credit Card,East,6.0,52.0,1.0,0,
ORD104659,CUST2859,Sports,14/03/2026,1842.95,3,25,39.27,Net Banking,West,8.0,29.0,5.0,0,
ORD101720,CUST3950,grocery,06-19-2025,215.87,2,5,93.11,UPI,East,5.0,16.0,4.0,0,
ORD104818,CUST1260,grocery,07-13-2026,429.07,1,20,41.92,Debit Card,North,3.0,39.0,4.0,0,
ORD102685,CUST2027,sports,08-09-2025,2298.36,1,0,92.49,Debit Card,East,6.0,33.0,5.0,0,
ORD100020,CUST3988,Grocery,01/04/2026,330.77,1,0,36.16,Debit Card,South,2.0,41.0,5.0,0,
ORD104291,CUST1420,Fashion,20/04/2025,1140.27,1,20,136.23,Credit Card,East,4.0,26.0,4.0,0,
ORD102209,CUST1677,toys,16/08/2025,1105.19,2,15,110.19,Credit Card,Central,5.0,32.0,4.0,0,
ORD105667,CUST3673,Fashion ,2025-08-02,430.22,3,15,24.59,Net Banking,Central,5.0,37.0,2.0,1,Better Price Found
ORD102020,CUST1877,books,10-11-2025,424.95,1,10,33.19,Cash on Delivery,Central,10.0,16.0,,0,
ORD105949,CUST2004,Grocery,01-01-2025,351.88,2,10,93.25,Cash on Delivery,North,5.0,23.0,1.0,0,
ORD105713,CUST2587, Beauty,2026-03-07,638.57,2,0,137.84,Credit Card,East,3.0,32.0,5.0,0,
ORD104570,CUST2608,Beauty,11/08/2025,927.98,1,10,67.56,Net Banking,South,7.0,39.0,5.0,0,
ORD100208,CUST3872,sports,13/12/2024,893.88,2,10,,Debit Card,West,7.0,20.0,5.0,0,
ORD104404,CUST1380,Home & Kitchen,2025-03-14,1992.13,1,0,34.88,,Central,9.0,24.0,5.0,0,
ORD103110,CUST1614, Beauty,17/05/2026,1041.41,2,15,,Credit Card,North,7.0,36.0,5.0,0,
ORD104284,CUST1624,home & kitchen,11-12-2024,3678.53,2,0,19.29,Cash on Delivery,Central,3.0,40.0,1.0,0,
ORD104352,CUST1643,Home & Kitchen,2026-06-15,1577.02,3,20,68.23,UPI,East,3.0,17.0,5.0,0,
ORD100150,CUST3435,Sports,14/02/2025,2444.22,1,20,288.69,Credit Card,North,6.0,37.0,3.0,1,Late Delivery
ORD100022,CUST2550,Home & kitchen,2026-07-31,1721.67,4,5,32.79,Credit Card,North,5.0,49.0,4.0,1,Changed Mind
ORD104762,CUST2377,fashion,08-28-2025,1205.5,1,10,22.86,Cash on Delivery,South,4.0,41.0,4.0,0,
ORD102794,CUST1787,Books,2025-07-28,424.64,1,0,67.7,UPI,North,2.0,22.0,4.0,0,
ORD105399,CUST1815,home & kitchen,14/12/2024,3593.95,1,25,36.86,UPI,West,7.0,33.0,4.0,0,
ORD101331,CUST4130,Beauty,20/12/2025,884.4,1,10,13.23,Net Banking,Central,9.0,24.0,4.0,0,
ORD102991,CUST3531,Home & Kitchen,03-18-2026,3077.66,1,30,108.86,UPI,West,3.0,24.0,3.0,0,
ORD100657,CUST1064,Sports,2025-10-23,837.96,1,0,43.9,Net Banking,West,1.0,25.0,5.0,0,
ORD103430,CUST1043,books,2025-04-05,98.39,1,30,32.04,Credit Card,Central,4.0,48.0,5.0,0,
ORD101382,CUST4029,grocery,26/05/2025,234.63,1,15,156.2,UPI,South,4.0,38.0,5.0,0,
ORD101807,CUST2126,fashion,06-13-2026,815.36,2,25,27.3,UPI,West,5.0,25.0,4.0,0,
ORD104640,CUST3371,grocery,2025-11-19,274.36,2,0,76.86,UPI,West,4.0,20.0,,0,
ORD101962,CUST2589,books,2024-10-06,404.24,1,0,91.62,Credit Card,North,5.0,72.0,3.0,1,Not as Described
ORD104319,CUST3672,Electronics ,08/07/2026,,1,5,64.63,Net Banking,South,5.0,22.0,4.0,0,
ORD103898,CUST3431,electronics,03-01-2026,14372.16,1,0,81.91,Net Banking,Central,4.0,42.0,4.0,0,
ORD105922,CUST3670,Home & kitchen,2026-01-18,1891.0,4,5,31.45,Credit Card,West,3.0,27.0,4.0,1,Size Issue
ORD104477,CUST2332,fashion,14/05/2026,1056.99,1,0,107.27,Debit Card,South,5.0,52.0,5.0,1,Not as Described
ORD102519,CUST2083,books,2025-12-14,284.53,1,10,121.82,Credit Card,East,3.0,33.0,2.0,0,
ORD100939,CUST3467,grocery,15/10/2024,316.78,1,0,21.44,Cash on Delivery,East,4.0,18.0,5.0,0,
ORD103529,CUST3778,Toys,2026-08-06,1022.66,1,10,19.49,Credit Card,West,,46.0,5.0,0,
ORD104665,CUST3084,ELECTRONICS,11-19-2024,4561.88,1,25,51.87,Cash on Delivery,West,4.0,,5.0,0,
ORD105215,CUST2654,fashion,2025-11-20,1025.96,1,10,170.5,Credit Card,East,6.0,22.0,2.0,0,
ORD102103,CUST2319,Home & kitchen,2026-07-14,3957.19,1,20,243.96,Cash on Delivery,Central,6.0,24.0,1.0,0,
ORD101527,CUST3201,electronics,09/08/2025,8334.48,1,20,148.86,Debit Card,Central,3.0,,5.0,0,
ORD100340,CUST2274,books,2026-04-09,420.28,2,5,67.91,Net Banking,West,5.0,18.0,5.0,0,
ORD102924,CUST1708,Sports,21/03/2026,1466.33,1,0,71.93,Credit Card,West,7.0,38.0,4.0,0,
ORD100420,CUST3441,Home & Kitchen,06-19-2025,2287.65,1,0,26.47,Cash on Delivery,South,7.0,49.0,4.0,0,
ORD100761,CUST1360,home & kitchen,22/06/2026,1365.27,1,0,38.16,Debit Card,East,4.0,42.0,5.0,1,Defective Product
ORD102510,CUST3947,Beauty,2025-11-28,903.68,1,30,154.43,Cash on Delivery,South,4.0,25.0,4.0,0,
ORD103305,CUST3641,sports,04-15-2025,2917.21,2,0,142.47,Cash on Delivery,North,5.0,27.0,5.0,1,Better Price Found
ORD103914,CUST4113,Sports,11-17-2025,2153.91,1,0,14.22,UPI,East,3.0,38.0,5.0,1,Defective Product
ORD101868,CUST3513,sports,07/01/2026,758.01,1,15,67.17,Cash on Delivery,North,7.0,44.0,3.0,0,
ORD104842,CUST3406,Grocery,2026-07-06,457.81,2,0,49.12,UPI,East,7.0,25.0,4.0,0,
ORD102863,CUST3338,Home & Kitchen,10-30-2024,1398.99,1,25,93.83,Credit Card,North,6.0,32.0,4.0,0,
ORD102416,CUST4487,grocery,03/05/2026,274.08,1,15,124.94,Net Banking,East,4.0,34.0,1.0,1,Late Delivery
ORD103708,CUST3353,Books,15/08/2026,641.46,1,20,,Debit Card,South,4.0,,3.0,0,
ORD100884,CUST1324,Grocery,08-22-2024,290.25,1,15,136.92,Credit Card,East,,16.0,1.0,1,Size Issue
ORD104692,CUST2860,Beauty,15/12/2024,699.77,1,15,40.07,Debit Card,Central,4.0,26.0,5.0,1,Not as Described
ORD103828,CUST2401,home & kitchen,2025-09-05,2123.01,2,0,32.97,Net Banking,West,7.0,41.0,4.0,0,
ORD103375,CUST3447,Toys,13/09/2024,586.73,1,10,118.69,Debit Card,South,5.0,21.0,3.0,0,
ORD101286,CUST1378,Home & Kitchen,2026-04-30,2347.52,1,10,139.98,Credit Card,Central,5.0,,5.0,0,
ORD103170,CUST1483,sports,2025-11-19,50.0,1,25,108.28,Debit Card,North,6.0,43.0,1.0,0,
ORD104397,CUST4325, Beauty,28/04/2025,866.64,1,25,102.19,Debit Card,North,5.0,17.0,5.0,1,Late Delivery
ORD100710,CUST2757,fashion,2025-01-31,930.73,1,0,344.73,UPI,West,5.0,28.0,5.0,1,Not as Described
ORD105738,CUST2843,Electronics ,2025-06-17,6514.43,1,0,51.55,Net Banking,South,4.0,40.0,2.0,0,
ORD100098,CUST2384, Beauty,01-30-2025,793.15,2,15,103.43,Net Banking,West,4.0,16.0,3.0,0,
ORD100890,CUST1195,Books,2025-03-27,203.01,1,0,72.11,UPI,South,4.0,33.0,4.0,0,
ORD105030,CUST1603,Electronics ,10/07/2026,5961.87,2,0,10.7,Debit Card,South,4.0,28.0,5.0,0,
ORD101982,CUST2357,grocery,04/06/2025,,1,10,105.63,UPI,West,2.0,32.0,4.0,1,Size Issue
ORD102235,CUST1008,books,12-13-2025,532.79,1,5,56.96,UPI,North,7.0,43.0,5.0,0,
ORD103135,CUST1359,Books,2025-03-25,501.14,1,10,83.82,Debit Card,Central,3.0,36.0,5.0,0,
ORD102595,CUST1644,Electronics ,10/12/2025,2597.63,1,5,80.59,UPI,North,8.0,26.0,4.0,0,
ORD101039,CUST2307,home & kitchen,2025-10-03,801.33,2,10,15.19,Debit Card,South,5.0,27.0,4.0,0,
ORD100908,CUST1066,Sports,20/02/2025,2946.46,1,10,230.52,Net Banking,East,5.0,43.0,5.0,0,
ORD105688,CUST2288, Beauty,2025-08-19,843.77,1,10,69.59,Net Banking,Central,5.0,16.0,4.0,1,Late Delivery
ORD104367,CUST4086,Toys,2024-12-07,846.52,2,0,123.66,Cash on Delivery,East,3.0,31.0,5.0,0,
ORD101062,CUST1185,Electronics,09/06/2025,6445.24,1,20,10.52,Credit Card,South,7.0,26.0,5.0,0,
ORD103714,CUST1665,toys,09-17-2025,922.77,1,25,98.1,UPI,East,5.0,36.0,1.0,1,Better Price Found
ORD103496,CUST2471,beauty,11-22-2025,604.06,1,30,85.64,Cash on Delivery,Central,6.0,62.0,5.0,0,
ORD105024,CUST2956,sports,2025-02-15,1883.55,1,15,75.34,Debit Card,East,,30.0,5.0,0,
ORD101465,CUST3693,sports,2026-03-04,1159.36,1,0,79.52,Net Banking,North,6.0,20.0,1.0,1,Changed Mind
ORD105780,CUST2716,books,05-01-2025,319.69,1,15,60.29,Credit Card,North,4.0,33.0,4.0,0,
ORD103474,CUST2602,beauty,12/01/2026,1411.15,2,0,93.26,Cash on Delivery,East,5.0,32.0,4.0,0,
ORD101991,CUST4382,Toys,07-08-2025,713.33,2,5,37.05,Debit Card,North,1.0,37.0,5.0,1,Not as Described
ORD105179,CUST1215,Home & kitchen,12/01/2026,3224.73,1,0,33.13,Debit Card,South,2.0,25.0,3.0,1,Changed Mind
ORD101398,CUST2009,Home & Kitchen,22/03/2025,4055.13,4,0,37.9,UPI,West,4.0,42.0,4.0,0,
ORD100670,CUST2746,Electronics ,04-30-2026,8469.2,2,5,146.5,UPI,West,1.0,30.0,5.0,0,
ORD101262,CUST3754,Fashion ,10-30-2025,721.59,1,0,60.97,Net Banking,East,8.0,37.0,5.0,1,Defective Product
ORD104573,CUST1126,Home & Kitchen,2024-10-14,2827.9,1,0,43.54,Debit Card,West,7.0,42.0,4.0,1,Size Issue
ORD102376,CUST1729,fashion,10-11-2024,1296.68,1,10,38.81,UPI,East,1.0,35.0,5.0,0,
ORD105174,CUST1240,fashion,07-26-2026,1212.12,1,5,23.55,Cash on Delivery,North,1.0,41.0,5.0,0,
ORD102022,CUST1846,books,01-30-2025,666.25,1,5,33.19,UPI,South,6.0,40.0,4.0,0,
ORD101196,CUST2863,toys,2025-08-03,1135.0,1,10,99.69,Credit Card,West,4.0,59.0,3.0,1,Defective Product
ORD100416,CUST1611,books,27/09/2024,462.93,1,5,49.69,Debit Card,East,5.0,62.0,4.0,0,
ORD104265,CUST2884,Fashion,12-11-2025,1534.68,2,15,89.49,Cash on Delivery,North,4.0,29.0,1.0,0,
ORD104787,CUST4103,sports,2026-04-11,1039.97,2,5,66.99,Net Banking,East,9.0,34.0,3.0,0,
ORD104745,CUST1733,sports,02/09/2025,2111.53,3,0,26.23,Credit Card,West,2.0,22.0,3.0,0,
ORD103350,CUST1030,Home & kitchen,2025-06-25,2637.23,3,0,31.51,Debit Card,South,5.0,34.0,5.0,1,Better Price Found
ORD103834,CUST1533,grocery,18/11/2024,257.02,2,5,174.09,Net Banking,Central,3.0,38.0,4.0,0,
ORD103023,CUST1984,sports,2025-02-01,2555.91,1,10,77.29,Debit Card,East,4.0,36.0,5.0,0,
ORD101011,CUST1804,home & kitchen,2024-10-15,2069.66,1,0,23.35,Credit Card,Central,3.0,38.0,5.0,0,
ORD104423,CUST4459, Beauty,18/12/2025,622.17,1,5,62.15,Credit Card,Central,6.0,25.0,3.0,0,
ORD101236,CUST2424,beauty,11-24-2024,640.57,1,15,98.92,Credit Card,Central,2.0,24.0,4.0,0,
ORD101703,CUST1261,Sports,2025-03-05,2044.3,2,5,150.94,Net Banking,South,6.0,16.0,4.0,0,
ORD102698,CUST3661,sports,14/10/2025,2361.38,2,10,86.31,UPI,East,1.0,52.0,5.0,1,Wrong Item Delivered
ORD100898,CUST3518,sports,06-28-2025,956.12,1,10,139.88,Debit Card,East,5.0,47.0,5.0,0,
ORD100200,CUST1969,Home & kitchen,09/12/2024,378.79,1,25,123.53,Credit Card,North,5.0,39.0,5.0,0,
ORD101727,CUST2905,Grocery,2024-10-08,210.76,1,15,79.68,Debit Card,South,4.0,41.0,5.0,0,
ORD105454,CUST3260,ELECTRONICS,28/08/2024,7518.9,1,10,159.69,Credit Card,West,4.0,30.0,5.0,0,
ORD105608,CUST2365,Sports,2026-03-22,1330.77,1,25,41.41,Net Banking,Central,7.0,39.0,4.0,0,
ORD100734,CUST4092,Beauty,06/03/2025,1004.63,1,10,152.31,Net Banking,East,3.0,26.0,3.0,0,
ORD104380,CUST1151, Beauty,06-02-2025,886.53,1,0,180.43,Cash on Delivery,South,4.0,26.0,4.0,0,
ORD101206,CUST3310,Home & kitchen,2024-10-15,1894.44,1,0,62.81,Net Banking,North,7.0,35.0,3.0,0,
ORD102836,CUST3855,grocery,03-22-2025,277.88,1,25,118.38,Cash on Delivery,Central,3.0,38.0,,1,Changed Mind
ORD100599,CUST2918,Books,29/03/2026,563.35,1,10,63.27,Credit Card,South,7.0,31.0,5.0,0,
ORD104413,CUST4447,fashion,02-05-2026,1205.29,1,30,197.24,Credit Card,North,6.0,24.0,5.0,1,Size Issue
ORD100400,CUST4410,grocery,05/08/2026,354.82,1,15,22.0,Credit Card,East,6.0,40.0,4.0,0,
ORD102817,CUST1172,sports,2024-08-25,1408.53,2,0,120.83,Net Banking,East,4.0,46.0,5.0,0,
ORD101776,CUST3471,Home & Kitchen,01-16-2026,2428.88,1,20,85.44,Cash on Delivery,West,4.0,26.0,5.0,0,
ORD105392,CUST4060,Home & kitchen,2024-11-29,1602.19,2,5,32.34,UPI,Central,2.0,53.0,1.0,0,
ORD100514,CUST2545,Sports,02-27-2026,1728.51,1,15,78.77,Credit Card,North,6.0,27.0,5.0,0,
ORD105015,CUST3316,Home & kitchen,05-27-2025,2939.06,2,5,144.24,Net Banking,South,4.0,53.0,5.0,1,Late Delivery
ORD104527,CUST1957,beauty,06-12-2025,554.16,3,25,172.28,Net Banking,West,7.0,23.0,5.0,0,
ORD104667,CUST3543,,05/08/2025,1034.12,1,10,82.52,Credit Card,Central,5.0,36.0,3.0,1,Defective Product
ORD105432,CUST2121,Sports,08/06/2025,2097.67,1,0,20.8,Net Banking,South,4.0,29.0,3.0,0,
ORD100814,CUST3778, Beauty,10-27-2024,934.71,1,0,107.14,Net Banking,West,4.0,30.0,4.0,0,
ORD103277,CUST2889,home & kitchen,2025-05-02,2785.02,2,25,77.01,UPI,North,5.0,,3.0,0,
ORD102206,CUST3635,grocery,27/09/2024,410.02,1,20,152.53,Credit Card,Central,2.0,39.0,4.0,1,Wrong Item Delivered
ORD100891,CUST3617, Beauty,02-09-2025,966.43,1,5,9.22,Net Banking,East,3.0,45.0,4.0,0,
ORD101505,CUST2140,Fashion,2025-01-23,1287.93,1,15,74.68,Debit Card,Central,1.0,32.0,4.0,0,
ORD105219,CUST3673,books,17/07/2026,378.14,1,15,18.82,UPI,South,10.0,36.0,1.0,0,
ORD104592,CUST1856,Home & kitchen,2026-01-17,3064.13,2,15,125.45,Cash on Delivery,Central,7.0,38.0,3.0,0,
ORD104300,CUST2998,home & kitchen,2026-06-11,2298.13,1,0,18.3,Debit Card,West,4.0,41.0,2.0,1,Changed Mind
ORD102588,CUST3690,Toys,2025-01-13,649.44,1,10,74.25,Net Banking,Central,6.0,20.0,2.0,0,
ORD101035,CUST2307,Toys,05-10-2026,953.99,1,0,101.81,Debit Card,North,5.0,22.0,3.0,0,
ORD103521,CUST2868,Beauty,03-22-2026,678.29,1,0,124.87,Net Banking,West,6.0,32.0,2.0,0,
ORD100219,CUST4455, Beauty,06-07-2025,736.78,1,25,80.6,Net Banking,Central,4.0,28.0,5.0,0,
ORD105123,CUST1698,toys,2025-02-12,503.11,1,0,104.36,Cash on Delivery,Central,4.0,31.0,3.0,0,
ORD105934,CUST2827,fashion,2025-07-01,857.89,1,25,,Credit Card,East,6.0,44.0,5.0,1,Size Issue
ORD103801,CUST4139,sports,08-29-2025,1511.84,1,5,72.77,Credit Card,South,8.0,31.0,2.0,0,
ORD100133,CUST4215,sports,2026-06-27,2387.71,1,5,122.69,Credit Card,East,1.0,56.0,5.0,0,
ORD105083,CUST2378,toys,2025-11-03,839.75,4,5,57.8,Credit Card,West,3.0,35.0,5.0,0,
ORD105424,CUST2757,Home & Kitchen,12-19-2025,2714.14,1,10,5.05,Credit Card,South,4.0,16.0,4.0,1,Late Delivery
ORD100821,CUST3687,grocery,04-02-2025,50.0,1,0,149.41,Net Banking,North,6.0,29.0,5.0,0,
ORD102658,CUST2872,sports,03-09-2026,2049.65,1,0,52.29,Net Banking,East,8.0,28.0,3.0,0,
ORD101509,CUST2335,Toys,02/01/2025,828.59,1,15,11.29,Net Banking,Central,4.0,46.0,4.0,0,
ORD101414,CUST2588,Electronics ,2025-03-20,9136.38,1,30,88.31,UPI,North,6.0,42.0,5.0,0,
ORD103807,CUST3807,Fashion ,2025-03-27,1323.8,2,10,66.23,Cash on Delivery,South,4.0,16.0,5.0,0,
ORD102744,CUST3310,Electronics,17/02/2026,7996.57,2,20,29.99,Net Banking,West,3.0,30.0,4.0,0,
ORD105639,CUST1578,toys,12-04-2024,815.01,2,0,126.77,Debit Card,West,2.0,42.0,5.0,1,Late Delivery
ORD104584,CUST2151,Home & Kitchen,2024-09-02,1737.47,1,5,101.03,Credit Card,East,4.0,41.0,3.0,0,
ORD104005,CUST2783,Toys,2025-03-26,1058.63,3,10,,Cash on Delivery,North,3.0,24.0,4.0,0,
ORD102985,CUST1578,fashion,02-03-2026,1290.89,1,10,43.24,Credit Card,Central,3.0,27.0,4.0,1,Size Issue
ORD102578,CUST2783,Beauty,2026-06-26,1053.43,3,0,184.32,UPI,West,4.0,51.0,4.0,0,
ORD103075,CUST3132,sports,2026-03-17,1674.55,1,0,92.24,UPI,North,4.0,43.0,2.0,0,
ORD105979,CUST3641,grocery,2024-09-16,239.86,1,10,72.23,Credit Card,North,8.0,34.0,4.0,0,
ORD100600,CUST1576,Books,07-23-2026,344.02,1,0,95.06,Credit Card,North,1.0,25.0,5.0,0,
ORD103106,CUST1654,Grocery,09/11/2025,398.55,1,5,169.84,UPI,Central,5.0,16.0,3.0,0,
ORD102940,CUST1612,Toys,09-17-2025,845.99,1,5,36.7,Credit Card,North,3.0,42.0,4.0,0,
ORD104987,CUST2836,beauty,15/03/2025,851.97,1,0,36.78,UPI,West,1.0,38.0,4.0,0,
ORD103258,CUST2456,Fashion ,07-10-2025,731.85,1,5,33.37,Debit Card,North,7.0,61.0,1.0,0,
ORD104360,CUST1026,Toys,2026-03-04,1504.21,1,5,98.25,Debit Card,East,6.0,22.0,4.0,1,Changed Mind
ORD100854,CUST4420,home & kitchen,2026-03-15,656.47,1,0,7.98,Cash on Delivery,East,2.0,66.0,4.0,1,Better Price Found
ORD100487,CUST3860,Home & kitchen,05/07/2025,4612.44,1,25,161.26,Debit Card,South,3.0,44.0,1.0,0,
ORD104394,CUST3229,Toys,12-02-2025,1555.37,1,15,81.09,Cash on Delivery,Central,7.0,40.0,2.0,1,Better Price Found
ORD102536,CUST2517, Beauty,09-04-2025,,1,25,120.85,Net Banking,South,4.0,21.0,5.0,0,
ORD100592,CUST1541,Books,12-25-2024,415.65,2,0,62.57,Debit Card,East,1.0,,5.0,0,
ORD101608,CUST1508,home & kitchen,20/07/2025,2649.11,2,0,87.59,Net Banking,Central,5.0,16.0,5.0,1,Changed Mind
ORD105157,CUST3718,books,19/11/2024,293.81,1,20,104.15,Net Banking,West,6.0,24.0,4.0,0,
ORD102373,CUST1629, Beauty,15/02/2026,781.84,1,10,167.18,UPI,Central,8.0,17.0,3.0,0,
ORD105525,CUST3678,Books,2026-01-04,599.75,1,15,46.73,Cash on Delivery,North,1.0,16.0,4.0,0,
ORD100099,CUST3268,Books,2024-09-03,514.59,1,15,73.82,Credit Card,North,7.0,,5.0,0,
ORD105408,CUST2592,Fashion ,27/04/2026,1683.88,1,5,133.21,Net Banking,West,4.0,56.0,5.0,0,
ORD104649,CUST1213,ELECTRONICS,2024-09-28,9948.74,1,5,135.06,Net Banking,North,4.0,,1.0,0,
ORD102132,CUST2819,Sports,2024-11-11,,1,25,68.86,Credit Card,West,4.0,41.0,5.0,0,
ORD103009,CUST1075,beauty,02-14-2026,532.91,1,25,67.56,Net Banking,East,5.0,33.0,5.0,0,
ORD100413,CUST1267,Sports,10/11/2024,1425.08,1,0,,UPI,South,5.0,48.0,4.0,0,
ORD100357,CUST3603,Grocery,07-22-2026,170.51,1,5,106.94,UPI,East,2.0,,3.0,0,
ORD104192,CUST3418,Sports,03/06/2025,1692.87,1,20,64.94,UPI,West,5.0,25.0,1.0,0,
ORD102395,CUST1558,Toys,12/09/2025,689.05,3,0,21.25,Cash on Delivery,North,5.0,28.0,3.0,0,
ORD104569,CUST3880,Electronics,06-04-2026,4774.67,1,0,67.51,Credit Card,East,6.0,49.0,4.0,0,
ORD103559,CUST2715,grocery,27/03/2025,384.9,1,0,42.95,Debit Card,Central,8.0,23.0,5.0,1,Wrong Item Delivered
ORD100015,CUST1881,Home & kitchen,03-10-2025,3171.38,2,0,23.17,Debit Card,South,7.0,49.0,4.0,0,
ORD101961,CUST4306,beauty,06-15-2026,713.76,1,10,63.29,Credit Card,East,2.0,40.0,4.0,0,
ORD100203,CUST4016,Home & Kitchen,2024-09-06,3390.31,25,25,320.44,Credit Card,Central,5.0,53.0,2.0,0,
ORD100036,CUST3600,books,10-10-2024,439.34,1,5,39.4,Net Banking,North,3.0,43.0,2.0,1,Changed Mind
ORD100435,CUST1948,home & kitchen,2025-03-19,2508.28,1,10,99.09,Credit Card,East,5.0,35.0,,1,Size Issue
ORD100589,CUST1538,Toys,05-12-2025,739.8,1,15,157.51,Net Banking,East,3.0,40.0,4.0,0,
ORD101965,CUST1050,Books,02/09/2025,372.89,2,10,22.42,Cash on Delivery,Central,2.0,49.0,3.0,1,Changed Mind
ORD102862,CUST1784,Electronics,2024-11-05,9417.58,1,5,22.6,UPI,North,,29.0,4.0,1,Better Price Found
ORD103752,CUST2819,Books,2025-01-23,537.0,1,25,104.09,Cash on Delivery,Central,4.0,35.0,2.0,0,
ORD100012,CUST1026,beauty,2026-04-02,701.25,1,0,55.27,Debit Card,North,4.0,38.0,4.0,0,
ORD105091,CUST2645,Sports,17/05/2026,1390.35,1,25,114.41,Net Banking,Central,9.0,42.0,5.0,1,Wrong Item Delivered
ORD101448,CUST4267,electronics,01-19-2025,11628.6,1,10,40.6,UPI,South,4.0,37.0,2.0,0,
ORD104146,CUST3538,grocery,2025-02-20,236.26,3,20,31.4,Debit Card,Central,5.0,37.0,4.0,1,Size Issue
ORD102739,CUST3214,Electronics ,01/08/2026,7332.37,2,0,108.13,Net Banking,South,5.0,25.0,5.0,0,
ORD104967,CUST2403,Books,02-05-2026,392.4,2,30,101.02,Cash on Delivery,East,4.0,32.0,2.0,0,
ORD101530,CUST3005,Toys,28/09/2025,1250.29,3,25,42.05,UPI,East,1.0,35.0,5.0,1,Wrong Item Delivered
ORD100540,CUST3216,Fashion,2025-08-10,935.39,1,5,112.06,UPI,South,5.0,38.0,5.0,0,
ORD102562,CUST1732,books,09-30-2025,617.53,1,10,18.71,Net Banking,Central,4.0,29.0,,0,
ORD104017,CUST1151,Home & Kitchen,06-23-2025,3630.09,1,20,23.96,Net Banking,South,1.0,45.0,4.0,0,
ORD104913,CUST1395,Fashion ,01-27-2025,358.25,1,0,29.52,UPI,West,4.0,35.0,4.0,1,Changed Mind
ORD101798,CUST1527,toys,2025-07-09,1571.63,1,0,154.83,Net Banking,North,6.0,24.0,4.0,0,
ORD104057,CUST4028,Beauty,2024-09-13,631.99,4,5,44.11,Credit Card,South,3.0,38.0,3.0,1,Size Issue
ORD101495,CUST1714,sports,02-13-2025,1562.48,1,5,248.51,UPI,North,6.0,19.0,4.0,1,Size Issue
ORD103931,CUST1550,books,08-13-2025,450.33,1,0,47.56,Credit Card,North,4.0,28.0,5.0,0,
ORD105923,CUST4052,home & kitchen,03-22-2025,3178.99,1,20,26.17,Debit Card,South,6.0,38.0,4.0,1,Not as Described
ORD105816,CUST4133,fashion,05/09/2025,1360.9,1,5,58.56,Net Banking,East,7.0,32.0,5.0,0,
ORD103159,CUST4472,Sports,27/06/2025,957.61,1,10,,Credit Card,West,5.0,57.0,1.0,0,
ORD103707,CUST1168,Electronics ,02-08-2025,10312.98,1,10,56.81,Credit Card,West,5.0,16.0,5.0,0,
ORD102201,CUST2018,toys,2025-12-15,932.2,4,15,46.52,Debit Card,North,5.0,26.0,1.0,0,
ORD103354,CUST3360,Books,27/06/2026,118.27,1,15,218.18,Debit Card,West,3.0,29.0,5.0,0,
ORD105789,CUST1592,Home & Kitchen,15/10/2025,50709.30856192702,4,5,60.09,Net Banking,West,5.0,38.0,4.0,0,
ORD104706,CUST4135,toys,2025-10-21,569.92,1,25,86.67,Debit Card,North,6.0,38.0,3.0,0,
ORD102307,CUST2562,Toys,17/12/2025,387.86,2,10,48.02,Cash on Delivery,West,6.0,49.0,1.0,0,
ORD101968,CUST2697, Beauty,06-21-2025,885.65,1,0,111.48,Cash on Delivery,Central,4.0,34.0,3.0,0,
ORD100705,CUST3689,books,01-21-2025,449.2,1,25,45.22,UPI,East,4.0,17.0,4.0,0,
ORD102558,CUST2497,Home & Kitchen,24/06/2025,3711.09,1,15,46.51,Cash on Delivery,West,7.0,30.0,2.0,0,
ORD103846,CUST3464,sports,13/03/2026,2314.61,1,0,60.47,Debit Card,South,3.0,35.0,5.0,0,
ORD101980,CUST3788,Fashion ,11-13-2025,,1,5,43.48,Debit Card,West,6.0,32.0,3.0,0,
ORD100439,CUST4226,Sports,06-25-2026,2119.68,1,5,104.13,UPI,East,7.0,42.0,2.0,0,
ORD102981,CUST3203,home & kitchen,2025-01-18,4172.79,1,30,231.45,Debit Card,West,3.0,23.0,3.0,0,
ORD102117,CUST3007,electronics,08-17-2026,8506.07,2,0,35.26,Credit Card,South,4.0,30.0,5.0,1,Late Delivery
ORD103890,CUST1416,Sports,2026-01-09,2081.57,3,10,41.66,Credit Card,West,3.0,33.0,5.0,0,
ORD100924,CUST3111,Home & kitchen,02/07/2026,1803.51,1,0,51.64,Net Banking,Central,5.0,36.0,5.0,1,Late Delivery
ORD101688,CUST2779,beauty,2024-10-21,453.64,1,10,49.45,UPI,West,3.0,46.0,5.0,1,Size Issue
ORD103882,CUST4286,sports,06-04-2026,1877.92,1,10,182.31,Debit Card,North,2.0,17.0,4.0,0,
ORD105851,CUST2533,grocery,09/12/2024,243.09,1,30,66.81,Credit Card,South,6.0,26.0,4.0,0,
ORD104395,CUST3532,Electronics,2025-11-18,9874.04,1,15,23.24,Credit Card,Central,6.0,32.0,1.0,0,
ORD104507,CUST1406,toys,2024-10-24,958.73,1,0,97.31,Net Banking,North,4.0,47.0,4.0,0,
ORD101134,CUST4061,Electronics ,12-11-2025,6868.53,1,0,109.54,Credit Card,South,4.0,40.0,5.0,0,
ORD104707,CUST1121,Electronics,2025-05-09,10230.6,1,10,41.55,Cash on Delivery,North,5.0,32.0,1.0,1,Better Price Found
ORD101108,CUST2931,Grocery,2025-11-08,211.02,1,10,10.7,Cash on Delivery,West,4.0,33.0,4.0,1,Wrong Item Delivered
ORD104064,CUST3190,books,01-01-2026,616.34,2,20,29.45,Cash on Delivery,West,3.0,52.0,5.0,1,Late Delivery
ORD102684,CUST4216,Grocery,27/01/2026,318.8,2,0,34.46,Net Banking,Central,6.0,22.0,5.0,0,
ORD104563,CUST2345,Home & Kitchen,2026-07-21,2421.41,1,5,19.59,Cash on Delivery,West,3.0,36.0,5.0,0,
ORD102605,CUST3483,sports,03-09-2025,2701.48,2,0,66.31,Cash on Delivery,Central,6.0,31.0,4.0,0,
ORD102522,CUST1281,beauty,29/10/2025,648.51,1,15,49.39,Cash on Delivery,South,4.0,46.0,4.0,0,
ORD100768,CUST3593,Home & Kitchen,13/10/2024,3453.67,2,10,41.31,Net Banking,Central,4.0,41.0,4.0,0,
ORD103015,CUST4337,grocery,05-31-2026,281.15,2,15,29.93,UPI,North,3.0,17.0,1.0,0,
ORD105938,CUST1818,toys,26/05/2025,699.64,2,5,59.66,UPI,West,4.0,33.0,5.0,0,
ORD104820,CUST2346,Home & Kitchen,2025-08-01,3565.35,1,15,95.62,Net Banking,West,3.0,39.0,4.0,1,Late Delivery
ORD104349,CUST1171,Sports,04-13-2026,1247.13,1,5,,Cash on Delivery,North,3.0,33.0,4.0,0,
ORD101919,CUST4440,Books,10-10-2025,442.53,1,5,106.07,Net Banking,South,7.0,35.0,5.0,0,
ORD102138,CUST3131,home & kitchen,31/10/2024,2897.84,1,5,99.39,UPI,North,1.0,38.0,4.0,1,Wrong Item Delivered
ORD105119,CUST2912,Grocery,2026-08-17,258.15,1,5,143.63,Net Banking,East,6.0,,2.0,0,
ORD100795,CUST4243,Fashion ,09-28-2025,1608.81,1,5,104.35,Credit Card,East,9.0,43.0,3.0,0,
ORD104323,CUST4068,toys,13/03/2025,576.42,2,15,161.62,UPI,North,6.0,21.0,4.0,0,
ORD103885,CUST3013,Toys,2026-08-19,1224.76,1,15,64.9,Credit Card,South,6.0,24.0,4.0,0,
ORD100637,CUST2630,Grocery,08/05/2025,165.98,1,25,32.33,Debit Card,East,5.0,26.0,2.0,0,
ORD104010,CUST2050,Books,12-04-2025,256.08,3,0,73.42,UPI,East,6.0,33.0,4.0,0,
ORD102749,CUST2261,Home & kitchen,2024-10-23,2555.37,1,0,61.37,Debit Card,West,4.0,32.0,5.0,0,
ORD101325,CUST1693,Sports,23/03/2026,1925.81,1,25,150.71,Debit Card,North,5.0,39.0,5.0,0,
ORD105907,CUST2982,Grocery,15/08/2026,349.47,3,0,,Credit Card,North,5.0,26.0,2.0,0,
ORD103698,CUST4152,,2026-07-29,1192.17,1,15,38.5,Credit Card,South,4.0,25.0,4.0,0,
ORD102753,CUST1558,Fashion,2026-02-24,531.04,3,15,29.63,Net Banking,South,3.0,27.0,4.0,0,
ORD105105,CUST2819,electronics,04-13-2025,2576.17,1,15,29.47,UPI,Central,3.0,37.0,5.0,1,Not as Described
ORD104716,CUST4225,Sports,05-22-2025,1809.45,1,0,36.53,Debit Card,South,2.0,27.0,5.0,0,
ORD103981,CUST3320,grocery,03-06-2025,369.59,1,15,97.66,Debit Card,South,6.0,26.0,4.0,1,Late Delivery
ORD100157,CUST3643,sports,22/11/2024,2571.49,1,0,190.55,Cash on Delivery,Central,5.0,33.0,2.0,0,
ORD100438,CUST1956,fashion,10/10/2024,1782.27,1,5,26.91,Debit Card,West,3.0,35.0,5.0,0,
ORD102470,CUST2082,Books,02-04-2025,410.67,2,25,134.57,Cash on Delivery,Central,5.0,16.0,2.0,1,Defective Product
ORD103498,CUST1776,Toys,2025-07-05,655.68,1,0,73.78,Credit Card,East,4.0,34.0,5.0,0,
ORD101569,CUST2151,Books,02/05/2025,353.24,1,0,34.08,Credit Card,North,10.0,20.0,1.0,1,Defective Product
ORD100387,CUST3267,books,2025-05-15,358.2,2,10,81.84,Cash on Delivery,East,6.0,31.0,3.0,1,Wrong Item Delivered
ORD101237,CUST3200,Sports,13/11/2024,1515.87,1,15,104.6,Cash on Delivery,North,4.0,29.0,4.0,0,
ORD105102,CUST3595,grocery,04-11-2025,311.86,1,0,125.08,Net Banking,West,3.0,29.0,4.0,0,
ORD102304,CUST3092,Fashion ,2025-05-30,853.5,1,30,79.83,Cash on Delivery,East,7.0,47.0,3.0,1,Changed Mind
ORD105889,CUST1454,Fashion ,05-14-2026,876.77,1,25,50.39,Net Banking,West,3.0,23.0,3.0,1,Late Delivery
ORD105519,CUST1898, Beauty,2026-04-13,418.31,2,10,84.84,Debit Card,North,8.0,,2.0,0,
ORD104490,CUST3219,Fashion,2026-07-18,1477.87,1,5,36.29,Net Banking,South,5.0,30.0,5.0,0,
ORD105376,CUST2222,Toys,21/07/2025,863.32,1,0,50.21,Cash on Delivery,North,5.0,33.0,4.0,0,
ORD104932,CUST1417,Toys,30/10/2025,506.31,1,30,70.52,Net Banking,South,7.0,44.0,5.0,1,Size Issue
ORD104281,CUST2232,Sports,2025-01-05,2242.96,2,20,107.85,UPI,South,4.0,33.0,5.0,0,
ORD105063,CUST1241,Books,01/01/2025,304.2,1,15,138.36,Credit Card,South,3.0,55.0,3.0,0,
ORD102779,CUST1203,toys,02/09/2024,989.72,1,25,48.07,Net Banking,Central,6.0,58.0,3.0,0,
ORD103139,CUST3866,ELECTRONICS,15/12/2025,6496.62,1,5,76.65,Credit Card,South,1.0,55.0,5.0,0,
ORD105269,CUST1183,Electronics ,12-16-2025,4551.76,1,15,321.96,Debit Card,North,7.0,,3.0,0,
ORD103321,CUST1522,Home & Kitchen,06-10-2025,2542.85,1,5,74.47,Cash on Delivery,Central,3.0,57.0,4.0,0,
ORD101539,CUST4440,Home & Kitchen,06-18-2025,2278.5,1,25,190.06,Cash on Delivery,East,4.0,39.0,2.0,0,
ORD105304,CUST3983,Sports,2024-12-25,3402.4,1,10,60.33,UPI,West,4.0,25.0,4.0,0,
ORD105855,CUST2761,fashion,21/07/2026,,1,10,130.64,UPI,South,1.0,44.0,4.0,1,Better Price Found
ORD102982,CUST3238,sports,01-20-2025,1164.79,1,25,39.85,UPI,South,2.0,31.0,5.0,0,
ORD100461,CUST3360,Electronics ,04-11-2026,6806.45,2,15,99.52,Credit Card,South,4.0,34.0,4.0,0,
ORD104220,CUST3725,Sports,2024-11-22,2647.99,1,5,89.82,Debit Card,Central,6.0,45.0,4.0,0,
ORD100813,CUST2350,Toys,20/04/2025,974.89,1,0,27.33,UPI,North,3.0,36.0,4.0,0,
ORD104411,CUST2731, Beauty,03-29-2025,1101.67,1,25,233.48,UPI,West,5.0,47.0,4.0,0,
ORD102933,CUST1493,Fashion ,07-02-2025,1358.28,1,15,,Net Banking,East,3.0,39.0,4.0,0,
ORD101793,CUST3640,Fashion ,11-22-2025,1800.49,2,25,202.73,Debit Card,West,4.0,26.0,3.0,0,
ORD101054,CUST2445,Toys,2025-01-23,626.34,3,0,10.53,Cash on Delivery,North,3.0,42.0,1.0,0,
ORD105856,CUST2603,Sports,2025-02-11,1561.04,1,15,17.4,UPI,West,2.0,51.0,4.0,0,
ORD105043,CUST3400,electronics,05-29-2026,8211.18,1,10,54.0,Net Banking,South,4.0,20.0,4.0,0,
ORD102218,CUST2831,Grocery,2026-05-07,431.57,1,10,26.16,UPI,South,5.0,32.0,4.0,0,
ORD101806,CUST1879,electronics,12-23-2024,14489.05,2,10,116.85,Credit Card,Central,6.0,23.0,5.0,1,Changed Mind
ORD103479,CUST4216,Books,2026-03-12,403.25,3,0,43.02,Debit Card,South,5.0,20.0,5.0,0,
ORD104994,CUST1638,Books,2025-07-01,412.35,1,15,38.58,Debit Card,East,4.0,44.0,4.0,0,
ORD104159,CUST2476,Toys,2025-03-12,673.53,1,0,75.49,Net Banking,South,5.0,33.0,4.0,0,
ORD101180,CUST1575,sports,2024-10-27,1277.06,1,5,72.75,Net Banking,South,4.0,33.0,3.0,0,
ORD100177,CUST3597,toys,01-14-2025,953.04,1,15,55.53,Net Banking,North,5.0,29.0,2.0,0,
ORD102853,CUST3146,Fashion ,05-29-2025,1099.59,1,15,106.74,Net Banking,South,6.0,48.0,5.0,1,Defective Product
ORD102157,CUST1307,sports,11/03/2026,2531.81,4,0,137.66,Debit Card,North,7.0,39.0,5.0,0,
ORD100736,CUST2160,Grocery,29/06/2025,214.17,1,5,,Net Banking,Central,2.0,52.0,,0,
ORD105470,CUST4117,electronics,01-31-2026,8314.84,1,5,73.85,Cash on Delivery,Central,4.0,41.0,5.0,0,
ORD103669,CUST2507,home & kitchen,15/07/2025,2878.06,1,30,55.5,Credit Card,Central,7.0,18.0,4.0,0,
ORD102783,CUST3978,Home & kitchen,01-23-2026,1959.45,1,0,22.11,Cash on Delivery,North,6.0,16.0,3.0,1,Not as Described
ORD102946,CUST2769,home & kitchen,10-23-2024,2235.88,1,10,214.72,Cash on Delivery,West,6.0,42.0,4.0,1,Defective Product
ORD100689,CUST3724,sports,2025-06-26,1031.91,1,25,61.43,Debit Card,North,8.0,43.0,5.0,0,
ORD105328,CUST2174,sports,2025-07-27,1618.93,1,15,40.39,Credit Card,West,5.0,45.0,4.0,1,Defective Product
ORD101533,CUST2470,Home & kitchen,11-14-2025,1359.6,1,0,45.96,Net Banking,North,3.0,31.0,1.0,0,
ORD100191,CUST1606,grocery,10-18-2025,221.15,1,5,76.46,Debit Card,West,3.0,27.0,4.0,1,Changed Mind
ORD102273,CUST4453,Beauty,28/08/2025,636.97,1,25,40.84,Debit Card,West,4.0,34.0,3.0,1,Changed Mind
ORD100652,CUST3212,Books,10/08/2026,415.0,3,5,25.04,Debit Card,West,5.0,28.0,3.0,1,Better Price Found
ORD105089,CUST4302,Books,05-19-2026,340.83,1,0,69.0,Net Banking,Central,7.0,45.0,,0,
ORD104702,CUST1302,Grocery,05-11-2025,327.94,1,20,69.08,UPI,East,4.0,37.0,3.0,1,Better Price Found
ORD102087,CUST2874,electronics,02/06/2026,10277.4,1,0,32.33,Debit Card,Central,8.0,42.0,5.0,0,
ORD101458,CUST3188,Fashion ,2025-10-18,2084.14,1,0,24.36,UPI,North,3.0,34.0,5.0,0,
ORD103161,CUST3552,grocery,10-13-2025,412.34,1,5,43.64,Cash on Delivery,East,4.0,39.0,2.0,0,
ORD103604,CUST3504,Fashion ,11-28-2025,1344.69,1,15,60.55,Credit Card,North,2.0,21.0,5.0,1,Better Price Found
ORD100895,CUST3588,Sports,09-14-2025,2132.19,1,10,43.98,,East,5.0,37.0,4.0,0,
ORD104733,CUST1608,Electronics ,2025-03-22,5186.38,3,5,60.09,Net Banking,South,6.0,27.0,4.0,0,
ORD101732,CUST4213,Toys,2025-03-20,240.25,1,20,31.41,Debit Card,South,7.0,40.0,2.0,0,
ORD105313,CUST3776,fashion,31/03/2026,1536.9,1,5,17.88,Credit Card,North,10.0,31.0,5.0,0,
ORD102355,CUST1101,grocery,30/01/2026,304.85,1,10,48.69,Cash on Delivery,East,1.0,33.0,3.0,0,
ORD100127,CUST4476,Beauty,06-27-2026,634.05,1,5,62.32,UPI,Central,6.0,40.0,3.0,0,
ORD102165,CUST2744,home & kitchen,2025-12-26,2172.17,1,15,24.6,Credit Card,North,8.0,28.0,2.0,0,
ORD103998,CUST4492,grocery,04-02-2026,315.34,1,10,18.37,Debit Card,North,8.0,36.0,3.0,0,
ORD100819,CUST3718,Sports,10-17-2024,2115.74,1,0,67.24,Net Banking,East,5.0,45.0,4.0,0,
ORD103317,CUST2780,grocery,21/06/2026,205.18,1,20,94.91,UPI,South,4.0,34.0,4.0,0,
ORD105578,CUST1451, Beauty,2025-08-13,606.62,1,0,27.03,Debit Card,Central,5.0,35.0,4.0,0,
ORD103845,CUST1395,Electronics ,26/08/2024,8757.66,3,0,31.68,UPI,East,4.0,33.0,4.0,0,
ORD100030,CUST2556,ELECTRONICS,14/05/2026,2329.6,2,0,76.77,Credit Card,North,6.0,43.0,4.0,0,
ORD102460,CUST4473,Electronics ,2025-12-16,10565.86,1,0,70.55,UPI,East,7.0,40.0,4.0,0,
ORD105694,CUST1615,Electronics,2026-04-01,9059.14,1,5,47.39,UPI,South,4.0,19.0,4.0,0,
ORD102904,CUST2626,Beauty,12/07/2025,885.73,2,0,224.09,Debit Card,North,6.0,37.0,4.0,0,
ORD105712,CUST3919,books,2024-09-17,359.42,1,15,108.15,Net Banking,West,3.0,18.0,4.0,0,
ORD104016,CUST2786,sports,02/10/2025,1203.4,2,30,71.78,Credit Card,North,6.0,24.0,4.0,0,
ORD102547,CUST3227,fashion,03-14-2025,1311.2,2,0,10.1,UPI,East,,24.0,4.0,1,Size Issue
ORD105608,CUST2365,Sports,2026-03-22,1330.77,1,25,41.41,Net Banking,Central,7.0,39.0,4.0,0,
ORD104958,CUST3970,Home & Kitchen,09/02/2025,1155.49,4,25,,Debit Card,Central,2.0,33.0,,0,
ORD100927,CUST3649,Home & kitchen,2024-09-14,2258.57,1,25,11.68,Net Banking,Central,3.0,49.0,1.0,1,Defective Product
ORD105931,CUST2276,Electronics ,02/03/2026,10596.12,1,15,43.83,Cash on Delivery,East,6.0,,1.0,0,
ORD105917,CUST1900,Fashion,15/04/2025,1911.11,2,10,75.28,Cash on Delivery,Central,6.0,53.0,4.0,0,
ORD100450,CUST3866,Sports,01-04-2026,2638.74,1,0,70.41,Debit Card,Central,2.0,26.0,5.0,0,
ORD103426,CUST3752,Home & kitchen,02-11-2025,985.1,1,30,18.27,Cash on Delivery,Central,5.0,30.0,4.0,0,
ORD102882,CUST3155,books,04/01/2025,536.57,1,5,111.01,Credit Card,Central,3.0,31.0,1.0,1,Changed Mind
ORD101119,CUST3498,Books,01-07-2026,182.31,1,25,53.54,Cash on Delivery,South,4.0,41.0,5.0,0,
ORD102857,CUST1452,books,2025-11-30,386.53,1,5,,UPI,South,3.0,45.0,3.0,0,
ORD101781,CUST3773,Home & kitchen,29/08/2025,2706.66,1,15,34.5,Net Banking,North,1.0,24.0,1.0,0,
ORD103613,CUST3373,fashion,2025-04-15,1511.63,1,5,16.14,Credit Card,East,5.0,24.0,1.0,0,
ORD100324,CUST4419,Grocery,23/06/2025,329.47,2,20,204.96,Cash on Delivery,Central,7.0,27.0,4.0,1,Defective Product
ORD105852,CUST3125,grocery,25/04/2026,434.01,1,10,43.46,Net Banking,Central,4.0,18.0,5.0,0,
ORD103648,CUST1211,Home & kitchen,12/05/2025,1702.5,1,0,118.84,Debit Card,Central,4.0,19.0,5.0,1,Defective Product
ORD100456,CUST1374,Books,02-18-2025,267.3,55,5,102.45,Debit Card,North,3.0,48.0,5.0,0,
ORD101353,CUST1996,Sports,2025-07-20,1738.65,2,0,49.84,UPI,North,5.0,29.0,5.0,1,Defective Product
ORD103709,CUST2066,home & kitchen,11-19-2024,1128.07,2,25,85.78,Credit Card,East,4.0,43.0,4.0,0,
ORD104578,CUST1725,sports,07/05/2025,1769.27,1,0,9.96,Net Banking,North,3.0,41.0,5.0,0,
ORD104814,CUST4273,Books,08/10/2025,247.27,1,0,67.28,Debit Card,East,1.0,38.0,1.0,0,
ORD101496,CUST2355,beauty,26/09/2025,630.29,1,20,70.74,Credit Card,West,6.0,34.0,4.0,0,
ORD105995,CUST1697,books,07-03-2025,598.93,1,0,48.09,Credit Card,North,7.0,36.0,4.0,1,Better Price Found
ORD103580,CUST1963,grocery,11/11/2024,259.71,4,0,4.03,Debit Card,Central,5.0,18.0,4.0,0,
ORD105624,CUST2478,Beauty,16/06/2026,600.45,3,25,141.46,Cash on Delivery,East,3.0,16.0,3.0,0,
ORD104048,CUST2534,home & kitchen,2025-08-12,2659.7,1,0,38.58,Credit Card,East,8.0,37.0,3.0,0,
ORD101881,CUST3032,ELECTRONICS,2024-11-03,5427.4,1,30,18.61,UPI,North,6.0,16.0,4.0,0,
ORD101736,CUST4178,fashion,2026-08-18,1032.59,4,5,150.56,UPI,West,5.0,30.0,5.0,0,
ORD100409,CUST2922, Beauty,12/10/2025,737.35,1,25,106.37,Net Banking,Central,2.0,31.0,5.0,0,
ORD105433,CUST1598,Toys,2026-08-12,841.08,4,0,17.86,Net Banking,South,2.0,,4.0,0,
ORD102434,CUST3624,Fashion ,2026-01-21,1859.27,2,15,12.09,Credit Card,East,6.0,40.0,5.0,1,Not as Described
ORD105572,CUST1098,home & kitchen,16/06/2026,5458.04,1,20,94.37,Cash on Delivery,West,2.0,50.0,4.0,0,
ORD100136,CUST3276,home & kitchen,2026-08-16,2975.65,1,10,49.3,UPI,East,4.0,21.0,5.0,0,
ORD102128,CUST3432,Beauty,2025-11-17,407.11,2,0,104.4,Credit Card,West,4.0,23.0,3.0,0,
ORD102651,CUST2147,books,2026-06-19,384.44,2,0,163.95,Debit Card,West,3.0,41.0,3.0,0,
ORD105429,CUST3421,Toys,2026-08-14,1348.66,4,5,29.28,Credit Card,North,4.0,38.0,5.0,1,Better Price Found
ORD104358,CUST1826,Toys,11-16-2024,782.03,1,0,64.81,Net Banking,East,2.0,41.0,5.0,0,
ORD100801,CUST4321,toys,2025-07-14,594.33,1,15,201.59,Credit Card,West,72.0,36.0,4.0,0,
ORD104474,CUST3606,Grocery,11-28-2024,348.62,1,0,66.12,Cash on Delivery,West,1.0,59.0,3.0,0,
ORD102662,CUST2554,ELECTRONICS,24/12/2025,13051.49,1,10,51.92,Cash on Delivery,Central,4.0,60.0,5.0,0,
ORD104747,CUST2979,Beauty,09-07-2025,554.93,4,0,15.67,Cash on Delivery,Central,1.0,26.0,5.0,0,
ORD100532,CUST1306,Grocery,29/07/2026,106.6,2,0,124.16,Net Banking,East,5.0,58.0,4.0,0,
ORD102280,CUST3662,toys,06/08/2026,658.02,1,5,35.57,Net Banking,West,5.0,42.0,3.0,0,
ORD105177,CUST4000,Sports,01-19-2025,1988.03,1,30,30.61,Net Banking,West,4.0,23.0,4.0,0,
ORD103164,CUST3588,Toys,2025-09-02,1051.53,1,0,65.32,Debit Card,North,9.0,18.0,4.0,0,
ORD103688,CUST2686,Home & Kitchen,2025-12-03,3095.33,1,0,19.0,Cash on Delivery,North,1.0,16.0,4.0,0,
ORD103421,CUST2372,Toys,05-08-2026,368.7,1,10,89.55,Cash on Delivery,North,2.0,40.0,2.0,0,
ORD103465,CUST2808,Grocery,02/12/2025,367.02,1,15,91.69,UPI,South,9.0,23.0,5.0,1,Wrong Item Delivered
ORD104555,CUST2769,Fashion ,2026-08-19,1154.82,1,0,72.76,Cash on Delivery,East,5.0,44.0,4.0,0,
ORD100539,CUST4110,Books,20/11/2025,346.49,1,0,37.34,Cash on Delivery,Central,3.0,20.0,4.0,0,
ORD102998,CUST3659,Toys,20/03/2025,1097.25,1,0,29.05,Net Banking,South,8.0,52.0,5.0,1,Defective Product
ORD104473,CUST4120,Fashion ,2025-11-04,1140.7,2,0,7.11,Debit Card,East,7.0,24.0,2.0,0,
ORD103415,CUST3779,Home & Kitchen,2025-07-13,3152.23,2,10,60.82,Net Banking,West,4.0,30.0,4.0,0,
ORD103649,CUST2497,Fashion ,11-08-2024,1720.71,1,15,37.88,Net Banking,West,4.0,37.0,4.0,1,Not as Described
ORD103224,CUST3114,Grocery,11/04/2026,451.9,1,20,22.83,Credit Card,East,5.0,41.0,5.0,1,Not as Described
ORD100034,CUST3874,home & kitchen,12-21-2025,3761.11,1,25,16.61,Cash on Delivery,West,5.0,27.0,1.0,0,
ORD103448,CUST2206,home & kitchen,12-31-2024,1859.94,2,0,36.47,Cash on Delivery,West,5.0,20.0,4.0,0,
ORD103223,CUST1402,Books,03-04-2026,367.37,1,25,13.92,UPI,East,2.0,42.0,5.0,0,
ORD102839,CUST2918,sports,12/04/2025,1125.08,1,15,47.22,UPI,South,5.0,49.0,1.0,0,
ORD100743,CUST4130,grocery,2026-03-02,442.53,1,15,208.59,Net Banking,Central,4.0,29.0,4.0,0,
ORD103365,CUST3739,beauty,2026-02-12,759.84,1,0,,UPI,West,8.0,33.0,4.0,0,
ORD100903,CUST3228,Home & kitchen,07-16-2026,3987.62,4,10,10.67,Net Banking,East,2.0,46.0,4.0,0,
ORD103340,CUST2993,Fashion ,2024-12-02,1136.51,1,25,96.52,Net Banking,South,4.0,42.0,5.0,0,
ORD100262,CUST1298,beauty,02/05/2026,,1,0,77.38,UPI,South,4.0,29.0,5.0,1,Changed Mind
ORD101916,CUST3705,Fashion ,2025-09-17,807.72,1,10,41.4,Net Banking,West,6.0,38.0,5.0,0,
ORD102953,CUST1534,Toys,07/03/2026,1218.05,1,25,49.06,Credit Card,South,2.0,,2.0,0,
ORD104239,CUST4446,sports,2026-06-10,1382.09,1,0,42.74,Cash on Delivery,East,7.0,39.0,4.0,0,
ORD102296,CUST1599,Electronics,31/12/2025,,1,5,82.6,Net Banking,West,7.0,31.0,5.0,0,
ORD103583,CUST3772,grocery,11/01/2025,359.68,1,5,32.17,Cash on Delivery,South,2.0,53.0,2.0,0,
ORD102892,CUST2382,Books,08/06/2025,511.18,1,10,155.5,Credit Card,South,6.0,26.0,5.0,1,Size Issue
ORD103303,CUST3442,sports,02/01/2026,374.25,1,10,54.95,Debit Card,West,5.0,24.0,4.0,0,
ORD103397,CUST4365,home & kitchen,28/10/2025,4219.04,1,15,80.74,Credit Card,West,3.0,38.0,3.0,0,
ORD104735,CUST2147,sports,2025-11-22,35500.233102116996,1,0,128.95,UPI,North,3.0,16.0,1.0,0,
ORD102169,CUST1698, Beauty,2025-12-16,488.99,1,20,11.01,UPI,South,6.0,59.0,4.0,0,
ORD104922,CUST1875,Home & kitchen,15/11/2024,2328.44,2,10,27.5,Cash on Delivery,Central,9.0,36.0,4.0,0,
ORD100497,CUST2195, Beauty,07-01-2026,777.05,1,0,213.76,UPI,East,6.0,16.0,5.0,0,
ORD101859,CUST2530,books,07-22-2026,645.12,1,20,21.09,Net Banking,North,5.0,34.0,2.0,0,
ORD102478,CUST2120,Toys,25/11/2025,888.48,2,10,17.09,Debit Card,Central,5.0,,4.0,0,
ORD104432,CUST1401,Books,10/05/2025,245.59,1,25,18.25,UPI,West,7.0,23.0,4.0,0,
ORD104548,CUST3396,Fashion ,11-24-2025,1463.66,4,10,93.62,Debit Card,South,1.0,46.0,5.0,0,
ORD104396,CUST3856,toys,12-08-2025,896.45,1,5,37.63,Credit Card,Central,4.0,43.0,3.0,1,Wrong Item Delivered
ORD104493,CUST2949,Home & Kitchen,2025-01-04,1625.25,1,0,207.6,Credit Card,East,4.0,31.0,1.0,0,
ORD100997,CUST1513,books,13/10/2025,576.94,1,0,26.93,UPI,Central,3.0,25.0,1.0,0,
ORD103743,CUST3478,ELECTRONICS,04-08-2025,9964.0,1,5,110.17,Credit Card,East,6.0,44.0,4.0,1,Wrong Item Delivered
ORD101662,CUST3432,Books,2025-08-19,280.09,1,10,100.32,Net Banking,East,8.0,38.0,4.0,1,Size Issue
ORD104977,CUST1579,sports,2024-09-26,1683.94,2,0,61.89,Debit Card,West,1.0,28.0,5.0,0,
ORD105492,CUST3487,home & kitchen,31/05/2025,2527.91,2,10,67.12,Net Banking,South,7.0,32.0,1.0,1,Wrong Item Delivered
ORD103001,CUST2292,ELECTRONICS,2024-10-30,5696.61,1,5,62.62,Credit Card,East,2.0,34.0,3.0,0,
ORD102081,CUST1796,books,10/10/2024,333.14,1,25,26.91,Credit Card,East,5.0,34.0,4.0,0,
ORD104313,CUST2389,Grocery,06-14-2026,371.27,1,5,56.87,Credit Card,South,4.0,21.0,3.0,0,
ORD103313,CUST1801,beauty,10-15-2025,988.81,1,15,47.53,UPI,North,1.0,53.0,5.0,0,
ORD100198,CUST2664,Fashion,10-02-2025,780.68,2,15,83.5,UPI,South,4.0,31.0,3.0,1,Late Delivery
ORD104777,CUST2239,ELECTRONICS,2025-04-16,8240.25,1,5,39.22,Net Banking,South,8.0,23.0,5.0,0,
ORD102063,CUST3751,books,08-01-2025,348.21,2,25,84.29,Net Banking,North,8.0,40.0,4.0,0,
ORD104370,CUST2676,Toys,28/06/2025,1240.63,2,0,32.94,Credit Card,North,4.0,38.0,5.0,0,
ORD104562,CUST2883,home & kitchen,2025-04-25,1317.12,1,10,111.61,Credit Card,North,4.0,41.0,5.0,0,
ORD101844,CUST4427,Home & kitchen,07-13-2026,2684.73,1,0,47.32,Debit Card,East,5.0,17.0,5.0,0,
ORD100547,CUST3842,grocery,09/07/2025,286.88,1,10,33.14,Credit Card,West,3.0,38.0,2.0,0,
ORD104529,CUST3400,Electronics,2025-03-03,9249.36,1,0,77.09,UPI,North,9.0,36.0,4.0,0,
ORD104024,CUST1226,Home & Kitchen,2026-03-13,1564.91,1,0,15.59,Credit Card,East,1.0,51.0,1.0,1,Late Delivery
ORD100564,CUST2415,Grocery,2025-07-07,133.72,3,0,,Net Banking,East,6.0,36.0,3.0,1,Better Price Found
ORD100694,CUST4026,Grocery,2024-10-28,261.65,1,15,12.25,Debit Card,North,3.0,38.0,5.0,1,Size Issue
ORD105799,CUST1514,books,2026-07-09,224.02,1,20,134.69,Cash on Delivery,West,7.0,24.0,5.0,1,Late Delivery
ORD104388,CUST2246,toys,01-13-2026,563.98,1,10,61.02,Net Banking,South,6.0,33.0,2.0,0,
ORD102956,CUST3340,fashion,06-03-2025,944.89,1,30,194.98,Net Banking,North,6.0,52.0,4.0,0,
ORD103437,CUST1376,Electronics ,05/09/2024,7124.99,1,25,42.15,Debit Card,South,6.0,51.0,5.0,1,Defective Product
ORD101050,CUST2263,Electronics ,08-18-2025,7671.92,2,20,126.77,Debit Card,North,5.0,38.0,5.0,0,
ORD103915,CUST4078,toys,2024-10-13,655.77,1,0,,UPI,West,7.0,16.0,5.0,0,
ORD100704,CUST3078,Electronics,02/11/2024,7102.92,1,0,10.53,Debit Card,South,5.0,44.0,5.0,0,
ORD101332,CUST1563, Beauty,08-23-2024,474.56,1,0,,Credit Card,West,5.0,38.0,2.0,1,Wrong Item Delivered
ORD103734,CUST1225,Books,25/10/2024,676.72,1,15,35.7,UPI,West,4.0,26.0,5.0,0,
ORD105140,CUST3969,sports,02-13-2026,1439.77,2,0,81.53,UPI,Central,4.0,32.0,4.0,0,
ORD103921,CUST3238,Home & kitchen,2026-05-09,3168.96,2,0,45.15,Cash on Delivery,Central,3.0,,4.0,0,
ORD101116,CUST2451,books,04-26-2025,261.87,3,25,27.54,UPI,West,9.0,35.0,4.0,0,
ORD101399,CUST1336,Toys,22/01/2026,1191.06,1,25,95.78,UPI,Central,5.0,46.0,5.0,0,
ORD103690,CUST2336,Grocery,12-04-2025,220.1,2,15,73.16,Debit Card,North,6.0,,4.0,1,Wrong Item Delivered
ORD104995,CUST4250,fashion,04-10-2026,1439.0,1,0,94.56,UPI,North,6.0,16.0,5.0,0,
ORD101438,CUST3846,books,20/03/2025,350.77,1,10,,Debit Card,West,2.0,45.0,4.0,1,Better Price Found
ORD104843,CUST3935,home & kitchen,01-14-2025,3078.68,1,10,114.06,Cash on Delivery,East,7.0,33.0,2.0,1,Wrong Item Delivered
ORD100240,CUST3270,grocery,01-10-2026,250.25,1,30,65.92,Cash on Delivery,North,4.0,29.0,3.0,0,
ORD101158,CUST1148,Books,25/12/2024,339.24,1,15,38.37,Cash on Delivery,North,1.0,34.0,5.0,0,
ORD104678,CUST3693,grocery,09-01-2025,,1,20,91.49,Net Banking,West,,53.0,3.0,0,
ORD100455,CUST3472,Home & kitchen,06/02/2026,2864.81,1,15,67.82,Credit Card,South,2.0,54.0,5.0,0,
ORD104558,CUST2403,ELECTRONICS,05-27-2026,5911.28,1,0,58.73,Net Banking,North,7.0,,4.0,0,
ORD104840,CUST2944,books,2026-01-19,107.24,1,5,158.59,Net Banking,Central,7.0,16.0,4.0,0,
ORD105480,CUST3063,Electronics,09-05-2025,,1,0,17.45,Credit Card,South,9.0,28.0,2.0,0,
ORD103021,CUST3508,fashion,07-22-2026,898.67,47,10,17.72,Credit Card,South,3.0,34.0,4.0,0,
ORD100105,CUST2140,Grocery,29/08/2025,187.59,3,20,108.5,Net Banking,North,9.0,26.0,3.0,0,
ORD101893,CUST2718,toys,07-05-2025,1052.97,1,15,153.9,Net Banking,Central,5.0,29.0,2.0,1,Late Delivery
ORD100727,CUST3324,Fashion,04-13-2025,2003.35,2,10,5.63,Credit Card,East,2.0,37.0,5.0,0,
ORD103838,CUST4102,Books,03-08-2026,174.66,1,10,23.66,Credit Card,South,6.0,39.0,5.0,1,Wrong Item Delivered
ORD104361,CUST4314,toys,2025-02-14,418.57,1,10,56.8,Credit Card,South,5.0,34.0,5.0,0,
ORD105168,CUST2265, Beauty,30/10/2025,363.6,1,5,23.28,Net Banking,North,5.0,45.0,3.0,0,
ORD103725,CUST3349,Electronics ,05/08/2026,12154.19,2,0,45.57,Credit Card,South,4.0,27.0,1.0,0,
ORD100822,CUST2605,Fashion ,2026-01-11,1193.19,1,15,,Credit Card,East,4.0,46.0,,0,
ORD103242,CUST3551,toys,2024-11-10,900.55,1,15,105.14,Cash on Delivery,Central,6.0,44.0,5.0,1,Better Price Found
ORD105070,CUST1510,books,2024-10-20,556.73,1,0,97.7,Credit Card,West,6.0,38.0,4.0,1,Wrong Item Delivered
ORD101005,CUST1226,Home & kitchen,2025-08-21,3299.98,1,5,146.34,Credit Card,North,7.0,33.0,5.0,0,
ORD100196,CUST3731,fashion,12-30-2025,1259.17,1,25,10.7,Cash on Delivery,West,6.0,28.0,4.0,0,
ORD105378,CUST3959,Electronics ,2025-05-01,2550.49,1,10,22.26,Net Banking,Central,4.0,17.0,,0,
ORD102746,CUST2268,books,2025-11-29,437.94,2,5,68.18,Credit Card,West,6.0,42.0,4.0,0,
ORD105277,CUST2563,Grocery,02-21-2025,,2,0,14.58,Cash on Delivery,Central,3.0,39.0,4.0,0,
ORD102881,CUST2578,fashion,02-03-2025,174.51,1,0,35.04,Net Banking,Central,5.0,17.0,1.0,0,
ORD105743,CUST1633,Grocery,2025-10-02,396.94,1,15,78.64,Cash on Delivery,South,5.0,26.0,4.0,0,
ORD104639,CUST1391,sports,05/07/2025,1952.61,1,25,52.96,UPI,South,6.0,38.0,4.0,0,
ORD104942,CUST2302, Beauty,27/05/2026,806.44,1,25,129.43,Net Banking,South,9.0,45.0,4.0,0,
ORD102961,CUST3359,fashion,04-12-2025,1494.59,1,30,117.73,Credit Card,South,6.0,48.0,4.0,0,
ORD105331,CUST4334,Books,05-25-2026,456.82,1,20,136.48,UPI,North,7.0,47.0,4.0,0,
ORD103717,CUST4147,Books,2026-06-30,495.09,1,15,120.18,Credit Card,Central,7.0,37.0,4.0,0,
ORD103026,CUST3220,Home & kitchen,16/04/2025,2829.61,2,20,37.15,UPI,North,5.0,17.0,2.0,0,
ORD105563,CUST2259,Home & kitchen,04-07-2026,1059.4,3,0,49.06,Cash on Delivery,South,6.0,48.0,4.0,0,
ORD101364,CUST3317,Beauty,2026-03-15,366.39,2,10,68.51,UPI,Central,2.0,31.0,2.0,0,
ORD102456,CUST2191,beauty,10-23-2025,459.63,1,5,72.14,Credit Card,East,3.0,64.0,3.0,0,
ORD102306,CUST3838,grocery,09/01/2026,221.71,1,0,34.36,Credit Card,South,7.0,30.0,4.0,0,
ORD100023,CUST2200,Home & kitchen,2024-10-15,1269.4,2,0,64.9,,Central,4.0,42.0,5.0,0,
ORD100636,CUST3641,grocery,14/05/2025,544.09,1,0,36.46,UPI,North,2.0,52.0,1.0,0,
ORD105825,CUST4301,Home & kitchen,16/08/2026,1493.65,1,20,29.64,Credit Card,West,5.0,25.0,5.0,0,
ORD100430,CUST1332,Grocery,02-28-2025,212.63,1,10,19.72,Net Banking,East,3.0,37.0,4.0,1,Not as Described
ORD100720,CUST2641,Home & Kitchen,06/10/2025,952.08,3,20,87.46,Debit Card,South,4.0,23.0,3.0,0,
ORD105585,CUST3456,Home & kitchen,2025-09-10,2296.88,2,10,71.72,Credit Card,North,6.0,46.0,4.0,0,
ORD101678,CUST1342,sports,08/12/2024,1091.55,1,0,70.94,Debit Card,East,3.0,34.0,4.0,0,
ORD104035,CUST4174,Beauty,2025-10-17,564.23,1,5,35.46,UPI,South,3.0,57.0,5.0,0,
ORD102315,CUST3652,grocery,2026-01-16,282.14,1,0,74.58,Debit Card,North,9.0,16.0,5.0,0,
ORD104140,CUST2363,books,30/09/2024,263.37,1,15,51.69,Cash on Delivery,Central,3.0,30.0,3.0,0,
ORD101305,CUST2473,Home & Kitchen,04-01-2025,3326.04,1,0,205.2,Cash on Delivery,East,4.0,20.0,3.0,0,
ORD103235,CUST4106,ELECTRONICS,2024-09-04,8198.59,2,0,106.73,Debit Card,South,3.0,28.0,2.0,0,
ORD101210,CUST2343, Beauty,12-06-2024,1012.2,1,15,76.8,Net Banking,West,5.0,49.0,4.0,0,
ORD102147,CUST1826,Toys,2025-09-05,936.33,1,15,207.69,Net Banking,West,5.0,42.0,5.0,0,
ORD103673,CUST2600,Toys,10-21-2024,920.75,1,20,48.53,Cash on Delivery,West,8.0,26.0,5.0,1,Wrong Item Delivered
ORD105062,CUST1870,ELECTRONICS,10-07-2025,5300.64,1,25,117.4,UPI,North,6.0,37.0,2.0,1,Late Delivery
ORD102327,CUST3906,fashion,17/04/2025,1330.76,1,0,61.76,Net Banking,North,9.0,16.0,3.0,0,
ORD100619,CUST1477,fashion,06/12/2025,1703.72,1,5,,Debit Card,North,,42.0,3.0,1,Late Delivery
ORD103908,CUST4022,home & kitchen,09/09/2024,3434.93,1,0,23.24,Net Banking,Central,3.0,19.0,4.0,0,
ORD102623,CUST3772,Grocery,15/08/2026,334.61,1,15,111.21,Cash on Delivery,South,5.0,21.0,5.0,0,
ORD105652,CUST1656,beauty,23/12/2024,341.09,2,10,88.43,UPI,North,6.0,16.0,5.0,0,
ORD104306,CUST3550,books,12/11/2024,430.85,1,0,49.05,Net Banking,North,7.0,48.0,3.0,0,
ORD105702,CUST4307,books,27/05/2026,704.4,4,25,46.14,Credit Card,Central,4.0,30.0,4.0,1,Size Issue
ORD105374,CUST1235,Sports,2026-05-01,1322.72,1,20,96.91,UPI,North,6.0,38.0,5.0,1,Not as Described
ORD102922,CUST4007,toys,20/06/2026,901.93,2,5,85.67,Debit Card,West,3.0,27.0,3.0,0,
ORD105677,CUST1044,electronics,01-20-2025,4044.92,1,0,,UPI,Central,1.0,22.0,2.0,0,
ORD104830,CUST3147,Electronics,19/03/2025,7425.35,1,15,110.62,Debit Card,Central,3.0,30.0,5.0,0,
ORD105111,CUST4007,Electronics ,11/06/2026,7356.46,1,5,16.71,Debit Card,Central,4.0,,4.0,0,
ORD101932,CUST2562,Fashion,05-17-2025,2407.11,3,0,24.52,Debit Card,South,5.0,55.0,3.0,1,Wrong Item Delivered
ORD103219,CUST2393,grocery,09/12/2024,186.26,1,30,51.65,Net Banking,West,6.0,32.0,2.0,1,Changed Mind
ORD103622,CUST1401,toys,01-10-2026,495.05,2,0,7.39,UPI,Central,2.0,31.0,3.0,0,
ORD103444,CUST4128,fashion,20/05/2025,1372.9,1,0,116.14,Debit Card,South,6.0,49.0,2.0,0,
ORD102508,CUST2660,Home & kitchen,08-31-2025,3371.08,1,15,102.66,Net Banking,East,7.0,39.0,3.0,0,
ORD105671,CUST2105,Electronics ,06-25-2025,6341.04,3,5,16.5,UPI,East,7.0,36.0,3.0,0,
ORD102736,CUST3717,Sports,08/09/2024,1952.31,1,15,81.8,UPI,South,7.0,48.0,5.0,0,
ORD105305,CUST3411,electronics,05-20-2026,8309.49,4,0,29.47,Cash on Delivery,North,5.0,24.0,5.0,0,
ORD105629,CUST4390,books,02-12-2025,50.0,2,10,20.01,UPI,North,3.0,50.0,4.0,1,Wrong Item Delivered
ORD100717,CUST2265,,01-14-2026,6243.16,1,15,70.51,Net Banking,Central,6.0,22.0,1.0,0,
ORD100448,CUST2182,books,10-09-2025,407.23,1,25,78.94,Credit Card,Central,6.0,51.0,5.0,0,
ORD102407,CUST2248,Toys,12/07/2026,1359.97,2,0,198.32,Net Banking,Central,4.0,16.0,5.0,1,Defective Product
ORD105819,CUST3436,Electronics,26/12/2024,7064.16,1,5,90.25,Net Banking,East,8.0,23.0,4.0,0,
ORD104957,CUST1155,Books,15/01/2025,413.07,1,30,43.65,Net Banking,South,,33.0,4.0,0,
ORD100527,CUST1411,beauty,2025-04-18,296.52,1,5,,UPI,North,3.0,35.0,3.0,1,Defective Product
ORD102053,CUST1573,Beauty,2025-04-09,954.08,1,25,66.86,Net Banking,West,7.0,30.0,5.0,0,
ORD101657,CUST2604,home & kitchen,2025-01-03,2616.49,1,0,256.71,Cash on Delivery,East,7.0,47.0,5.0,0,
ORD102318,CUST3969,Toys,09/01/2025,433.84,1,0,48.61,Credit Card,West,8.0,33.0,5.0,1,Wrong Item Delivered
ORD101947,CUST1323,Books,2025-08-02,505.01,2,5,65.37,Credit Card,East,3.0,42.0,4.0,1,Better Price Found
ORD105159,CUST1037,Sports,04/11/2024,,2,25,51.34,Debit Card,South,5.0,29.0,4.0,1,Defective Product
ORD104790,CUST2628,Beauty,15/07/2026,868.4,1,0,94.6,Debit Card,North,8.0,24.0,5.0,0,
ORD105184,CUST1652,electronics,16/06/2026,7380.43,1,25,10.62,Net Banking,South,7.0,19.0,4.0,0,
ORD103190,CUST3199,fashion,21/07/2025,1808.03,4,10,84.21,UPI,South,7.0,,4.0,0,
ORD100524,CUST3028,Home & Kitchen,2026-08-05,4086.73,4,0,50.48,Net Banking,East,3.0,27.0,1.0,0,
ORD105728,CUST4125,Fashion,08-04-2026,185.35,2,20,60.16,Net Banking,South,3.0,26.0,5.0,0,
ORD100910,CUST4002,books,28/04/2025,283.2,1,25,125.17,Net Banking,West,4.0,32.0,2.0,1,Not as Described
ORD102541,CUST4295,electronics,05-02-2025,5707.69,1,10,137.23,UPI,West,4.0,22.0,1.0,0,
ORD103681,CUST3217,electronics,2026-07-28,11442.96,2,20,63.46,Cash on Delivery,West,3.0,44.0,4.0,0,
ORD100503,CUST1559,Fashion ,2025-08-25,2204.12,1,10,88.1,Debit Card,South,3.0,27.0,4.0,0,
ORD100558,CUST2888,books,12-01-2024,238.0,1,0,18.8,Credit Card,East,7.0,54.0,5.0,0,
ORD100124,CUST3671,Home & kitchen,10-29-2024,3235.56,1,10,38.33,Credit Card,South,4.0,16.0,4.0,0,
ORD101470,CUST2358,sports,26/07/2026,2094.27,2,10,50.28,Cash on Delivery,East,3.0,16.0,4.0,0,
ORD104739,CUST4213,Fashion ,02-01-2026,895.95,3,0,51.18,Credit Card,East,4.0,23.0,2.0,0,
ORD101284,CUST3648,beauty,01-14-2025,839.88,1,20,86.15,Net Banking,North,4.0,39.0,1.0,0,
ORD105434,CUST3525,sports,26/06/2025,2333.95,1,10,37.46,Debit Card,South,,16.0,5.0,0,
ORD101094,CUST3685,toys,31/07/2025,814.19,1,15,104.02,UPI,Central,4.0,48.0,2.0,1,Wrong Item Delivered
ORD104444,CUST3005,Sports,30/06/2026,2093.79,1,0,131.59,Credit Card,North,4.0,54.0,1.0,0,
ORD101774,CUST4307,Books,24/10/2024,447.57,2,20,275.6,Credit Card,East,5.0,42.0,5.0,0,
ORD101212,CUST1841,Grocery,11-11-2024,404.15,1,5,65.73,Cash on Delivery,West,5.0,33.0,4.0,0,
ORD101183,CUST4087,Beauty,07/02/2025,378.5,1,20,60.48,Cash on Delivery,North,6.0,38.0,5.0,0,
ORD100224,CUST3984,sports,2025-07-02,1950.17,3,15,76.94,Credit Card,North,7.0,16.0,4.0,1,Defective Product
ORD103213,CUST1716,Grocery,2025-09-06,344.91,1,10,,Debit Card,North,4.0,34.0,5.0,0,
ORD101951,CUST3775,Electronics,2026-03-27,4520.09,1,25,174.39,Net Banking,North,5.0,32.0,3.0,1,Changed Mind
ORD101040,CUST1501,Grocery,02-11-2025,232.68,1,10,53.89,Cash on Delivery,East,6.0,,5.0,0,
ORD100428,CUST4124,Sports,30/10/2024,2158.95,3,0,91.81,Cash on Delivery,Central,1.0,36.0,4.0,1,Defective Product
ORD100784,CUST2801,Electronics,2025-04-07,11965.95,3,0,115.1,Credit Card,North,3.0,35.0,5.0,1,Late Delivery
ORD101371,CUST3308,toys,07/06/2026,1293.03,3,0,100.19,Cash on Delivery,South,4.0,,4.0,1,Changed Mind
ORD103897,CUST3922,Books,10/03/2025,263.41,1,25,74.17,Cash on Delivery,West,4.0,23.0,4.0,0,
ORD100684,CUST1880,Fashion ,26/09/2025,373.72,2,25,65.58,Credit Card,East,8.0,38.0,2.0,0,
ORD100827,CUST3878,Toys,20/11/2024,259.21,2,10,20.89,Credit Card,Central,5.0,18.0,4.0,0,
ORD105465,CUST3680,toys,07-27-2026,979.04,1,10,116.44,Credit Card,North,7.0,30.0,1.0,1,Size Issue
ORD100632,CUST2517,Electronics ,2024-09-11,4859.72,3,0,52.12,UPI,South,7.0,16.0,5.0,0,
ORD101241,CUST2222,Electronics ,09-04-2024,8131.7,1,5,4.98,Debit Card,Central,6.0,41.0,3.0,0,
ORD102525,CUST3065,Books,01-13-2025,843.41,1,15,37.9,UPI,East,3.0,41.0,1.0,0,
ORD101671,CUST1247,books,2025-01-23,366.24,1,25,20.7,Credit Card,West,6.0,,5.0,0,
ORD101460,CUST1150,Electronics ,06-20-2025,12934.92,2,0,39.15,Net Banking,Central,2.0,48.0,,0,
ORD101397,CUST3533,toys,10-20-2024,1141.35,1,0,113.98,Debit Card,East,4.0,16.0,4.0,0,
ORD101277,CUST1987,books,2025-09-16,446.92,1,20,153.96,UPI,West,2.0,26.0,3.0,0,
ORD103489,CUST2392,fashion,05-04-2026,1473.84,1,10,98.56,Debit Card,North,,33.0,5.0,0,
ORD100745,CUST3037,Sports,14/11/2024,2242.93,2,25,42.96,Credit Card,South,9.0,27.0,4.0,0,
ORD101748,CUST1245,electronics,2025-06-21,9405.19,1,0,152.01,Debit Card,West,4.0,28.0,3.0,0,
ORD100167,CUST3881,Grocery,04-20-2026,558.81,2,0,52.34,Credit Card,West,4.0,23.0,1.0,0,
ORD105793,CUST1616, Beauty,04-07-2025,719.1,1,15,57.41,Credit Card,Central,6.0,34.0,5.0,0,
ORD100141,CUST2284,beauty,10-02-2024,555.75,1,30,67.15,UPI,West,5.0,38.0,5.0,1,Late Delivery
ORD100804,CUST1706,Home & Kitchen,08-22-2025,2818.99,1,5,37.35,Net Banking,Central,5.0,31.0,4.0,1,Changed Mind
ORD102008,CUST2508,Fashion ,2025-01-11,1496.9,2,10,70.15,Cash on Delivery,South,6.0,24.0,5.0,0,
ORD104362,CUST2174,Electronics,07-31-2025,12413.43,1,25,85.79,Debit Card,West,1.0,28.0,2.0,0,
ORD103769,CUST1816,grocery,2026-06-18,,4,0,114.05,Cash on Delivery,West,5.0,18.0,4.0,0,
ORD105953,CUST3819,sports,08-26-2024,2182.76,1,0,94.97,Credit Card,East,4.0,37.0,5.0,1,Defective Product
ORD102248,CUST1441,Toys,2026-01-24,674.4,2,15,77.04,UPI,North,2.0,44.0,5.0,0,
ORD100454,CUST2769,books,17/09/2024,341.87,1,25,109.23,Net Banking,North,6.0,32.0,2.0,0,
ORD102399,CUST3774,grocery,02/12/2024,320.59,1,25,132.64,Debit Card,Central,7.0,31.0,2.0,1,Size Issue
ORD102864,CUST2591,toys,01/12/2025,899.74,1,0,112.63,Credit Card,Central,1.0,24.0,3.0,0,
ORD105589,CUST2426,books,2026-04-08,435.24,1,5,73.46,Debit Card,South,1.0,44.0,4.0,0,
ORD105822,CUST3786,ELECTRONICS,14/12/2025,11565.45,1,15,38.06,Credit Card,East,4.0,31.0,4.0,0,
ORD100440,CUST3415,Beauty,20/03/2026,688.22,1,5,69.03,Debit Card,West,5.0,17.0,5.0,1,Wrong Item Delivered
ORD104889,CUST1073,grocery,2024-12-21,382.81,1,0,39.32,Debit Card,East,7.0,31.0,3.0,0,
ORD104179,CUST1834,Electronics ,2025-05-01,5285.58,1,15,12.23,Debit Card,North,3.0,27.0,5.0,1,Wrong Item Delivered
ORD101827,CUST2932,Beauty,02/04/2026,1116.85,3,20,120.5,Debit Card,North,3.0,30.0,5.0,0,
ORD103265,CUST3861,Sports,2026-03-28,1491.93,3,20,50.64,Net Banking,Central,6.0,61.0,1.0,0,
ORD103240,CUST2116,Fashion ,22/12/2025,1430.57,1,0,129.26,UPI,Central,4.0,35.0,4.0,0,
ORD103629,CUST3740,toys,2024-08-30,750.56,3,20,108.57,Credit Card,East,5.0,,1.0,1,Defective Product
ORD105137,CUST3460,Electronics,02/03/2026,7073.75,1,0,90.94,Cash on Delivery,South,1.0,31.0,4.0,1,Defective Product
ORD100984,CUST3612,Beauty,06-27-2026,14399.823993659931,3,15,63.76,Debit Card,West,6.0,31.0,5.0,0,
ORD103748,CUST1049,books,05-28-2025,497.18,1,0,53.7,Cash on Delivery,East,1.0,34.0,4.0,0,
ORD101745,CUST3978,toys,05-01-2026,1018.1,1,5,7.85,Net Banking,South,3.0,30.0,5.0,0,
ORD105422,CUST2079,Sports,2024-11-11,2243.37,1,10,48.98,Credit Card,North,7.0,33.0,3.0,0,
ORD103939,CUST3026,sports,2025-06-01,1065.69,1,20,68.87,Debit Card,East,2.0,,4.0,0,
ORD104595,CUST3331,Fashion,2026-05-16,886.5,2,0,195.14,Debit Card,East,7.0,37.0,4.0,1,Wrong Item Delivered
ORD103181,CUST2398,toys,2026-01-02,1173.28,1,25,28.72,Net Banking,Central,7.0,,2.0,0,
ORD101842,CUST3325,Books,03/05/2025,72.97,30,5,32.81,Credit Card,West,6.0,29.0,4.0,0,
ORD105680,CUST1132,sports,11-28-2025,1227.98,1,15,65.91,Net Banking,East,6.0,23.0,1.0,0,
ORD103863,CUST2501,Fashion,18/01/2026,898.38,1,0,22.87,Cash on Delivery,Central,5.0,38.0,5.0,1,Better Price Found
ORD104510,CUST1631,books,03-03-2026,225.49,1,0,224.67,Cash on Delivery,West,2.0,46.0,5.0,1,Late Delivery
ORD100376,CUST2131,sports,2026-01-13,1087.97,1,30,284.85,Net Banking,East,8.0,40.0,1.0,0,
ORD105750,CUST4351,Sports,2025-09-14,987.11,1,15,92.15,Net Banking,South,5.0,30.0,5.0,0,
ORD100205,CUST4285,grocery,30/06/2026,307.75,2,10,39.19,UPI,North,6.0,28.0,5.0,0,
ORD102211,CUST2355,grocery,04-10-2025,356.51,1,5,62.8,Credit Card,East,7.0,46.0,3.0,1,Not as Described
ORD102194,CUST3776,toys,2024-08-28,733.36,1,0,128.61,UPI,South,3.0,36.0,2.0,0,
ORD101376,CUST4362,beauty,2026-04-10,1020.45,1,25,114.35,Credit Card,North,6.0,18.0,4.0,0,
ORD103480,CUST1925,Home & Kitchen,2024-10-09,1746.53,1,15,41.32,Net Banking,East,2.0,37.0,5.0,0,
ORD105794,CUST1604,beauty,05/06/2026,806.72,3,0,79.83,Debit Card,East,5.0,18.0,,1,Wrong Item Delivered
ORD103826,CUST1569,toys,2026-01-06,1218.32,2,20,119.24,Credit Card,North,5.0,16.0,5.0,0,
ORD105366,CUST1482,grocery,2026-05-02,198.4,2,20,50.64,Debit Card,West,1.0,38.0,5.0,0,
ORD102987,CUST3387,fashion,09-01-2024,1242.91,1,5,77.26,UPI,Central,5.0,38.0,4.0,0,
ORD102417,CUST3248,Grocery,02-19-2026,237.91,1,25,26.18,Debit Card,Central,7.0,47.0,4.0,0,
ORD100418,CUST2016,grocery,10-20-2024,349.89,1,15,125.86,Net Banking,South,1.0,37.0,5.0,0,
ORD100283,CUST4079,Home & kitchen,14/07/2025,2528.5,1,0,14.57,Cash on Delivery,Central,8.0,51.0,3.0,1,Changed Mind
ORD100871,CUST2431,books,04-08-2026,213.57,1,0,187.91,Net Banking,West,3.0,63.0,5.0,0,
ORD102145,CUST1818,Fashion ,01-11-2025,487.37,1,5,16.48,Net Banking,West,6.0,25.0,5.0,1,Changed Mind
ORD103618,CUST4004,toys,2026-08-13,831.9,1,25,17.42,UPI,Central,7.0,46.0,3.0,1,Wrong Item Delivered
ORD100354,CUST1051,grocery,2025-12-05,350.62,1,10,87.58,UPI,East,4.0,43.0,3.0,1,Better Price Found
ORD105287,CUST4360,beauty,12/12/2025,363.19,1,0,220.25,Debit Card,West,6.0,33.0,5.0,0,
ORD104195,CUST2885,beauty,2024-09-09,943.76,4,20,90.21,Debit Card,North,1.0,19.0,,0,
ORD105345,CUST3772,toys,08-30-2025,863.64,4,25,210.71,Credit Card,Central,3.0,39.0,,0,
ORD105513,CUST3889,Grocery,13/04/2025,312.99,1,15,138.85,UPI,Central,5.0,41.0,3.0,0,
ORD104002,CUST2894,home & kitchen,12/01/2025,1768.79,2,10,41.71,UPI,Central,4.0,36.0,2.0,0,
ORD104101,CUST2154,Beauty,2025-04-15,513.48,1,10,31.08,Debit Card,South,2.0,,5.0,0,
ORD103787,CUST3316,fashion,2025-10-17,1334.82,3,20,59.33,Cash on Delivery,North,8.0,46.0,4.0,0,
ORD102842,CUST3175,grocery,2024-12-14,125.73,1,0,20.56,Cash on Delivery,South,8.0,36.0,4.0,0,
ORD101596,CUST2467,toys,12-17-2025,1207.23,1,0,196.78,Debit Card,North,,16.0,3.0,1,Defective Product
ORD102840,CUST4405,toys,2025-03-08,1175.13,1,20,18.02,Debit Card,East,4.0,42.0,3.0,0,
ORD101469,CUST2636,grocery,2025-12-27,289.83,1,5,355.7,,North,5.0,40.0,4.0,0,
ORD105940,CUST4356,Sports,06-06-2026,1721.81,1,0,12.66,Cash on Delivery,Central,5.0,52.0,5.0,0,
ORD101601,CUST2161,Electronics,2025-04-12,10547.97,2,10,48.52,Credit Card,South,5.0,22.0,5.0,0,
ORD105698,CUST1620,Toys,2025-03-19,733.55,2,15,133.88,Debit Card,West,6.0,39.0,5.0,0,
ORD102447,CUST3587,toys,02/05/2026,855.1,4,0,51.25,Credit Card,South,4.0,30.0,3.0,0,
ORD100458,CUST3356,Books,22/04/2026,395.1,1,20,115.82,UPI,South,4.0,27.0,5.0,1,Wrong Item Delivered
ORD102023,CUST2677,Home & Kitchen,2025-03-03,2617.2,2,15,118.86,Cash on Delivery,South,6.0,21.0,4.0,0,
ORD105044,CUST2685,toys,01/04/2025,1129.19,1,10,5.48,Net Banking,North,6.0,21.0,5.0,0,
ORD101638,CUST3499,,10-04-2025,992.31,1,20,91.94,UPI,North,4.0,23.0,4.0,0,
ORD103784,CUST3019,sports,03-01-2026,1291.22,1,30,38.52,Cash on Delivery,South,6.0,37.0,4.0,0,
ORD105261,CUST3127,toys,2024-09-21,473.65,1,20,41.16,UPI,West,3.0,29.0,5.0,0,
ORD104455,CUST2673,Grocery,01/11/2025,323.68,1,15,46.36,Credit Card,West,3.0,51.0,4.0,0,
ORD100375,CUST3441,Electronics ,03-11-2025,13346.37,2,5,117.84,Cash on Delivery,East,5.0,39.0,2.0,0,
ORD103522,CUST4421,Fashion ,11-08-2025,1768.82,2,10,71.67,Debit Card,South,6.0,29.0,4.0,0,
ORD100883,CUST3520,Fashion,07-27-2025,,1,25,12.95,Credit Card,Central,6.0,34.0,4.0,1,Late Delivery
ORD104108,CUST1936,Grocery,11-09-2025,297.49,1,20,91.88,Debit Card,South,3.0,38.0,2.0,0,
ORD100691,CUST2942, Beauty,01-03-2026,536.31,2,0,,Credit Card,West,4.0,39.0,2.0,0,
ORD105537,CUST1721,Electronics,2025-01-01,10737.29,1,25,39.67,Debit Card,North,3.0,27.0,5.0,0,
ORD104015,CUST2988,Home & kitchen,04-03-2025,1547.77,4,0,,Net Banking,South,4.0,16.0,5.0,0,
ORD102763,CUST1668,Beauty,06-03-2025,511.86,1,0,68.98,Debit Card,South,2.0,,5.0,1,Wrong Item Delivered
ORD103835,CUST2740,Home & Kitchen,2026-08-06,1944.69,1,20,238.79,Debit Card,Central,4.0,43.0,4.0,0,
ORD103582,CUST2716,Books,10-16-2025,234.15,1,15,60.35,Credit Card,West,8.0,27.0,3.0,0,
ORD100317,CUST3632,Toys,2024-09-07,458.79,2,15,67.41,UPI,South,4.0,51.0,4.0,1,Changed Mind
ORD103430,CUST1043,books,2025-04-05,98.39,1,30,32.04,Credit Card,Central,4.0,48.0,5.0,0,
ORD104402,CUST1516,grocery,01-26-2026,267.1,2,5,25.66,Cash on Delivery,East,6.0,47.0,5.0,0,
ORD101902,CUST1082,grocery,2024-09-12,403.96,2,0,87.5,Cash on Delivery,East,2.0,47.0,5.0,0,
ORD103986,CUST2773,Electronics,29/03/2026,9781.37,3,0,28.29,Debit Card,West,8.0,32.0,3.0,0,
ORD100508,CUST3973,toys,08-20-2024,391.0,1,25,83.37,Debit Card,North,4.0,38.0,4.0,0,
ORD105996,CUST3965,,10-22-2024,3365.33,2,0,200.99,UPI,West,2.0,18.0,4.0,0,
ORD105266,CUST2442,Fashion,15/06/2026,1899.96,2,25,73.89,Cash on Delivery,South,3.0,39.0,1.0,0,
ORD102594,CUST1979,Sports,14/09/2024,1884.66,2,5,46.7,UPI,West,6.0,27.0,3.0,0,
ORD105927,CUST3814,sports,12-23-2024,1858.17,1,10,208.18,Credit Card,North,5.0,34.0,4.0,0,
ORD104708,CUST2163,Home & Kitchen,2025-01-11,,1,30,76.25,UPI,East,6.0,43.0,3.0,1,Not as Described
ORD105330,CUST3942,Grocery,2025-09-03,117.12,4,20,84.31,Credit Card,West,5.0,39.0,4.0,0,
ORD103841,CUST3429,Books,14/12/2025,,1,10,149.38,Cash on Delivery,East,1.0,22.0,1.0,0,
ORD105792,CUST4002,Fashion ,14/04/2026,1675.12,1,10,87.04,Credit Card,North,5.0,30.0,4.0,0,
ORD100754,CUST3358,fashion,11/05/2026,374.47,1,0,,UPI,East,2.0,34.0,4.0,0,
ORD105340,CUST3018,ELECTRONICS,28/09/2025,6018.96,1,0,18.24,Cash on Delivery,North,,50.0,4.0,0,
ORD101550,CUST2502,Books,2025-09-20,229.02,1,0,122.01,Debit Card,South,3.0,34.0,2.0,0,
ORD105109,CUST2950,Sports,27/06/2025,2117.92,1,25,21.57,Net Banking,West,1.0,,5.0,0,
ORD100125,CUST4424,Sports,08-19-2026,34685.73228388985,2,20,24.64,Credit Card,East,4.0,29.0,5.0,0,
ORD102896,CUST2329,beauty,09-25-2025,716.14,1,5,61.54,Credit Card,West,3.0,32.0,4.0,1,Size Issue
ORD102174,CUST2641,Fashion,30/12/2024,141.42,2,0,67.53,UPI,South,2.0,22.0,3.0,0,
ORD103823,CUST1477,Books,2026-06-19,668.13,2,25,218.11,UPI,East,5.0,24.0,5.0,0,
ORD101599,CUST4378,Fashion ,2026-07-27,1918.18,3,10,,Net Banking,West,6.0,49.0,5.0,0,
ORD101502,CUST1808,books,10/11/2025,460.38,1,0,22.56,Credit Card,North,7.0,26.0,4.0,0,
ORD103222,CUST1586,Toys,08/03/2026,1137.26,1,20,24.07,Net Banking,West,1.0,20.0,5.0,0,
ORD103535,CUST2374,sports,2025-10-26,673.0,1,30,60.36,Credit Card,West,5.0,16.0,5.0,0,
ORD102014,CUST2432,toys,10-22-2025,550.0,1,25,44.42,Net Banking,South,6.0,42.0,3.0,0,
ORD103073,CUST3196,grocery,11/10/2025,362.66,1,5,36.75,Net Banking,South,82.0,25.0,1.0,0,
ORD103433,CUST1425,toys,10-29-2024,1009.26,1,15,96.32,Debit Card,West,5.0,47.0,5.0,0,
ORD103706,CUST1660, Beauty,22/03/2026,726.41,1,20,67.74,Credit Card,South,6.0,30.0,4.0,1,Changed Mind
ORD105428,CUST1772,grocery,08/11/2025,301.38,1,25,57.49,Cash on Delivery,North,6.0,47.0,4.0,0,
ORD103831,CUST1527,Fashion,13/11/2024,917.63,1,0,46.9,Credit Card,North,2.0,45.0,4.0,0,
ORD101416,CUST1994,Fashion ,2026-06-08,1343.68,1,5,79.24,Cash on Delivery,South,3.0,42.0,1.0,0,
ORD104224,CUST3306,sports,2025-08-02,2335.18,2,0,131.9,Net Banking,West,6.0,46.0,4.0,1,Late Delivery
ORD103612,CUST2015,Electronics,05-18-2026,7818.34,3,0,63.19,UPI,South,1.0,44.0,4.0,0,
ORD102555,CUST2745,ELECTRONICS,2024-11-04,6371.91,1,10,120.67,UPI,North,4.0,49.0,4.0,1,Late Delivery
ORD103276,CUST1462,,05/10/2024,2494.83,1,0,59.95,Credit Card,East,7.0,42.0,5.0,0,
ORD102292,CUST1217,Sports,24/05/2025,1577.17,2,0,141.77,Cash on Delivery,South,7.0,43.0,4.0,0,
ORD101168,CUST2917,,05-03-2026,618.69,2,10,5.75,Debit Card,East,5.0,37.0,1.0,0,
ORD101415,CUST3968,fashion,03-11-2026,1218.49,2,15,12.28,Credit Card,North,6.0,37.0,5.0,0,
ORD104955,CUST2214,sports,05-19-2025,,1,15,107.98,Credit Card,East,3.0,30.0,4.0,0,
ORD105577,CUST1460,Grocery,12/04/2026,424.01,1,0,,UPI,West,5.0,16.0,4.0,1,Not as Described
ORD100300,CUST4135,Home & kitchen,05-07-2026,2138.22,1,0,81.03,Cash on Delivery,North,5.0,25.0,3.0,0,
ORD102976,CUST4409,Toys,2026-06-27,1148.28,1,15,96.08,Net Banking,Central,2.0,26.0,4.0,1,Changed Mind
ORD103642,CUST3508,beauty,04/03/2025,769.08,1,15,89.94,Net Banking,South,4.0,34.0,5.0,0,
ORD105586,CUST2741,Fashion ,2024-12-29,1024.5,1,5,35.99,,North,6.0,,1.0,0,
ORD105817,CUST1720,books,04-21-2025,427.09,1,0,53.22,UPI,North,,41.0,2.0,0,
ORD105795,CUST2296,Electronics ,19/08/2025,11888.1,2,25,101.02,Debit Card,Central,7.0,44.0,4.0,0,
ORD104055,CUST1086,Home & kitchen,11/04/2026,3617.92,1,0,318.44,Net Banking,South,3.0,17.0,5.0,0,
ORD105074,CUST1038,Toys,2026-02-25,,2,0,87.91,UPI,West,5.0,34.0,5.0,0,
ORD103207,CUST3888,sports,2026-02-19,1123.92,2,5,48.59,Net Banking,South,5.0,21.0,2.0,0,
ORD105438,CUST1908,home & kitchen,08-05-2026,4170.13,1,30,18.59,UPI,East,,23.0,4.0,1,Not as Described
ORD100862,CUST2968,ELECTRONICS,26/09/2024,7876.03,1,0,15.8,Credit Card,West,8.0,34.0,4.0,0,
ORD105602,CUST1370,books,03-10-2025,165.85,1,20,30.17,Debit Card,East,6.0,26.0,1.0,1,Not as Described
ORD101140,CUST1207,home & kitchen,02-09-2025,4261.86,2,0,14.89,Debit Card,West,3.0,48.0,3.0,1,Better Price Found
ORD104752,CUST1831, Beauty,01-17-2025,369.88,1,5,110.6,Debit Card,East,1.0,19.0,4.0,0,
ORD100935,CUST3037,toys,16/08/2025,908.37,1,10,124.28,Credit Card,South,4.0,40.0,2.0,0,
ORD102358,CUST2825,grocery,2026-03-28,,1,5,47.43,Debit Card,South,2.0,32.0,4.0,0,
ORD103192,CUST2695, Beauty,03-15-2026,578.57,1,10,116.61,Cash on Delivery,Central,3.0,22.0,4.0,0,
ORD105622,CUST1547,fashion,2025-07-31,822.24,2,0,78.19,UPI,South,5.0,50.0,5.0,0,
ORD102745,CUST3620,fashion,02/07/2025,1598.86,2,10,,UPI,North,4.0,33.0,4.0,0,
ORD100041,CUST4452,Home & kitchen,01-01-2026,3174.34,2,0,107.39,Cash on Delivery,West,1.0,53.0,5.0,0,
ORD101933,CUST2825,Fashion ,16/05/2025,1124.5,1,15,93.54,Credit Card,North,,52.0,4.0,0,
ORD103351,CUST4468,electronics,2025-10-15,9633.56,1,5,93.18,Credit Card,North,4.0,29.0,5.0,0,
ORD103345,CUST2743,sports,2025-11-03,2744.38,1,0,36.23,Net Banking,Central,5.0,35.0,5.0,0,
ORD102378,CUST4365,Electronics ,2024-10-09,7367.25,1,10,31.63,UPI,West,4.0,54.0,4.0,0,
ORD102959,CUST1293,electronics,15/02/2025,11048.75,1,0,73.07,UPI,West,4.0,24.0,4.0,1,Late Delivery
ORD105546,CUST1410,Home & kitchen,07-29-2026,2224.08,2,0,43.68,Debit Card,East,4.0,39.0,5.0,0,
ORD100928,CUST2462,Electronics,2025-01-05,7944.23,1,0,54.67,Net Banking,South,1.0,39.0,3.0,0,
ORD101913,CUST1778,Grocery,04-18-2025,88.47,1,0,53.85,Debit Card,West,3.0,42.0,5.0,0,
ORD100281,CUST1651,Toys,2025-07-10,1006.78,1,25,18.56,Debit Card,East,1.0,16.0,5.0,1,Wrong Item Delivered
ORD104073,CUST2664,Sports,02/03/2026,1276.43,1,0,189.2,Credit Card,East,6.0,39.0,5.0,0,
ORD101849,CUST3156,toys,25/01/2025,1119.39,1,5,116.75,UPI,Central,6.0,40.0,5.0,0,
ORD102784,CUST1369,Toys,08-24-2024,1187.88,1,0,129.26,Cash on Delivery,South,4.0,24.0,5.0,0,
ORD105087,CUST2550,Beauty,12-18-2025,1190.84,1,20,171.43,UPI,North,7.0,50.0,5.0,0,
ORD101578,CUST3686,Grocery,14/08/2026,410.12,1,5,10.29,Cash on Delivery,South,7.0,30.0,4.0,1,Not as Described
ORD100339,CUST4185,fashion,26/01/2026,,1,20,104.76,Net Banking,West,6.0,37.0,4.0,0,
ORD102509,CUST3308,sports,2025-10-31,1745.83,1,5,53.29,Debit Card,North,7.0,51.0,3.0,0,
ORD100897,CUST2193,Electronics ,01-26-2026,4915.85,1,20,52.89,Debit Card,North,2.0,40.0,4.0,0,
ORD104221,CUST2505,sports,10-28-2024,2352.98,1,0,38.33,Credit Card,North,2.0,55.0,5.0,1,Defective Product
ORD100178,CUST3070,beauty,05-04-2026,745.25,1,30,,Debit Card,East,3.0,41.0,3.0,0,
ORD104668,CUST1995,home & kitchen,07-10-2025,,1,15,87.18,Net Banking,North,4.0,30.0,5.0,1,Wrong Item Delivered
ORD105682,CUST3313,Books,2026-08-02,540.21,1,10,39.61,Credit Card,South,5.0,37.0,4.0,0,
ORD101067,CUST2145,Books,2026-02-28,559.5,1,20,127.98,Debit Card,Central,5.0,30.0,4.0,0,
ORD100802,CUST2406,books,07/06/2026,446.22,1,0,32.85,Net Banking,West,4.0,39.0,5.0,0,
ORD101918,CUST2609,Home & Kitchen,2024-10-28,2616.97,2,10,146.08,Cash on Delivery,East,7.0,41.0,5.0,0,
ORD105253,CUST1844,grocery,2024-11-21,283.79,2,15,151.5,Debit Card,West,,25.0,5.0,0,
ORD103728,CUST1460,sports,23/04/2025,2816.24,4,20,61.47,Debit Card,West,6.0,41.0,1.0,0,
ORD104959,CUST2817,Grocery,30/10/2025,245.39,1,0,53.23,UPI,East,4.0,51.0,4.0,1,Changed Mind
ORD100206,CUST4010,grocery,12-21-2025,199.9,1,0,,Debit Card,North,1.0,33.0,5.0,1,Late Delivery
ORD100451,CUST2115,Fashion,09/06/2025,543.5,1,15,61.28,UPI,North,6.0,47.0,5.0,0,
ORD103271,CUST2488,Beauty,23/02/2025,432.99,2,0,106.37,Debit Card,South,3.0,48.0,5.0,0,
ORD100069,CUST3957,grocery,2025-07-16,416.16,1,10,114.98,Credit Card,West,5.0,34.0,3.0,0,
ORD104786,CUST2661,sports,2026-08-17,1614.26,1,0,97.71,Cash on Delivery,North,7.0,32.0,5.0,0,
ORD105706,CUST3984,toys,2025-08-31,1557.21,1,0,121.21,Debit Card,West,1.0,37.0,1.0,0,
ORD103553,CUST1979,electronics,2025-07-14,1594.31,1,15,69.84,UPI,North,2.0,18.0,4.0,1,Changed Mind
ORD104436,CUST2950,Sports,05-30-2026,2268.86,1,10,35.46,Cash on Delivery,North,6.0,18.0,5.0,1,Changed Mind
ORD104904,CUST3450,Electronics ,07-09-2025,3503.14,1,0,112.86,UPI,West,6.0,40.0,4.0,0,
ORD104845,CUST1584,Grocery,13/01/2025,399.56,1,5,59.11,Net Banking,Central,4.0,45.0,4.0,0,
ORD104744,CUST3042,Toys,08-26-2025,1340.61,1,15,28.29,Debit Card,North,7.0,39.0,5.0,0,
ORD102166,CUST1389,Electronics ,02-09-2026,7141.04,2,0,52.04,Cash on Delivery,South,6.0,33.0,4.0,1,Defective Product
ORD103396,CUST1594,electronics,2026-08-08,9371.01,1,20,83.13,Debit Card,South,5.0,44.0,3.0,0,
ORD103509,CUST3678,home & kitchen,20/01/2025,3154.54,3,0,67.58,Cash on Delivery,Central,6.0,33.0,5.0,0,
ORD100858,CUST3059,fashion,2026-03-10,1383.59,1,10,23.93,Debit Card,East,3.0,52.0,4.0,0,
ORD103550,CUST3835,Sports,03-06-2026,2105.3,1,30,114.11,Debit Card,Central,2.0,20.0,5.0,0,
ORD103025,CUST3479,toys,2026-07-29,888.27,1,0,36.24,Net Banking,West,6.0,18.0,4.0,0,
ORD100629,CUST4414,Fashion ,12-10-2025,1615.23,3,25,79.41,Credit Card,South,6.0,58.0,4.0,0,
ORD100296,CUST1847,Toys,06-18-2025,1054.99,1,5,43.02,Net Banking,East,4.0,24.0,3.0,0,
ORD103155,CUST1359,,09-09-2025,2122.49,1,0,13.42,UPI,South,9.0,28.0,3.0,0,
ORD104249,CUST4033,electronics,2024-08-30,9245.74,1,0,20.98,UPI,Central,9.0,33.0,5.0,0,
ORD101358,CUST1382,toys,02-25-2026,1209.88,1,5,31.68,UPI,East,3.0,36.0,5.0,0,
ORD104524,CUST2303,Grocery,2025-03-03,2999.7919004694286,1,20,242.44,UPI,East,5.0,30.0,1.0,0,
ORD102168,CUST1566,home & kitchen,08-26-2024,1641.65,2,25,128.82,UPI,South,6.0,29.0,3.0,1,Late Delivery
ORD101000,CUST2411,Beauty,29/12/2025,526.68,1,0,258.28,Credit Card,North,8.0,56.0,1.0,0,
ORD105964,CUST4097,Toys,2025-06-23,654.76,1,15,93.23,Net Banking,Central,5.0,27.0,3.0,0,
ORD103640,CUST1133,Home & kitchen,2025-04-19,2278.86,1,10,31.05,UPI,Central,5.0,41.0,3.0,0,
ORD104906,CUST1826,ELECTRONICS,05-21-2025,5244.19,1,15,141.18,Debit Card,North,,35.0,4.0,0,
ORD105920,CUST1816,Books,03-07-2025,240.08,1,5,129.15,Net Banking,West,5.0,21.0,5.0,0,
ORD104817,CUST1836,Books,2026-08-05,123.85,1,0,89.85,Credit Card,West,8.0,47.0,3.0,0,
ORD104198,CUST3433,ELECTRONICS,2026-07-18,8888.84,2,20,72.56,Net Banking,Central,6.0,,4.0,0,
ORD102543,CUST3359,Sports,22/04/2026,,1,10,32.26,UPI,South,7.0,16.0,4.0,0,
ORD103942,CUST2165,Sports,02/03/2026,1307.35,1,10,124.6,Debit Card,West,4.0,31.0,3.0,0,
ORD102090,CUST3584,Books,10/08/2025,250.42,1,5,90.19,Credit Card,North,5.0,40.0,5.0,0,
ORD101604,CUST2407,Home & Kitchen,2025-08-08,,3,0,67.21,Net Banking,West,2.0,23.0,4.0,0,
ORD103326,CUST1449,Books,04/08/2026,,1,15,137.58,Net Banking,North,8.0,33.0,1.0,1,Size Issue
ORD101255,CUST1181,Sports,02-13-2025,2072.52,1,20,29.4,Net Banking,North,4.0,40.0,2.0,0,
ORD102154,CUST4421,Books,2026-06-12,146.83,2,25,59.72,Net Banking,North,3.0,41.0,4.0,0,
ORD104078,CUST2362,Fashion ,2026-06-27,1287.05,1,20,37.73,Credit Card,Central,3.0,42.0,2.0,0,
ORD102872,CUST2478,Grocery,2025-11-29,50.0,1,0,62.36,Cash on Delivery,East,3.0,37.0,4.0,1,Better Price Found
ORD104748,CUST3026,books,2026-01-24,392.81,1,15,48.83,UPI,Central,5.0,52.0,3.0,0,
ORD102320,CUST3796,Beauty,13/07/2025,733.05,1,0,9.84,Net Banking,West,5.0,40.0,4.0,0,
ORD103623,CUST1985,books,15/07/2025,518.62,1,15,42.83,Cash on Delivery,East,6.0,34.0,4.0,0,
ORD105967,CUST3023,Electronics ,24/09/2024,3109.63,1,30,8.96,Cash on Delivery,South,1.0,20.0,5.0,1,Size Issue
ORD103957,CUST3694,toys,15/09/2024,397.57,1,5,30.94,Net Banking,North,6.0,28.0,5.0,1,Late Delivery
ORD104091,CUST1336,Electronics,2025-04-05,7124.02,1,15,85.41,Debit Card,West,,44.0,3.0,0,
ORD103066,CUST3006,sports,05-14-2026,2255.48,3,10,80.27,Credit Card,East,3.0,40.0,1.0,0,
ORD102665,CUST2076,toys,02/01/2025,1042.43,2,0,86.4,Debit Card,Central,6.0,28.0,4.0,0,
ORD101812,CUST2962,Electronics ,2026-05-26,3675.53,4,25,100.38,UPI,East,4.0,34.0,2.0,1,Better Price Found
ORD103860,CUST3971,sports,2025-09-15,1556.6,1,5,165.0,Cash on Delivery,South,3.0,,3.0,0,
ORD105670,CUST3648,Home & kitchen,03-29-2026,2076.36,2,10,42.84,Net Banking,West,8.0,31.0,4.0,0,
ORD103273,CUST2353,Home & Kitchen,20/06/2026,2725.75,1,20,26.82,Debit Card,South,4.0,27.0,4.0,0,
ORD105154,CUST2735,Fashion ,2025-05-29,898.31,2,25,76.21,Cash on Delivery,West,3.0,42.0,,0,
ORD103355,CUST1155,Home & Kitchen,05-14-2025,1934.37,2,10,105.56,Credit Card,East,5.0,42.0,5.0,0,
ORD105792,CUST4002,Fashion ,14/04/2026,1675.12,1,10,87.04,Credit Card,North,5.0,30.0,4.0,0,
ORD103174,CUST4301,Books,2025-05-01,412.1,1,15,49.74,Net Banking,Central,3.0,38.0,4.0,0,
ORD103829,CUST2247,grocery,22/12/2024,541.48,1,15,7.82,Net Banking,South,3.0,45.0,4.0,0,
ORD100836,CUST1634,Beauty,08-19-2026,904.12,4,0,39.13,UPI,East,3.0,23.0,4.0,0,
ORD101770,CUST2467,books,11-15-2024,382.22,1,15,146.56,Cash on Delivery,East,4.0,52.0,4.0,0,
ORD101379,CUST4418,Home & kitchen,10/02/2025,2184.11,3,10,58.01,UPI,West,5.0,31.0,5.0,0,
ORD100545,CUST4114,sports,2026-08-04,1107.22,3,25,61.24,Credit Card,South,6.0,40.0,5.0,0,
ORD100515,CUST2318,Sports,07-17-2025,1698.22,1,5,39.32,Debit Card,West,7.0,28.0,4.0,1,Changed Mind
ORD102409,CUST2408,Grocery,2026-06-10,340.89,1,0,35.48,Credit Card,West,6.0,49.0,3.0,0,
ORD103626,CUST1892,electronics,2025-06-12,6567.03,1,10,79.97,Credit Card,North,3.0,44.0,3.0,0,
ORD104374,CUST4154,beauty,2025-07-08,995.95,1,15,153.79,UPI,West,4.0,30.0,5.0,0,
ORD103545,CUST1029,Home & Kitchen,17/10/2024,2440.33,3,20,193.98,Credit Card,South,5.0,32.0,4.0,0,
ORD103460,CUST1821,Toys,08-13-2025,713.98,1,15,48.07,UPI,Central,2.0,40.0,4.0,0,
ORD101285,CUST2842,toys,2024-10-15,1509.93,1,0,31.67,Net Banking,South,2.0,24.0,1.0,0,
ORD105581,CUST2476,Books,04-19-2025,440.99,1,10,67.15,UPI,North,3.0,,3.0,1,Defective Product
ORD101979,CUST1589,Toys,08/03/2025,877.03,1,30,246.46,Net Banking,South,7.0,29.0,3.0,1,Defective Product
ORD103830,CUST4336,,09/09/2024,1022.35,1,10,27.26,Credit Card,North,1.0,23.0,2.0,0,
ORD104258,CUST4317,Home & Kitchen,07-26-2026,2229.53,1,0,135.55,UPI,North,6.0,23.0,4.0,0,
ORD100268,CUST4154,grocery,2026-06-02,375.41,4,0,107.8,Debit Card,West,6.0,44.0,4.0,0,
ORD105757,CUST3876,Books,08-09-2025,351.96,2,10,33.95,Debit Card,South,7.0,41.0,5.0,1,Defective Product
ORD100017,CUST2556,Toys,2024-11-01,1068.95,38,25,,Credit Card,East,4.0,40.0,5.0,0,
ORD102621,CUST1276,electronics,11-11-2024,9007.68,1,25,27.64,Debit Card,Central,,75.0,4.0,1,Better Price Found
ORD101151,CUST3645,electronics,04-10-2025,10523.56,1,0,36.61,UPI,Central,2.0,17.0,3.0,0,
ORD100778,CUST3572,Sports,2026-07-15,1237.04,1,10,12.75,UPI,East,7.0,33.0,5.0,1,Defective Product
ORD104085,CUST1112,Electronics ,16/07/2025,,1,10,133.14,Debit Card,South,9.0,16.0,4.0,0,
ORD104544,CUST2975,toys,10-01-2024,1181.83,1,5,93.84,Cash on Delivery,Central,3.0,36.0,4.0,0,
ORD100252,CUST4260,Fashion,08/06/2026,1416.79,1,20,148.84,Credit Card,East,6.0,25.0,4.0,0,
ORD100643,CUST2366,Grocery,2024-09-24,253.31,1,20,41.8,UPI,North,4.0,,5.0,0,
ORD101504,CUST3886,Books,05-30-2025,491.71,2,30,85.13,UPI,East,7.0,46.0,4.0,0,
ORD104882,CUST2339,beauty,2026-06-20,1040.13,1,15,28.67,Net Banking,West,5.0,33.0,4.0,0,
ORD105924,CUST2786,Fashion ,02/04/2026,823.61,2,0,7.19,UPI,West,3.0,31.0,4.0,0,
ORD105690,CUST1530,Books,2025-05-06,222.31,1,0,153.21,,Central,2.0,50.0,4.0,0,
ORD102270,CUST1546,Sports,16/07/2025,1441.49,1,15,38.97,,Central,5.0,45.0,5.0,0,
ORD101202,CUST3786,Grocery,2026-02-26,296.06,2,10,76.98,Debit Card,Central,4.0,36.0,4.0,0,
ORD102160,CUST2212,Books,02-03-2025,243.54,1,5,182.78,Net Banking,South,7.0,43.0,5.0,0,
ORD103686,CUST4284,Grocery,2024-09-04,205.4,1,5,48.72,Cash on Delivery,North,2.0,30.0,5.0,1,Defective Product
ORD105281,CUST3844,Grocery,06-25-2025,403.95,1,5,41.58,Net Banking,West,7.0,24.0,3.0,0,
ORD101511,CUST3004,Beauty,26/02/2025,659.06,1,25,109.9,Debit Card,East,4.0,33.0,4.0,0,
ORD105292,CUST2013,Fashion,2026-07-24,570.39,2,5,95.98,UPI,Central,3.0,36.0,4.0,1,Changed Mind
ORD102341,CUST3717, Beauty,26/05/2026,845.21,1,5,44.88,Net Banking,West,7.0,,,0,
ORD103637,CUST3594,toys,2025-07-24,621.04,1,5,68.44,Credit Card,Central,5.0,43.0,4.0,0,
ORD105598,CUST4263,books,2025-07-11,146.58,1,10,39.02,Net Banking,Central,5.0,39.0,,1,Size Issue
ORD103357,CUST3376,Grocery,05-15-2025,370.67,1,10,69.88,Debit Card,South,7.0,42.0,4.0,1,Not as Described
ORD104878,CUST2407,Sports,2025-07-22,1403.1,1,0,51.33,Net Banking,East,6.0,25.0,4.0,0,
ORD100902,CUST1277,home & kitchen,2026-08-01,1761.63,1,20,20.23,Debit Card,Central,7.0,18.0,3.0,0,
ORD102740,CUST3246,beauty,2026-07-03,613.19,1,20,258.25,Credit Card,South,6.0,44.0,4.0,1,Better Price Found
ORD101862,CUST2321,electronics,22/04/2025,3352.26,1,10,71.36,Credit Card,North,4.0,55.0,4.0,1,Not as Described
ORD105583,CUST3476,Home & kitchen,04/06/2026,3885.34,1,15,28.94,Cash on Delivery,West,3.0,29.0,4.0,0,
ORD104189,CUST2346,beauty,12-26-2025,599.9,1,10,61.18,UPI,West,5.0,35.0,5.0,0,
ORD101389,CUST3439,Grocery,10/11/2025,478.93,1,25,30.01,Cash on Delivery,East,7.0,26.0,4.0,0,
ORD101079,CUST3483,Books,2025-07-19,324.0,1,0,69.24,UPI,West,4.0,21.0,4.0,1,Late Delivery
ORD100847,CUST1178,Electronics,01-28-2026,7742.69,2,25,58.02,UPI,South,7.0,33.0,5.0,0,
ORD103337,CUST3744,Electronics,17/03/2025,8301.32,1,0,37.23,,West,4.0,39.0,4.0,0,
ORD103329,CUST3560,Home & kitchen,2025-10-24,4077.64,1,20,33.37,Debit Card,Central,3.0,34.0,4.0,0,
ORD104074,CUST2122,ELECTRONICS,03-18-2026,9757.63,1,30,39.36,Cash on Delivery,Central,6.0,20.0,2.0,0,
ORD105361,CUST1208,ELECTRONICS,04/05/2025,6830.26,3,0,206.6,Debit Card,Central,3.0,30.0,4.0,0,
ORD101605,CUST4122,electronics,03/06/2026,10269.5,2,25,80.02,UPI,East,5.0,37.0,3.0,1,Not as Described
ORD105450,CUST1757,home & kitchen,2024-10-31,,2,10,70.45,Cash on Delivery,East,1.0,49.0,1.0,0,
ORD104206,CUST2323,sports,02/12/2025,1433.15,1,0,48.92,UPI,South,3.0,26.0,1.0,0,
ORD103785,CUST1273,Electronics ,2026-08-15,9626.78,1,0,97.15,UPI,West,4.0,31.0,5.0,0,
ORD100442,CUST3230,Beauty,06-25-2025,816.48,1,15,156.97,Cash on Delivery,North,1.0,35.0,2.0,0,
ORD105689,CUST3972,Fashion ,02-19-2026,1491.77,2,10,25.4,Net Banking,South,5.0,37.0,4.0,0,
ORD102983,CUST2059,books,05/09/2025,518.37,1,20,13.56,Debit Card,Central,6.0,27.0,4.0,0,
ORD105848,CUST1017,grocery,24/12/2025,365.88,1,10,61.03,Net Banking,East,5.0,55.0,4.0,0,
ORD102671,CUST2640,Electronics ,05-12-2025,10278.94,1,15,84.76,Credit Card,East,1.0,49.0,5.0,0,
ORD104580,CUST1034,Electronics,10/01/2026,7377.67,1,15,61.46,Credit Card,Central,4.0,44.0,4.0,0,
ORD104513,CUST2332,Electronics,11-11-2025,10845.67,2,25,88.6,UPI,East,3.0,47.0,1.0,1,Better Price Found
ORD105868,CUST2065,Fashion ,27/02/2026,1484.25,1,10,,Cash on Delivery,South,4.0,29.0,3.0,0,
ORD100907,CUST2529,Toys,11-26-2025,1333.95,1,5,148.96,Cash on Delivery,East,7.0,41.0,5.0,0,
ORD105300,CUST1401,Electronics ,03-07-2025,11176.39,1,25,35.94,Credit Card,West,2.0,16.0,4.0,0,
ORD100234,CUST3720,Beauty,30/06/2025,7802.3815534580135,3,0,87.13,Debit Card,Central,4.0,31.0,,0,
ORD105626,CUST2207,Home & Kitchen,04-09-2026,1983.88,3,5,142.34,UPI,Central,4.0,39.0,3.0,0,
ORD102228,CUST1222,Fashion,11/05/2025,,2,0,108.89,Net Banking,West,6.0,32.0,4.0,1,Wrong Item Delivered
ORD103956,CUST2335,Books,09-02-2024,414.24,1,0,89.53,Credit Card,South,4.0,39.0,5.0,0,
ORD104003,CUST1616,Home & Kitchen,05/12/2024,2647.26,1,0,129.72,Net Banking,West,3.0,42.0,2.0,0,
ORD102326,CUST1023,toys,04-29-2026,557.88,2,0,74.14,Cash on Delivery,South,7.0,34.0,5.0,0,
ORD103452,CUST4153,home & kitchen,2026-06-10,2444.36,1,30,26.67,UPI,East,1.0,47.0,5.0,0,
ORD102473,CUST2479,ELECTRONICS,13/06/2026,6241.75,1,0,150.97,Net Banking,South,5.0,42.0,5.0,0,
ORD103556,CUST3047,Fashion,2024-12-28,,2,0,49.06,Credit Card,West,1.0,23.0,4.0,0,
ORD105648,CUST1054, Beauty,2025-12-03,599.18,1,15,146.78,Debit Card,South,3.0,21.0,5.0,0,
ORD105519,CUST1898, Beauty,2026-04-13,418.31,2,10,84.84,Debit Card,North,8.0,,2.0,0,
ORD104025,CUST1343,Home & Kitchen,2026-05-09,3967.92,2,0,97.41,Debit Card,West,3.0,,2.0,0,
ORD104274,CUST1458,Electronics,29/08/2024,7219.73,1,15,55.5,Debit Card,Central,4.0,16.0,4.0,0,
ORD103647,CUST3763,toys,30/08/2025,1055.7,2,10,19.23,Debit Card,West,3.0,48.0,4.0,0,
ORD102973,CUST1351,Home & Kitchen,02-02-2026,1940.6,1,10,42.99,Credit Card,South,5.0,19.0,1.0,0,
ORD101635,CUST1545,Home & kitchen,04-05-2026,2632.52,1,5,50.73,Cash on Delivery,North,4.0,47.0,4.0,0,
ORD102061,CUST3811,toys,01-22-2026,1151.21,1,15,67.39,Credit Card,North,6.0,34.0,5.0,0,
ORD104292,CUST3920,home & kitchen,11-22-2025,2137.45,4,0,66.84,Debit Card,Central,6.0,51.0,4.0,1,Wrong Item Delivered
ORD100057,CUST1449, Beauty,02-22-2026,430.19,1,25,95.15,Credit Card,Central,4.0,28.0,1.0,0,
ORD102192,CUST1259,sports,07/07/2025,2169.84,4,0,193.99,Cash on Delivery,Central,8.0,,5.0,0,
ORD101472,CUST1403,Grocery,2024-11-04,458.05,2,25,160.97,Cash on Delivery,South,3.0,,4.0,0,
ORD104756,CUST4450,Toys,10-10-2025,563.2,1,20,10.29,Net Banking,South,5.0,24.0,4.0,0,
ORD105401,CUST1486,Sports,08-07-2026,2174.74,2,10,163.37,Net Banking,Central,4.0,45.0,3.0,0,
ORD105541,CUST1727,Books,2025-04-02,353.26,1,15,99.74,Debit Card,South,3.0,37.0,5.0,1,Late Delivery
ORD105216,CUST1486,beauty,14/02/2025,1226.71,1,0,38.55,Cash on Delivery,West,3.0,29.0,4.0,0,
ORD102786,CUST2721, Beauty,2025-01-24,590.46,1,10,183.51,Cash on Delivery,Central,3.0,32.0,5.0,0,
ORD101474,CUST3285,Books,02-15-2026,521.74,1,30,53.04,Debit Card,East,8.0,41.0,5.0,0,
ORD101568,CUST3335,Fashion ,03-30-2026,497.77,1,0,45.11,UPI,North,6.0,21.0,4.0,0,
ORD100465,CUST3397,beauty,29/12/2024,745.89,1,0,132.5,Credit Card,Central,3.0,38.0,4.0,1,Size Issue
ORD101589,CUST3845,Grocery,18/02/2026,373.4,1,5,12.18,Net Banking,West,5.0,18.0,4.0,0,
ORD101008,CUST3905,grocery,12-15-2024,308.3,4,5,,Cash on Delivery,East,5.0,35.0,4.0,0,
ORD103918,CUST3039,Electronics,03-21-2025,8453.24,1,20,,Net Banking,South,5.0,33.0,5.0,0,
ORD101579,CUST1543,beauty,11-19-2024,928.77,3,0,114.76,Net Banking,North,6.0,48.0,5.0,0,
ORD101304,CUST2471,Electronics ,2025-09-13,6483.46,1,20,95.09,Credit Card,North,5.0,45.0,5.0,0,
ORD104139,CUST3281,Sports,2024-10-11,1490.21,1,25,129.19,Cash on Delivery,South,3.0,34.0,2.0,0,
ORD105418,CUST2756,Grocery,10-18-2024,226.0,2,0,43.19,UPI,Central,4.0,60.0,4.0,0,
ORD100346,CUST3569,,01-05-2026,334.79,1,5,59.18,Credit Card,North,2.0,40.0,5.0,0,
ORD100502,CUST3455,fashion,26/05/2025,332.67,2,0,68.15,UPI,Central,8.0,37.0,4.0,0,
ORD101232,CUST2566,sports,05-19-2025,2231.96,1,0,41.38,UPI,North,6.0,51.0,5.0,1,Better Price Found
ORD101643,CUST1889,Fashion ,2026-01-02,2154.46,2,5,96.5,Credit Card,West,3.0,31.0,5.0,1,Size Issue
ORD102990,CUST1822,grocery,10-01-2024,311.44,1,5,225.88,Debit Card,South,5.0,46.0,5.0,0,
ORD100833,CUST1877,sports,28/12/2024,1601.92,1,15,13.55,,West,6.0,21.0,4.0,0,
ORD103825,CUST2276,toys,2025-08-04,854.65,1,0,145.08,Credit Card,West,2.0,42.0,3.0,0,
ORD102140,CUST2715,Home & kitchen,13/01/2026,2514.79,1,0,,Cash on Delivery,North,5.0,52.0,4.0,0,
ORD103797,CUST2479,Electronics ,26/09/2024,6160.24,1,15,72.8,Credit Card,West,4.0,41.0,4.0,0,
ORD101362,CUST3047,sports,2024-12-22,725.72,1,0,62.89,Cash on Delivery,South,5.0,33.0,2.0,0,
ORD101164,CUST2372,grocery,2024-11-05,195.29,1,5,46.07,Cash on Delivery,South,4.0,63.0,3.0,1,Not as Described
ORD101764,CUST1956,Grocery,07-15-2025,263.42,3,10,153.89,Cash on Delivery,Central,3.0,32.0,5.0,0,
ORD104117,CUST4167,home & kitchen,09-07-2025,2276.16,1,25,11.82,Cash on Delivery,South,6.0,48.0,5.0,0,
ORD101425,CUST3030,Books,27/01/2026,404.94,1,5,,Credit Card,West,6.0,38.0,3.0,0,
ORD100542,CUST3803,Electronics,06/02/2025,5864.95,2,0,135.78,Debit Card,Central,6.0,21.0,4.0,0,
ORD101491,CUST1092,Electronics ,01-20-2026,3854.93,1,15,37.49,UPI,North,1.0,29.0,3.0,0,
ORD103234,CUST2279,books,13/12/2025,445.86,2,10,15.53,Debit Card,North,1.0,19.0,4.0,0,
ORD101666,CUST2496,Books,2025-10-08,,1,30,28.0,Net Banking,South,5.0,28.0,5.0,1,Changed Mind
ORD101945,CUST2944, Beauty,03/01/2026,752.53,1,15,68.63,Cash on Delivery,Central,4.0,25.0,5.0,0,
ORD103602,CUST3472,toys,05-28-2026,1088.37,1,20,8.05,UPI,East,5.0,21.0,5.0,0,
ORD103050,CUST3442,Books,2025-11-09,345.13,1,5,,,East,6.0,26.0,5.0,0,
ORD104946,CUST3093,Toys,13/07/2025,845.12,1,20,46.76,UPI,West,7.0,25.0,5.0,0,
ORD103906,CUST3036,toys,02-18-2025,469.14,1,0,101.98,UPI,North,4.0,36.0,,0,
ORD100565,CUST2225,Home & Kitchen,10/08/2026,2456.95,3,15,95.25,Net Banking,Central,3.0,30.0,2.0,0,
ORD100263,CUST3579,toys,07-17-2025,,1,0,67.54,UPI,Central,7.0,30.0,5.0,0,
ORD103856,CUST1057,beauty,2025-10-15,912.13,1,10,51.06,Credit Card,North,4.0,28.0,3.0,0,
ORD101324,CUST4001,Toys,21/07/2025,316.07,3,5,56.71,Debit Card,East,7.0,37.0,5.0,0,
ORD100381,CUST2950,fashion,2025-02-10,1341.15,1,10,227.41,Net Banking,North,5.0,34.0,4.0,0,
ORD104803,CUST2251,Grocery,19/05/2026,390.37,1,20,31.49,Net Banking,North,2.0,25.0,4.0,0,
ORD100613,CUST3537,home & kitchen,2025-07-29,1924.76,1,5,46.75,Credit Card,Central,5.0,22.0,5.0,0,
ORD105150,CUST2557,Beauty,2025-04-05,908.4,1,10,60.26,UPI,North,7.0,44.0,5.0,0,
ORD100215,CUST2344,Home & Kitchen,07/01/2025,2140.63,1,15,14.98,UPI,West,7.0,38.0,4.0,0,
ORD101977,CUST3494,grocery,08/08/2025,313.26,3,0,121.76,UPI,North,2.0,,5.0,0,
ORD101102,CUST3345,Grocery,02-12-2025,371.99,4,15,94.95,Credit Card,West,5.0,53.0,5.0,0,
ORD101978,CUST1705,ELECTRONICS,07-30-2025,13803.28,2,10,227.2,Debit Card,West,7.0,25.0,4.0,0,
ORD103892,CUST1815,Sports,05/10/2024,3134.98,1,10,14.27,Cash on Delivery,East,5.0,35.0,5.0,0,
ORD102865,CUST3153,Toys,2025-12-12,770.83,2,0,149.24,Debit Card,Central,4.0,41.0,3.0,0,
ORD101112,CUST3712,Sports,10-03-2025,1934.93,1,10,47.09,UPI,West,3.0,47.0,5.0,0,
ORD103687,CUST3128,Fashion,04/02/2025,1223.51,1,5,173.81,Credit Card,South,5.0,43.0,3.0,1,Changed Mind
ORD104811,CUST3324,Toys,2025-10-22,400.74,1,0,15.64,Debit Card,West,7.0,,1.0,0,
ORD105562,CUST2819,Fashion ,04/10/2025,1342.86,1,30,122.98,Net Banking,West,2.0,31.0,4.0,0,
ORD103738,CUST1092,Books,10/03/2025,764.26,1,5,68.63,UPI,Central,4.0,49.0,2.0,0,
ORD101693,CUST1562,Sports,08-28-2024,1429.19,1,0,189.97,Credit Card,Central,8.0,31.0,5.0,0,
ORD101617,CUST3657,Sports,2025-12-17,2266.39,2,0,156.32,Cash on Delivery,East,7.0,23.0,4.0,0,
ORD105720,CUST1357,electronics,13/03/2026,11019.4,1,0,55.88,Cash on Delivery,Central,8.0,27.0,3.0,0,
ORD105610,CUST2569, Beauty,23/06/2026,876.59,2,0,37.79,Cash on Delivery,East,2.0,34.0,2.0,0,
ORD103055,CUST3916,Sports,11-04-2025,1614.71,1,5,92.66,UPI,East,66.0,40.0,4.0,0,
ORD100032,CUST1666,Fashion,04-20-2026,561.86,1,20,44.66,Net Banking,North,5.0,42.0,4.0,0,
ORD103293,CUST3230, Beauty,17/03/2026,1139.5,1,0,34.33,Net Banking,East,4.0,38.0,4.0,1,Better Price Found
ORD100114,CUST3986,home & kitchen,2025-07-26,2822.59,2,10,48.35,Cash on Delivery,Central,5.0,34.0,4.0,0,
ORD103268,CUST2906,books,01-20-2026,564.46,1,30,33.72,Debit Card,West,6.0,35.0,,0,
ORD104275,CUST3850,grocery,04-07-2026,290.78,1,20,118.38,Cash on Delivery,West,3.0,43.0,5.0,0,
ORD102288,CUST4446,sports,02-16-2026,1811.11,2,0,102.21,UPI,North,3.0,16.0,4.0,0,
ORD100820,CUST2432,Toys,2024-11-30,684.01,2,0,118.63,Net Banking,East,3.0,22.0,4.0,0,
ORD102249,CUST1190,Home & kitchen,2026-02-23,3180.19,1,0,24.55,Cash on Delivery,East,6.0,,5.0,0,
ORD104891,CUST3189,Beauty,22/03/2025,1086.25,1,0,163.25,Cash on Delivery,West,3.0,24.0,4.0,0,
ORD100586,CUST3647,Electronics,06-10-2026,5045.7,2,20,121.78,Net Banking,East,88.0,21.0,5.0,0,
ORD101347,CUST1394,Grocery,11-05-2024,399.43,1,5,77.4,Debit Card,East,5.0,27.0,4.0,1,Not as Described
ORD101098,CUST3147,electronics,08-05-2025,10676.62,1,10,104.73,Debit Card,East,4.0,29.0,4.0,0,
ORD101363,CUST3641,Sports,2026-04-28,777.69,1,10,90.3,Debit Card,South,3.0,51.0,5.0,0,
ORD100393,CUST2292,books,01-28-2026,316.85,1,10,61.33,UPI,Central,4.0,34.0,5.0,0,
ORD101515,CUST2441,grocery,2024-11-10,314.4,1,15,168.79,Debit Card,South,6.0,24.0,3.0,0,
ORD105107,CUST3509, Beauty,2025-06-07,843.54,1,25,33.06,Debit Card,West,2.0,22.0,5.0,0,
ORD105484,CUST3319,Books,2024-09-21,333.98,1,0,73.94,Cash on Delivery,Central,3.0,18.0,,0,
ORD103790,CUST4351, Beauty,01/08/2026,629.53,1,5,159.72,Credit Card,South,1.0,26.0,4.0,0,
ORD102445,CUST1313,toys,05-28-2026,718.91,1,15,314.87,Debit Card,East,6.0,25.0,4.0,0,
ORD101851,CUST1825,Home & Kitchen,20/06/2026,3138.84,4,0,121.38,,East,5.0,38.0,5.0,0,
ORD101522,CUST1749,Books,03-30-2025,307.81,1,0,76.06,Net Banking,West,2.0,39.0,4.0,0,
ORD102328,CUST1163,Fashion,07-05-2026,1363.05,1,25,12.12,UPI,North,6.0,26.0,5.0,0,
ORD100217,CUST2143,Sports,26/07/2026,2130.29,1,15,8.34,Net Banking,East,5.0,39.0,5.0,0,
ORD104466,CUST1501,Sports,08-11-2025,917.11,1,10,55.02,Debit Card,South,5.0,41.0,3.0,0,
ORD101709,CUST1421,Fashion,02-21-2025,718.86,2,5,124.76,Credit Card,Central,6.0,23.0,5.0,0,
ORD100983,CUST3906,Sports,12-12-2024,2876.65,1,15,97.22,Net Banking,West,4.0,26.0,3.0,0,
ORD100189,CUST3234,grocery,2026-06-10,452.76,2,0,16.33,Debit Card,Central,2.0,41.0,5.0,0,
ORD104832,CUST1045,Fashion ,05-15-2025,236.76,2,20,97.09,Debit Card,West,5.0,43.0,5.0,1,Better Price Found
ORD105136,CUST3359,Grocery,18/05/2026,256.88,4,30,24.93,Net Banking,Central,3.0,31.0,4.0,0,
ORD101621,CUST1373,Sports,28/06/2025,2136.6,2,0,33.35,Net Banking,Central,1.0,47.0,1.0,0,
ORD100553,CUST4246,electronics,06/10/2025,5908.29,4,5,68.94,Cash on Delivery,West,7.0,47.0,5.0,0,
ORD105260,CUST2231,grocery,2024-08-19,129.16,1,5,64.23,Cash on Delivery,South,7.0,24.0,5.0,0,
ORD104133,CUST1042,books,2025-07-19,543.55,2,20,67.49,Cash on Delivery,North,3.0,32.0,5.0,0,
ORD104689,CUST3318,ELECTRONICS,05-03-2026,9086.13,1,0,110.8,Credit Card,North,4.0,23.0,3.0,0,
ORD101380,CUST3773,Toys,01/05/2026,1583.93,3,5,88.72,UPI,East,5.0,31.0,5.0,0,
ORD104506,CUST2053,Sports,2025-04-08,1700.73,1,0,152.65,UPI,East,2.0,36.0,5.0,1,Late Delivery
ORD101253,CUST3752,books,11/07/2025,491.67,1,5,72.56,Net Banking,Central,8.0,42.0,3.0,0,
ORD103691,CUST3727,Sports,09/08/2025,2089.89,3,10,58.63,Net Banking,East,3.0,28.0,4.0,0,
ORD103309,CUST1000,fashion,11-27-2025,794.4,1,10,10.24,Cash on Delivery,East,1.0,33.0,4.0,0,
ORD104188,CUST3040,books,02-14-2025,253.54,1,10,34.56,Cash on Delivery,West,4.0,41.0,,0,
ORD104202,CUST3996,grocery,2025-04-13,462.52,1,25,109.42,Net Banking,East,2.0,,1.0,0,
ORD102787,CUST4274,Books,03/04/2025,474.5,1,5,74.58,Credit Card,West,5.0,45.0,3.0,0,
ORD103399,CUST2691,beauty,20/02/2026,462.68,1,30,63.75,Net Banking,South,6.0,46.0,2.0,1,Late Delivery
ORD104288,CUST1824,electronics,10-20-2025,6039.08,1,25,82.98,Credit Card,North,7.0,29.0,5.0,0,
ORD100404,CUST1186,Home & kitchen,11-19-2024,3832.83,1,5,35.45,Cash on Delivery,West,6.0,40.0,5.0,0,
ORD101783,CUST1127,books,2026-08-13,428.49,2,15,99.8,Cash on Delivery,Central,3.0,53.0,4.0,0,
ORD100666,CUST3698,sports,2026-06-14,1924.99,1,0,66.19,Credit Card,Central,5.0,16.0,4.0,1,Changed Mind
ORD104637,CUST1298,Toys,08/02/2025,1093.13,1,0,7.25,Cash on Delivery,North,4.0,38.0,3.0,0,
ORD102679,CUST1612,grocery,2026-07-21,256.95,1,5,63.71,Cash on Delivery,North,4.0,16.0,3.0,0,
ORD101413,CUST1050,Books,2026-05-12,353.19,1,5,83.44,Credit Card,North,4.0,43.0,2.0,0,
ORD103730,CUST3256,Electronics ,2024-11-28,11167.6,1,20,11.13,UPI,Central,3.0,27.0,5.0,0,
ORD100528,CUST2803,,05-20-2026,469.17,1,5,1.21,Net Banking,East,6.0,16.0,5.0,0,
ORD101386,CUST2790,Electronics ,09-27-2024,8923.5,1,20,19.39,UPI,West,5.0,47.0,2.0,0,
ORD104838,CUST1842,Beauty,11-21-2024,640.49,2,0,225.02,Debit Card,East,1.0,38.0,5.0,0,
ORD103300,CUST2823,Home & kitchen,10-29-2024,2230.8,1,25,113.0,Debit Card,North,8.0,24.0,4.0,0,
ORD102060,CUST3975,sports,2025-01-04,2135.23,1,30,151.23,UPI,West,2.0,20.0,5.0,0,
ORD100485,CUST3249,Books,14/01/2025,560.59,1,0,42.64,Cash on Delivery,East,4.0,33.0,2.0,0,
ORD105945,CUST3172,Beauty,22/05/2026,963.92,1,5,77.6,Credit Card,West,4.0,16.0,4.0,1,Wrong Item Delivered
ORD103227,CUST3923,Electronics,07-20-2025,11862.3,1,10,121.24,Debit Card,Central,5.0,40.0,5.0,0,
ORD104633,CUST1441,Books,2025-02-18,487.53,1,10,58.09,UPI,South,4.0,22.0,4.0,0,
ORD104947,CUST1952,Beauty,11-30-2025,814.24,1,0,47.74,Debit Card,East,6.0,32.0,5.0,0,
ORD104613,CUST2666,fashion,07-01-2025,1715.16,1,5,48.55,Cash on Delivery,North,2.0,,,1,Defective Product
ORD103722,CUST3889,Electronics,04-18-2025,10392.34,1,0,25.07,UPI,West,,29.0,4.0,0,
ORD102781,CUST1418,Beauty,01-01-2025,853.61,1,10,35.45,Debit Card,North,4.0,42.0,3.0,0,
ORD103209,CUST2695,Electronics,11/09/2024,8586.53,1,15,57.39,Debit Card,North,3.0,39.0,2.0,0,
ORD102917,CUST1566,Books,05-05-2025,632.24,1,15,21.83,Credit Card,West,3.0,40.0,4.0,0,
ORD105158,CUST1909,Sports,2025-11-01,2239.15,2,15,62.57,Net Banking,West,2.0,45.0,4.0,1,Not as Described
ORD104063,CUST4326,books,05-11-2025,297.08,1,0,106.38,Net Banking,East,3.0,26.0,4.0,0,
ORD102687,CUST1405,beauty,09-22-2024,9933.476622364145,2,0,9.28,Cash on Delivery,Central,6.0,34.0,5.0,1,Size Issue
ORD105425,CUST3893,home & kitchen,11/01/2025,2398.49,1,0,3.7,Cash on Delivery,Central,8.0,26.0,4.0,1,Changed Mind
ORD103236,CUST1859,Books,04/04/2025,250.84,1,25,107.16,Debit Card,West,1.0,48.0,4.0,0,
ORD101597,CUST4259,beauty,02/05/2026,905.85,1,5,150.62,UPI,East,7.0,23.0,2.0,0,
ORD104112,CUST2756,fashion,06-08-2025,865.44,1,25,160.78,Net Banking,East,4.0,36.0,3.0,1,Late Delivery
ORD100598,CUST2387,Grocery,2026-02-15,302.04,1,20,24.59,UPI,North,1.0,30.0,4.0,0,
ORD100158,CUST2295,Electronics,2025-03-26,5749.71,1,15,100.58,Debit Card,East,8.0,21.0,4.0,0,
ORD103368,CUST1216,Books,04-04-2025,468.18,1,25,33.32,Cash on Delivery,South,6.0,32.0,3.0,0,
ORD101467,CUST1181,Books,12-04-2025,401.02,1,10,14.01,Credit Card,Central,8.0,27.0,5.0,0,
ORD105797,CUST3132,Sports,12/06/2025,1508.78,1,5,73.64,Debit Card,West,3.0,40.0,4.0,1,Wrong Item Delivered
ORD104237,CUST1608,Sports,08-03-2025,1352.86,1,30,184.13,Debit Card,Central,3.0,61.0,4.0,0,
ORD103447,CUST3849,Sports,2026-06-04,458.25,1,15,17.67,Debit Card,West,1.0,26.0,5.0,0,
ORD103636,CUST3567,electronics,18/05/2026,8676.07,1,5,114.24,Cash on Delivery,South,5.0,41.0,,0,
ORD104246,CUST2037,Beauty,08/10/2025,1011.72,1,25,91.75,UPI,East,2.0,35.0,1.0,0,
ORD103471,CUST1003,electronics,09/12/2025,10883.39,1,30,90.25,UPI,West,6.0,32.0,5.0,1,Late Delivery
ORD100522,CUST3718, Beauty,2025-05-28,703.14,1,10,94.64,Net Banking,South,4.0,31.0,3.0,1,Better Price Found
ORD101123,CUST3887,Home & Kitchen,2026-03-05,3351.12,1,20,60.19,Debit Card,North,4.0,46.0,5.0,1,Defective Product
ORD105508,CUST2019,Electronics ,2025-12-01,10043.82,1,0,61.92,Debit Card,North,3.0,52.0,5.0,0,
ORD100226,CUST3094,home & kitchen,05/11/2025,3149.36,1,0,57.99,UPI,Central,5.0,52.0,4.0,0,
ORD104420,CUST4298,Fashion ,08-07-2026,1328.73,1,10,215.1,Credit Card,North,3.0,46.0,,1,Wrong Item Delivered
ORD101028,CUST4296,Books,08-07-2025,448.04,2,0,43.78,Net Banking,South,,19.0,4.0,0,
ORD103671,CUST1268,grocery,04-02-2026,50.0,2,5,35.78,Cash on Delivery,Central,6.0,20.0,2.0,0,
ORD100555,CUST2566,Sports,2024-10-15,2427.34,1,5,97.91,Cash on Delivery,South,5.0,16.0,3.0,1,Better Price Found
ORD103891,CUST1691,toys,2026-02-11,354.6,1,0,215.98,Credit Card,South,3.0,40.0,4.0,0,
ORD103635,CUST4235,grocery,11/06/2025,406.49,1,0,47.18,Net Banking,South,5.0,34.0,3.0,1,Late Delivery
ORD104407,CUST1095,Grocery,11-26-2025,324.24,1,15,123.39,Cash on Delivery,East,1.0,39.0,2.0,1,Size Issue
ORD103910,CUST1109,home & kitchen,2025-08-18,1313.82,1,0,64.72,Cash on Delivery,Central,6.0,36.0,3.0,0,
ORD103732,CUST4444,sports,2025-06-08,2034.09,1,20,171.11,Debit Card,North,5.0,,5.0,0,
ORD102920,CUST1376,books,04-03-2026,333.01,1,0,141.63,Net Banking,West,4.0,29.0,3.0,1,Late Delivery
ORD104482,CUST2814,Grocery,2026-07-20,433.57,1,20,,Cash on Delivery,West,3.0,30.0,3.0,0,
ORD100577,CUST4052,toys,2026-06-15,1444.91,1,5,15.78,Cash on Delivery,South,3.0,26.0,5.0,0,
ORD102345,CUST4373,Books,17/08/2026,241.75,1,25,121.31,Credit Card,Central,7.0,26.0,2.0,1,Defective Product
ORD105893,CUST3024,Toys,25/10/2024,1613.49,2,20,165.14,Net Banking,East,3.0,23.0,5.0,0,
ORD104554,CUST3279,Electronics,29/11/2024,14940.77,1,20,45.64,Credit Card,South,6.0,27.0,4.0,0,
ORD105991,CUST1917,sports,02/11/2024,2387.41,1,0,168.91,Debit Card,Central,4.0,37.0,5.0,1,Defective Product
ORD100707,CUST4462,Grocery,2024-11-06,467.9,1,15,100.18,UPI,North,1.0,30.0,3.0,0,
ORD105171,CUST2959,toys,2026-01-17,1301.63,1,30,50.14,Net Banking,East,7.0,19.0,3.0,1,Late Delivery
ORD105741,CUST4238,toys,2024-09-29,879.69,1,15,39.57,Net Banking,North,5.0,41.0,2.0,1,Changed Mind
ORD105147,CUST4049,Grocery,05/07/2026,302.56,1,25,75.88,Debit Card,North,9.0,34.0,5.0,0,
ORD105267,CUST3091,Grocery,2025-11-05,100.49,4,20,36.79,Debit Card,North,4.0,,,0,
ORD103451,CUST3835,home & kitchen,04/03/2026,1433.94,2,0,54.8,UPI,North,6.0,54.0,5.0,0,
ORD101171,CUST3655,Books,2026-02-04,562.85,1,0,52.64,Debit Card,East,4.0,16.0,5.0,0,
ORD101455,CUST4232,ELECTRONICS,23/01/2026,13890.53,2,10,62.55,Credit Card,West,6.0,50.0,3.0,0,
ORD102776,CUST2854,Sports,17/07/2025,1357.91,1,5,51.33,Net Banking,North,5.0,17.0,2.0,0,
ORD105860,CUST3606,Toys,06-28-2025,1318.63,1,0,28.34,UPI,East,,38.0,5.0,1,Wrong Item Delivered
ORD104478,CUST3559,Sports,23/10/2024,3311.89,2,15,78.42,Debit Card,South,4.0,36.0,4.0,0,
ORD105840,CUST4360,sports,06-16-2025,926.3,1,0,147.85,Cash on Delivery,West,5.0,36.0,4.0,0,
ORD102676,CUST3274,ELECTRONICS,03-29-2026,6718.19,1,15,85.72,UPI,North,5.0,54.0,1.0,0,
ORD104338,CUST2393,Fashion ,23/02/2025,1116.9,1,0,88.1,Net Banking,South,3.0,51.0,4.0,0,
ORD100326,CUST1213,Books,02-17-2026,315.06,1,20,78.18,UPI,South,1.0,40.0,3.0,0,
ORD103307,CUST1569,fashion,2025-01-25,847.2,1,30,5.45,Credit Card,West,6.0,34.0,4.0,0,
ORD100476,CUST1474,beauty,2025-02-19,565.11,1,0,76.46,UPI,East,7.0,31.0,5.0,0,
ORD105692,CUST4036,Books,18/04/2025,263.24,1,20,,Cash on Delivery,Central,4.0,34.0,5.0,0,
ORD104973,CUST1751,Fashion ,04/09/2025,1047.29,1,5,86.5,UPI,North,3.0,28.0,2.0,1,Late Delivery
ORD105286,CUST3308,Sports,2026-01-23,1945.16,1,5,69.51,Debit Card,South,,50.0,,0,
ORD102512,CUST1351,Fashion,2025-03-14,1097.98,1,15,68.84,Cash on Delivery,West,6.0,53.0,3.0,0,
ORD103894,CUST2655,Grocery,04-27-2026,415.64,1,0,59.88,Cash on Delivery,North,5.0,33.0,4.0,0,
ORD100103,CUST1128,books,2024-10-07,528.78,4,20,84.22,Net Banking,West,3.0,42.0,2.0,0,
ORD104972,CUST2562,Books,28/01/2025,678.29,1,0,,Credit Card,South,5.0,43.0,5.0,0,
ORD101419,CUST2233,Toys,11-28-2024,480.17,2,15,231.71,Cash on Delivery,South,5.0,48.0,5.0,1,Not as Described
ORD104351,CUST1841,books,22/11/2025,423.75,1,0,28.92,Credit Card,West,4.0,,3.0,1,Wrong Item Delivered
ORD103390,CUST3699,Home & kitchen,02-10-2026,3728.33,1,0,44.36,Credit Card,West,5.0,32.0,4.0,0,
ORD104823,CUST1427,Electronics ,26/10/2024,6820.12,2,25,235.42,,Central,7.0,39.0,5.0,0,
ORD100523,CUST3670,home & kitchen,21/03/2026,2366.29,1,0,178.82,UPI,West,2.0,33.0,5.0,0,
ORD100992,CUST1353,sports,21/11/2024,,1,20,285.82,Cash on Delivery,West,2.0,38.0,2.0,0,
ORD105455,CUST1533,grocery,03-05-2026,271.07,4,10,48.74,Net Banking,North,1.0,35.0,4.0,0,
ORD101830,CUST1410,books,2026-07-31,302.99,2,15,101.09,Debit Card,East,4.0,27.0,4.0,0,
ORD105788,CUST3735,Home & kitchen,10-14-2024,3429.47,1,5,35.22,Debit Card,North,6.0,28.0,3.0,1,Better Price Found
ORD102606,CUST2862, Beauty,2026-07-23,602.04,1,30,214.18,UPI,Central,4.0,26.0,4.0,0,
ORD100730,CUST3760,Home & kitchen,11-13-2025,1977.72,1,0,12.19,Net Banking,North,4.0,32.0,3.0,1,Better Price Found
ORD100066,CUST4148,Fashion,2026-02-18,957.76,1,15,113.78,Credit Card,Central,1.0,39.0,5.0,1,Size Issue
ORD103398,CUST3031, Beauty,2024-12-09,787.07,1,0,115.07,Credit Card,North,4.0,20.0,4.0,0,
ORD104150,CUST1734,electronics,2024-09-18,11262.85,1,15,42.89,Cash on Delivery,North,3.0,30.0,5.0,0,
ORD103359,CUST3990,grocery,16/10/2024,360.55,1,10,99.3,Credit Card,East,2.0,38.0,5.0,0,
ORD105727,CUST2938,Electronics ,02-23-2025,9066.0,2,20,15.21,Debit Card,Central,2.0,40.0,4.0,0,
ORD103416,CUST3171,Beauty,2025-04-06,440.09,2,10,68.27,Credit Card,Central,7.0,19.0,4.0,1,Not as Described
ORD101939,CUST2408,electronics,2024-10-20,3967.94,1,5,36.1,UPI,South,5.0,41.0,4.0,0,
ORD102666,CUST2930,Grocery,08/02/2025,289.44,1,25,57.02,Net Banking,North,9.0,35.0,5.0,0,
ORD101396,CUST2556,ELECTRONICS,10-21-2025,8500.28,1,5,45.37,Credit Card,South,2.0,29.0,4.0,1,Wrong Item Delivered
ORD102868,CUST3940,home & kitchen,01-27-2025,1189.58,1,0,31.23,Debit Card,Central,6.0,43.0,1.0,0,
ORD100751,CUST4039,beauty,05/06/2025,348.34,1,5,41.0,Cash on Delivery,Central,7.0,31.0,4.0,0,
ORD100885,CUST1883,Fashion,09-01-2024,1661.24,1,15,95.03,Cash on Delivery,West,8.0,36.0,3.0,0,
ORD100488,CUST1118,Grocery,08-08-2025,325.52,1,10,83.49,Credit Card,Central,5.0,37.0,4.0,0,
ORD105034,CUST1378,books,11-12-2024,693.8,1,0,8.84,Net Banking,North,3.0,16.0,2.0,1,Size Issue
ORD101016,CUST3378,Beauty,12-20-2024,783.05,1,5,90.71,Net Banking,West,4.0,29.0,5.0,0,
ORD102106,CUST4004, Beauty,08-22-2024,628.33,2,15,107.67,Credit Card,South,5.0,22.0,5.0,0,
ORD104893,CUST4127,home & kitchen,14/10/2024,2991.55,4,20,28.3,Credit Card,East,6.0,22.0,4.0,0,
ORD102724,CUST1421,Grocery,2024-12-19,385.88,1,5,,Net Banking,East,5.0,40.0,1.0,0,
ORD105791,CUST4042,Toys,2026-07-06,1215.47,1,30,43.95,Cash on Delivery,West,6.0,21.0,4.0,0,
ORD103762,CUST1270,Home & Kitchen,2026-08-10,2844.31,1,0,11.77,Net Banking,East,4.0,36.0,4.0,0,
ORD102319,CUST2204,Books,07-24-2026,277.16,2,5,26.2,Cash on Delivery,Central,7.0,61.0,1.0,0,
ORD102003,CUST1789,sports,09/09/2024,1802.06,1,5,8.33,Net Banking,South,1.0,46.0,4.0,1,Size Issue
ORD105362,CUST2552,Books,24/06/2025,484.63,1,25,11.6,Credit Card,North,6.0,36.0,5.0,0,
ORD104068,CUST4369,fashion,2025-03-26,1301.84,1,0,85.0,Net Banking,Central,7.0,60.0,5.0,0,
ORD100702,CUST2178,fashion,09-25-2024,666.2,1,25,48.97,Net Banking,North,6.0,53.0,5.0,1,Better Price Found
ORD100617,CUST2901,home & kitchen,2025-11-26,1618.66,1,10,130.31,UPI,North,5.0,34.0,5.0,0,
ORD101724,CUST1734,fashion,2026-06-09,1315.27,1,15,124.92,Net Banking,West,4.0,37.0,5.0,0,
ORD100010,CUST1902,fashion,2025-09-21,860.43,3,20,43.97,Cash on Delivery,East,3.0,,5.0,0,
ORD104100,CUST4386,Toys,03/01/2026,937.19,1,15,185.08,Cash on Delivery,East,2.0,23.0,4.0,1,Late Delivery
ORD102200,CUST2772,Fashion ,11-13-2025,1294.42,1,15,69.35,Net Banking,West,3.0,40.0,2.0,0,
ORD102097,CUST1530,Sports,11/03/2026,1562.68,1,30,95.79,UPI,West,5.0,44.0,4.0,0,
ORD100978,CUST4463,Home & kitchen,03/04/2026,3061.7,1,15,53.66,Debit Card,East,4.0,30.0,1.0,0,
ORD102272,CUST4065,beauty,01-12-2026,828.08,1,20,43.96,Credit Card,East,3.0,26.0,4.0,0,
ORD105365,CUST3208,Electronics,17/02/2025,6557.64,1,30,171.48,UPI,South,5.0,25.0,2.0,0,
ORD100774,CUST2048,books,02/11/2024,458.35,2,10,146.92,Credit Card,North,7.0,22.0,5.0,0,
ORD100759,CUST3531,beauty,12-22-2024,616.38,1,25,98.26,Debit Card,Central,2.0,,3.0,0,
ORD103079,CUST2620,toys,02/09/2025,1238.14,1,30,13.52,Cash on Delivery,South,4.0,16.0,4.0,0,
ORD101611,CUST2752,home & kitchen,2026-08-14,2153.65,1,25,105.76,Net Banking,North,9.0,30.0,1.0,0,
ORD100936,CUST4265,books,05-14-2025,352.71,1,20,39.23,Net Banking,Central,4.0,25.0,4.0,1,Size Issue
ORD102220,CUST1072, Beauty,14/02/2026,,3,20,67.15,Net Banking,East,6.0,26.0,4.0,0,
ORD104151,CUST3063,Toys,25/02/2025,859.44,1,30,13.99,Net Banking,West,2.0,25.0,2.0,0,
ORD102075,CUST2357,Fashion ,03-18-2026,1563.16,1,15,70.55,Debit Card,West,4.0,21.0,5.0,0,
ORD105397,CUST4047,Electronics,2025-06-03,11521.88,3,0,88.4,Credit Card,South,4.0,25.0,3.0,0,
ORD100110,CUST4307,Electronics ,15/03/2026,7504.55,1,0,,Credit Card,East,3.0,,5.0,0,
ORD105026,CUST3894,Home & kitchen,2025-05-10,3546.42,1,0,26.97,Net Banking,East,4.0,39.0,4.0,0,
ORD105234,CUST2983,Home & Kitchen,29/12/2024,1512.28,1,10,121.19,,South,5.0,26.0,5.0,0,
ORD105884,CUST2548,fashion,03-31-2026,1953.1,1,25,,Cash on Delivery,East,5.0,26.0,3.0,1,Changed Mind
ORD102992,CUST2904,grocery,05/03/2025,272.45,2,20,53.63,Net Banking,West,7.0,16.0,5.0,1,Size Issue
ORD100490,CUST3907,Books,03-26-2026,132.88,1,20,167.62,Debit Card,North,6.0,30.0,1.0,1,Not as Described
ORD101190,CUST3810,Toys,13/12/2024,1212.07,1,5,47.92,UPI,Central,6.0,21.0,5.0,1,Wrong Item Delivered
ORD101089,CUST3759,Electronics ,15/05/2025,9607.13,3,20,94.18,Credit Card,West,5.0,49.0,1.0,0,
ORD104484,CUST1678,ELECTRONICS,2024-10-22,4796.53,1,20,100.63,Net Banking,West,5.0,34.0,5.0,0,
ORD101479,CUST2412,electronics,19/08/2025,9956.32,1,5,77.05,Net Banking,West,6.0,27.0,5.0,0,
ORD105879,CUST2466,Sports,23/11/2025,,3,0,19.89,Net Banking,South,3.0,43.0,2.0,1,Size Issue
ORD103201,CUST1127,Fashion,2025-03-12,1428.61,1,5,151.19,UPI,South,3.0,42.0,5.0,0,
ORD103610,CUST1059,Toys,23/07/2025,752.42,2,0,88.38,Net Banking,Central,6.0,41.0,4.0,0,
ORD101906,CUST3240,ELECTRONICS,02-05-2026,50.0,1,25,82.39,Debit Card,South,3.0,48.0,5.0,1,Wrong Item Delivered
ORD105405,CUST4196,toys,19/02/2026,914.15,1,20,38.83,Net Banking,East,4.0,29.0,5.0,0,
ORD103047,CUST4122,Toys,01-01-2025,499.52,2,20,55.32,UPI,Central,3.0,16.0,4.0,0,
ORD101298,CUST4089,Toys,02-15-2026,1082.41,1,5,110.99,Cash on Delivery,South,,16.0,4.0,1,Late Delivery
ORD102072,CUST1910,Home & Kitchen,10/12/2025,3154.5,1,5,21.22,UPI,South,5.0,31.0,4.0,1,Defective Product
ORD102743,CUST3584,toys,10-29-2025,429.15,1,25,83.69,Credit Card,West,4.0,31.0,3.0,1,Size Issue
ORD104657,CUST2391,toys,14/11/2025,915.88,2,0,90.5,Cash on Delivery,West,3.0,50.0,4.0,0,
ORD100071,CUST4120,Sports,30/07/2026,,1,5,135.66,Cash on Delivery,West,,48.0,4.0,1,Late Delivery
ORD102608,CUST1716,Sports,08-22-2024,1345.38,1,20,15.69,Net Banking,South,5.0,31.0,4.0,0,
ORD104552,CUST2619,Grocery,26/03/2025,237.06,1,20,85.66,Debit Card,West,5.0,44.0,5.0,0,
ORD105180,CUST4178,electronics,06-24-2026,10473.51,1,10,47.35,UPI,North,4.0,30.0,3.0,1,Changed Mind
ORD101852,CUST2395,grocery,2026-03-31,109.29,1,20,11.77,Net Banking,West,5.0,35.0,3.0,1,Late Delivery
ORD102727,CUST3146,grocery,2026-03-05,307.84,1,5,26.64,Net Banking,Central,4.0,30.0,1.0,0,
ORD101942,CUST1249,Fashion ,01/02/2025,1440.98,1,30,72.38,UPI,West,3.0,18.0,,0,
ORD101254,CUST1199,beauty,01-15-2026,1062.04,2,25,11.7,Net Banking,West,4.0,26.0,5.0,0,
ORD104464,CUST1883,Books,2026-05-30,387.21,3,10,29.09,Cash on Delivery,South,6.0,33.0,3.0,0,
ORD103087,CUST1223,Toys,03-22-2025,1088.68,1,5,124.44,Debit Card,South,7.0,,5.0,0,
ORD100184,CUST1661,Grocery,05/08/2026,329.67,1,20,107.09,Debit Card,Central,7.0,37.0,5.0,0,
ORD104938,CUST3776,ELECTRONICS,2026-01-10,12601.06,1,0,,Cash on Delivery,South,5.0,16.0,4.0,0,
ORD100824,CUST2268,Fashion,05/07/2026,1291.72,1,10,157.83,Debit Card,West,9.0,28.0,5.0,1,Wrong Item Delivered
ORD100386,CUST3382,grocery,30/03/2025,323.65,1,5,109.22,Credit Card,North,3.0,53.0,5.0,0,
ORD101719,CUST2016,toys,01-30-2025,398.37,1,5,23.73,Debit Card,South,5.0,22.0,5.0,1,Better Price Found
ORD100347,CUST3855,books,02-12-2025,376.69,2,0,78.22,Debit Card,North,5.0,34.0,4.0,1,Better Price Found
ORD104769,CUST1337,,2025-05-08,675.75,1,10,44.03,Cash on Delivery,Central,3.0,,4.0,1,Not as Described
ORD103552,CUST3142,Electronics,29/11/2025,7165.28,1,15,205.53,UPI,East,4.0,48.0,5.0,0,
ORD102769,CUST4307,electronics,2026-06-15,9182.78,1,0,22.38,Credit Card,South,1.0,,3.0,0,
ORD103667,CUST3778,Fashion,19/01/2026,817.25,1,0,96.02,UPI,South,8.0,27.0,5.0,0,
ORD100468,CUST2672,toys,28/07/2025,1083.56,1,5,121.52,Debit Card,East,3.0,43.0,5.0,0,
ORD101418,CUST1694,Home & kitchen,01/01/2026,2526.37,1,20,166.77,Cash on Delivery,East,5.0,40.0,4.0,0,
ORD104278,CUST1990,Books,2024-12-03,434.05,1,15,45.04,UPI,South,2.0,42.0,5.0,0,
ORD100536,CUST4491,Grocery,03/05/2026,87.71,1,5,61.57,Debit Card,East,9.0,17.0,5.0,1,Late Delivery
ORD104046,CUST2041,Toys,06/07/2025,618.21,1,20,16.3,Cash on Delivery,West,10.0,38.0,4.0,0,
ORD100341,CUST1105,toys,2024-11-06,834.96,1,0,100.0,Net Banking,North,7.0,40.0,5.0,1,Not as Described
ORD104214,CUST2167,grocery,2026-03-11,439.45,2,10,53.42,Net Banking,West,7.0,23.0,4.0,0,
ORD101299,CUST1993,Toys,2025-08-04,687.58,1,0,67.62,Cash on Delivery,South,2.0,29.0,2.0,0,
ORD101117,CUST3952,Home & Kitchen,2025-12-26,3000.24,1,0,41.28,Cash on Delivery,Central,1.0,31.0,5.0,1,Late Delivery
ORD101995,CUST4374,beauty,2025-01-20,847.21,1,25,95.03,UPI,South,3.0,28.0,5.0,0,
ORD104103,CUST2611,Home & Kitchen,14/05/2025,2631.43,1,0,134.41,UPI,West,4.0,20.0,5.0,0,
ORD101619,CUST3973,Beauty,11-19-2025,627.97,1,20,32.81,Cash on Delivery,East,6.0,39.0,3.0,0,
ORD104519,CUST1212,beauty,2026-06-07,526.25,1,0,60.17,UPI,Central,4.0,16.0,2.0,0,
ORD103753,CUST2702,Sports,02-12-2026,1294.33,1,25,72.03,Net Banking,North,9.0,25.0,4.0,0,
ORD102490,CUST1569,Home & Kitchen,2025-08-20,2702.48,3,10,49.15,Cash on Delivery,North,3.0,25.0,3.0,0,
ORD104385,CUST3129,Home & Kitchen,12-14-2025,2798.93,1,10,22.6,UPI,West,6.0,31.0,4.0,1,Changed Mind
ORD104373,CUST1121,sports,10/05/2025,649.06,1,30,81.69,Debit Card,East,3.0,30.0,4.0,0,
ORD105315,CUST4480,Electronics ,09-26-2025,9574.82,1,0,98.08,Net Banking,South,4.0,29.0,3.0,1,Better Price Found
ORD105606,CUST3840,Beauty,2025-06-24,759.68,2,0,62.05,Net Banking,West,3.0,35.0,5.0,0,
ORD101927,CUST1473,Home & Kitchen,31/07/2025,2067.69,4,5,,Credit Card,Central,6.0,54.0,5.0,0,
ORD104456,CUST2513,Sports,2024-11-07,1752.39,1,30,26.3,,Central,3.0,58.0,3.0,0,
ORD100719,CUST1586,Books,08-23-2024,346.93,1,20,110.9,Cash on Delivery,Central,2.0,39.0,4.0,0,
ORD105554,CUST1342,sports,2025-02-16,1907.42,1,0,82.04,UPI,South,3.0,42.0,5.0,0,
ORD101083,CUST4028,Books,2026-08-13,388.28,1,10,130.34,Cash on Delivery,North,5.0,23.0,1.0,0,
ORD105413,CUST3778,Electronics ,02-07-2025,7627.74,3,10,208.41,Credit Card,Central,4.0,30.0,5.0,0,
ORD102765,CUST2549,Sports,2025-05-30,2046.22,1,0,16.68,Debit Card,East,4.0,37.0,4.0,0,
ORD103306,CUST1370,Fashion,2025-12-14,1880.11,1,0,93.38,Credit Card,South,1.0,34.0,4.0,0,
ORD103180,CUST1466,ELECTRONICS,03-02-2026,12202.06,1,25,32.95,Net Banking,West,4.0,,4.0,1,Wrong Item Delivered
ORD104445,CUST2707, Beauty,02-04-2026,923.23,1,5,29.23,Cash on Delivery,North,4.0,28.0,4.0,0,
ORD101653,CUST1109,Fashion ,2026-07-08,732.17,1,15,71.97,Credit Card,East,6.0,24.0,2.0,1,Better Price Found
ORD100749,CUST3736,electronics,10-01-2025,8463.37,1,0,203.6,UPI,East,6.0,20.0,3.0,1,Size Issue
ORD100688,CUST2280, Beauty,02-03-2026,872.27,2,0,98.17,Debit Card,West,4.0,43.0,4.0,0,
ORD103416,CUST3171,Beauty,2025-04-06,440.09,2,10,68.27,Credit Card,Central,7.0,19.0,4.0,1,Not as Described
ORD105165,CUST4059,toys,03-14-2025,1184.55,1,15,80.21,Debit Card,South,3.0,20.0,4.0,0,
ORD104149,CUST3291,Toys,2026-07-27,1170.04,1,30,22.3,Credit Card,South,3.0,34.0,,0,
ORD103016,CUST3273,grocery,2026-08-12,408.34,1,10,60.08,UPI,South,5.0,61.0,4.0,0,
ORD103096,CUST3918,Fashion,2025-10-24,663.28,1,10,3.52,Credit Card,North,3.0,52.0,5.0,0,
ORD101558,CUST2427,Grocery,13/07/2025,330.78,3,10,163.83,Net Banking,North,6.0,35.0,4.0,1,Size Issue
ORD101081,CUST3511,Sports,04-15-2025,2463.24,1,25,10.42,Cash on Delivery,West,10.0,36.0,5.0,0,
ORD100920,CUST2874,Books,01-24-2026,417.7,1,15,83.76,UPI,North,4.0,19.0,5.0,0,
ORD104760,CUST1942,Books,02/09/2025,291.25,1,15,56.41,Debit Card,North,4.0,,4.0,1,Better Price Found
ORD101853,CUST4286,Beauty,25/01/2026,696.62,1,0,33.88,Credit Card,East,4.0,16.0,5.0,0,
ORD104298,CUST3420,Books,09/08/2025,550.9,2,20,76.81,Net Banking,North,3.0,55.0,4.0,1,Wrong Item Delivered
ORD105841,CUST4213,Beauty,2025-12-03,907.47,1,15,79.79,Cash on Delivery,North,3.0,43.0,1.0,0,
ORD102782,CUST1512, Beauty,03-13-2025,453.34,1,0,102.65,UPI,Central,5.0,25.0,4.0,0,
ORD100848,CUST3770,Grocery,06-15-2025,516.74,2,0,75.17,UPI,Central,5.0,52.0,4.0,0,
ORD101603,CUST4491,Grocery,2024-11-22,487.92,1,5,12.91,UPI,East,6.0,21.0,4.0,0,
ORD104897,CUST3764,Fashion,2024-09-13,,1,20,58.25,Net Banking,North,7.0,26.0,2.0,0,
ORD103040,CUST2305,Sports,2024-09-09,1566.52,1,15,13.38,Credit Card,Central,6.0,38.0,5.0,0,
ORD105194,CUST3377,Sports,19/02/2026,50.0,1,15,54.67,Credit Card,North,7.0,19.0,4.0,0,
ORD103366,CUST3595,books,2024-10-15,376.38,1,20,26.09,Net Banking,South,2.0,42.0,2.0,0,
ORD104553,CUST4401,Sports,2026-01-11,1592.26,1,0,153.99,UPI,West,3.0,29.0,4.0,0,
ORD105402,CUST3253,Home & Kitchen,22/06/2025,2113.7,3,10,38.75,UPI,South,8.0,50.0,1.0,1,Defective Product
ORD104583,CUST4043,sports,08-25-2024,2174.67,2,25,58.89,Net Banking,Central,5.0,21.0,3.0,0,
ORD105507,CUST1211,Books,2026-05-19,488.58,3,0,59.06,Cash on Delivery,North,1.0,,4.0,0,
ORD105936,CUST2305,Books,05/03/2025,520.7,2,0,45.64,Cash on Delivery,North,6.0,33.0,4.0,0,
ORD105903,CUST1731,beauty,03-25-2025,690.77,1,0,61.18,Cash on Delivery,South,3.0,34.0,4.0,1,Wrong Item Delivered
ORD102659,CUST3860,Home & kitchen,08-02-2026,3424.73,1,5,84.22,Debit Card,South,1.0,27.0,3.0,0,
ORD101294,CUST2363,Home & kitchen,2025-01-18,2607.18,1,0,80.15,UPI,North,2.0,40.0,3.0,0,
ORD102189,CUST1535,books,31/07/2026,499.98,1,0,92.52,Cash on Delivery,North,5.0,26.0,5.0,1,Not as Described
ORD101531,CUST1766,books,18/03/2025,302.63,1,10,31.53,Cash on Delivery,East,7.0,32.0,4.0,0,
ORD103890,CUST1416,Sports,2026-01-09,2081.57,3,10,41.66,Credit Card,West,3.0,33.0,5.0,0,
ORD105941,CUST1685,toys,04/10/2024,665.81,1,0,103.56,UPI,South,9.0,41.0,5.0,0,
ORD101387,CUST1311,Home & kitchen,04/02/2025,4021.45,1,10,40.15,Cash on Delivery,South,3.0,,1.0,0,
ORD103555,CUST3442,grocery,01-06-2026,,1,0,26.64,Debit Card,South,6.0,37.0,5.0,1,Late Delivery
ORD102721,CUST2030,toys,06/02/2025,378.13,2,5,105.03,Cash on Delivery,East,4.0,35.0,3.0,0,
ORD102347,CUST3739,electronics,2024-08-25,6787.06,1,15,175.16,Credit Card,Central,7.0,44.0,3.0,0,
ORD101251,CUST1275, Beauty,02-10-2025,974.65,1,0,59.31,UPI,North,4.0,45.0,5.0,0,
ORD101892,CUST2580,Toys,08-19-2024,658.29,1,5,59.62,Cash on Delivery,North,8.0,36.0,1.0,0,
ORD100568,CUST1815,books,04-28-2026,470.12,1,30,30.81,Net Banking,West,6.0,26.0,2.0,1,Changed Mind
ORD105672,CUST1318,fashion,2024-11-06,1259.67,1,30,114.93,Credit Card,East,4.0,48.0,1.0,0,
ORD102910,CUST2289,Books,23/01/2025,356.84,1,15,31.61,Cash on Delivery,North,1.0,18.0,4.0,0,
ORD102745,CUST3620,fashion,02/07/2025,1598.86,2,10,,UPI,North,4.0,33.0,4.0,0,
ORD100436,CUST2158,Books,17/03/2025,212.86,1,25,,UPI,East,4.0,16.0,4.0,1,Changed Mind
ORD101559,CUST1356,grocery,2026-05-11,253.43,1,15,60.12,Debit Card,East,2.0,31.0,5.0,0,
ORD104318,CUST4412,Books,21/07/2026,440.5,1,5,45.61,UPI,South,5.0,30.0,,0,
ORD100655,CUST2467,beauty,2024-11-23,865.74,1,0,53.7,Credit Card,South,4.0,,5.0,0,
ORD103361,CUST2904,Electronics ,03-11-2026,4818.76,1,15,137.73,UPI,South,4.0,23.0,4.0,0,
ORD103716,CUST2657,Grocery,2026-06-22,241.28,2,30,104.7,UPI,West,5.0,29.0,5.0,0,
ORD100780,CUST3373,grocery,2025-10-05,276.71,1,0,130.3,Debit Card,West,3.0,37.0,2.0,0,
ORD103677,CUST1606,Home & Kitchen,11-08-2024,2486.02,1,15,178.76,Cash on Delivery,North,6.0,42.0,5.0,0,
ORD104158,CUST4419,toys,08-18-2025,1094.16,4,15,183.84,Credit Card,East,4.0,23.0,5.0,0,
ORD102042,CUST1442,Fashion,2025-03-25,1679.57,1,10,20.3,Net Banking,South,3.0,39.0,2.0,0,
ORD102532,CUST3471,ELECTRONICS,12-14-2025,10899.58,1,25,86.09,UPI,South,7.0,56.0,2.0,0,
ORD101197,CUST3481,Electronics,16/02/2026,5945.42,1,0,151.72,Credit Card,North,3.0,,5.0,0,
ORD105726,CUST2887,beauty,2026-01-20,351.23,1,10,96.89,Credit Card,East,7.0,37.0,1.0,0,
ORD104442,CUST2734,Fashion,2025-08-18,1229.69,1,30,71.35,Cash on Delivery,West,,16.0,2.0,0,
ORD103643,CUST4254, Beauty,09-19-2025,703.93,1,0,59.33,Net Banking,East,5.0,35.0,4.0,0,
ORD101987,CUST2148,Home & kitchen,28/03/2025,356.61,2,0,129.53,UPI,North,8.0,25.0,5.0,1,Wrong Item Delivered
ORD100845,CUST4158, Beauty,04-18-2026,771.19,2,10,112.61,UPI,North,4.0,44.0,3.0,0,
ORD100602,CUST3966,Home & kitchen,05-09-2026,2132.99,1,0,83.83,Debit Card,North,4.0,23.0,5.0,0,
ORD102877,CUST1288,Fashion ,09-17-2024,1683.54,1,5,9.93,UPI,Central,5.0,40.0,5.0,0,
ORD100611,CUST2521,Fashion ,2025-11-28,864.45,2,25,45.35,UPI,East,3.0,25.0,5.0,0,
ORD103837,CUST1077,Home & kitchen,08/11/2024,1199.58,1,15,15.17,UPI,South,2.0,,4.0,0,
ORD103705,CUST3729,fashion,01-18-2026,632.72,4,25,146.52,Debit Card,West,5.0,16.0,5.0,0,
ORD100108,CUST3338,Beauty,03/07/2026,496.07,2,0,94.09,Net Banking,East,8.0,53.0,2.0,0,
ORD100397,CUST2132,toys,09/02/2026,1112.04,1,10,58.18,Debit Card,Central,4.0,21.0,5.0,1,Better Price Found
ORD105231,CUST2964,Beauty,08-10-2026,953.11,2,5,79.68,Cash on Delivery,South,1.0,20.0,4.0,1,Not as Described
ORD103017,CUST1923,Toys,13/07/2026,990.46,2,5,31.42,Debit Card,South,5.0,44.0,5.0,0,
ORD102471,CUST1175,Home & Kitchen,05-16-2025,,1,25,34.72,Cash on Delivery,West,5.0,40.0,4.0,0,
ORD101733,CUST3550,Sports,29/03/2025,1854.19,1,15,66.19,Debit Card,East,5.0,,4.0,1,Wrong Item Delivered
ORD105205,CUST4217,sports,01/11/2024,2122.58,2,25,25.31,Credit Card,East,4.0,47.0,4.0,1,Size Issue
ORD101302,CUST4176,Grocery,09-26-2025,353.23,3,0,141.68,Credit Card,South,2.0,23.0,5.0,0,
ORD100828,CUST4026,fashion,16/04/2026,658.42,1,25,69.73,Cash on Delivery,Central,3.0,36.0,4.0,0,
ORD100151,CUST1335,sports,17/09/2024,1681.0,1,10,99.5,Net Banking,East,6.0,27.0,4.0,0,
ORD104734,CUST1218,Electronics,04-15-2025,,3,10,153.38,Cash on Delivery,South,6.0,31.0,4.0,0,
ORD101417,CUST1694,Home & kitchen,11/10/2025,2543.22,2,0,37.0,Credit Card,North,4.0,28.0,1.0,0,
ORD104186,CUST3337,Electronics,2025-09-07,5669.52,1,15,52.43,UPI,North,5.0,48.0,4.0,0,
ORD105348,CUST4405,sports,2025-11-12,2019.92,1,5,30.71,UPI,North,,47.0,3.0,0,
ORD102084,CUST4498,books,06-16-2025,472.38,2,15,69.88,UPI,Central,4.0,18.0,2.0,0,
ORD102073,CUST4048,sports,2025-05-05,1737.06,1,15,139.86,Cash on Delivery,West,6.0,33.0,1.0,0,
ORD100782,CUST3558,electronics,2025-12-02,6306.26,2,20,95.82,UPI,North,3.0,30.0,4.0,0,
ORD100397,CUST2132,toys,09/02/2026,1112.04,1,10,58.18,Debit Card,Central,4.0,21.0,5.0,1,Better Price Found
ORD103053,CUST2952,Books,2026-01-04,7020.086219595525,1,25,157.62,Credit Card,North,,18.0,5.0,0,
ORD100166,CUST2794,books,03-15-2025,375.51,1,15,34.76,Cash on Delivery,West,7.0,39.0,2.0,0,
ORD105658,CUST1642,Fashion ,02-01-2025,1528.28,2,0,,Debit Card,East,2.0,25.0,2.0,1,Not as Described
ORD105114,CUST3342,home & kitchen,2026-05-16,2452.63,1,20,146.09,Net Banking,East,4.0,44.0,5.0,0,
ORD101225,CUST1246,Home & Kitchen,09-18-2025,2824.98,4,5,229.37,Net Banking,East,4.0,59.0,3.0,0,
ORD101796,CUST1264, Beauty,2024-10-12,478.95,1,0,46.92,Net Banking,North,9.0,45.0,4.0,0,
ORD104289,CUST4397,ELECTRONICS,2025-03-22,5916.81,2,15,62.56,Debit Card,Central,5.0,30.0,5.0,0,
ORD101642,CUST3523,Sports,06-22-2026,1569.04,1,0,30.02,Net Banking,North,3.0,48.0,4.0,1,Wrong Item Delivered
ORD105611,CUST3036,ELECTRONICS,2025-06-21,7554.85,1,5,83.27,UPI,East,5.0,20.0,5.0,0,
ORD100142,CUST3392,toys,09-29-2024,1214.37,1,15,1.07,Cash on Delivery,East,7.0,22.0,3.0,0,
ORD101240,CUST4097,ELECTRONICS,04-21-2026,8811.75,2,15,26.38,Cash on Delivery,East,5.0,33.0,2.0,0,
ORD101986,CUST4250,electronics,22/04/2025,6458.73,1,5,28.29,UPI,North,5.0,,2.0,1,Changed Mind
ORD104124,CUST1846, Beauty,22/11/2024,531.57,1,0,157.48,Credit Card,Central,5.0,46.0,1.0,0,
ORD102452,CUST3210,Books,2026-06-03,343.42,1,10,184.86,UPI,East,5.0,18.0,5.0,0,
ORD105798,CUST2845,Toys,01-28-2026,16148.993230364791,2,20,136.84,Cash on Delivery,West,6.0,34.0,5.0,0,
ORD105717,CUST1061,books,2024-10-29,405.44,1,20,47.87,Net Banking,East,7.0,29.0,5.0,0,
ORD102461,CUST3515,Fashion ,2026-07-24,734.0,1,5,83.49,Cash on Delivery,South,,40.0,5.0,0,
ORD103788,CUST2056,fashion,2025-07-03,1654.95,2,10,120.25,Credit Card,Central,2.0,42.0,3.0,1,Defective Product
ORD102223,CUST1372, Beauty,2024-08-19,996.02,37,25,24.55,Net Banking,North,4.0,40.0,4.0,1,Defective Product
ORD100237,CUST2230,ELECTRONICS,2024-11-18,2905.94,1,5,36.9,Cash on Delivery,East,3.0,50.0,3.0,0,
ORD100989,CUST2478,toys,15/08/2025,994.74,1,0,114.68,Cash on Delivery,Central,5.0,42.0,4.0,1,Size Issue
ORD103422,CUST4286,Fashion ,2025-03-04,1605.65,1,15,38.85,Net Banking,North,6.0,35.0,4.0,0,
ORD105146,CUST3425,toys,24/04/2025,556.86,1,0,145.88,Credit Card,East,5.0,47.0,1.0,0,
ORD101758,CUST1255,fashion,2025-10-25,1002.62,1,0,2.66,Cash on Delivery,South,5.0,,4.0,0,
ORD104023,CUST2990, Beauty,2026-07-24,1029.61,2,0,21.24,Debit Card,North,9.0,22.0,5.0,0,
ORD101021,CUST3627,grocery,10-17-2024,,1,10,99.64,Cash on Delivery,West,5.0,42.0,4.0,0,
ORD105066,CUST2674,books,08-07-2026,202.89,1,5,172.58,UPI,Central,8.0,21.0,5.0,0,
ORD103094,CUST2846,Electronics,17/06/2025,9690.61,1,25,159.5,Debit Card,North,4.0,36.0,5.0,0,
ORD100866,CUST1343,Electronics,2024-11-18,5506.41,1,25,37.13,Debit Card,West,7.0,29.0,5.0,0,
ORD103020,CUST3132, Beauty,2026-02-03,541.56,1,15,102.25,Cash on Delivery,Central,5.0,27.0,3.0,0,
ORD104948,CUST3886,Books,2025-08-22,219.86,1,5,,Debit Card,Central,6.0,47.0,4.0,1,Wrong Item Delivered
ORD103481,CUST3823,toys,21/08/2024,,1,0,49.6,Credit Card,North,5.0,65.0,3.0,0,
ORD105375,CUST3521,Grocery,06/05/2025,240.91,1,5,80.21,Credit Card,East,9.0,46.0,4.0,0,
ORD103663,CUST1259,Fashion,09/03/2025,940.83,1,30,61.82,Cash on Delivery,Central,7.0,,4.0,0,
ORD101697,CUST2061,Beauty,12/04/2026,227.49,1,10,87.38,Net Banking,Central,6.0,39.0,5.0,0,
ORD103615,CUST3349,Fashion ,07-11-2026,1078.24,1,15,33.91,Cash on Delivery,West,6.0,42.0,3.0,0,
ORD102217,CUST1360,books,10-11-2025,417.23,1,20,49.81,Debit Card,South,2.0,44.0,4.0,0,
ORD105035,CUST2574,Grocery,12-03-2025,272.69,1,10,83.26,UPI,North,3.0,44.0,5.0,1,Wrong Item Delivered
ORD100327,CUST2433,Books,08-19-2026,224.4,1,5,15.9,Credit Card,Central,7.0,44.0,1.0,0,
ORD104415,CUST1507,ELECTRONICS,24/08/2025,5905.63,1,5,,Debit Card,Central,7.0,22.0,5.0,0,
ORD105138,CUST2405,beauty,2024-10-05,939.66,1,20,80.89,Cash on Delivery,Central,5.0,20.0,3.0,0,
ORD101582,CUST3769,grocery,2026-02-26,313.81,1,20,13.74,Credit Card,Central,5.0,36.0,5.0,0,
ORD100803,CUST1345,Books,2026-08-07,450.35,1,15,71.04,Debit Card,North,5.0,39.0,3.0,0,
ORD104340,CUST3281,Electronics,2024-09-22,11527.88,1,20,13.3,UPI,West,2.0,16.0,5.0,1,Wrong Item Delivered
ORD104254,CUST3405,grocery,24/03/2025,166.71,2,15,27.14,Debit Card,South,4.0,27.0,5.0,1,Changed Mind
ORD101226,CUST1282,Books,03/07/2026,257.82,1,30,75.13,Debit Card,South,6.0,33.0,4.0,0,
ORD101203,CUST4225,sports,2026-02-21,3323.59,1,0,,UPI,East,6.0,29.0,3.0,1,Changed Mind
ORD105251,CUST4278, Beauty,09-28-2025,452.75,3,0,156.65,Credit Card,Central,3.0,19.0,4.0,0,
ORD102887,CUST3361,Home & kitchen,02/03/2026,1698.21,1,10,14.3,Credit Card,South,5.0,29.0,4.0,0,
ORD102903,CUST2853,Electronics ,20/02/2025,6796.57,1,0,62.88,Credit Card,North,1.0,39.0,3.0,0,
ORD101034,CUST2280,fashion,05/11/2025,1120.54,1,5,62.31,UPI,South,3.0,42.0,1.0,0,
ORD104027,CUST2667,Toys,2026-05-14,678.03,1,5,36.45,Debit Card,Central,3.0,47.0,3.0,0,
ORD104952,CUST2755,Fashion ,02-07-2025,1494.35,1,10,78.19,Cash on Delivery,North,4.0,56.0,3.0,0,
ORD102392,CUST2562,electronics,27/06/2026,8882.87,1,10,52.97,Credit Card,East,2.0,37.0,1.0,0,
ORD105765,CUST2761,Grocery,05-10-2025,274.98,1,5,101.36,UPI,North,4.0,16.0,2.0,0,
ORD104122,CUST2179,ELECTRONICS,03-13-2026,9545.98,3,5,38.22,Net Banking,East,5.0,38.0,4.0,1,Changed Mind
ORD100401,CUST1931,Toys,07/01/2025,1251.36,2,0,19.23,Cash on Delivery,East,8.0,41.0,5.0,0,
ORD104104,CUST4418,beauty,2026-05-21,965.4,1,5,21.22,Debit Card,West,7.0,28.0,5.0,1,Wrong Item Delivered
ORD103803,CUST4082,Books,10-27-2024,350.92,1,10,178.9,Cash on Delivery,West,4.0,39.0,3.0,0,
ORD101346,CUST1734,Beauty,2026-03-31,680.2,1,25,54.18,Cash on Delivery,North,4.0,16.0,5.0,1,Size Issue
ORD105719,CUST4266,books,09-22-2025,280.57,1,15,,Cash on Delivery,West,,25.0,2.0,0,
ORD102391,CUST4134,books,21/10/2024,430.04,1,10,32.14,UPI,Central,2.0,24.0,2.0,0,
ORD101267,CUST3280,Home & Kitchen,2025-03-08,1526.38,1,15,20.55,UPI,East,4.0,36.0,4.0,1,Late Delivery
ORD100805,CUST3898,Grocery,16/09/2024,323.92,2,0,12.62,UPI,Central,6.0,24.0,4.0,1,Better Price Found
ORD101443,CUST3309,Fashion,11-10-2024,1588.16,1,30,38.75,Net Banking,West,7.0,35.0,2.0,1,Late Delivery
ORD100959,CUST3323,Grocery,10/05/2025,,2,0,79.51,Net Banking,West,2.0,33.0,3.0,0,
ORD105306,CUST3005,Sports,2026-04-11,1341.19,1,5,27.47,Debit Card,Central,2.0,48.0,4.0,0,
ORD100185,CUST3259,Home & Kitchen,11/02/2026,2526.52,1,0,118.06,Net Banking,East,6.0,47.0,5.0,0,
ORD104029,CUST1369,sports,2025-12-12,2197.07,4,15,51.01,Credit Card,North,2.0,50.0,5.0,0,
ORD104784,CUST2154,Grocery,04/03/2026,145.26,1,10,162.7,Net Banking,West,2.0,26.0,4.0,0,
ORD102085,CUST1820,Sports,07/12/2024,2055.26,1,15,62.83,Debit Card,East,4.0,43.0,4.0,0,
ORD103226,CUST1149,Electronics,2025-01-15,8941.59,3,10,97.09,Cash on Delivery,East,9.0,27.0,4.0,0,
ORD100096,CUST3119,Beauty,2025-05-18,981.57,1,0,36.55,Credit Card,South,3.0,53.0,3.0,0,
ORD105033,CUST1050,Beauty,26/04/2026,684.4,2,10,67.48,Cash on Delivery,North,2.0,29.0,4.0,0,
ORD105806,CUST1859,Toys,23/01/2025,982.58,2,5,106.39,Net Banking,East,1.0,52.0,4.0,0,
ORD102119,CUST4325,Books,2024-12-17,491.19,1,10,218.83,Net Banking,West,3.0,29.0,4.0,0,
ORD102789,CUST4241,grocery,07-23-2025,323.37,1,0,106.8,UPI,North,5.0,32.0,5.0,1,Wrong Item Delivered
ORD102927,CUST3438,books,13/06/2026,664.22,1,20,,Net Banking,West,6.0,26.0,5.0,0,
ORD101250,CUST1064,Books,11-11-2025,426.8,1,15,,Net Banking,South,3.0,25.0,2.0,0,
ORD103746,CUST3932,books,06-05-2025,,1,0,20.44,Debit Card,North,3.0,32.0,3.0,0,
ORD100669,CUST2961,home & kitchen,2024-10-02,2728.22,1,5,65.39,Cash on Delivery,South,7.0,23.0,5.0,0,
ORD101752,CUST3128,Toys,06-05-2026,665.4,1,0,27.51,Credit Card,West,3.0,41.0,2.0,0,
ORD100469,CUST3744,Books,04-19-2025,165.89,1,25,17.16,Net Banking,South,4.0,26.0,2.0,0,
ORD103916,CUST3016,Home & Kitchen,09-03-2025,1246.47,4,0,163.72,Debit Card,South,3.0,28.0,3.0,0,
ORD100576,CUST1200,Grocery,2026-03-10,,4,10,5.65,Debit Card,Central,5.0,48.0,5.0,1,Not as Described
ORD101659,CUST4251,home & kitchen,2026-03-14,3016.53,1,5,68.21,UPI,North,5.0,28.0,4.0,1,Wrong Item Delivered
ORD103238,CUST3180,ELECTRONICS,03-16-2025,3846.85,1,5,61.29,Net Banking,North,7.0,47.0,4.0,0,
ORD103425,CUST4068,sports,07/03/2026,1625.51,2,0,129.65,Debit Card,North,2.0,45.0,5.0,0,
ORD101476,CUST2532,books,27/01/2025,515.07,2,10,42.09,Credit Card,South,3.0,,3.0,0,
ORD105881,CUST2216,ELECTRONICS,2026-06-06,11021.18,2,10,94.48,Debit Card,North,5.0,,4.0,0,
ORD100693,CUST2768,Toys,10-20-2024,891.01,1,15,72.98,Credit Card,East,2.0,57.0,5.0,0,
ORD103935,CUST3807,beauty,14/12/2025,297.79,2,15,,Debit Card,Central,5.0,,3.0,0,
ORD105989,CUST1497,Grocery,01/05/2026,346.75,1,0,63.87,Cash on Delivery,West,4.0,32.0,4.0,0,
ORD101377,CUST1315,Grocery,06/06/2025,310.45,2,25,,Debit Card,West,2.0,24.0,5.0,1,Better Price Found
ORD104848,CUST2347,Electronics,15/02/2025,7088.71,1,0,99.28,UPI,Central,3.0,56.0,5.0,0,
ORD103041,CUST2695,Electronics,05-24-2026,7310.31,1,30,37.99,Debit Card,West,4.0,16.0,5.0,0,
ORD104320,CUST4260,books,06/02/2026,386.35,1,10,91.65,Credit Card,West,2.0,30.0,2.0,1,Better Price Found
ORD101869,CUST1914,Home & Kitchen,17/03/2026,2379.72,1,15,72.93,Credit Card,West,4.0,,2.0,0,
ORD103210,CUST1973,sports,10-21-2024,2128.89,1,0,91.45,Net Banking,West,6.0,27.0,3.0,0,
ORD101221,CUST1012,Toys,2025-02-21,488.33,3,20,79.31,Cash on Delivery,East,8.0,41.0,4.0,0,
ORD103847,CUST1819,Fashion,2025-01-16,1292.14,1,25,192.94,Debit Card,West,7.0,33.0,4.0,1,Wrong Item Delivered
ORD102126,CUST3622,Grocery,05-20-2025,391.54,2,15,69.24,Debit Card,East,4.0,32.0,1.0,0,
ORD105638,CUST1123,Home & Kitchen,05-17-2026,,1,0,50.19,UPI,West,3.0,22.0,5.0,0,
ORD104058,CUST1223,Fashion,12-16-2025,1637.17,1,10,68.15,UPI,Central,7.0,41.0,,0,
ORD102422,CUST2355,books,10/08/2025,379.14,1,5,59.56,Net Banking,East,2.0,28.0,4.0,0,
ORD104247,CUST3398,Grocery,05/05/2025,385.62,1,25,28.9,Cash on Delivery,Central,6.0,47.0,5.0,0,
ORD105679,CUST1826,ELECTRONICS,2025-01-03,14730.81,1,15,140.74,Cash on Delivery,South,4.0,28.0,4.0,0,
ORD105223,CUST4351,Home & kitchen,03-10-2026,1769.89,1,0,81.1,Debit Card,North,2.0,23.0,4.0,0,
ORD100943,CUST2255,home & kitchen,12-15-2025,3716.54,2,0,160.32,Credit Card,North,7.0,,2.0,0,
ORD104941,CUST4119,Home & Kitchen,2024-12-25,2658.75,1,30,46.06,Cash on Delivery,North,4.0,,5.0,0,
ORD103840,CUST4248,grocery,2024-11-05,309.04,1,0,87.54,Net Banking,East,6.0,36.0,5.0,0,
ORD100241,CUST2722,Grocery,2024-11-20,110.6,3,0,49.96,Cash on Delivery,East,5.0,43.0,5.0,1,Better Price Found
ORD101789,CUST4401,home & kitchen,2024-08-27,2872.2,1,5,37.58,Cash on Delivery,West,,49.0,3.0,1,Wrong Item Delivered
ORD101926,CUST1335,home & kitchen,28/11/2025,2161.3,3,10,38.68,Net Banking,East,5.0,31.0,4.0,0,
ORD103077,CUST1173,Electronics ,04-15-2026,11353.47,1,30,156.08,Net Banking,South,6.0,26.0,5.0,0,
ORD102603,CUST3387,sports,17/04/2026,1474.34,1,5,42.82,Credit Card,South,9.0,33.0,3.0,0,
ORD100526,CUST3417,Sports,08-21-2025,296.23,2,25,44.2,Net Banking,Central,1.0,40.0,3.0,0,
ORD105968,CUST2124,grocery,08-18-2025,345.3,1,15,17.64,UPI,Central,2.0,38.0,4.0,0,
ORD103776,CUST1010,fashion,09-07-2024,1215.38,1,0,133.03,Net Banking,South,7.0,16.0,1.0,1,Better Price Found
ORD103806,CUST4276,sports,04-28-2026,1119.85,1,10,237.24,Credit Card,North,,16.0,1.0,0,
ORD103966,CUST2376,Grocery,2025-12-25,364.8,1,0,118.44,Net Banking,Central,4.0,36.0,3.0,0,
ORD102960,CUST2761,books,2025-03-01,390.08,1,5,94.88,UPI,West,3.0,31.0,5.0,0,
ORD102252,CUST2845,Home & Kitchen,2026-03-06,2335.07,1,5,47.6,Credit Card,East,4.0,57.0,5.0,0,
ORD105014,CUST1509,books,2026-08-14,545.68,1,15,79.38,Debit Card,South,5.0,24.0,4.0,0,
ORD105230,CUST3346,Home & Kitchen,2024-09-04,1148.89,2,0,18.19,Net Banking,West,5.0,37.0,2.0,0,
ORD102136,CUST1038,Beauty,01-02-2026,240.86,1,15,256.56,Cash on Delivery,Central,7.0,16.0,3.0,0,
ORD104631,CUST3565,home & kitchen,26/10/2025,3166.04,3,20,28.04,Cash on Delivery,North,6.0,29.0,4.0,1,Better Price Found
ORD100429,CUST1864,fashion,17/01/2025,1398.52,2,30,40.61,Net Banking,Central,6.0,55.0,4.0,0,
ORD105556,CUST4245,Beauty,10-31-2025,760.44,1,25,52.78,,West,6.0,39.0,4.0,0,
ORD102066,CUST3286,toys,12/12/2025,704.34,1,15,28.87,Net Banking,West,7.0,23.0,4.0,0,
ORD102325,CUST3392,Beauty,11-22-2024,690.4,4,15,62.96,Net Banking,Central,2.0,59.0,4.0,0,
ORD101928,CUST2628,home & kitchen,04-01-2025,2869.38,1,25,120.88,Credit Card,West,8.0,48.0,3.0,0,
ORD103029,CUST1828,Electronics,2026-01-01,2090.78,1,25,65.78,UPI,Central,5.0,18.0,3.0,0,
ORD103335,CUST2475,sports,2026-04-27,,2,15,68.28,UPI,East,6.0,16.0,4.0,0,
ORD102807,CUST3251,books,18/09/2024,501.84,1,0,129.53,Credit Card,North,5.0,,4.0,0,
ORD105459,CUST1975,sports,2025-11-04,1528.36,1,0,68.85,Net Banking,East,9.0,19.0,5.0,0,
ORD101478,CUST3828,beauty,2025-12-28,725.61,1,0,70.42,Debit Card,South,4.0,30.0,5.0,1,Wrong Item Delivered
ORD100338,CUST4063,Toys,11-04-2025,579.74,1,5,54.84,UPI,East,7.0,19.0,3.0,1,Not as Described
ORD102074,CUST2722,Beauty,2026-05-18,1246.72,1,0,50.07,Credit Card,South,5.0,56.0,3.0,0,
ORD102011,CUST1990,Books,2025-12-29,433.18,1,15,5.21,Debit Card,Central,6.0,22.0,,0,
ORD102674,CUST4334,Beauty,01-02-2026,690.14,1,20,71.1,Debit Card,South,5.0,25.0,3.0,1,Size Issue
ORD100253,CUST3698,Home & kitchen,2026-02-07,2685.34,1,5,57.28,Cash on Delivery,Central,3.0,16.0,,0,
ORD103221,CUST2271,electronics,2026-05-19,5868.47,1,5,66.09,Credit Card,East,4.0,34.0,2.0,0,
ORD100320,CUST1866,grocery,05-23-2025,155.35,1,30,41.55,Credit Card,North,1.0,16.0,4.0,0,
ORD102048,CUST1614,Beauty,25/03/2025,660.45,1,25,125.44,Cash on Delivery,West,5.0,45.0,5.0,0,
ORD103976,CUST2646,toys,2026-08-17,893.28,1,0,56.48,Credit Card,East,9.0,41.0,3.0,0,
ORD100946,CUST2831,Electronics ,09/07/2025,6996.47,1,20,21.31,Cash on Delivery,Central,3.0,50.0,3.0,0,
ORD105590,CUST2110,Beauty,20/05/2026,528.68,1,25,82.34,Cash on Delivery,South,8.0,42.0,4.0,0,
ORD102455,CUST4162,books,2025-01-29,246.93,1,15,34.11,UPI,West,9.0,51.0,3.0,0,
ORD101084,CUST3431,Books,26/04/2026,303.86,1,25,142.92,Cash on Delivery,North,8.0,46.0,4.0,0,
ORD103903,CUST3094,Home & Kitchen,2026-08-10,2554.46,2,10,140.57,Net Banking,East,4.0,16.0,4.0,1,Defective Product
ORD105477,CUST3938,Beauty,07-12-2025,1072.46,2,20,88.31,Credit Card,North,6.0,41.0,5.0,1,Better Price Found
ORD101191,CUST3881,toys,08-21-2025,815.44,1,25,,Credit Card,East,5.0,54.0,1.0,0,
ORD100620,CUST1152,Beauty,29/11/2024,937.54,1,25,64.04,Credit Card,West,6.0,39.0,4.0,0,
ORD102098,CUST3594,beauty,11/11/2025,706.62,1,0,249.6,UPI,South,5.0,18.0,4.0,0,
ORD100750,CUST1295,books,31/03/2026,520.89,1,15,75.92,Net Banking,East,2.0,27.0,4.0,0,
ORD102993,CUST1034,Grocery,2025-12-10,521.65,1,20,28.32,Net Banking,West,3.0,41.0,4.0,0,
ORD104844,CUST2128,Beauty,01-01-2026,506.69,2,20,84.48,Debit Card,North,,51.0,5.0,0,
ORD102803,CUST1853, Beauty,2025-12-18,943.68,1,0,34.49,Credit Card,Central,6.0,32.0,3.0,0,
ORD101797,CUST3645,Fashion ,01-10-2025,879.99,1,5,70.72,Net Banking,West,6.0,36.0,2.0,0,
ORD101864,CUST2789,sports,2026-02-05,1851.79,1,25,50.97,Debit Card,East,6.0,25.0,5.0,0,
ORD103678,CUST1836,electronics,08-16-2025,10025.29,2,20,47.75,Cash on Delivery,South,5.0,,5.0,0,
ORD101958,CUST4369,Sports,07-03-2025,2060.6,1,15,23.46,UPI,South,3.0,30.0,4.0,0,
ORD102295,CUST2173,fashion,12-14-2024,1207.56,3,20,47.05,Net Banking,West,2.0,42.0,4.0,1,Defective Product
ORD103827,CUST3447,Books,2026-04-08,445.4,1,10,232.51,Credit Card,South,6.0,,5.0,0,
ORD101777,CUST4423,electronics,2024-09-17,9122.41,2,5,32.71,Credit Card,West,4.0,50.0,3.0,0,
ORD105636,CUST1302,Home & kitchen,2025-12-16,2443.88,1,15,154.07,Net Banking,West,3.0,34.0,5.0,0,
ORD100577,CUST4052,toys,2026-06-15,1444.91,1,5,15.78,Cash on Delivery,South,3.0,26.0,5.0,0,
ORD105364,CUST3781,beauty,23/04/2025,661.68,1,15,116.2,UPI,West,7.0,24.0,5.0,0,
ORD101667,CUST1707,ELECTRONICS,09-22-2025,12568.03,1,0,96.61,Cash on Delivery,North,7.0,32.0,3.0,0,
ORD101395,CUST3784,Grocery,30/06/2025,193.51,1,0,134.66,Cash on Delivery,Central,5.0,30.0,4.0,0,
ORD103700,CUST2867,Electronics,2025-05-04,4721.39,1,30,71.1,Net Banking,North,8.0,41.0,5.0,0,
ORD102183,CUST2977,ELECTRONICS,2026-06-16,3961.13,2,25,156.04,Debit Card,North,69.0,23.0,4.0,0,
ORD102754,CUST2921,sports,04-27-2025,2588.93,1,20,80.69,UPI,East,3.0,19.0,5.0,0,
ORD101805,CUST2747,home & kitchen,25/05/2025,2513.62,1,30,43.92,Debit Card,South,2.0,26.0,5.0,0,
ORD102854,CUST4136,Beauty,12-31-2025,736.92,1,25,36.74,Debit Card,South,6.0,40.0,5.0,0,
ORD105329,CUST2752,Books,08/03/2025,682.48,3,5,20.13,Credit Card,Central,3.0,37.0,3.0,0,
ORD100270,CUST1720,home & kitchen,25/06/2025,2713.46,1,5,61.48,UPI,North,1.0,26.0,5.0,0,
ORD100170,CUST3271,grocery,20/12/2025,315.61,4,0,50.73,Debit Card,Central,3.0,30.0,5.0,0,
ORD102041,CUST2157,Home & Kitchen,27/10/2025,2437.9,1,15,81.52,Cash on Delivery,South,2.0,37.0,4.0,0,
ORD100344,CUST3928,grocery,2025-06-04,264.81,1,20,85.95,Net Banking,East,5.0,39.0,5.0,0,
ORD101233,CUST2546,Electronics ,07-12-2025,8690.85,2,0,21.85,UPI,North,7.0,37.0,3.0,0,
ORD101815,CUST4265,toys,2025-01-11,1352.23,4,0,47.33,Credit Card,West,79.0,31.0,3.0,0,
ORD105976,CUST4447,grocery,14/03/2025,370.56,1,15,200.47,Debit Card,East,2.0,31.0,5.0,1,Size Issue
ORD105790,CUST4373,books,04-12-2025,524.12,2,5,,Debit Card,South,3.0,16.0,2.0,0,
ORD103774,CUST3290,Beauty,29/03/2025,718.32,1,20,39.43,UPI,Central,9.0,56.0,5.0,0,
ORD105567,CUST1086,books,20/09/2025,421.21,1,20,36.14,Net Banking,Central,1.0,,5.0,0,
ORD102722,CUST3870,Fashion ,2026-07-07,944.92,1,20,40.5,Cash on Delivery,North,4.0,20.0,4.0,0,
ORD105296,CUST1364,Fashion ,04-16-2025,1239.25,1,5,82.08,Credit Card,South,6.0,38.0,4.0,0,
ORD104416,CUST3666,books,09-22-2024,477.16,3,0,154.14,Debit Card,South,5.0,16.0,4.0,0,
ORD104655,CUST2901,sports,07-16-2025,1241.0,1,30,30.46,Net Banking,South,4.0,32.0,5.0,0,
ORD101496,CUST2355,beauty,26/09/2025,630.29,1,20,70.74,Credit Card,West,6.0,34.0,4.0,0,
ORD104572,CUST3667,toys,2026-05-21,1084.81,1,0,92.98,Net Banking,West,4.0,18.0,3.0,0,
ORD101275,CUST2228,Electronics,06-13-2025,10713.77,4,0,3.35,UPI,West,4.0,34.0,5.0,1,Defective Product
ORD101309,CUST2311,Home & kitchen,02-26-2026,,1,30,13.38,Credit Card,East,3.0,22.0,4.0,1,Changed Mind
ORD101786,CUST1387,Books,25/09/2025,567.46,1,15,21.53,Cash on Delivery,West,4.0,52.0,1.0,1,Better Price Found
ORD103118,CUST4135,ELECTRONICS,2024-08-21,7062.84,1,5,32.86,Debit Card,East,4.0,44.0,4.0,0,
ORD104262,CUST3188,Books,11-04-2024,323.98,1,30,13.15,UPI,South,8.0,16.0,4.0,0,
ORD102949,CUST3340,Fashion,2024-10-18,929.14,2,0,60.65,Net Banking,West,6.0,39.0,5.0,0,
ORD105957,CUST2579, Beauty,2025-10-03,404.46,1,20,107.94,Cash on Delivery,East,3.0,17.0,5.0,0,
ORD101890,CUST2051, Beauty,07/10/2024,674.94,2,15,24.61,Net Banking,North,5.0,48.0,3.0,0,
ORD100677,CUST2331,toys,09-23-2025,996.25,3,10,20.62,Credit Card,East,6.0,29.0,4.0,0,
ORD104603,CUST3142,electronics,06/05/2026,4756.27,1,25,28.87,Net Banking,North,4.0,37.0,5.0,0,
ORD102170,CUST2792, Beauty,16/04/2025,860.2,1,25,18.41,UPI,North,7.0,29.0,4.0,0,
ORD103685,CUST1257,Beauty,2025-03-20,317.02,1,0,144.98,Net Banking,West,6.0,35.0,5.0,0,
ORD102301,CUST3766,Fashion ,01/11/2024,1366.03,3,25,115.91,UPI,East,5.0,65.0,4.0,0,
ORD103672,CUST2875,grocery,2025-01-03,312.84,1,0,18.18,UPI,Central,2.0,19.0,5.0,1,Late Delivery
ORD104238,CUST3802,home & kitchen,08-08-2026,3318.52,2,15,61.35,Cash on Delivery,Central,6.0,31.0,1.0,1,Defective Product
ORD102733,CUST2815,Home & Kitchen,2026-02-09,2657.53,2,0,113.43,Cash on Delivery,Central,10.0,33.0,5.0,0,
ORD103756,CUST2736,Grocery,2026-07-29,316.43,1,5,89.35,Credit Card,West,5.0,42.0,4.0,0,
ORD104608,CUST3294,toys,2025-02-19,1289.77,2,0,78.63,Credit Card,North,4.0,16.0,5.0,0,
ORD103532,CUST2317, Beauty,22/09/2025,1109.85,1,25,96.33,Net Banking,South,8.0,36.0,1.0,0,
ORD100295,CUST2908,Toys,04-17-2025,881.01,1,15,93.02,UPI,North,8.0,34.0,5.0,1,Not as Described
ORD101070,CUST1396,toys,11-21-2024,1576.71,1,25,126.99,Net Banking,East,5.0,34.0,4.0,0,
ORD100053,CUST2754,Electronics,02-16-2026,5681.9,1,10,52.17,UPI,North,5.0,46.0,4.0,0,
ORD105710,CUST2475,electronics,04-23-2025,8926.19,1,0,56.31,Debit Card,South,3.0,17.0,3.0,0,
ORD103400,CUST1974,Fashion,05/03/2026,762.23,1,10,23.5,Credit Card,South,3.0,45.0,3.0,1,Changed Mind
ORD103679,CUST3569,Toys,2025-09-03,1250.97,1,10,30.58,UPI,South,6.0,26.0,3.0,0,
ORD103791,CUST3099,beauty,11-14-2024,749.47,1,30,168.7,Net Banking,North,1.0,35.0,5.0,0,
ORD104277,CUST3656,books,18/01/2025,645.39,1,30,38.23,UPI,North,6.0,46.0,5.0,1,Not as Described
ORD104067,CUST2046,ELECTRONICS,06-28-2026,4260.79,1,20,221.7,UPI,Central,3.0,46.0,4.0,1,Not as Described
ORD103342,CUST3630,Books,10-19-2024,391.54,1,0,98.77,UPI,Central,2.0,23.0,4.0,1,Late Delivery
ORD102006,CUST1207,Sports,12/09/2024,,1,25,11.78,Debit Card,East,1.0,52.0,4.0,0,
ORD100301,CUST2953,books,2025-10-13,611.9,2,5,39.74,UPI,East,3.0,26.0,4.0,0,
ORD100365,CUST2320,Toys,10-26-2025,643.4,1,20,42.25,Cash on Delivery,South,5.0,29.0,3.0,0,
ORD104795,CUST4335,Grocery,27/07/2025,294.59,1,25,177.63,UPI,Central,4.0,18.0,4.0,1,Wrong Item Delivered
ORD100102,CUST1937,grocery,23/11/2025,308.64,3,20,,Cash on Delivery,Central,3.0,49.0,4.0,1,Not as Described
ORD105486,CUST4336, Beauty,2025-01-05,757.25,1,0,74.02,Net Banking,North,4.0,40.0,4.0,1,Wrong Item Delivered
ORD102792,CUST4177,Electronics ,2024-09-28,4207.12,4,25,26.08,Debit Card,West,6.0,33.0,4.0,0,
ORD103682,CUST2941,Grocery,07-01-2026,292.41,1,15,109.87,Cash on Delivery,West,6.0,27.0,3.0,1,Wrong Item Delivered
ORD102795,CUST2024,beauty,04/06/2026,837.32,1,0,,Credit Card,Central,2.0,44.0,4.0,1,Wrong Item Delivered
ORD104348,CUST1417,Fashion,13/03/2026,1004.2,1,5,135.65,UPI,East,5.0,46.0,3.0,1,Wrong Item Delivered
ORD102731,CUST2596,Grocery,06-30-2026,195.65,1,0,167.8,UPI,Central,1.0,40.0,5.0,0,
ORD105344,CUST3039,Home & Kitchen,26/11/2024,2723.02,1,0,175.29,UPI,North,6.0,39.0,4.0,0,
ORD104080,CUST1656,Home & Kitchen,2024-10-31,2774.02,1,10,86.01,UPI,Central,1.0,41.0,2.0,0,
ORD103854,CUST3335,Electronics ,02-11-2025,11331.59,1,30,36.59,Debit Card,East,6.0,35.0,1.0,0,
ORD103005,CUST3918,Books,10-02-2025,192.01,1,5,67.94,Debit Card,Central,3.0,41.0,2.0,0,
ORD104236,CUST4283,Electronics,04/07/2025,4390.73,1,5,43.21,Credit Card,West,4.0,,5.0,0,
ORD101487,CUST1399,sports,2025-04-30,736.75,2,15,96.6,Cash on Delivery,North,6.0,35.0,4.0,1,Defective Product
ORD104528,CUST1076, Beauty,2026-06-17,614.46,2,0,137.75,Cash on Delivery,North,3.0,22.0,4.0,0,
ORD105031,CUST3466,Home & Kitchen,20/02/2025,1714.56,2,10,107.99,Debit Card,South,5.0,36.0,4.0,0,
ORD100374,CUST2394,Sports,03-25-2026,937.96,1,0,230.95,Net Banking,Central,7.0,24.0,,0,
ORD101213,CUST3002,Toys,25/01/2026,1211.79,1,5,10.91,Debit Card,East,7.0,31.0,4.0,1,Not as Described
ORD100544,CUST2777,home & kitchen,2026-02-15,1927.84,58,10,68.09,Net Banking,North,1.0,34.0,3.0,0,
ORD101351,CUST2625,,03-02-2025,1656.44,1,20,62.99,UPI,North,3.0,26.0,5.0,0,
ORD100291,CUST1617,Home & Kitchen,16/10/2024,2592.15,1,15,130.38,Credit Card,East,6.0,55.0,4.0,0,
ORD104503,CUST1095,Books,2025-08-13,509.18,1,0,34.18,Debit Card,West,5.0,59.0,3.0,0,
ORD100389,CUST3254,grocery,08-17-2026,437.34,2,25,22.44,Credit Card,North,5.0,30.0,5.0,0,
ORD102869,CUST1854,home & kitchen,2024-10-09,2923.09,1,25,61.32,Cash on Delivery,North,5.0,38.0,5.0,0,
ORD105367,CUST2978,fashion,03-19-2025,1207.15,1,0,136.18,Cash on Delivery,North,3.0,69.0,3.0,0,
ORD103799,CUST2194,Electronics,23/09/2024,5192.77,1,20,99.73,Net Banking,Central,5.0,40.0,5.0,0,
ORD101870,CUST4336,fashion,18/12/2025,1139.76,2,10,64.99,Credit Card,Central,3.0,24.0,4.0,1,Defective Product
ORD104523,CUST1471,electronics,2025-08-22,3774.7,1,0,134.08,Debit Card,South,6.0,35.0,2.0,0,
ORD100247,CUST4218,grocery,01-19-2025,286.92,4,10,22.6,Credit Card,Central,2.0,24.0,3.0,1,Defective Product
ORD105467,CUST1404,beauty,2026-01-16,507.53,1,0,93.76,Credit Card,North,4.0,32.0,5.0,0,
ORD103231,CUST2365,grocery,18/05/2026,501.85,1,0,154.26,Cash on Delivery,North,5.0,16.0,5.0,0,
ORD102164,CUST4283,Fashion ,03-19-2025,2319.14,2,30,217.87,Net Banking,East,5.0,,4.0,0,
ORD103610,CUST1059,Toys,23/07/2025,752.42,2,0,88.38,Net Banking,Central,6.0,41.0,4.0,0,
ORD101296,CUST1778,fashion,01-20-2025,962.55,1,15,58.18,Cash on Delivery,South,4.0,35.0,4.0,0,
ORD105711,CUST2764,sports,2025-11-17,2707.19,1,15,147.13,UPI,East,9.0,45.0,4.0,0,
ORD103064,CUST1725,Home & Kitchen,2025-01-15,2177.58,2,0,130.99,UPI,South,3.0,49.0,4.0,0,
ORD105551,CUST1055,Books,11-07-2024,584.4,2,15,80.52,Credit Card,Central,1.0,35.0,4.0,1,Better Price Found
ORD100410,CUST2395,books,2025-08-03,406.44,1,15,,Net Banking,Central,4.0,25.0,4.0,0,
ORD102005,CUST2021,ELECTRONICS,2026-04-22,7874.83,3,0,27.36,UPI,West,4.0,38.0,5.0,0,
ORD105282,CUST1834,Electronics ,12-01-2024,7096.94,1,0,80.96,Debit Card,South,9.0,35.0,4.0,1,Late Delivery
ORD101894,CUST2695,Books,2026-07-28,125.71,1,25,53.17,UPI,North,4.0,42.0,5.0,0,
ORD101184,CUST2350,Grocery,02/03/2025,295.74,1,25,98.41,Net Banking,Central,2.0,30.0,2.0,1,Wrong Item Delivered
ORD105011,CUST3005,grocery,05-18-2025,247.88,1,0,15.87,Credit Card,Central,3.0,51.0,4.0,0,
ORD103004,CUST2875,,11/01/2025,2538.16,1,5,42.81,UPI,Central,5.0,44.0,4.0,0,
ORD101898,CUST3367,electronics,18/03/2026,6681.23,2,30,87.31,Net Banking,East,8.0,47.0,4.0,0,
ORD100832,CUST2265,toys,01/09/2024,776.08,1,30,34.54,Cash on Delivery,South,5.0,19.0,1.0,0,
ORD102227,CUST2396,sports,12-22-2025,1926.75,2,0,63.34,Debit Card,Central,1.0,,3.0,0,
ORD101803,CUST3967,Fashion,01/07/2025,1678.54,3,20,,Credit Card,Central,3.0,26.0,3.0,0,
ORD100690,CUST1625,Books,02-21-2025,567.37,1,0,14.97,UPI,Central,2.0,17.0,4.0,1,Wrong Item Delivered
ORD105427,CUST3057,Sports,13/01/2026,587.32,3,0,25.21,Cash on Delivery,South,3.0,49.0,4.0,0,
ORD102518,CUST3552,grocery,03-03-2026,329.38,1,0,28.39,Credit Card,Central,5.0,42.0,5.0,0,
ORD102752,CUST4339,Home & kitchen,2024-08-19,1327.94,1,5,60.56,Debit Card,East,7.0,35.0,5.0,0,
ORD104454,CUST1486,Fashion ,2025-05-15,1555.03,1,0,19.58,UPI,Central,9.0,47.0,5.0,0,
ORD101512,CUST3617,Home & Kitchen,08/09/2025,2905.76,1,10,22.73,Cash on Delivery,West,5.0,42.0,5.0,0,
ORD105380,CUST2764,Grocery,2024-08-25,183.21,1,0,116.68,Debit Card,South,4.0,45.0,4.0,1,Wrong Item Delivered
ORD103674,CUST2181,Electronics,2026-06-06,8887.37,2,0,112.75,Credit Card,East,5.0,21.0,5.0,0,
ORD105164,CUST3463,electronics,07-18-2025,9055.29,2,5,30.85,Credit Card,East,7.0,27.0,5.0,0,
ORD104644,CUST4205,toys,01-07-2026,530.23,2,20,33.25,Credit Card,East,6.0,30.0,5.0,0,
ORD101075,CUST3048,beauty,2025-08-26,313.14,1,0,74.78,UPI,Central,1.0,40.0,4.0,0,
ORD105946,CUST1122,,05-03-2025,2300.09,1,10,22.65,Credit Card,North,3.0,32.0,1.0,0,
ORD103490,CUST2882,Home & Kitchen,16/10/2024,4442.81,1,5,97.26,UPI,East,4.0,42.0,5.0,0,
ORD104144,CUST4064,Home & Kitchen,10-30-2025,1217.69,1,15,,Net Banking,North,8.0,38.0,1.0,1,Changed Mind
ORD102357,CUST3106,Fashion,05/03/2026,1573.47,1,30,156.68,Net Banking,Central,3.0,28.0,3.0,0,
ORD102439,CUST2994,Beauty,03-08-2026,635.89,2,30,67.94,Net Banking,South,7.0,48.0,4.0,0,
ORD102111,CUST4374,grocery,19/12/2024,444.58,1,0,33.21,UPI,West,5.0,39.0,4.0,0,
ORD100769,CUST3088,Grocery,10/11/2024,439.4,1,5,,Debit Card,North,4.0,27.0,3.0,0,
ORD103748,CUST1049,books,05-28-2025,497.18,1,0,53.7,Cash on Delivery,East,1.0,34.0,4.0,0,
ORD104634,CUST2395,electronics,31/07/2025,8066.21,2,5,49.83,Credit Card,West,7.0,32.0,2.0,1,Defective Product
ORD102867,CUST2500,Fashion ,2025-02-22,1282.81,2,10,46.6,Cash on Delivery,East,8.0,47.0,3.0,0,
ORD105768,CUST3800,Books,2026-07-16,326.19,2,0,66.23,Debit Card,South,3.0,33.0,2.0,0,
ORD102966,CUST2248,beauty,05/09/2024,889.29,1,10,41.44,UPI,North,5.0,30.0,4.0,0,
ORD102602,CUST3974,fashion,09-24-2025,783.9,4,15,18.62,Credit Card,East,4.0,37.0,4.0,0,
ORD101946,CUST1965,home & kitchen,2025-10-11,2388.56,1,0,36.05,UPI,West,4.0,40.0,3.0,0,
ORD100554,CUST1717,Books,12-28-2024,273.92,1,15,23.61,Debit Card,South,1.0,16.0,2.0,0,
ORD105935,CUST4060,electronics,06-24-2025,11596.66,1,5,209.18,Net Banking,North,5.0,37.0,5.0,1,Late Delivery
ORD100752,CUST1076,Books,09-18-2024,467.06,1,15,31.35,UPI,Central,5.0,38.0,4.0,1,Defective Product
ORD103115,CUST2182,ELECTRONICS,22/07/2026,6028.86,1,0,13.96,Net Banking,North,5.0,25.0,3.0,1,Better Price Found
ORD101361,CUST3878,grocery,2025-11-27,197.65,1,0,85.24,Debit Card,East,2.0,33.0,5.0,1,Size Issue
ORD103814,CUST1667,Grocery,2026-06-23,484.23,1,0,,Credit Card,Central,6.0,43.0,2.0,0,
ORD102682,CUST4479, Beauty,25/11/2024,1038.69,1,0,93.59,UPI,Central,4.0,32.0,4.0,0,
ORD101041,CUST2015,Electronics,02/03/2025,9543.29,2,0,61.14,Debit Card,Central,7.0,16.0,4.0,0,
ORD103284,CUST2237, Beauty,09/10/2024,816.58,1,0,20.07,Credit Card,North,5.0,26.0,4.0,1,Wrong Item Delivered
ORD103857,CUST3931,Fashion ,09/09/2025,828.14,1,10,107.71,Net Banking,West,8.0,41.0,4.0,0,
ORD105785,CUST4371,sports,10-09-2025,1070.51,2,0,57.67,Cash on Delivery,North,5.0,30.0,4.0,1,Defective Product
ORD100363,CUST2904,books,03-08-2026,316.09,1,15,,Credit Card,South,3.0,34.0,1.0,1,Not as Described
ORD104725,CUST1535,grocery,05-26-2026,190.23,4,0,62.43,UPI,East,6.0,,4.0,0,
ORD102764,CUST3645, Beauty,01-23-2026,856.45,1,25,38.48,Credit Card,West,5.0,20.0,3.0,1,Defective Product
ORD101135,CUST1827,sports,04/08/2025,520.12,2,0,51.95,UPI,East,4.0,30.0,5.0,0,
ORD103212,CUST1885,books,07-14-2026,,1,0,82.48,Net Banking,South,8.0,36.0,4.0,0,
ORD104753,CUST1960,books,2025-07-15,311.89,1,15,20.85,Net Banking,South,4.0,32.0,4.0,0,
ORD103411,CUST2943,Home & Kitchen,2026-01-16,3311.14,1,5,36.94,Cash on Delivery,South,1.0,30.0,5.0,1,Better Price Found
ORD102427,CUST2344,Fashion,09/08/2025,1504.03,1,30,33.58,Debit Card,North,3.0,46.0,5.0,1,Late Delivery
ORD101679,CUST3094,Toys,02/04/2025,948.87,1,0,83.73,Cash on Delivery,East,8.0,58.0,5.0,0,
ORD100550,CUST2468, Beauty,2024-09-29,905.72,1,30,18.27,Cash on Delivery,South,7.0,44.0,5.0,0,
ORD103589,CUST3396,Grocery,10-11-2024,261.87,1,5,21.15,Credit Card,South,7.0,42.0,1.0,1,Defective Product
ORD102356,CUST4367, Beauty,16/06/2026,962.07,1,15,67.64,UPI,Central,5.0,20.0,5.0,0,
ORD102797,CUST4146,Electronics,08-28-2024,5771.06,1,5,145.99,UPI,Central,4.0,16.0,5.0,0,
ORD104629,CUST2965,ELECTRONICS,2024-10-28,10068.84,1,0,58.32,UPI,South,1.0,41.0,4.0,0,
ORD101622,CUST1004,Fashion ,2026-01-15,971.4,1,5,67.27,UPI,East,6.0,30.0,4.0,0,
ORD102520,CUST3808,grocery,12-19-2024,6821.036463808607,2,10,53.49,Net Banking,South,4.0,30.0,5.0,0,
ORD104585,CUST3904,books,12-29-2025,72.88,2,25,200.73,UPI,South,7.0,27.0,5.0,1,Better Price Found
ORD104931,CUST4143,Toys,06-15-2025,663.41,2,0,,Debit Card,South,5.0,37.0,2.0,1,Changed Mind
ORD103938,CUST1228,Fashion,12-11-2024,913.98,1,10,23.3,Credit Card,North,8.0,31.0,2.0,1,Not as Described
ORD104794,CUST4103, Beauty,16/03/2026,992.55,2,25,85.42,Cash on Delivery,East,5.0,23.0,3.0,0,
ORD103014,CUST2585,Home & kitchen,19/11/2025,3706.65,2,5,,Credit Card,Central,4.0,27.0,4.0,0,
ORD104884,CUST1279,home & kitchen,08/08/2025,1801.35,1,30,133.59,Cash on Delivery,West,5.0,58.0,3.0,1,Better Price Found
ORD103120,CUST3042,Home & Kitchen,2025-08-17,2867.3,1,0,32.12,Cash on Delivery,Central,6.0,22.0,3.0,0,
ORD100842,CUST3531,Sports,2026-05-21,2703.62,1,5,82.48,UPI,South,7.0,33.0,4.0,0,
ORD102495,CUST4346,sports,02/11/2025,1685.5,1,5,15.23,Cash on Delivery,South,6.0,19.0,5.0,1,Better Price Found
ORD102068,CUST4034,books,07-29-2025,286.04,1,0,39.87,Cash on Delivery,West,6.0,52.0,5.0,0,
ORD104924,CUST2647,Beauty,23/12/2024,716.13,1,0,208.09,Credit Card,South,1.0,18.0,4.0,0,
ORD100879,CUST1563,Home & Kitchen,2026-03-20,3672.86,1,30,91.93,Credit Card,Central,5.0,33.0,4.0,0,
ORD104217,CUST2770,Toys,2025-08-12,322.15,1,10,10.26,Credit Card,South,7.0,34.0,4.0,0,
ORD103853,CUST3510,Beauty,12/03/2026,582.49,2,0,222.96,UPI,South,2.0,32.0,4.0,0,
ORD105532,CUST2827,books,04/06/2025,498.45,1,30,89.99,Debit Card,South,7.0,43.0,5.0,1,Not as Described
ORD104099,CUST1710,Home & kitchen,11-24-2024,2783.2,2,5,15.42,Net Banking,South,5.0,22.0,4.0,0,
ORD100863,CUST3271,sports,2026-05-19,1375.89,1,0,79.3,Cash on Delivery,East,3.0,26.0,5.0,0,
ORD100758,CUST2330,books,09-03-2024,406.91,1,10,111.37,Credit Card,Central,3.0,46.0,4.0,0,
ORD103121,CUST1023,Electronics ,20/09/2025,6631.12,1,0,111.07,UPI,West,1.0,30.0,5.0,0,
ORD104457,CUST1164,Fashion,10/10/2025,1134.19,1,20,55.24,UPI,North,5.0,29.0,4.0,1,Not as Described
ORD102402,CUST1045,grocery,2025-05-18,337.38,1,25,121.8,UPI,Central,6.0,26.0,5.0,1,Size Issue
ORD104670,CUST2276,Toys,10-02-2024,1095.93,1,25,33.63,UPI,West,4.0,33.0,3.0,0,
ORD102059,CUST4342,Home & kitchen,16/08/2026,3126.86,1,15,100.7,Debit Card,East,3.0,27.0,3.0,0,
ORD104575,CUST3753,books,12-22-2025,147.89,1,0,227.85,Net Banking,East,3.0,45.0,3.0,0,
ORD104207,CUST4046,grocery,03-25-2026,245.43,1,20,241.53,Debit Card,South,6.0,32.0,5.0,0,
ORD103616,CUST2711,electronics,06/06/2026,11430.68,1,0,51.45,Credit Card,East,1.0,37.0,2.0,1,Not as Described
ORD102577,CUST2931,,2026-04-12,489.4,1,15,44.6,Debit Card,West,3.0,39.0,5.0,1,Late Delivery
ORD101911,CUST2778, Beauty,12-17-2024,1064.79,2,25,22.49,Net Banking,North,5.0,29.0,5.0,0,
ORD102645,CUST3217,grocery,2026-02-28,474.56,1,0,144.07,Net Banking,East,2.0,42.0,4.0,0,
ORD104096,CUST4246,Grocery,2026-01-02,115.08,1,0,33.53,Debit Card,North,1.0,22.0,3.0,0,
ORD105027,CUST3856,Toys,26/12/2025,953.1,1,0,72.44,UPI,South,4.0,21.0,1.0,1,Size Issue
ORD101073,CUST4092,Electronics,06/07/2026,13054.25,3,5,29.32,Cash on Delivery,North,5.0,26.0,4.0,0,
ORD101753,CUST2525,toys,16/06/2025,430.1,1,15,106.18,Net Banking,West,3.0,26.0,2.0,1,Changed Mind
ORD101159,CUST2626,sports,2026-08-17,1165.1,2,0,166.43,Credit Card,East,5.0,,5.0,0,
ORD100058,CUST1655,fashion,12-08-2024,977.29,1,0,33.53,Cash on Delivery,Central,3.0,20.0,4.0,0,
ORD101326,CUST3238,ELECTRONICS,2024-11-29,11787.73,1,5,158.84,Net Banking,West,3.0,44.0,5.0,1,Wrong Item Delivered
ORD105221,CUST4257,electronics,06/01/2026,5989.93,1,15,75.57,Cash on Delivery,South,7.0,40.0,1.0,0,
ORD102294,CUST4217,Fashion ,2025-03-02,1972.28,1,15,152.75,Debit Card,South,4.0,26.0,4.0,0,
ORD104240,CUST2751,fashion,2025-02-16,995.62,1,0,83.3,Debit Card,South,7.0,23.0,2.0,0,
ORD105504,CUST1606,home & kitchen,16/09/2024,1744.43,2,15,129.25,Net Banking,West,3.0,29.0,5.0,0,
ORD101238,CUST1521,grocery,02/06/2025,271.62,1,15,24.01,Cash on Delivery,East,4.0,46.0,4.0,1,Better Price Found
ORD104879,CUST1796,Home & Kitchen,15/02/2026,2145.09,1,0,22.02,Cash on Delivery,West,3.0,47.0,3.0,0,
ORD104302,CUST2728,Home & kitchen,2025-09-09,3719.48,1,0,65.43,Debit Card,South,3.0,25.0,3.0,1,Better Price Found
ORD102398,CUST3597,Books,03-22-2025,448.59,1,0,97.98,Credit Card,Central,4.0,51.0,5.0,0,
ORD103503,CUST3046,books,12-02-2025,470.65,1,0,38.63,UPI,Central,6.0,39.0,4.0,0,
ORD102693,CUST3283,sports,05-09-2025,1888.17,1,5,51.03,Net Banking,North,4.0,37.0,4.0,0,
ORD104643,CUST4472,Toys,2025-04-05,1263.59,1,5,118.78,Debit Card,Central,7.0,22.0,5.0,0,
ORD103133,CUST3732,beauty,2026-05-05,922.18,1,20,111.97,Debit Card,West,3.0,39.0,3.0,0,
ORD103802,CUST4132,Toys,21/11/2025,921.52,1,5,35.81,Net Banking,East,4.0,29.0,4.0,0,
ORD102529,CUST4210,Home & Kitchen,2025-10-31,2270.05,1,5,24.07,Net Banking,North,4.0,22.0,5.0,0,
ORD105382,CUST1629,fashion,09-09-2025,542.86,1,15,141.91,Cash on Delivery,South,3.0,31.0,5.0,0,
ORD101477,CUST4163,books,31/05/2025,798.42,1,0,141.12,Debit Card,East,4.0,54.0,,1,Not as Described
ORD101513,CUST2591,Sports,05/04/2025,1935.71,1,0,58.46,Debit Card,Central,2.0,41.0,3.0,1,Defective Product
ORD102196,CUST3314,Toys,2025-10-14,967.68,1,15,72.78,UPI,North,7.0,,5.0,0,
ORD105435,CUST1208,grocery,01-11-2025,380.72,1,0,139.07,Net Banking,East,7.0,48.0,5.0,0,
ORD103285,CUST2641,toys,09-12-2025,917.7,3,15,94.33,UPI,East,5.0,52.0,2.0,0,
ORD100355,CUST4368,Grocery,02/05/2026,478.78,1,10,62.88,Net Banking,South,,45.0,4.0,1,Better Price Found
ORD103068,CUST2751,Grocery,2026-05-29,285.8,1,0,135.69,Credit Card,West,9.0,43.0,3.0,0,
ORD104060,CUST2036,toys,12-22-2025,723.13,2,0,74.2,Net Banking,Central,1.0,39.0,5.0,0,
ORD101068,CUST3552,books,04-14-2026,209.31,1,30,69.86,Debit Card,Central,8.0,16.0,2.0,0,
ORD103413,CUST1048,Fashion,05-17-2026,1429.34,1,15,72.39,Cash on Delivery,North,7.0,26.0,5.0,0,
ORD102195,CUST4045,Fashion,06/09/2025,1368.09,1,0,,,South,1.0,35.0,5.0,1,Late Delivery
ORD104986,CUST2241,books,11-04-2025,663.37,1,0,100.35,UPI,Central,6.0,28.0,3.0,0,
ORD100076,CUST1661,toys,05-19-2025,1138.45,2,15,29.48,Debit Card,South,3.0,20.0,3.0,0,
ORD100516,CUST3856,toys,2026-05-16,836.89,3,0,79.37,Credit Card,North,8.0,,4.0,0,
ORD105124,CUST3702,Fashion ,02-20-2026,1249.47,1,10,108.27,Cash on Delivery,North,1.0,51.0,5.0,0,
ORD103289,CUST2395,sports,2025-05-26,1586.79,1,5,132.02,UPI,East,3.0,35.0,5.0,0,
ORD101799,CUST4470,ELECTRONICS,10-25-2024,9221.72,1,15,48.36,Debit Card,East,4.0,35.0,1.0,1,Defective Product
ORD104908,CUST1819,grocery,06-14-2026,453.54,2,0,130.93,Credit Card,Central,5.0,26.0,5.0,1,Changed Mind
ORD103782,CUST3641,Toys,06-12-2026,838.52,2,0,90.15,Net Banking,East,5.0,31.0,1.0,0,
ORD101126,CUST4257,grocery,2025-04-30,197.42,1,5,57.12,Net Banking,West,6.0,54.0,3.0,0,
ORD105069,CUST2200,Electronics,2024-12-18,11926.14,2,0,25.41,,North,1.0,25.0,4.0,1,Better Price Found
ORD102500,CUST1660,Grocery,20/01/2025,496.73,1,5,30.35,Debit Card,South,2.0,39.0,4.0,1,Defective Product
ORD104138,CUST2049,Grocery,02-08-2026,218.05,4,0,31.07,Credit Card,South,4.0,29.0,4.0,1,Wrong Item Delivered
ORD105254,CUST1359,Toys,09/12/2025,1219.71,1,10,12.66,Net Banking,East,1.0,28.0,3.0,0,
ORD105937,CUST3487,Home & Kitchen,17/11/2025,1533.69,2,5,17.06,Credit Card,West,,31.0,4.0,0,
ORD105960,CUST3933,books,03/10/2025,577.6,1,0,139.32,Debit Card,Central,2.0,43.0,4.0,0,
ORD100192,CUST1171,electronics,06-29-2025,8516.74,1,10,134.76,Cash on Delivery,East,6.0,33.0,2.0,0,
ORD103795,CUST3839,Sports,2025-04-09,2153.47,1,15,65.31,Net Banking,East,6.0,19.0,4.0,1,Better Price Found
ORD104424,CUST2434,ELECTRONICS,10-28-2025,5460.0,2,0,170.76,Credit Card,Central,4.0,28.0,5.0,0,
ORD105462,CUST1534,books,05-29-2026,105.02,2,0,22.87,Credit Card,South,6.0,58.0,4.0,0,
ORD103464,CUST3514,Beauty,06-30-2025,917.34,1,25,165.18,Credit Card,South,10.0,39.0,5.0,0,
ORD101038,CUST3109,Beauty,2026-02-26,678.35,1,10,258.39,Cash on Delivery,West,8.0,38.0,5.0,0,
ORD102178,CUST3657,home & kitchen,2026-03-26,2404.84,1,0,8.16,Debit Card,Central,,32.0,5.0,0,
ORD101959,CUST4416,books,2025-11-20,498.45,1,15,99.17,Net Banking,East,5.0,43.0,3.0,0,
ORD102995,CUST4490,books,2025-03-05,204.77,1,0,86.66,Net Banking,South,3.0,,5.0,0,
ORD104167,CUST3692,Books,29/09/2025,299.32,1,10,26.29,UPI,South,2.0,29.0,3.0,0,
ORD105576,CUST3928,Toys,2025-05-27,873.27,1,0,70.55,UPI,North,5.0,48.0,4.0,0,
ORD102681,CUST3046,Grocery,26/12/2024,310.14,1,5,43.78,Debit Card,North,1.0,47.0,3.0,0,
ORD105053,CUST1006,,04-07-2026,2475.26,1,0,98.02,Cash on Delivery,North,1.0,27.0,5.0,1,Better Price Found
ORD102505,CUST3344,toys,28/08/2025,506.81,2,20,181.0,Cash on Delivery,Central,5.0,34.0,5.0,0,
ORD101303,CUST2909,Fashion ,03-13-2025,400.38,2,25,44.87,Net Banking,South,2.0,30.0,1.0,0,
ORD100626,CUST3212,fashion,01-10-2026,664.82,2,5,187.95,Cash on Delivery,North,6.0,27.0,4.0,0,
ORD103805,CUST4386,Sports,18/05/2026,2210.36,4,15,92.39,UPI,Central,4.0,42.0,5.0,0,
ORD101173,CUST2380,Grocery,08-29-2024,367.71,34,30,,Net Banking,Central,3.0,32.0,4.0,0,
ORD101432,CUST3666,books,04-07-2026,255.45,1,10,35.23,Credit Card,North,4.0,29.0,4.0,0,
ORD101099,CUST3538,ELECTRONICS,11-21-2025,13670.26,2,25,13.61,Credit Card,East,7.0,28.0,5.0,0,
ORD105548,CUST4309,Home & kitchen,02-01-2026,2453.54,1,0,145.95,Credit Card,Central,5.0,39.0,4.0,0,
ORD101908,CUST3513,Home & Kitchen,04-23-2025,3275.99,1,10,39.14,Net Banking,East,5.0,40.0,4.0,0,
ORD105233,CUST3428,ELECTRONICS,10-27-2024,10129.83,3,20,242.82,Debit Card,South,5.0,23.0,4.0,1,Wrong Item Delivered
ORD105408,CUST2592,Fashion ,27/04/2026,1683.88,1,5,133.21,Net Banking,West,4.0,56.0,5.0,0,
ORD105297,CUST2366,Sports,2025-05-11,2919.79,4,15,65.45,UPI,Central,4.0,39.0,4.0,1,Defective Product
ORD105273,CUST1884,Books,11-02-2025,465.26,2,15,62.01,UPI,West,4.0,45.0,5.0,0,
ORD103988,CUST2647,Sports,12/01/2025,2037.21,3,20,112.71,Cash on Delivery,East,6.0,34.0,5.0,0,
ORD101405,CUST4118,Beauty,2025-07-10,888.27,3,0,66.74,Debit Card,Central,1.0,28.0,3.0,1,Better Price Found
ORD101910,CUST3677,Fashion ,09-10-2024,1012.17,1,5,39.46,UPI,East,1.0,30.0,1.0,0,
ORD102198,CUST3126, Beauty,2026-05-19,310.7,4,0,21.93,Net Banking,East,6.0,16.0,3.0,0,
ORD105446,CUST1002,Fashion,12-29-2024,1592.94,1,10,36.96,Credit Card,East,4.0,51.0,4.0,0,
ORD100835,CUST1927,sports,08-09-2025,2210.58,1,15,62.34,Cash on Delivery,South,5.0,33.0,5.0,0,
ORD103305,CUST3641,sports,04-15-2025,2917.21,2,0,142.47,Cash on Delivery,North,5.0,27.0,5.0,1,Better Price Found
ORD102813,CUST2329,toys,24/11/2025,700.96,2,15,,Credit Card,East,5.0,31.0,5.0,0,
ORD100309,CUST1118,beauty,07-03-2025,1117.73,1,15,52.31,Cash on Delivery,West,5.0,38.0,5.0,0,
ORD101412,CUST2328,Books,2025-10-30,404.94,1,5,54.7,Credit Card,West,2.0,23.0,4.0,0,
ORD100775,CUST3467, Beauty,10/01/2025,,1,5,8.92,Credit Card,East,2.0,,5.0,0,
ORD100484,CUST1211,books,2025-07-08,199.36,1,0,158.49,UPI,South,2.0,21.0,1.0,1,Wrong Item Delivered
ORD105657,CUST3905,ELECTRONICS,08-20-2025,10126.5,1,0,53.84,UPI,South,1.0,63.0,5.0,0,
ORD100367,CUST2142,home & kitchen,2026-07-03,1885.11,1,30,21.8,Debit Card,East,6.0,17.0,5.0,0,
ORD100570,CUST1971,Sports,07/08/2025,2033.23,1,0,101.62,Debit Card,Central,,43.0,3.0,0,
ORD105025,CUST4330,Grocery,09-13-2024,444.24,1,10,114.03,Cash on Delivery,Central,4.0,27.0,,0,
ORD100649,CUST1604,toys,16/04/2025,1212.4,3,15,76.35,Debit Card,North,3.0,16.0,1.0,0,
ORD100040,CUST1899,beauty,01-04-2026,779.42,3,10,60.17,Net Banking,South,2.0,20.0,5.0,0,
ORD103515,CUST1078, Beauty,2025-08-11,,46,5,92.85,Cash on Delivery,North,4.0,46.0,5.0,0,
ORD100441,CUST1810,toys,12-15-2025,363.83,1,20,41.95,Cash on Delivery,West,8.0,38.0,5.0,0,
ORD101593,CUST4469,books,16/05/2026,445.23,1,20,35.65,Debit Card,South,6.0,32.0,5.0,0,
ORD102263,CUST3693,Toys,02/11/2024,742.29,1,5,116.08,Net Banking,Central,6.0,42.0,4.0,0,
ORD100896,CUST1990,Fashion ,2025-08-30,1399.82,1,5,108.78,Credit Card,Central,6.0,27.0,4.0,0,
ORD101071,CUST4255, Beauty,06-02-2025,534.95,1,20,205.82,Debit Card,West,5.0,38.0,5.0,0,
ORD101541,CUST1126,home & kitchen,2024-10-18,2477.48,1,15,27.38,Net Banking,North,,29.0,1.0,1,Defective Product
ORD101404,CUST2262,toys,24/10/2024,875.0,3,0,153.15,Debit Card,North,4.0,39.0,3.0,1,Changed Mind
ORD100351,CUST2422,toys,14/03/2026,780.49,1,25,85.33,Credit Card,Central,1.0,32.0,4.0,0,
ORD103562,CUST3535,Grocery,03/08/2026,277.99,1,20,50.7,Cash on Delivery,Central,1.0,17.0,4.0,0,
ORD105421,CUST4140,Fashion,17/02/2025,1613.91,1,0,244.15,Debit Card,Central,2.0,36.0,4.0,0,
ORD105175,CUST2364,Sports,2026-08-06,2348.26,1,25,28.1,UPI,East,5.0,20.0,4.0,0,
ORD105510,CUST1005,beauty,13/09/2025,947.48,3,0,63.14,Net Banking,South,2.0,42.0,1.0,1,Late Delivery
ORD101269,CUST3564,books,2026-06-16,367.39,1,0,41.01,Credit Card,East,9.0,37.0,4.0,1,Size Issue
ORD103445,CUST3318,Fashion,06-07-2026,1086.61,2,15,8.47,Net Banking,Central,2.0,24.0,5.0,0,
ORD104215,CUST3679,home & kitchen,12-05-2025,2901.63,1,15,51.24,Cash on Delivery,East,5.0,45.0,5.0,0,
ORD102031,CUST3632,home & kitchen,07-26-2026,24381.963528522232,1,10,97.65,UPI,East,3.0,26.0,5.0,0,
ORD100945,CUST3825,fashion,2025-06-26,1141.08,1,15,43.06,UPI,North,3.0,24.0,4.0,0,
ORD101689,CUST3507,Beauty,2024-11-11,1074.77,1,10,124.28,Net Banking,North,5.0,34.0,5.0,0,
ORD105181,CUST2996,Books,2024-12-27,224.07,2,5,87.13,Cash on Delivery,South,5.0,20.0,5.0,0,
ORD100072,CUST1435,Electronics,2024-12-27,2761.78,2,10,50.11,Debit Card,Central,6.0,16.0,5.0,0,
ORD104909,CUST2727,sports,2024-10-24,3106.99,1,0,157.96,Cash on Delivery,Central,5.0,16.0,4.0,0,
ORD105121,CUST2974,grocery,07-18-2026,351.6,1,0,121.8,UPI,East,7.0,38.0,4.0,0,
ORD104379,CUST1251,beauty,2024-12-17,50.0,1,10,76.5,Credit Card,South,,49.0,4.0,0,
ORD100994,CUST3944,Home & Kitchen,08-19-2026,2263.43,1,30,17.57,UPI,West,4.0,57.0,1.0,0,
ORD100762,CUST1433,Home & kitchen,07-04-2025,3152.19,1,15,71.61,Credit Card,South,4.0,24.0,5.0,1,Size Issue
ORD105918,CUST3832,sports,2024-10-18,2005.32,2,0,54.21,Credit Card,West,1.0,23.0,5.0,0,
ORD102137,CUST3710,home & kitchen,03-27-2025,1687.34,1,0,59.78,UPI,North,3.0,21.0,1.0,0,
ORD102835,CUST3289,ELECTRONICS,2026-01-17,6601.27,4,0,48.48,Credit Card,Central,7.0,,5.0,0,
ORD100173,CUST1438,toys,02-28-2025,1171.88,1,10,33.42,Net Banking,East,3.0,33.0,4.0,0,
ORD102065,CUST4443,fashion,2026-04-29,1470.73,1,0,70.58,Debit Card,West,7.0,29.0,2.0,0,
ORD102856,CUST2678,fashion,03-13-2025,1509.68,1,25,40.7,Net Banking,West,2.0,28.0,4.0,0,
ORD101734,CUST2508,Beauty,2025-02-12,1194.7,2,15,250.51,Credit Card,South,3.0,30.0,3.0,0,
ORD105517,CUST1234,Toys,2025-04-13,925.9,1,0,47.21,UPI,South,8.0,41.0,3.0,0,
ORD103736,CUST1909,Fashion ,2025-10-19,925.12,1,25,117.65,Debit Card,West,9.0,16.0,3.0,0,
ORD104915,CUST3965,,17/12/2025,1910.56,1,15,163.28,Net Banking,East,3.0,43.0,4.0,0,
ORD102852,CUST4354,Electronics,26/07/2026,12497.77,1,0,55.69,Cash on Delivery,North,6.0,45.0,5.0,1,Late Delivery
ORD102511,CUST4364,Home & Kitchen,02/02/2026,1925.85,2,0,20.92,Credit Card,East,6.0,24.0,4.0,0,
ORD102958,CUST3147,Sports,17/08/2026,2416.12,1,5,59.53,UPI,South,8.0,26.0,3.0,0,
ORD103187,CUST4265, Beauty,06-19-2026,,1,15,26.97,Credit Card,West,5.0,33.0,4.0,0,
ORD103175,CUST1046,Home & Kitchen,28/11/2025,2439.88,1,0,265.3,Credit Card,North,79.0,29.0,4.0,1,Wrong Item Delivered
ORD101780,CUST2623,toys,27/07/2026,812.18,1,0,197.13,Debit Card,North,9.0,22.0,1.0,0,
ORD102351,CUST3795,Sports,20/07/2026,1291.47,1,10,133.28,UPI,Central,6.0,43.0,4.0,0,
ORD101775,CUST4384,grocery,2026-01-02,236.76,1,15,101.39,Debit Card,North,9.0,26.0,5.0,0,
ORD101534,CUST2984,Beauty,2026-07-15,975.98,2,15,188.33,Debit Card,South,3.0,41.0,4.0,0,
ORD100838,CUST3079,Toys,18/03/2026,1194.86,1,10,115.37,,West,4.0,36.0,4.0,0,
ORD103105,CUST3095,toys,2026-02-01,584.91,2,5,87.31,Net Banking,North,3.0,36.0,4.0,0,
ORD103765,CUST3616,ELECTRONICS,2024-08-23,6641.99,3,0,,Net Banking,West,3.0,31.0,4.0,1,Better Price Found
ORD103334,CUST2575,sports,2025-01-03,1221.2,1,15,172.77,Net Banking,North,,26.0,4.0,0,
ORD104658,CUST3767,home & kitchen,2025-12-07,3327.62,1,10,90.09,Cash on Delivery,Central,6.0,33.0,4.0,0,
ORD100864,CUST3913,grocery,2026-07-02,243.43,2,0,64.56,,South,2.0,37.0,5.0,0,
ORD105648,CUST1054, Beauty,2025-12-03,599.18,1,15,146.78,Debit Card,South,3.0,21.0,5.0,0,
ORD105326,CUST2797,books,2025-07-19,643.28,4,0,42.05,UPI,West,6.0,43.0,5.0,0,
ORD100116,CUST1403,Fashion ,08/08/2026,1455.32,1,25,76.77,Debit Card,West,7.0,22.0,1.0,0,
ORD104740,CUST3717, Beauty,2025-07-29,711.05,1,0,166.27,Cash on Delivery,West,3.0,34.0,5.0,1,Not as Described
ORD103676,CUST2130,Toys,06/11/2024,540.41,1,5,76.95,Credit Card,East,5.0,42.0,4.0,0,
ORD101903,CUST1428,Home & kitchen,04-08-2025,2169.08,2,25,93.01,Credit Card,Central,6.0,21.0,5.0,0,
ORD100298,CUST3392,home & kitchen,11/06/2026,1599.3,1,5,18.37,Net Banking,South,3.0,16.0,5.0,0,
ORD100371,CUST3024,Fashion ,2025-04-21,1546.39,1,25,118.31,Cash on Delivery,Central,6.0,21.0,4.0,1,Late Delivery
ORD101899,CUST3814,Toys,12-07-2025,,1,5,66.27,Cash on Delivery,Central,5.0,,3.0,0,
ORD101293,CUST2963,electronics,10-01-2025,6317.17,1,5,,Debit Card,North,5.0,30.0,1.0,0,
ORD100266,CUST1604,grocery,07/06/2025,242.87,1,10,58.61,UPI,South,4.0,23.0,4.0,0,
ORD100160,CUST3544,Fashion,2024-08-25,1550.08,1,5,195.71,Net Banking,West,5.0,35.0,5.0,0,
ORD101784,CUST4500,Sports,07-15-2026,,1,5,162.0,Net Banking,East,3.0,30.0,5.0,0,
ORD104985,CUST1722,Fashion ,02-14-2025,957.56,3,0,126.07,Cash on Delivery,North,5.0,34.0,4.0,1,Defective Product
ORD105557,CUST4242, Beauty,26/07/2026,,3,0,100.93,Cash on Delivery,Central,4.0,,4.0,0,
ORD101029,CUST2663,beauty,01/04/2026,761.4,1,5,45.06,Credit Card,North,6.0,29.0,5.0,1,Not as Described
ORD100519,CUST2303,Books,2025-06-15,360.55,1,30,71.88,Credit Card,East,5.0,39.0,4.0,0,
ORD105669,CUST1223,books,2025-05-24,381.85,1,15,19.59,Credit Card,East,2.0,23.0,4.0,0,
ORD102446,CUST1076,beauty,01/02/2026,456.51,4,0,119.53,Net Banking,West,6.0,30.0,4.0,1,Late Delivery
ORD103114,CUST4148,Grocery,02/04/2025,117.58,1,30,49.35,UPI,South,4.0,41.0,3.0,0,
ORD104714,CUST1085,beauty,15/06/2026,498.6,1,5,30.79,UPI,North,7.0,16.0,4.0,0,
ORD101914,CUST3269,grocery,2025-06-14,458.69,1,25,13.99,Debit Card,South,1.0,19.0,2.0,0,
ORD104185,CUST1016,Home & kitchen,08-18-2026,2435.19,2,0,38.33,Debit Card,Central,2.0,31.0,5.0,0,
ORD105859,CUST3366,Sports,27/03/2026,1199.45,1,0,60.77,UPI,West,6.0,44.0,2.0,0,
ORD104285,CUST2823,Sports,02-10-2026,1195.08,1,10,90.02,Debit Card,Central,3.0,16.0,5.0,0,
ORD101609,CUST1647,Toys,2026-06-29,1215.3,1,0,62.65,Credit Card,Central,4.0,,4.0,1,Changed Mind
ORD104286,CUST2931,Beauty,07-24-2026,782.42,2,0,57.02,Cash on Delivery,North,6.0,45.0,4.0,0,
ORD102923,CUST2329,Toys,14/10/2024,1164.35,1,30,151.89,Debit Card,West,3.0,42.0,3.0,1,Wrong Item Delivered
ORD105593,CUST3913,home & kitchen,2026-04-03,2970.94,1,5,169.08,Net Banking,West,4.0,47.0,5.0,0,
ORD100395,CUST3826,Toys,2026-07-15,823.85,1,0,115.61,Cash on Delivery,Central,3.0,41.0,3.0,0,
ORD100094,CUST2634,Grocery,01-22-2026,235.79,1,5,17.22,Credit Card,East,3.0,62.0,5.0,0,
ORD104831,CUST1235,Electronics ,10-09-2024,13406.72,1,0,109.59,Cash on Delivery,South,6.0,55.0,3.0,1,Wrong Item Delivered
ORD104764,CUST2505,Home & kitchen,01/07/2025,3292.42,1,0,42.26,Credit Card,South,2.0,,4.0,0,
ORD101785,CUST4064,Beauty,2025-07-15,799.6,1,5,52.89,Net Banking,North,4.0,23.0,4.0,0,
ORD101983,CUST1201,Home & kitchen,05/01/2026,1310.68,1,5,74.83,Credit Card,West,5.0,18.0,4.0,0,
ORD101936,CUST3311,sports,2026-04-22,1218.24,1,20,61.48,Cash on Delivery,West,3.0,40.0,5.0,0,
ORD103364,CUST3583,Fashion ,14/02/2025,1032.08,1,10,87.92,UPI,East,4.0,24.0,5.0,0,
ORD100901,CUST3144,electronics,12-20-2025,6806.28,1,30,185.55,Debit Card,Central,6.0,42.0,4.0,0,
ORD105970,CUST3463,beauty,2025-07-15,1101.11,2,5,38.83,Credit Card,West,6.0,,4.0,1,Late Delivery
ORD104077,CUST2691,grocery,07-29-2025,277.59,1,10,19.68,Net Banking,South,7.0,26.0,3.0,1,Wrong Item Delivered
ORD101033,CUST2393,Home & kitchen,2025-07-24,3523.98,1,10,42.23,Cash on Delivery,Central,5.0,26.0,4.0,1,Late Delivery
ORD104431,CUST4188,Electronics,06/01/2025,5111.43,1,30,102.69,Cash on Delivery,East,1.0,41.0,5.0,1,Late Delivery
ORD104980,CUST4257,Electronics,09-24-2025,10120.94,3,25,84.0,Cash on Delivery,West,5.0,40.0,4.0,0,
ORD105770,CUST1342,Grocery,2025-11-26,214.22,1,15,48.4,Net Banking,South,7.0,29.0,5.0,0,
ORD104392,CUST1601,Books,11-08-2025,346.64,1,5,,Cash on Delivery,Central,1.0,17.0,5.0,0,
ORD100604,CUST4295,home & kitchen,07-27-2026,1580.7,4,0,101.86,Net Banking,South,6.0,25.0,3.0,0,
ORD104425,CUST3731,Fashion,25/03/2025,,3,10,140.87,UPI,North,9.0,47.0,5.0,0,
ORD100881,CUST4404,beauty,07-30-2025,777.93,1,0,63.82,Cash on Delivery,South,5.0,39.0,4.0,0,
ORD105210,CUST2940,ELECTRONICS,05/05/2025,967.41,1,0,60.39,Debit Card,West,53.0,16.0,2.0,0,
ORD102804,CUST3791,Toys,07-30-2025,657.02,1,15,84.65,Net Banking,West,9.0,36.0,2.0,0,
ORD101431,CUST2763,Home & Kitchen,07-06-2025,1569.93,2,5,21.3,,North,5.0,16.0,4.0,0,
ORD105916,CUST1120,Sports,06-06-2026,1509.91,1,10,50.68,Debit Card,Central,2.0,23.0,4.0,0,
ORD105170,CUST4472,sports,2024-11-17,1862.08,1,15,,Credit Card,East,3.0,32.0,4.0,0,
ORD103650,CUST1167, Beauty,2025-07-25,531.05,2,0,51.21,Net Banking,North,5.0,37.0,5.0,0,
ORD100137,CUST2993,toys,12-15-2025,1154.3,1,20,20.81,UPI,Central,1.0,31.0,2.0,0,
ORD104309,CUST2179,Sports,2024-09-03,1365.29,1,10,88.81,Cash on Delivery,South,4.0,23.0,3.0,0,
ORD104276,CUST1109,beauty,07-29-2026,329.49,1,10,168.64,UPI,West,3.0,35.0,4.0,0,
ORD100112,CUST2765,beauty,2024-10-28,,2,25,141.87,UPI,West,7.0,46.0,4.0,0,
ORD102365,CUST1863,Grocery,2025-11-20,368.07,1,0,114.01,Debit Card,West,7.0,36.0,2.0,0,
ORD101321,CUST4365,Books,23/02/2025,599.95,1,5,61.16,Debit Card,North,5.0,30.0,1.0,0,
ORD105332,CUST3603,Grocery,2025-02-02,182.89,1,15,145.18,Credit Card,West,3.0,31.0,4.0,1,Better Price Found
ORD102576,CUST1373,toys,22/08/2024,616.7,1,15,103.41,Cash on Delivery,North,3.0,44.0,4.0,0,
ORD100947,CUST2444,Sports,2024-09-18,1773.24,1,0,3.99,Net Banking,West,3.0,,1.0,0,
ORD105259,CUST3695,fashion,22/12/2024,1353.43,2,5,30.55,Credit Card,South,3.0,39.0,5.0,0,
ORD101587,CUST4149,grocery,22/03/2026,307.57,3,5,30.48,Debit Card,Central,4.0,23.0,3.0,0,
ORD105400,CUST3724,Fashion ,07-13-2026,1155.21,1,25,68.75,UPI,East,6.0,52.0,2.0,0,
ORD101177,CUST4387,Fashion,2026-06-05,1185.64,1,25,43.79,UPI,West,6.0,53.0,5.0,1,Size Issue
ORD102641,CUST4190,grocery,05-06-2025,182.77,1,20,49.99,Cash on Delivery,West,4.0,40.0,2.0,1,Wrong Item Delivered
ORD105213,CUST3430,Electronics,2025-12-07,9251.5,2,5,68.29,,West,1.0,32.0,1.0,0,
ORD102592,CUST1948,grocery,2025-08-31,,1,25,83.18,Cash on Delivery,East,3.0,27.0,3.0,1,Size Issue
ORD105762,CUST1128,Beauty,04-10-2025,965.54,1,10,,Debit Card,North,7.0,37.0,4.0,0,
ORD100630,CUST2671,Electronics,2025-08-11,6077.2,2,0,,Debit Card,North,3.0,33.0,4.0,0,
ORD104332,CUST1649,books,06/05/2025,50.0,1,25,,Cash on Delivery,Central,4.0,49.0,5.0,0,
ORD104783,CUST1034,toys,16/06/2026,1311.15,4,10,87.15,Credit Card,South,4.0,32.0,5.0,1,Not as Described
ORD103260,CUST4106,toys,01-10-2025,950.17,3,25,54.76,Cash on Delivery,North,5.0,24.0,5.0,0,
ORD105627,CUST4421,ELECTRONICS,2025-07-21,7357.95,4,20,17.78,Net Banking,East,5.0,31.0,2.0,0,
ORD100333,CUST1517,Toys,12-08-2024,1249.13,1,15,102.48,Net Banking,West,2.0,46.0,3.0,0,
ORD103432,CUST2684,books,10-07-2024,430.09,2,10,235.58,,North,6.0,33.0,5.0,0,
ORD103591,CUST3496,sports,2024-12-02,2748.62,1,0,64.45,Cash on Delivery,West,4.0,38.0,4.0,0,
ORD103477,CUST2786,Fashion ,12/08/2025,1671.8,3,25,81.47,Debit Card,South,4.0,35.0,5.0,0,
ORD102683,CUST3187,Electronics ,2025-11-23,10101.89,1,20,58.37,Net Banking,South,3.0,34.0,5.0,0,
ORD103380,CUST2195,Grocery,09-25-2024,358.6,1,5,27.21,UPI,West,5.0,31.0,5.0,0,
ORD101614,CUST2122,toys,2025-03-27,197.65,2,0,128.19,UPI,Central,4.0,48.0,5.0,0,
ORD105865,CUST3065,Fashion,2026-03-27,1478.57,1,15,28.34,Debit Card,East,4.0,28.0,4.0,0,
ORD104521,CUST1968,Home & Kitchen,2025-10-29,2663.69,3,10,22.9,Cash on Delivery,Central,6.0,43.0,5.0,0,
ORD100535,CUST1328,beauty,05/06/2025,237.55,1,15,40.37,Credit Card,West,,20.0,4.0,0,
ORD102156,CUST1368,Toys,12-06-2024,927.31,1,15,112.87,UPI,East,6.0,36.0,4.0,0,
ORD105740,CUST3637,Beauty,2024-09-19,650.56,1,5,,Cash on Delivery,West,4.0,46.0,4.0,0,
ORD104389,CUST2284,sports,28/01/2026,2278.75,1,0,85.33,Net Banking,North,7.0,48.0,5.0,0,
ORD103932,CUST2593,grocery,04-04-2025,346.21,1,5,33.61,Credit Card,Central,,30.0,1.0,0,
ORD101742,CUST1039,Beauty,01-07-2026,560.44,4,15,91.24,UPI,South,3.0,16.0,4.0,0,
ORD104960,CUST2346,sports,10/02/2026,1863.22,1,0,113.09,Credit Card,Central,10.0,34.0,4.0,0,
ORD104596,CUST1698,Sports,08-19-2025,1409.0,1,0,35.96,UPI,North,7.0,25.0,5.0,0,
ORD103360,CUST4074,Electronics ,04/02/2026,11686.33,2,0,77.63,Debit Card,North,4.0,36.0,3.0,0,
ORD101877,CUST1132,ELECTRONICS,25/07/2026,6280.94,1,0,63.08,Credit Card,North,1.0,26.0,4.0,0,
ORD100384,CUST1907,Beauty,26/10/2024,1125.06,1,0,31.49,Cash on Delivery,East,5.0,30.0,,0,
ORD102089,CUST1331,books,2024-12-28,90.77,3,0,92.75,Credit Card,East,3.0,35.0,3.0,0,
ORD105468,CUST3238,fashion,12/10/2024,1436.58,1,25,146.83,Net Banking,North,7.0,36.0,1.0,0,
ORD102162,CUST1715,Books,30/10/2024,590.9,4,15,83.51,UPI,Central,7.0,16.0,5.0,0,
ORD104728,CUST3455,Toys,05-19-2025,622.08,3,0,95.33,Debit Card,South,6.0,46.0,4.0,0,
ORD101923,CUST3458,Electronics,2025-12-15,7541.85,1,0,41.95,Credit Card,North,2.0,49.0,2.0,0,
ORD105262,CUST2201,toys,2026-06-11,506.83,1,5,48.78,Cash on Delivery,North,7.0,23.0,5.0,0,
ORD102841,CUST3271, Beauty,10-30-2025,906.31,1,5,215.59,Debit Card,North,6.0,48.0,4.0,0,
ORD100287,CUST2801,sports,09/02/2025,2463.09,1,0,109.04,Credit Card,North,1.0,22.0,3.0,0,
ORD102212,CUST1206,Fashion,2026-07-29,939.65,2,10,37.89,Credit Card,North,1.0,36.0,5.0,0,
ORD105320,CUST3324,sports,01/12/2024,2369.74,1,20,96.65,Cash on Delivery,East,4.0,34.0,4.0,1,Changed Mind
ORD104781,CUST4081,sports,08-18-2026,1756.78,1,0,44.45,Credit Card,West,3.0,32.0,5.0,0,
ORD104517,CUST2327,fashion,16/06/2025,845.49,1,5,,Credit Card,North,4.0,31.0,4.0,0,
ORD102369,CUST4394,toys,16/01/2025,1404.82,1,0,44.61,,North,5.0,49.0,5.0,0,
ORD103475,CUST3111,Home & Kitchen,2025-10-13,2082.91,1,30,48.35,UPI,Central,3.0,16.0,2.0,0,
ORD100027,CUST3708,Grocery,10-08-2024,439.74,2,25,131.83,UPI,Central,48.0,24.0,1.0,0,
ORD103950,CUST1231,books,16/06/2025,487.07,2,5,141.21,Cash on Delivery,East,8.0,30.0,4.0,0,
ORD104492,CUST3137,Electronics ,2026-07-19,4023.4,1,0,85.66,Net Banking,West,5.0,50.0,5.0,0,
ORD101109,CUST4013,Electronics,2026-05-19,8245.79,1,20,19.7,Cash on Delivery,East,2.0,53.0,5.0,0,
ORD103816,CUST4406,Sports,2025-08-21,1734.49,1,10,115.63,UPI,West,5.0,25.0,3.0,0,
ORD103179,CUST2326,Home & kitchen,24/08/2025,1858.64,1,25,29.37,Cash on Delivery,West,8.0,41.0,5.0,0,
ORD103568,CUST1611,fashion,11-09-2024,1198.75,1,0,76.98,UPI,North,4.0,34.0,4.0,1,Late Delivery
ORD103158,CUST2176,sports,08-09-2026,2732.71,2,5,105.53,UPI,South,5.0,39.0,4.0,0,
ORD101224,CUST1261,Books,04-27-2025,428.55,1,5,118.81,Debit Card,West,5.0,49.0,4.0,0,
ORD104841,CUST3355,Home & Kitchen,12-13-2024,2712.97,1,15,61.13,UPI,Central,9.0,19.0,3.0,0,
ORD105754,CUST1817,Home & Kitchen,03/03/2026,3419.19,1,0,100.17,UPI,North,7.0,25.0,5.0,0,
ORD103781,CUST3014,Toys,19/06/2025,772.3,1,0,57.08,Debit Card,South,3.0,44.0,4.0,0,
ORD100755,CUST2656,sports,2025-06-28,1349.87,1,0,74.9,Cash on Delivery,South,6.0,44.0,5.0,1,Wrong Item Delivered
ORD104516,CUST1583,grocery,10-30-2024,365.43,1,5,89.83,Cash on Delivery,South,5.0,16.0,5.0,0,
ORD102176,CUST2579,fashion,2025-03-05,1097.39,1,15,178.83,,West,6.0,52.0,4.0,1,Late Delivery
ORD100525,CUST1517,books,25/07/2026,386.3,1,5,24.26,Credit Card,East,4.0,44.0,4.0,0,
ORD104537,CUST1688,Sports,2025-09-18,2103.17,1,10,128.27,Net Banking,North,1.0,29.0,5.0,0,
ORD105482,CUST3853,beauty,2025-10-30,754.71,1,15,65.84,Net Banking,North,3.0,27.0,3.0,1,Late Delivery
ORD105695,CUST4260,fashion,09-05-2024,1941.21,2,0,74.29,Credit Card,North,3.0,35.0,5.0,0,
ORD103879,CUST3268,Electronics ,07-09-2025,12114.08,1,15,154.82,Net Banking,North,6.0,30.0,5.0,0,
ORD100506,CUST4226,Home & kitchen,18/06/2025,1816.49,2,30,54.13,Credit Card,East,8.0,42.0,3.0,1,Not as Described
ORD105866,CUST3363,toys,2024-11-13,756.63,1,30,59.52,Credit Card,Central,5.0,19.0,4.0,0,
ORD101428,CUST2620,fashion,29/03/2025,1456.18,2,0,23.08,Net Banking,Central,4.0,,4.0,0,
ORD102062,CUST4214,Home & kitchen,2025-09-13,2808.01,1,5,56.23,UPI,South,3.0,24.0,5.0,0,
ORD101223,CUST2735,books,11/10/2024,241.5,1,25,150.03,Net Banking,West,1.0,,5.0,1,Late Delivery
ORD102444,CUST4004,sports,01-09-2025,1289.92,1,0,338.83,Cash on Delivery,South,6.0,41.0,2.0,0,
ORD103508,CUST1484,Home & Kitchen,2024-09-19,1657.81,1,10,34.0,Debit Card,East,4.0,29.0,3.0,1,Defective Product
ORD104560,CUST2118,ELECTRONICS,18/01/2026,7773.09,1,5,77.04,Net Banking,North,3.0,40.0,1.0,0,
ORD103312,CUST3521,Fashion,2025-03-20,692.53,3,0,48.98,UPI,South,2.0,45.0,4.0,1,Wrong Item Delivered
ORD105880,CUST3672,Books,2025-01-02,370.09,1,5,162.25,Credit Card,East,4.0,16.0,1.0,0,
ORD101695,CUST2420,toys,16/08/2025,1153.24,1,30,70.39,UPI,North,5.0,49.0,2.0,0,
ORD101449,CUST3837,grocery,2025-03-19,99.59,3,25,144.92,UPI,West,1.0,19.0,5.0,0,
ORD105634,CUST2522,sports,25/07/2026,2290.27,2,15,20.08,UPI,South,1.0,44.0,3.0,0,
ORD103067,CUST2874,Electronics,03/01/2026,5872.71,3,30,83.66,Debit Card,East,3.0,16.0,4.0,0,
ORD101626,CUST3849,Home & kitchen,25/08/2024,1998.99,1,10,216.54,Cash on Delivery,South,3.0,18.0,3.0,0,
ORD101264,CUST1586,Electronics,03-27-2025,7699.15,1,15,,Credit Card,North,5.0,28.0,4.0,0,
ORD103969,CUST2226,Electronics ,18/12/2024,10624.08,1,25,82.42,Cash on Delivery,South,8.0,16.0,1.0,0,
ORD105414,CUST2759,electronics,2026-04-17,6808.07,2,0,176.83,Credit Card,North,6.0,31.0,5.0,1,Wrong Item Delivered
ORD104541,CUST4397,Sports,2026-04-05,930.05,1,0,96.1,Debit Card,East,3.0,42.0,,0,
ORD100877,CUST4437,Home & kitchen,30/06/2026,3321.76,1,0,53.26,Cash on Delivery,East,4.0,42.0,2.0,0,
ORD104597,CUST3702,Home & Kitchen,2025-09-26,2816.18,2,25,65.49,Credit Card,West,1.0,43.0,4.0,0,
ORD105932,CUST1843,Grocery,18/12/2024,147.0,1,0,76.11,Debit Card,Central,2.0,51.0,5.0,0,
ORD104079,CUST4359,fashion,01-25-2026,1323.16,2,0,53.75,UPI,South,4.0,46.0,5.0,0,
ORD103478,CUST3980,books,2025-06-10,338.95,3,10,78.71,Cash on Delivery,South,4.0,,2.0,1,Size Issue
ORD100013,CUST1653,books,24/02/2026,,4,30,168.62,,South,2.0,23.0,1.0,0,
ORD100481,CUST1768,grocery,2025-06-17,240.62,1,0,82.14,Net Banking,East,6.0,31.0,4.0,0,
ORD104315,CUST3690,Books,04-26-2026,304.95,2,30,104.07,UPI,Central,5.0,16.0,4.0,0,
ORD105141,CUST3630,Grocery,2025-05-24,262.82,1,0,87.73,UPI,North,49.0,28.0,4.0,0,
ORD105444,CUST2011, Beauty,21/01/2026,621.09,1,15,76.89,Credit Card,Central,8.0,41.0,3.0,0,
ORD103217,CUST4272,home & kitchen,08-23-2025,3112.55,2,0,34.52,,East,4.0,47.0,5.0,0,
ORD104328,CUST3022,ELECTRONICS,09/07/2026,,1,10,139.83,UPI,North,8.0,39.0,4.0,0,
ORD102424,CUST1409,sports,2025-12-11,1449.26,1,10,65.29,UPI,East,5.0,,5.0,0,
ORD102552,CUST3681,beauty,24/08/2024,830.43,2,25,84.65,Credit Card,North,6.0,50.0,3.0,0,
ORD101287,CUST4397,beauty,14/09/2025,732.96,1,15,86.11,Credit Card,Central,5.0,32.0,5.0,0,
ORD105630,CUST4059,ELECTRONICS,2025-01-30,5536.87,1,15,64.15,Cash on Delivery,South,5.0,29.0,3.0,1,Changed Mind
ORD100857,CUST2154,home & kitchen,07-22-2025,3198.59,1,0,20.75,Cash on Delivery,West,6.0,60.0,5.0,0,
ORD102551,CUST3128,Sports,09-04-2025,2743.42,1,0,110.31,Debit Card,East,4.0,20.0,4.0,0,
ORD103129,CUST4380,Books,2025-09-30,528.41,1,10,20.16,Debit Card,South,5.0,25.0,4.0,1,Better Price Found
ORD100046,CUST3323, Beauty,17/06/2026,869.09,1,30,48.02,Debit Card,West,5.0,34.0,,0,
ORD102918,CUST3384,Fashion,02-28-2025,303.33,2,0,8.83,Credit Card,Central,7.0,26.0,5.0,0,
ORD105359,CUST2503,Sports,12-24-2024,2624.51,1,5,75.53,UPI,South,3.0,30.0,4.0,0,
ORD105363,CUST1463,books,21/12/2024,555.65,2,5,36.01,Net Banking,South,5.0,35.0,5.0,0,
ORD102314,CUST3595,Home & Kitchen,2026-04-17,3215.9,3,25,93.58,Credit Card,West,5.0,46.0,4.0,0,
ORD105845,CUST3697,toys,02/03/2025,17575.54012590112,2,15,18.03,Net Banking,South,6.0,46.0,4.0,0,
ORD102385,CUST4096,sports,2025-11-14,2071.91,2,15,74.81,UPI,Central,3.0,55.0,5.0,0,
ORD100899,CUST3337,Books,05-03-2025,135.2,1,15,34.67,UPI,South,4.0,42.0,5.0,0,
ORD101022,CUST2084,beauty,2026-03-05,694.6,1,10,34.85,Debit Card,North,4.0,25.0,4.0,0,
ORD100232,CUST4018,Electronics,07/07/2026,7248.11,1,5,30.42,Debit Card,South,4.0,34.0,2.0,0,
ORD100941,CUST2315,Grocery,2025-09-21,280.47,2,5,101.94,Debit Card,Central,2.0,38.0,4.0,0,
ORD105716,CUST3037,home & kitchen,2025-10-07,2498.01,1,5,43.31,Credit Card,Central,5.0,19.0,5.0,1,Better Price Found
ORD105802,CUST4054,toys,14/09/2024,1001.14,1,30,106.66,UPI,South,1.0,54.0,5.0,1,Defective Product
ORD105973,CUST3636,sports,15/03/2025,1005.14,1,0,36.81,Credit Card,North,5.0,38.0,2.0,0,
ORD103237,CUST1788,Sports,2025-04-10,2107.06,2,0,56.59,Credit Card,South,2.0,19.0,4.0,0,
ORD104934,CUST4483,ELECTRONICS,08-13-2026,5180.99,2,0,22.64,Credit Card,North,4.0,33.0,5.0,1,Size Issue
ORD101809,CUST3536,beauty,2024-09-13,1042.16,1,30,203.82,Credit Card,North,6.0,34.0,4.0,1,Wrong Item Delivered
ORD104476,CUST1610,Books,2025-12-19,371.59,1,5,25.19,Debit Card,East,3.0,32.0,5.0,0,
ORD101165,CUST3626,Sports,2025-03-15,2182.64,2,5,33.84,Credit Card,West,8.0,,4.0,1,Defective Product
ORD100204,CUST4204,Books,06-25-2026,249.9,1,25,3.95,Debit Card,South,2.0,26.0,4.0,1,Changed Mind
ORD103689,CUST3685,Grocery,10-16-2025,184.23,1,0,70.83,UPI,Central,7.0,30.0,4.0,0,
ORD105447,CUST4050,books,2024-09-26,281.1,1,0,182.3,Debit Card,South,1.0,40.0,3.0,0,
ORD103509,CUST3678,home & kitchen,20/01/2025,3154.54,3,0,67.58,Cash on Delivery,Central,6.0,33.0,5.0,0,
ORD101162,CUST1037,grocery,05-21-2026,,2,15,78.7,UPI,East,7.0,46.0,1.0,1,Changed Mind
ORD102729,CUST3531,beauty,02/11/2024,944.5,2,0,76.55,Debit Card,East,5.0,36.0,4.0,0,
ORD101600,CUST2099,Fashion,01-20-2025,896.43,1,20,75.46,Cash on Delivery,North,2.0,18.0,5.0,0,
ORD100086,CUST4115,Books,08/10/2024,530.99,1,0,156.25,Credit Card,West,3.0,39.0,5.0,0,
ORD104412,CUST1452,Fashion,2026-08-10,882.9,2,10,79.81,Cash on Delivery,West,4.0,20.0,1.0,1,Better Price Found
ORD102207,CUST3070,ELECTRONICS,07-03-2026,9056.74,2,5,212.73,Credit Card,North,3.0,23.0,5.0,0,
ORD103046,CUST1538,Beauty,01-03-2025,164.23,1,5,27.47,Net Banking,North,3.0,43.0,5.0,0,
ORD100364,CUST3994,Toys,03/07/2025,243.5,2,0,201.28,Net Banking,Central,3.0,,4.0,0,
ORD103980,CUST2379,grocery,27/10/2024,302.21,1,0,117.54,Credit Card,South,3.0,29.0,5.0,0,
ORD104200,CUST3687,Toys,07-28-2026,1225.71,1,25,80.1,UPI,West,3.0,48.0,4.0,0,
ORD104920,CUST3218,fashion,17/01/2025,1250.07,1,25,125.72,Credit Card,South,1.0,,1.0,0,
ORD101292,CUST3750,electronics,22/10/2025,2395.22,1,0,123.82,Credit Card,West,7.0,28.0,4.0,0,
ORD103975,CUST2217,Home & kitchen,28/02/2025,2718.07,1,30,28.54,UPI,South,7.0,33.0,5.0,0,
ORD104235,CUST2917, Beauty,19/10/2024,393.74,2,5,100.03,Cash on Delivery,West,4.0,58.0,4.0,0,
ORD104996,CUST4120,fashion,2025-08-06,987.65,1,10,71.65,Credit Card,North,,31.0,3.0,0,
ORD100999,CUST2908,Home & kitchen,10-12-2024,2901.78,2,0,52.58,UPI,North,5.0,46.0,5.0,1,Wrong Item Delivered
ORD103172,CUST2698,electronics,2026-03-26,6227.08,1,0,81.36,Cash on Delivery,Central,7.0,41.0,5.0,0,
ORD101036,CUST2414, Beauty,06/02/2026,1302.67,1,0,,UPI,North,3.0,46.0,5.0,0,
ORD105528,CUST2811,Beauty,16/01/2025,1168.88,1,0,172.76,UPI,Central,5.0,40.0,4.0,0,
ORD102802,CUST3134,,03-05-2026,544.85,1,0,116.12,Net Banking,East,87.0,35.0,1.0,0,
ORD102694,CUST2055,Sports,07-01-2026,,3,10,11.96,Debit Card,East,6.0,33.0,4.0,0,
ORD101336,CUST1247,Beauty,18/07/2025,526.91,1,0,147.59,UPI,South,9.0,17.0,4.0,0,
ORD100995,CUST2682,Books,2025-08-03,610.69,1,20,115.74,Debit Card,East,4.0,22.0,5.0,0,
ORD100220,CUST1113,Toys,14/09/2025,871.48,3,0,96.83,Credit Card,East,4.0,43.0,3.0,1,Not as Described
ORD102401,CUST3653,beauty,05-14-2026,784.96,2,0,172.01,Credit Card,South,5.0,65.0,5.0,1,Size Issue
ORD104287,CUST2841,electronics,02/09/2024,8404.27,1,5,56.17,Net Banking,West,7.0,42.0,5.0,0,
ORD103821,CUST4287,Toys,14/01/2026,1035.78,1,30,92.28,UPI,East,4.0,45.0,4.0,1,Better Price Found
ORD100249,CUST2809,toys,11/04/2025,1030.63,3,0,177.2,Net Banking,North,7.0,31.0,5.0,0,
ORD102007,CUST3886,grocery,21/06/2026,366.05,1,15,278.06,UPI,North,5.0,30.0,4.0,0,
ORD101886,CUST3744,home & kitchen,2026-04-11,,1,0,92.81,UPI,Central,5.0,19.0,4.0,1,Not as Described
ORD104589,CUST3022, Beauty,2025-01-27,782.41,1,10,87.43,Cash on Delivery,South,4.0,33.0,1.0,1,Better Price Found
ORD104626,CUST1806,Toys,06-20-2026,1180.91,1,15,125.08,Credit Card,West,6.0,27.0,,0,
ORD103466,CUST1423,Electronics ,2026-01-23,,1,10,23.69,Credit Card,North,6.0,29.0,4.0,1,Not as Described
ORD102538,CUST1939,fashion,10/09/2025,1435.35,2,10,42.3,Cash on Delivery,North,1.0,37.0,5.0,0,
ORD104662,CUST3921, Beauty,27/08/2024,821.74,1,0,21.32,Net Banking,West,3.0,28.0,3.0,1,Better Price Found
ORD104676,CUST2404,Beauty,2025-04-01,824.89,2,25,,Debit Card,South,2.0,39.0,,0,
ORD100591,CUST2701,Fashion,14/04/2025,1523.08,1,0,217.72,Net Banking,North,6.0,41.0,5.0,0,
ORD105008,CUST2532,Beauty,03/02/2026,672.86,2,10,,Cash on Delivery,West,5.0,41.0,4.0,0,
ORD102202,CUST3718,grocery,2025-08-06,326.48,1,15,8.16,UPI,West,4.0,29.0,3.0,0,
ORD102225,CUST3082,Books,28/11/2025,638.95,2,15,1.29,Credit Card,East,3.0,30.0,4.0,0,
ORD102259,CUST4199,Toys,2026-06-25,804.68,1,20,33.57,Debit Card,West,5.0,16.0,3.0,1,Late Delivery
ORD100518,CUST4176,Home & Kitchen,2025-02-05,3338.07,1,10,77.97,Net Banking,West,3.0,52.0,4.0,0,
ORD103104,CUST2573,fashion,09-05-2025,1590.94,1,5,47.72,Cash on Delivery,Central,4.0,32.0,4.0,0,
ORD104062,CUST3869,sports,2025-11-29,3167.69,1,15,70.28,UPI,South,5.0,27.0,4.0,0,
ORD103045,CUST4191,Fashion,2025-03-07,1210.77,1,20,212.63,Cash on Delivery,North,4.0,25.0,5.0,0,
ORD101650,CUST3266,Home & kitchen,10-19-2024,2356.82,1,0,72.79,UPI,Central,2.0,35.0,3.0,1,Defective Product
ORD100672,CUST2816,books,2026-01-21,331.56,1,5,186.99,Credit Card,East,2.0,33.0,3.0,0,
ORD105782,CUST1658,ELECTRONICS,2026-01-04,10921.04,1,20,41.69,UPI,West,6.0,25.0,4.0,0,
ORD101274,CUST2705,fashion,04-08-2025,1437.57,2,25,158.07,UPI,North,5.0,35.0,5.0,0,
ORD101816,CUST3583,Toys,07/09/2025,472.69,1,15,56.29,Debit Card,West,5.0,29.0,4.0,0,
ORD102634,CUST4056,Beauty,03-03-2025,532.27,1,5,54.03,Cash on Delivery,Central,7.0,,5.0,0,
ORD101327,CUST3220,Books,10/08/2025,748.04,1,5,15.78,Debit Card,East,6.0,28.0,2.0,0,
ORD105249,CUST3453,books,29/12/2024,84.11,1,5,46.01,Cash on Delivery,North,2.0,30.0,5.0,1,Not as Described
ORD100043,CUST1131,Fashion ,02/02/2025,1434.83,1,0,122.64,Net Banking,West,7.0,28.0,5.0,1,Changed Mind
ORD100007,CUST3465,Home & Kitchen,05/02/2025,1180.37,1,5,141.1,Credit Card,North,6.0,37.0,4.0,0,
ORD100480,CUST2892,grocery,16/05/2026,287.01,1,25,48.07,UPI,East,5.0,48.0,4.0,0,
ORD100471,CUST3841,Electronics ,17/04/2025,3829.02,2,0,61.32,,Central,4.0,26.0,5.0,0,
ORD102237,CUST4276,Books,2025-11-25,506.24,1,25,57.75,Net Banking,South,8.0,30.0,5.0,1,Size Issue
ORD104653,CUST4225,fashion,13/05/2026,827.61,2,15,58.6,UPI,South,5.0,41.0,4.0,0,
ORD104350,CUST1684,books,24/08/2025,584.54,1,20,21.19,UPI,West,10.0,21.0,4.0,0,
ORD100654,CUST1105,Home & kitchen,07/11/2024,3025.19,1,15,129.38,Cash on Delivery,North,5.0,56.0,4.0,0,
ORD102097,CUST1530,Sports,11/03/2026,1562.68,1,30,95.79,UPI,West,5.0,44.0,4.0,0,
ORD105531,CUST4083,fashion,01/04/2026,1235.51,1,5,81.7,Debit Card,Central,4.0,30.0,4.0,0,
ORD100464,CUST2139,toys,2025-12-08,1233.07,2,15,127.4,UPI,South,4.0,34.0,4.0,0,
ORD103902,CUST2656,,2025-11-02,191.71,1,25,144.73,Cash on Delivery,South,3.0,27.0,3.0,0,
ORD101691,CUST3695,Home & Kitchen,12-18-2025,1993.91,1,0,248.87,Debit Card,North,3.0,28.0,5.0,0,
ORD100697,CUST3300,grocery,19/07/2026,253.07,1,0,85.65,Cash on Delivery,West,4.0,21.0,4.0,0,
ORD102230,CUST3294,Home & kitchen,17/07/2025,3138.61,1,15,57.83,Cash on Delivery,North,3.0,48.0,4.0,0,
ORD100476,CUST1474,beauty,2025-02-19,565.11,1,0,76.46,UPI,East,7.0,31.0,5.0,0,
ORD102695,CUST2686,Home & Kitchen,27/04/2025,3218.86,1,15,9.46,Debit Card,South,1.0,38.0,5.0,0,
ORD100065,CUST3199,Sports,12-30-2025,1277.99,2,0,42.29,Cash on Delivery,East,5.0,33.0,5.0,0,
ORD101348,CUST1987,toys,09-06-2025,1061.45,4,0,41.16,Net Banking,East,4.0,38.0,2.0,1,Better Price Found
ORD102415,CUST3323,Fashion ,2025-12-22,1086.08,1,25,114.23,Credit Card,East,5.0,32.0,4.0,0,
ORD102480,CUST3335,Grocery,15/10/2025,376.02,1,25,129.03,UPI,South,3.0,33.0,5.0,1,Late Delivery
ORD102149,CUST1161,books,22/03/2025,433.72,2,30,41.97,Net Banking,East,,35.0,4.0,0,
ORD105032,CUST3714,grocery,15/10/2025,299.65,2,15,128.71,Net Banking,South,2.0,30.0,5.0,0,
ORD105809,CUST2490,Sports,05-16-2025,1210.6,1,25,306.96,Cash on Delivery,West,8.0,24.0,1.0,0,
ORD104363,CUST1349,Home & kitchen,2025-08-23,,1,5,11.4,Credit Card,North,3.0,33.0,4.0,0,
ORD104902,CUST1421, Beauty,12-14-2025,631.01,2,15,372.84,Net Banking,East,6.0,30.0,5.0,0,
ORD102047,CUST3668,Fashion ,07-16-2026,1757.34,1,5,56.14,UPI,North,8.0,17.0,5.0,0,
ORD103852,CUST3050,Electronics,2025-05-03,7684.07,1,10,162.41,Cash on Delivery,West,1.0,26.0,2.0,0,
ORD105994,CUST3966,Grocery,2026-05-10,378.67,1,0,13.55,UPI,South,4.0,35.0,5.0,0,
ORD100849,CUST2819, Beauty,2026-01-27,771.11,1,5,58.42,UPI,West,2.0,21.0,4.0,0,
ORD104325,CUST1817,books,2024-11-21,388.7,1,10,70.71,UPI,West,5.0,38.0,2.0,0,
ORD103965,CUST3829,Electronics ,2025-08-10,3659.88,3,25,85.17,Net Banking,North,1.0,26.0,4.0,1,Size Issue
ORD100417,CUST2244,ELECTRONICS,04-03-2026,6201.85,1,0,148.1,Credit Card,East,9.0,46.0,1.0,0,
ORD103718,CUST2876,Electronics,12-03-2024,7292.62,1,0,67.28,Credit Card,North,4.0,29.0,4.0,0,
ORD105733,CUST3538,sports,08/06/2025,1325.94,1,25,60.83,Cash on Delivery,Central,3.0,23.0,4.0,0,
ORD102285,CUST3387,Electronics ,2025-10-04,11105.19,1,30,124.44,Net Banking,North,4.0,32.0,2.0,0,
ORD102549,CUST4045,Home & kitchen,08-22-2024,2689.33,1,30,125.47,Debit Card,West,4.0,36.0,2.0,0,
ORD105471,CUST3952,ELECTRONICS,13/01/2025,12206.32,2,5,54.66,Credit Card,North,1.0,16.0,4.0,0,
ORD101922,CUST4374,grocery,22/10/2024,348.98,1,25,66.26,Net Banking,East,6.0,35.0,4.0,0,
ORD102570,CUST1410,Grocery,13/07/2026,162.79,31,5,165.0,Credit Card,West,7.0,39.0,4.0,0,
ORD105274,CUST2136,Books,25/10/2025,588.61,1,10,131.46,UPI,South,3.0,43.0,4.0,0,
ORD105912,CUST3195,Electronics ,11-05-2025,5742.71,1,0,81.7,Credit Card,North,3.0,,4.0,1,Changed Mind
ORD102102,CUST2528,Fashion ,2025-01-11,2054.59,1,15,,Debit Card,South,6.0,26.0,2.0,0,
ORD105715,CUST1624,Sports,11-05-2025,797.21,1,10,185.04,Credit Card,East,4.0,49.0,4.0,0,
ORD104978,CUST1514,toys,07-05-2026,963.3,1,10,69.35,Cash on Delivery,East,5.0,21.0,5.0,0,
ORD105876,CUST1103,Toys,10-10-2025,76.45,1,20,52.57,Cash on Delivery,North,1.0,38.0,5.0,0,
ORD105485,CUST3841,grocery,02/10/2024,307.1,1,10,65.35,UPI,Central,3.0,29.0,,0,
ORD101481,CUST2703,home & kitchen,2024-11-03,2720.4,1,10,63.21,UPI,East,5.0,52.0,2.0,1,Wrong Item Delivered
ORD100382,CUST3010,sports,2025-12-04,1584.19,1,0,75.86,Debit Card,North,3.0,36.0,4.0,0,
ORD104970,CUST4282,Books,11/08/2026,597.74,2,5,148.55,Credit Card,West,7.0,31.0,5.0,0,
ORD100029,CUST1953,Beauty,09/08/2026,1082.29,1,15,73.53,Debit Card,Central,9.0,54.0,4.0,0,
ORD103811,CUST3122,Books,28/08/2024,654.48,1,0,102.17,Debit Card,West,6.0,36.0,4.0,1,Changed Mind
ORD104971,CUST3947,Beauty,03/01/2026,716.95,1,15,66.65,Net Banking,South,7.0,38.0,4.0,0,
ORD100321,CUST2382,ELECTRONICS,2025-07-17,11040.59,1,10,137.35,Debit Card,Central,6.0,58.0,2.0,0,
ORD105248,CUST1480,Books,25/07/2026,412.88,1,10,54.15,Debit Card,West,6.0,17.0,2.0,0,
ORD103697,CUST2523,Home & Kitchen,01-31-2025,2102.86,45,0,185.12,Debit Card,East,2.0,42.0,4.0,0,
ORD104303,CUST3266,Home & Kitchen,10-14-2025,2824.47,1,0,151.08,Cash on Delivery,Central,6.0,16.0,4.0,0,
ORD103684,CUST1087,electronics,02-09-2026,,1,0,61.63,Debit Card,North,5.0,,4.0,0,
ORD103344,CUST3848, Beauty,06-03-2026,,1,5,26.99,Net Banking,South,3.0,,3.0,0,
ORD104250,CUST1735,books,2025-12-15,453.72,1,20,144.77,Cash on Delivery,East,7.0,26.0,5.0,0,
ORD104779,CUST2124,Books,2025-12-31,239.1,1,15,88.89,Credit Card,South,2.0,22.0,3.0,0,
ORD104496,CUST1077,fashion,2024-12-28,,1,10,93.77,Net Banking,East,4.0,16.0,5.0,0,
ORD103944,CUST1525,Electronics ,24/10/2025,7284.42,1,5,22.07,Debit Card,Central,5.0,49.0,3.0,0,
ORD104384,CUST4272,Books,05/08/2026,473.36,1,0,110.32,Credit Card,East,5.0,27.0,5.0,0,
ORD105777,CUST2755,Sports,10-25-2024,2359.77,3,10,25.73,UPI,South,4.0,36.0,3.0,1,Size Issue
ORD103280,CUST3080,home & kitchen,10-13-2025,2079.4,4,0,126.59,Net Banking,East,4.0,20.0,4.0,0,
ORD102947,CUST2615,Home & kitchen,03-18-2025,2027.42,1,5,34.82,Net Banking,East,3.0,43.0,4.0,0,
ORD103185,CUST2384,toys,17/04/2025,643.86,1,0,62.18,Debit Card,East,3.0,36.0,5.0,0,
ORD103167,CUST2189,Fashion ,05/02/2025,1406.1,1,10,28.38,Debit Card,North,1.0,48.0,2.0,1,Late Delivery
ORD100097,CUST2015,Grocery,15/07/2025,352.47,1,0,98.13,Net Banking,Central,2.0,31.0,4.0,0,
ORD104887,CUST4360,home & kitchen,11-29-2024,1781.12,1,15,53.77,Cash on Delivery,South,7.0,45.0,1.0,0,
ORD102429,CUST1624,electronics,07/01/2026,5531.56,2,0,115.24,Credit Card,East,7.0,44.0,,1,Defective Product
ORD102245,CUST4490,grocery,11-15-2024,241.35,1,10,,Debit Card,South,3.0,30.0,4.0,0,
ORD102076,CUST3398,Electronics ,17/05/2025,10314.63,1,0,16.62,Credit Card,North,5.0,37.0,4.0,0,
ORD100447,CUST4376,Grocery,27/10/2025,262.19,1,10,121.1,Debit Card,Central,9.0,44.0,3.0,0,
ORD100014,CUST2393,toys,01-11-2026,918.97,1,0,291.92,UPI,North,4.0,21.0,5.0,1,Wrong Item Delivered
ORD104414,CUST3568,Home & Kitchen,18/05/2025,1264.18,2,25,86.43,Net Banking,Central,5.0,21.0,4.0,0,
ORD101215,CUST1227,books,10/07/2025,239.95,1,0,63.36,Credit Card,North,5.0,36.0,3.0,0,
ORD103794,CUST1598,toys,18/10/2025,1074.31,1,15,116.43,Net Banking,South,4.0,35.0,5.0,1,Not as Described
ORD104266,CUST3694,ELECTRONICS,01-06-2026,9293.07,1,10,,Cash on Delivery,South,6.0,34.0,3.0,0,
ORD102342,CUST2477,Sports,2025-04-18,2068.74,2,20,36.06,Credit Card,North,4.0,33.0,4.0,0,
ORD100286,CUST3567,Sports,04/09/2025,1925.34,2,5,108.32,Cash on Delivery,North,7.0,35.0,3.0,0,
ORD103843,CUST1177,Sports,2026-06-14,1927.57,1,20,31.48,Cash on Delivery,South,2.0,31.0,3.0,0,
ORD104218,CUST2270, Beauty,02-07-2026,1068.57,1,5,8.81,Cash on Delivery,East,5.0,42.0,3.0,0,
ORD102312,CUST4198,Sports,14/01/2025,2106.57,3,10,63.9,Cash on Delivery,Central,3.0,16.0,4.0,1,Late Delivery
ORD102859,CUST4420,sports,2024-10-06,1557.07,1,5,58.79,Debit Card,East,2.0,59.0,4.0,0,
ORD100779,CUST4090,grocery,15/08/2025,121.5,2,10,63.27,Debit Card,East,4.0,48.0,4.0,0,
ORD105752,CUST1443,beauty,12-28-2024,,1,15,35.83,Net Banking,South,7.0,25.0,4.0,0,
ORD104019,CUST2058,Sports,11-26-2024,2479.66,1,0,329.03,Debit Card,South,5.0,,5.0,0,
ORD102052,CUST3705,Sports,31/10/2025,1896.93,1,5,36.96,Debit Card,North,7.0,17.0,5.0,1,Better Price Found
ORD105552,CUST3639,Fashion,2026-02-28,1127.43,2,0,43.69,Net Banking,Central,4.0,29.0,5.0,0,
ORD105072,CUST1961,books,09/09/2024,495.7,1,20,126.45,Net Banking,Central,7.0,31.0,4.0,0,
ORD105460,CUST1860,Beauty,2025-12-07,650.5,2,0,42.48,Net Banking,West,6.0,36.0,5.0,0,
ORD100165,CUST2513,sports,2026-05-23,1557.55,3,0,93.61,Net Banking,East,6.0,40.0,4.0,1,Changed Mind
ORD100660,CUST4054,beauty,09-07-2025,339.73,1,0,20.41,Credit Card,Central,7.0,40.0,4.0,1,Size Issue
ORD103108,CUST1699,books,2024-09-20,336.94,1,10,74.92,Cash on Delivery,West,,20.0,5.0,0,
ORD101339,CUST1064,Books,13/12/2025,293.37,3,25,160.12,Net Banking,North,1.0,28.0,4.0,0,
ORD101138,CUST1447,Fashion,03-05-2025,1582.6,2,20,62.46,Cash on Delivery,South,7.0,37.0,5.0,0,
ORD102618,CUST2879,Electronics,22/07/2026,7813.04,4,15,111.13,Cash on Delivery,East,2.0,36.0,3.0,1,Late Delivery
ORD102216,CUST4281,ELECTRONICS,2025-07-20,12755.68,2,0,14.48,UPI,East,1.0,44.0,5.0,0,
ORD102188,CUST3978,Home & Kitchen,24/05/2026,1748.74,1,5,198.15,Net Banking,West,5.0,37.0,5.0,1,Late Delivery
ORD103832,CUST1583,toys,05-07-2026,1018.5,1,15,53.93,Cash on Delivery,West,4.0,50.0,1.0,0,
ORD105238,CUST4257,Beauty,2024-10-04,643.01,1,10,215.34,UPI,South,1.0,45.0,4.0,1,Late Delivery
ORD100299,CUST1080,fashion,07-11-2026,1018.46,1,25,58.58,Net Banking,East,2.0,39.0,4.0,0,
ORD101615,CUST2476,Home & kitchen,26/10/2024,3340.14,1,5,175.89,Debit Card,Central,6.0,20.0,3.0,1,Changed Mind
ORD104877,CUST4070,Fashion ,01-08-2026,,2,0,89.42,Net Banking,East,9.0,46.0,3.0,0,
ORD101133,CUST2811,electronics,10-15-2024,,1,5,110.48,Cash on Delivery,West,4.0,49.0,4.0,0,
ORD103081,CUST3114,toys,30/09/2025,1134.16,2,15,54.3,Debit Card,Central,7.0,46.0,5.0,0,
ORD103142,CUST2475,Home & Kitchen,02-17-2026,2147.66,1,0,62.46,Cash on Delivery,East,4.0,,3.0,0,
ORD101937,CUST4081,toys,10-03-2024,536.63,1,15,6.91,Cash on Delivery,Central,4.0,33.0,4.0,0,
ORD101048,CUST3040,Home & Kitchen,02-27-2026,364.38,2,0,18.11,Debit Card,West,3.0,44.0,4.0,0,
ORD105416,CUST2966,Electronics ,08-24-2024,12210.87,1,10,27.92,Net Banking,West,5.0,24.0,5.0,0,
ORD105599,CUST2959,Grocery,16/03/2026,193.52,1,0,287.34,UPI,East,5.0,38.0,4.0,0,
ORD100846,CUST1678,books,11-18-2025,180.48,1,0,15.48,UPI,Central,3.0,39.0,4.0,1,Changed Mind
ORD100251,CUST4251,Home & kitchen,27/08/2025,1846.31,2,0,42.66,Credit Card,North,6.0,41.0,5.0,0,
ORD103034,CUST3313,Fashion,2024-12-03,646.16,1,15,114.3,Debit Card,North,8.0,39.0,5.0,0,
ORD101027,CUST2237,Toys,2025-03-18,889.81,1,0,45.1,Credit Card,East,3.0,22.0,5.0,1,Not as Described
ORD100806,CUST2799,electronics,05/07/2025,11787.84,4,0,45.36,Net Banking,North,2.0,19.0,1.0,0,
ORD101552,CUST3944,sports,18/09/2024,1945.19,1,30,107.81,UPI,Central,3.0,18.0,4.0,0,
ORD100031,CUST3603,toys,2025-03-10,794.71,1,10,51.56,,South,5.0,52.0,4.0,0,
ORD100715,CUST2095,electronics,04-17-2026,9046.74,1,20,121.02,Credit Card,North,1.0,36.0,1.0,1,Not as Described
ORD102384,CUST3950,Toys,08-23-2024,748.63,1,10,164.47,Debit Card,North,3.0,32.0,5.0,0,
ORD104293,CUST2702,ELECTRONICS,06-30-2025,3851.5,2,20,96.46,Debit Card,West,4.0,30.0,4.0,0,
ORD105877,CUST1534,Sports,2026-02-12,625.5,2,0,26.43,Debit Card,North,6.0,21.0,,1,Late Delivery
ORD105498,CUST3150,grocery,18/01/2026,141.5,1,0,17.47,Cash on Delivery,Central,5.0,38.0,3.0,0,
ORD105229,CUST1921,Toys,14/06/2026,1567.81,1,0,131.45,,Central,3.0,42.0,5.0,0,
ORD103459,CUST1284,Sports,2024-12-27,1389.42,1,25,46.85,Debit Card,South,6.0,29.0,4.0,0,
ORD104409,CUST2059,books,2025-09-17,332.87,1,5,92.77,Cash on Delivery,West,6.0,22.0,3.0,0,
ORD101044,CUST2712,books,05-12-2026,,4,10,,Debit Card,East,5.0,34.0,2.0,0,
ORD102144,CUST3038,toys,2026-03-15,575.51,1,15,22.44,UPI,East,2.0,21.0,4.0,0,
ORD102489,CUST1027,fashion,05-29-2026,1161.7,2,0,60.55,Credit Card,West,7.0,31.0,5.0,0,
ORD103244,CUST2434,grocery,01-17-2025,378.44,2,5,126.04,UPI,West,6.0,35.0,5.0,1,Size Issue
ORD103191,CUST2894,sports,04/06/2026,2899.79,1,5,26.62,Debit Card,South,5.0,37.0,5.0,1,Size Issue
ORD104535,CUST4206,grocery,19/08/2025,109.1,1,0,85.95,Debit Card,North,3.0,26.0,4.0,0,
ORD104617,CUST3954,Books,2024-09-19,4256.373288213362,3,20,,Debit Card,East,7.0,36.0,4.0,0,
ORD103987,CUST2283,toys,2025-12-16,696.05,2,0,42.92,Net Banking,South,8.0,42.0,5.0,0,
ORD100330,CUST1127,toys,2024-09-17,760.44,2,15,44.84,UPI,North,8.0,45.0,5.0,1,Late Delivery
ORD105509,CUST1860,electronics,08-12-2026,,1,20,85.46,UPI,South,5.0,39.0,4.0,0,
ORD103510,CUST2877,Electronics ,12-19-2025,7414.43,2,10,,Credit Card,Central,6.0,29.0,1.0,0,
ORD100861,CUST2024, Beauty,11-04-2025,1081.29,1,0,31.35,Cash on Delivery,South,6.0,36.0,4.0,0,
ORD101198,CUST3875,books,2025-05-19,414.47,1,10,49.07,Cash on Delivery,Central,3.0,21.0,5.0,0,
ORD103951,CUST2014,Toys,15/12/2025,428.95,2,0,56.93,Net Banking,South,10.0,30.0,5.0,0,
ORD101088,CUST1068,,01/08/2025,3292.5,1,0,187.3,Credit Card,West,3.0,35.0,3.0,0,
ORD104219,CUST3471,Grocery,2026-06-10,467.1,1,25,62.85,Credit Card,South,5.0,25.0,3.0,0,
ORD102515,CUST4401,books,21/12/2024,111.59,2,15,,UPI,Central,4.0,28.0,1.0,0,
ORD100003,CUST4033,Fashion,2024-11-01,947.89,1,15,128.54,Cash on Delivery,Central,3.0,33.0,5.0,0,
ORD103757,CUST2696,electronics,02-02-2026,11622.15,1,0,134.01,Credit Card,East,6.0,31.0,3.0,0,
ORD103724,CUST4089,Toys,28/07/2026,889.51,1,0,157.61,Credit Card,South,,31.0,4.0,0,
ORD105966,CUST1807,grocery,04-10-2025,319.22,1,10,9.64,,Central,4.0,38.0,4.0,0,
ORD104040,CUST3393,books,16/04/2025,461.1,1,0,77.78,Credit Card,West,4.0,35.0,5.0,0,
ORD102459,CUST1043,Toys,05-11-2025,704.06,1,0,34.6,Cash on Delivery,North,2.0,34.0,5.0,0,
ORD100549,CUST4261,ELECTRONICS,09-21-2024,6862.52,1,25,39.62,Credit Card,South,3.0,37.0,5.0,0,
ORD104812,CUST1569,Grocery,03-16-2026,335.51,1,10,,Credit Card,North,6.0,51.0,4.0,0,
ORD104502,CUST1184,sports,08/06/2025,1590.81,4,20,26.56,Net Banking,South,7.0,33.0,4.0,1,Late Delivery
ORD101685,CUST2791,fashion,2025-04-02,821.52,1,0,35.79,Net Banking,North,2.0,36.0,4.0,1,Size Issue
ORD101471,CUST2763,beauty,25/07/2026,178.2,1,0,127.9,Cash on Delivery,Central,1.0,16.0,4.0,1,Changed Mind
ORD101234,CUST3796,Grocery,05-20-2025,,2,5,69.74,Cash on Delivery,East,2.0,21.0,,1,Wrong Item Delivered
ORD101154,CUST4025,sports,2025-02-04,1758.79,1,0,52.36,Credit Card,North,3.0,39.0,5.0,0,
ORD101401,CUST3596,Home & kitchen,21/01/2026,1929.27,2,30,311.49,UPI,East,9.0,31.0,1.0,0,
ORD100918,CUST1746,Home & Kitchen,08-03-2025,2763.73,1,0,67.6,Cash on Delivery,North,7.0,29.0,5.0,0,
ORD102348,CUST1984,electronics,28/04/2025,7152.55,2,5,12.36,Cash on Delivery,Central,7.0,54.0,4.0,0,
ORD105242,CUST4326,sports,09-15-2025,1868.96,2,0,155.56,Net Banking,West,5.0,36.0,5.0,0,
ORD103660,CUST2312,fashion,02-26-2026,1294.34,1,5,132.79,Net Banking,West,8.0,20.0,5.0,0,
ORD104846,CUST4377,Electronics ,10/07/2025,2846.94,1,5,62.07,UPI,South,6.0,43.0,3.0,1,Late Delivery
ORD102601,CUST1369,Electronics,08/10/2024,6672.68,2,15,292.28,Credit Card,South,6.0,47.0,5.0,1,Size Issue
ORD105217,CUST3001,Home & kitchen,2025-02-11,3382.57,2,0,75.83,Credit Card,West,7.0,23.0,4.0,0,
ORD101821,CUST3316,Books,08/08/2025,454.32,1,15,33.57,Debit Card,East,5.0,50.0,4.0,0,
ORD100467,CUST1373,Grocery,13/08/2025,302.56,1,0,14.32,Net Banking,Central,8.0,27.0,5.0,0,
ORD101492,CUST3654,toys,01/05/2026,50.0,1,0,166.8,Debit Card,East,5.0,37.0,4.0,0,
ORD105558,CUST4015,Sports,11-04-2024,1434.46,1,20,67.89,Cash on Delivery,North,2.0,32.0,5.0,1,Defective Product
ORD104170,CUST1750,Books,27/09/2024,339.97,1,15,122.86,UPI,East,7.0,42.0,1.0,1,Size Issue
ORD105190,CUST3852,Toys,03-13-2025,1087.17,2,25,117.06,UPI,East,6.0,39.0,5.0,0,
ORD104875,CUST2893,books,2025-08-23,390.2,4,20,24.13,UPI,North,3.0,47.0,4.0,0,
ORD103754,CUST2182,Fashion ,29/03/2026,1213.33,1,0,65.52,Debit Card,West,3.0,45.0,4.0,0,
ORD101888,CUST2086,Beauty,2025-07-11,1017.52,1,15,11.4,Credit Card,North,5.0,39.0,3.0,1,Wrong Item Delivered
ORD105766,CUST1874,Home & kitchen,2026-08-04,3120.08,1,10,96.76,Net Banking,West,5.0,27.0,5.0,0,
ORD103128,CUST3574,toys,10/03/2025,544.73,3,15,92.74,Credit Card,South,4.0,56.0,5.0,0,
ORD102487,CUST2413,grocery,08/04/2026,86.67,1,0,34.76,Debit Card,East,6.0,39.0,3.0,0,
ORD104630,CUST1098,Fashion ,06-30-2025,614.0,1,0,151.63,Debit Card,Central,6.0,25.0,3.0,0,
ORD100021,CUST1511,sports,20/07/2025,1326.76,2,15,23.67,UPI,South,3.0,35.0,4.0,1,Better Price Found
ORD105542,CUST3815,toys,04-08-2026,946.96,1,0,27.26,Debit Card,West,4.0,16.0,4.0,0,
ORD105908,CUST3457,sports,2026-08-16,20651.376694297694,3,0,153.42,Debit Card,South,5.0,16.0,4.0,0,
ORD105978,CUST3160,books,2026-06-04,609.39,2,10,61.44,Cash on Delivery,West,8.0,33.0,4.0,0,
ORD105773,CUST2849,Fashion ,05-19-2026,1333.33,1,0,35.18,Cash on Delivery,South,,46.0,4.0,0,
ORD103275,CUST1123, Beauty,16/07/2025,1016.62,1,0,27.57,Net Banking,North,3.0,48.0,4.0,1,Changed Mind
ORD102403,CUST3273,fashion,09-27-2025,951.0,2,0,21.85,Net Banking,Central,4.0,28.0,4.0,0,
ORD103592,CUST2586,grocery,2025-07-17,364.23,1,0,151.0,Debit Card,East,6.0,45.0,4.0,0,
ORD101314,CUST3392,Grocery,2025-02-25,200.61,2,5,46.64,Credit Card,North,6.0,45.0,1.0,0,
ORD104789,CUST4117,fashion,12-10-2025,1081.88,1,15,55.02,Cash on Delivery,Central,5.0,30.0,5.0,0,
ORD101047,CUST1777,toys,01-28-2026,535.35,2,25,40.63,Net Banking,East,5.0,36.0,5.0,0,
ORD103247,CUST3351,Grocery,03-29-2026,159.97,1,10,72.38,Cash on Delivery,Central,3.0,54.0,2.0,1,Defective Product
ORD105637,CUST3432,Beauty,02/08/2025,498.3,3,15,34.91,Net Banking,North,2.0,40.0,4.0,1,Changed Mind
ORD104066,CUST2609,Fashion,29/05/2025,1342.26,1,5,18.85,UPI,North,5.0,46.0,5.0,1,Size Issue
ORD100810,CUST2385,toys,2025-06-13,527.68,1,0,132.46,Cash on Delivery,Central,4.0,40.0,5.0,0,
ORD103741,CUST3096,ELECTRONICS,07-20-2026,9445.35,1,10,64.5,Debit Card,Central,3.0,49.0,4.0,0,
ORD102479,CUST2078,Electronics ,2026-04-21,7187.71,1,15,39.03,Net Banking,East,5.0,47.0,4.0,0,
ORD104203,CUST4264,Beauty,19/08/2026,596.2,2,25,37.7,Debit Card,East,4.0,38.0,5.0,0,
ORD101820,CUST4200,home & kitchen,2025-08-04,2276.69,2,0,179.16,Cash on Delivery,East,6.0,34.0,5.0,0,
ORD101368,CUST2947,Home & kitchen,29/05/2026,2776.58,1,10,86.4,Credit Card,North,5.0,57.0,2.0,0,
ORD102668,CUST3042,Beauty,13/05/2025,421.89,1,20,51.87,Cash on Delivery,North,9.0,47.0,5.0,0,
ORD101520,CUST1548,Grocery,19/10/2024,140.32,4,10,88.54,Cash on Delivery,West,6.0,55.0,3.0,0,
ORD104031,CUST1575,toys,01-30-2026,825.34,1,0,61.39,Credit Card,Central,2.0,,5.0,0,
ORD105748,CUST2429,Fashion,21/12/2025,1557.05,1,25,42.07,Cash on Delivery,Central,7.0,48.0,4.0,1,Defective Product
ORD101205,CUST2481,toys,2025-09-09,1215.72,1,10,46.02,UPI,East,,30.0,2.0,1,Changed Mind
ORD102332,CUST2233,Fashion ,04-27-2026,1067.62,1,5,22.6,Debit Card,Central,1.0,22.0,5.0,0,
ORD104722,CUST3552,books,08-03-2026,,1,0,152.57,Cash on Delivery,Central,3.0,24.0,4.0,0,
ORD103849,CUST1596,grocery,09/09/2024,464.25,1,15,34.38,Debit Card,South,8.0,16.0,4.0,1,Not as Described
ORD104226,CUST4321,home & kitchen,2026-02-22,1656.6,1,5,154.37,Net Banking,East,4.0,53.0,5.0,0,
ORD100955,CUST3777,beauty,01/05/2026,485.95,1,5,182.45,Cash on Delivery,North,5.0,,4.0,0,
ORD100859,CUST1663,toys,2025-09-08,909.66,1,15,130.69,Cash on Delivery,Central,2.0,55.0,5.0,1,Size Issue
ORD102033,CUST2880,home & kitchen,2026-05-03,1054.15,2,0,54.62,Cash on Delivery,Central,3.0,26.0,4.0,0,
ORD101315,CUST2710,toys,2025-10-16,758.58,1,15,174.29,Net Banking,East,1.0,34.0,5.0,0,
ORD102399,CUST3774,grocery,02/12/2024,320.59,1,25,132.64,Debit Card,Central,7.0,31.0,2.0,1,Size Issue
ORD105285,CUST1789,Electronics,10/01/2026,4651.74,2,10,37.94,Debit Card,Central,6.0,26.0,3.0,0,
ORD103904,CUST4145,Grocery,2025-03-10,395.96,1,5,77.0,UPI,North,6.0,,4.0,1,Changed Mind
ORD104872,CUST4192,Home & kitchen,22/08/2025,1715.7,3,15,125.41,Cash on Delivery,West,7.0,43.0,5.0,0,
ORD101366,CUST1174, Beauty,06-04-2026,602.41,2,10,24.02,Credit Card,East,2.0,37.0,5.0,0,
ORD103043,CUST4365,Home & kitchen,08/07/2025,2716.64,1,25,38.23,Net Banking,West,6.0,38.0,,1,Size Issue
ORD103924,CUST1487,Beauty,24/05/2026,381.76,1,15,47.73,Credit Card,West,6.0,51.0,5.0,1,Wrong Item Delivered
ORD104886,CUST2792,Home & kitchen,02-12-2025,3765.49,1,0,109.6,Net Banking,South,6.0,16.0,5.0,0,
ORD102506,CUST1681,Beauty,2024-12-04,411.56,1,5,54.59,Credit Card,South,4.0,22.0,5.0,1,Better Price Found
ORD100462,CUST4097,Electronics ,17/09/2024,7579.32,2,5,,Debit Card,Central,7.0,35.0,4.0,0,
ORD101573,CUST3107,Beauty,2025-03-02,978.48,1,15,32.04,Debit Card,North,6.0,35.0,1.0,0,
ORD100308,CUST2117, Beauty,2025-08-10,383.4,2,0,109.0,UPI,West,3.0,26.0,3.0,0,
ORD102121,CUST1537,Grocery,2025-01-29,286.13,2,0,15.71,Debit Card,North,3.0,59.0,4.0,0,
ORD100579,CUST1942,Sports,09/03/2026,3232.58,1,5,,UPI,East,4.0,37.0,3.0,0,
ORD104201,CUST2855,electronics,11-16-2025,11509.17,1,15,61.04,Credit Card,West,5.0,41.0,4.0,0,
ORD101705,CUST3032,Fashion ,11-20-2025,1201.84,2,10,44.22,Net Banking,North,6.0,23.0,4.0,0,
ORD103786,CUST2481,Grocery,10-30-2025,,1,30,91.96,Net Banking,Central,3.0,30.0,1.0,1,Not as Described
ORD104646,CUST2234,Grocery,2025-07-08,312.26,1,0,58.8,Net Banking,North,3.0,43.0,5.0,0,
ORD102994,CUST3704,electronics,06/10/2024,8838.35,1,15,84.07,Net Banking,South,7.0,39.0,4.0,1,Not as Described
ORD102037,CUST1030, Beauty,10-20-2025,924.61,1,10,44.55,Net Banking,East,5.0,32.0,5.0,0,
ORD101948,CUST4497,Fashion ,2025-06-03,886.93,1,15,52.05,Cash on Delivery,West,6.0,45.0,5.0,0,
ORD104755,CUST2544,home & kitchen,25/06/2025,1700.92,1,10,112.05,Debit Card,East,4.0,36.0,4.0,0,
ORD102095,CUST1648,Sports,10-14-2025,144.72,2,20,52.99,Cash on Delivery,North,5.0,45.0,,0,
ORD100870,CUST1909,Fashion ,2024-10-25,1605.2,2,10,9.66,UPI,West,6.0,45.0,4.0,0,
ORD104856,CUST1717,Toys,04-03-2026,737.02,1,0,62.72,Credit Card,West,6.0,35.0,4.0,0,
ORD105343,CUST3993,Grocery,12-26-2025,225.28,1,15,50.57,Cash on Delivery,Central,4.0,37.0,4.0,1,Wrong Item Delivered
ORD103049,CUST3322,ELECTRONICS,02/03/2025,8178.82,1,0,41.17,Cash on Delivery,East,6.0,30.0,5.0,0,
ORD105986,CUST1192,sports,08-14-2025,1901.29,1,15,24.43,Credit Card,North,8.0,46.0,1.0,0,
ORD102656,CUST2422,Sports,2024-09-11,1661.96,2,25,70.25,UPI,Central,5.0,41.0,4.0,0,
ORD100473,CUST4332,fashion,10/07/2026,517.25,2,0,16.91,Credit Card,Central,3.0,45.0,1.0,0,
ORD103502,CUST3214,home & kitchen,10-04-2024,1116.01,1,25,13.25,Cash on Delivery,Central,1.0,17.0,5.0,0,
ORD104357,CUST1564,books,04-20-2025,421.65,1,0,156.82,UPI,East,4.0,22.0,1.0,0,
ORD100976,CUST3921,Electronics,2024-12-23,6378.94,2,0,30.26,Net Banking,Central,4.0,,5.0,1,Late Delivery
ORD103352,CUST3916,Books,2026-02-04,496.71,1,5,88.21,UPI,North,3.0,17.0,2.0,0,
ORD100957,CUST1966,Fashion ,19/11/2024,337.79,2,5,22.39,UPI,North,5.0,52.0,5.0,0,
ORD103699,CUST1607,Toys,04-29-2026,738.24,1,15,103.46,Cash on Delivery,West,7.0,39.0,4.0,0,
ORD101340,CUST3259,fashion,08-23-2024,973.94,1,0,,UPI,Central,2.0,50.0,5.0,0,
ORD101822,CUST2590,Grocery,2025-08-21,281.6,1,10,33.02,Cash on Delivery,Central,4.0,46.0,5.0,1,Size Issue
ORD102329,CUST2321,fashion,2024-12-09,1183.65,1,0,181.62,Credit Card,Central,4.0,,5.0,0,
ORD101929,CUST3707,Grocery,07-29-2025,225.08,1,0,104.0,Cash on Delivery,North,6.0,43.0,3.0,1,Better Price Found
ORD103880,CUST2752,Electronics,12/06/2025,5250.38,2,25,149.43,Debit Card,East,4.0,16.0,4.0,0,
ORD105071,CUST2401,toys,03-09-2025,815.51,1,30,53.81,Net Banking,Central,,44.0,4.0,1,Size Issue
ORD105076,CUST3725,books,07-18-2026,519.78,1,25,79.24,Net Banking,Central,5.0,30.0,5.0,1,Size Issue
ORD100353,CUST3072,Sports,2025-05-16,611.97,2,0,48.33,Credit Card,South,6.0,52.0,5.0,0,
ORD101445,CUST4144,sports,12-28-2024,2099.03,1,20,70.43,Cash on Delivery,North,7.0,27.0,5.0,0,
ORD102726,CUST1107,Fashion,09-23-2025,999.41,1,15,69.19,Cash on Delivery,East,2.0,36.0,5.0,0,
ORD105661,CUST2640,,2026-02-13,,1,10,256.31,Credit Card,East,6.0,22.0,4.0,0,
ORD104256,CUST3555,books,12-21-2025,505.38,1,25,86.4,Credit Card,South,8.0,41.0,5.0,0,
ORD103200,CUST1611,Home & Kitchen,2025-05-04,814.78,1,0,80.04,Debit Card,Central,6.0,49.0,5.0,0,
ORD104600,CUST3409,Books,2024-12-25,380.47,2,10,50.82,Debit Card,South,6.0,43.0,5.0,0,
ORD105280,CUST3771,books,07-10-2026,345.37,1,5,67.91,UPI,Central,6.0,21.0,4.0,0,
ORD101385,CUST2416,Toys,02-14-2026,1041.85,1,20,67.51,Net Banking,North,6.0,39.0,5.0,0,
ORD105272,CUST1549,Beauty,2025-01-23,490.51,1,25,120.37,Credit Card,East,4.0,24.0,4.0,0,
ORD103721,CUST3078,Grocery,22/09/2025,4266.588243606561,2,5,69.72,Cash on Delivery,North,4.0,43.0,,0,
ORD100501,CUST1592,Grocery,07-18-2025,245.2,1,5,,Credit Card,South,5.0,16.0,4.0,0,
ORD103524,CUST1467,sports,04-08-2026,607.97,2,10,16.85,Debit Card,South,1.0,26.0,5.0,0,
ORD105325,CUST3894,home & kitchen,06/11/2025,2571.84,1,20,74.76,Debit Card,East,4.0,16.0,4.0,0,
ORD105612,CUST3017,ELECTRONICS,09-16-2025,8265.4,1,0,152.6,Credit Card,Central,4.0,23.0,5.0,0,
ORD102104,CUST3175,toys,2026-02-23,1004.9,2,0,84.99,UPI,East,5.0,42.0,4.0,0,
ORD102233,CUST2853,grocery,11/05/2025,273.89,1,10,43.8,UPI,North,6.0,24.0,1.0,0,
ORD105723,CUST2147,Books,12-15-2024,275.4,1,10,127.08,Credit Card,East,5.0,37.0,4.0,0,
ORD101007,CUST1674,sports,2024-12-08,1879.68,1,5,13.82,Cash on Delivery,South,6.0,27.0,3.0,0,
ORD105783,CUST2789,Toys,07-25-2026,1178.57,1,15,56.71,Cash on Delivery,North,4.0,49.0,1.0,1,Better Price Found
ORD104599,CUST3314,electronics,30/12/2025,5614.24,1,0,49.42,Debit Card,North,3.0,47.0,5.0,0,
ORD102171,CUST2098,Sports,2026-07-18,2215.02,1,10,47.26,Credit Card,Central,4.0,36.0,5.0,0,
ORD103216,CUST2817,toys,2026-06-17,1264.82,1,5,48.76,Debit Card,West,6.0,39.0,3.0,1,Wrong Item Delivered
ORD105673,CUST4189,sports,2025-05-11,1041.37,1,15,71.13,Credit Card,South,5.0,32.0,4.0,0,
ORD104450,CUST1483,Toys,2026-05-12,1202.5,1,30,180.47,Cash on Delivery,West,,44.0,,0,
ORD101318,CUST2006,Fashion,2025-10-09,1456.87,1,10,157.85,Net Banking,Central,6.0,39.0,4.0,0,
ORD103982,CUST2946, Beauty,27/03/2026,998.69,1,30,171.95,UPI,Central,5.0,39.0,,1,Not as Described
ORD104429,CUST1431,Fashion,02-09-2026,1149.46,1,10,13.77,UPI,Central,4.0,,1.0,0,
ORD101475,CUST3356,Grocery,2025-10-17,420.27,3,10,171.0,Debit Card,East,3.0,21.0,4.0,0,
ORD100679,CUST2858,Sports,2025-09-10,1182.75,1,10,48.23,Credit Card,North,4.0,16.0,5.0,1,Changed Mind
ORD104829,CUST1954,Electronics ,14/03/2025,7291.32,2,0,6.02,Debit Card,South,3.0,36.0,5.0,0,
ORD103926,CUST2812,Toys,2026-05-04,694.02,2,25,172.02,Cash on Delivery,East,4.0,16.0,1.0,1,Defective Product
ORD100380,CUST4105,,11/08/2025,336.84,1,20,99.41,Cash on Delivery,Central,1.0,,5.0,1,Not as Described
ORD105054,CUST4169,fashion,28/10/2024,1047.8,2,0,97.9,Cash on Delivery,East,5.0,54.0,4.0,1,Better Price Found
ORD104163,CUST3117,Toys,06-27-2026,,1,0,103.81,Net Banking,South,6.0,36.0,4.0,1,Better Price Found
ORD101882,CUST4052,toys,2024-11-29,725.14,1,0,86.08,Cash on Delivery,West,7.0,37.0,3.0,0,
ORD100477,CUST2655,electronics,2026-07-29,,1,10,38.81,Credit Card,West,3.0,18.0,4.0,0,
ORD105550,CUST1084,books,2025-05-22,457.52,1,0,37.23,Debit Card,West,4.0,28.0,4.0,0,
ORD102382,CUST2595,Home & kitchen,04-07-2025,2463.59,1,0,46.9,Credit Card,South,2.0,29.0,5.0,0,
ORD105854,CUST1698,Electronics ,08/04/2025,13064.79,1,5,27.35,Net Banking,East,7.0,35.0,3.0,0,
ORD102359,CUST2214,beauty,08-09-2025,902.36,1,15,37.43,Cash on Delivery,South,4.0,33.0,4.0,0,
ORD100425,CUST2250,beauty,12/08/2026,,1,10,9.56,Credit Card,North,6.0,25.0,4.0,1,Size Issue
ORD104717,CUST2386,Beauty,27/05/2026,739.17,1,0,,Debit Card,West,3.0,20.0,4.0,0,
ORD102255,CUST1017,ELECTRONICS,24/07/2026,13922.14,1,0,96.52,UPI,Central,4.0,32.0,4.0,0,
ORD101333,CUST1947,Electronics,26/04/2026,3086.2,3,5,,Cash on Delivery,North,1.0,47.0,5.0,0,
ORD100199,CUST4069,fashion,2026-07-31,1349.11,1,0,55.89,Credit Card,West,3.0,33.0,1.0,0,
ORD104472,CUST4414,Electronics ,04-20-2026,8654.6,1,0,103.91,Cash on Delivery,East,3.0,,5.0,0,
ORD101938,CUST1396, Beauty,2026-01-10,788.96,1,0,33.83,Credit Card,South,4.0,36.0,3.0,0,
ORD100143,CUST4492,toys,02/08/2025,987.12,1,25,38.39,UPI,East,4.0,56.0,4.0,0,
ORD103820,CUST3257,toys,11/09/2025,468.07,1,25,42.19,Net Banking,West,2.0,34.0,4.0,0,
ORD104345,CUST4447,Grocery,2026-03-26,337.62,2,30,90.25,Cash on Delivery,West,7.0,48.0,3.0,1,Late Delivery
ORD105588,CUST3559,grocery,2026-01-03,296.94,1,0,95.96,Cash on Delivery,North,5.0,18.0,3.0,0,
ORD100304,CUST4423,ELECTRONICS,05-04-2026,4856.87,1,25,29.62,Debit Card,Central,6.0,37.0,3.0,1,Not as Described
ORD101454,CUST1631,Electronics,2025-02-19,50.0,2,0,145.17,UPI,East,4.0,17.0,5.0,0,
ORD100911,CUST1424,electronics,12/12/2025,12799.71,3,10,62.57,Debit Card,South,4.0,55.0,4.0,0,
ORD105621,CUST3287,Toys,08-31-2024,1257.64,1,0,98.78,Debit Card,Central,6.0,32.0,3.0,0,
ORD102596,CUST2130,fashion,10-21-2024,825.92,1,30,185.8,Credit Card,Central,3.0,27.0,4.0,0,
ORD102309,CUST2280,toys,2026-08-02,648.71,2,20,82.62,UPI,East,4.0,37.0,5.0,1,Late Delivery
ORD102112,CUST2191,Home & Kitchen,09-21-2024,1509.74,1,0,31.86,Net Banking,North,5.0,28.0,5.0,0,
ORD100374,CUST2394,Sports,03-25-2026,937.96,1,0,230.95,Net Banking,Central,7.0,24.0,,0,
ORD100593,CUST2498,home & kitchen,2026-03-16,4247.24,1,0,73.87,UPI,East,4.0,25.0,4.0,0,
ORD103570,CUST1654,Home & kitchen,08-17-2025,2846.54,1,30,188.01,Debit Card,North,5.0,34.0,4.0,1,Defective Product
ORD103533,CUST4248,ELECTRONICS,2026-04-22,5950.29,1,15,23.22,UPI,East,2.0,41.0,4.0,0,
ORD101288,CUST2099,sports,01-05-2025,2249.74,1,0,41.47,Net Banking,North,6.0,24.0,5.0,0,
ORD101655,CUST1841,Fashion ,05-21-2026,1300.14,1,30,77.89,UPI,West,4.0,31.0,4.0,0,
ORD104765,CUST2298,books,30/03/2026,,1,25,25.15,UPI,North,3.0,36.0,4.0,1,Defective Product
ORD102131,CUST3825,sports,02/09/2024,1864.04,1,25,84.0,Cash on Delivery,South,2.0,28.0,,0,
ORD100765,CUST2270,fashion,2025-06-04,835.08,1,0,138.07,Cash on Delivery,Central,1.0,29.0,5.0,0,
ORD105951,CUST1594,Fashion ,05-17-2025,2027.81,1,0,15.63,UPI,Central,5.0,38.0,4.0,0,
ORD105211,CUST1214,grocery,28/12/2024,263.88,1,10,69.73,Credit Card,Central,5.0,28.0,4.0,0,
ORD100146,CUST1280, Beauty,03/05/2026,1095.36,2,5,92.94,UPI,Central,6.0,41.0,5.0,0,
ORD100394,CUST3194,Fashion,14/11/2024,1162.52,1,5,64.75,UPI,East,6.0,22.0,3.0,1,Defective Product
ORD102995,CUST4490,books,2025-03-05,204.77,1,0,86.66,Net Banking,South,3.0,,5.0,0,
ORD103808,CUST2484,Electronics ,2026-01-11,8451.79,1,0,110.6,Net Banking,North,3.0,32.0,1.0,1,Size Issue
ORD100045,CUST1864,books,2025-03-02,304.47,1,0,64.21,Debit Card,South,5.0,34.0,4.0,0,
ORD103494,CUST2224,Sports,2025-12-14,2547.02,1,15,41.36,Debit Card,East,8.0,38.0,3.0,0,
ORD105358,CUST1921,toys,05/09/2025,1014.29,1,20,65.18,Cash on Delivery,Central,5.0,35.0,4.0,1,Not as Described
ORD103336,CUST1631,electronics,2026-04-25,10623.64,2,0,24.68,Credit Card,Central,4.0,34.0,3.0,0,
ORD104417,CUST2838,Toys,07-08-2026,493.91,2,15,50.94,UPI,Central,6.0,23.0,5.0,0,
ORD102159,CUST3639,toys,11/06/2026,813.6,1,10,51.3,Debit Card,Central,2.0,16.0,5.0,0,
ORD101957,CUST3798,Home & kitchen,2025-06-24,3306.47,3,5,9.77,Debit Card,West,3.0,37.0,4.0,0,
ORD102184,CUST3778,home & kitchen,28/03/2026,2834.36,2,25,27.48,Debit Card,North,3.0,43.0,5.0,1,Size Issue
ORD104602,CUST3334,Electronics,2024-11-20,9049.72,1,15,89.38,UPI,North,3.0,25.0,5.0,0,
ORD105947,CUST4313,Fashion ,2024-11-10,1375.73,2,25,120.59,Cash on Delivery,West,2.0,42.0,5.0,0,
ORD104937,CUST3584,,13/04/2025,206.18,1,20,260.08,Net Banking,North,7.0,41.0,1.0,1,Late Delivery
ORD103497,CUST3591,home & kitchen,2025-08-09,527.22,1,5,21.91,Debit Card,South,6.0,38.0,5.0,0,
ORD102071,CUST2374,Beauty,12/07/2026,,1,15,12.23,Cash on Delivery,West,3.0,37.0,3.0,0,
ORD101367,CUST3835,Toys,02/02/2025,1085.64,2,0,176.37,Net Banking,Central,4.0,43.0,4.0,0,
ORD103095,CUST2858,Sports,06/09/2024,3028.99,1,0,86.32,UPI,South,4.0,33.0,1.0,1,Not as Described
ORD102364,CUST1030,books,2025-09-16,203.49,1,0,36.53,Net Banking,West,5.0,34.0,1.0,0,
ORD105943,CUST2678,Home & Kitchen,02-19-2025,1751.02,2,5,42.48,Cash on Delivery,West,4.0,16.0,4.0,0,
ORD100930,CUST2359,Electronics ,2026-05-13,5836.88,1,0,63.72,Net Banking,West,5.0,42.0,4.0,0,
ORD103512,CUST3373,Books,12-05-2024,7438.899390716683,1,0,,Net Banking,South,1.0,31.0,5.0,0,
ORD102975,CUST3543,Beauty,02-12-2025,898.86,1,15,77.76,Credit Card,West,5.0,36.0,5.0,1,Defective Product
ORD104559,CUST4083,Electronics,11-26-2025,6235.06,1,0,48.39,Debit Card,South,3.0,35.0,4.0,1,Changed Mind
ORD103141,CUST2865,home & kitchen,10-03-2025,2333.83,1,25,98.17,Cash on Delivery,West,6.0,30.0,5.0,0,
ORD105288,CUST1671,books,08-27-2025,50.0,1,5,78.65,Debit Card,East,1.0,42.0,5.0,0,
ORD102581,CUST3967,ELECTRONICS,07/11/2025,5288.92,1,25,137.1,Debit Card,South,7.0,36.0,5.0,0,
ORD100606,CUST1057,books,19/03/2026,474.34,1,0,41.66,Debit Card,South,5.0,59.0,5.0,1,Changed Mind
ORD100074,CUST3079,Books,2026-04-26,425.46,1,5,80.32,UPI,East,5.0,28.0,5.0,0,
ORD104654,CUST1043,electronics,14/12/2025,8467.76,1,5,58.78,UPI,North,1.0,27.0,5.0,0,
ORD101322,CUST3963,grocery,2025-08-11,261.05,1,25,85.57,Net Banking,South,6.0,40.0,5.0,0,
ORD104800,CUST2843,toys,19/01/2025,815.89,1,0,76.76,UPI,South,3.0,49.0,4.0,0,
ORD100113,CUST2683,Grocery,04/05/2025,231.83,2,25,94.69,UPI,West,4.0,24.0,5.0,0,
ORD103913,CUST3547,fashion,2024-12-08,461.71,1,10,62.73,UPI,East,8.0,40.0,5.0,0,
ORD100986,CUST1497,toys,25/08/2025,477.86,1,5,44.6,UPI,Central,7.0,33.0,1.0,0,
ORD105605,CUST3024,books,03/05/2025,504.95,2,30,99.87,Cash on Delivery,East,7.0,16.0,5.0,1,Not as Described
ORD100222,CUST2087,books,2024-12-27,357.55,1,0,,Debit Card,West,8.0,42.0,1.0,0,
ORD101992,CUST3985,toys,04-10-2025,1765.87,2,10,11.66,Credit Card,West,7.0,23.0,5.0,1,Better Price Found
ORD105224,CUST2127,Books,2025-12-07,196.45,1,0,43.93,Debit Card,South,4.0,44.0,4.0,0,
ORD104131,CUST2514,fashion,06-13-2026,1517.65,1,5,100.36,UPI,North,8.0,41.0,5.0,0,
ORD105135,CUST2363,Books,03-23-2026,426.62,2,25,68.94,Debit Card,North,7.0,34.0,4.0,0,
ORD101761,CUST4280,Sports,03/05/2026,1896.76,1,15,69.2,UPI,East,7.0,32.0,5.0,0,
ORD104443,CUST3822,Toys,08-17-2026,878.88,1,0,19.36,UPI,West,5.0,,5.0,1,Size Issue
ORD104263,CUST2617,Electronics ,2024-09-01,11743.89,1,15,19.73,UPI,East,7.0,16.0,4.0,1,Changed Mind
ORD104180,CUST1739,Grocery,15/05/2026,154.06,1,0,50.81,UPI,East,9.0,32.0,5.0,0,
ORD104212,CUST4491,beauty,23/10/2024,497.64,1,30,75.94,Net Banking,West,6.0,16.0,3.0,0,
ORD104043,CUST1892,sports,07-03-2026,1921.18,1,0,47.18,Credit Card,West,3.0,42.0,5.0,1,Size Issue
ORD103456,CUST2362, Beauty,05-25-2025,412.44,1,5,115.8,Cash on Delivery,Central,8.0,32.0,4.0,0,
ORD100530,CUST1590,sports,08-30-2024,1796.5,1,0,147.92,Debit Card,West,5.0,34.0,4.0,0,
ORD102590,CUST1137,Sports,03-16-2025,1684.73,1,0,20.32,Net Banking,West,7.0,16.0,,1,Better Price Found
ORD103954,CUST2248,grocery,10-05-2024,291.59,4,30,25.05,Credit Card,Central,5.0,38.0,5.0,0,
ORD103630,CUST3880,toys,2025-03-29,1065.77,1,5,16.42,,South,3.0,61.0,4.0,0,
ORD102521,CUST2857,beauty,26/04/2025,1056.3,2,0,58.02,Debit Card,North,7.0,16.0,5.0,0,
ORD103051,CUST3815,Toys,04/02/2025,1137.03,2,30,54.61,UPI,West,4.0,28.0,4.0,0,
ORD105821,CUST4461,toys,05-24-2025,625.19,1,5,33.16,Cash on Delivery,East,5.0,45.0,3.0,0,
ORD104983,CUST2275,Home & Kitchen,30/01/2026,3077.0,1,10,24.34,UPI,Central,5.0,36.0,1.0,0,
ORD105047,CUST4181,grocery,11-27-2025,175.83,3,15,36.1,Credit Card,East,6.0,23.0,4.0,0,
ORD105592,CUST2087,Electronics,15/05/2025,6322.66,1,0,69.03,Debit Card,North,1.0,32.0,5.0,0,
ORD105163,CUST3785,Beauty,26/01/2025,961.52,1,10,33.43,Cash on Delivery,South,6.0,47.0,2.0,1,Better Price Found
ORD105816,CUST4133,fashion,05/09/2025,1360.9,1,5,58.56,Net Banking,East,7.0,32.0,5.0,0,
ORD103204,CUST3480,home & kitchen,12-18-2024,1222.92,1,10,71.85,Credit Card,Central,5.0,29.0,4.0,0,
ORD104696,CUST3555,Toys,02-03-2025,1029.5,3,20,79.97,Cash on Delivery,South,7.0,20.0,5.0,0,
ORD101779,CUST2016,Grocery,10-24-2024,426.72,1,25,5.67,Credit Card,South,3.0,24.0,5.0,1,Size Issue
ORD101025,CUST3039,Electronics ,2025-11-29,8158.68,2,15,51.74,UPI,West,4.0,35.0,4.0,0,
ORD103778,CUST4417,books,2026-07-18,494.51,4,25,55.33,,Central,2.0,45.0,5.0,1,Better Price Found
ORD100081,CUST4406,electronics,23/05/2026,11556.35,1,0,32.7,UPI,East,4.0,19.0,4.0,0,
ORD104645,CUST4286,toys,2024-11-20,970.96,2,10,201.04,Net Banking,North,5.0,29.0,4.0,0,
ORD102030,CUST3919,Toys,07-09-2026,772.0,1,0,180.05,Cash on Delivery,East,7.0,41.0,5.0,0,
ORD104054,CUST2506,Beauty,08-01-2025,934.15,1,20,67.38,UPI,South,6.0,32.0,4.0,0,
ORD101792,CUST3811,home & kitchen,06-07-2025,2723.41,1,0,24.27,Cash on Delivery,East,7.0,23.0,5.0,0,
ORD102716,CUST2487,beauty,12/03/2026,1097.93,1,0,51.85,UPI,South,7.0,48.0,2.0,0,
ORD103819,CUST4465,toys,2026-07-16,777.63,1,10,32.78,Credit Card,East,9.0,29.0,4.0,1,Size Issue
ORD102673,CUST3358,Fashion,10/10/2025,78.56,1,10,141.1,Cash on Delivery,Central,5.0,38.0,5.0,0,
ORD105891,CUST1580,Beauty,2024-11-16,950.23,1,15,120.87,UPI,North,2.0,35.0,3.0,0,
ORD103501,CUST2592,Home & Kitchen,02-09-2025,1470.78,1,0,44.55,Net Banking,East,3.0,16.0,5.0,0,
ORD102563,CUST3272,electronics,05-16-2025,6396.4,1,0,35.02,,East,3.0,16.0,5.0,0,
ORD103402,CUST1863,Fashion,2025-11-28,960.03,2,5,186.15,Credit Card,South,3.0,24.0,5.0,0,
ORD105992,CUST1042,home & kitchen,2024-09-22,2245.83,1,20,39.8,Cash on Delivery,West,4.0,37.0,5.0,0,
ORD101956,CUST1174,books,2025-01-06,733.25,2,10,,UPI,North,5.0,24.0,4.0,1,Better Price Found
ORD103869,CUST4118,books,2025-06-12,591.65,1,15,116.68,UPI,South,2.0,36.0,4.0,0,
ORD104136,CUST3921,electronics,2026-01-03,11448.94,1,20,49.26,UPI,South,5.0,31.0,2.0,0,
ORD105767,CUST1093,beauty,09-27-2024,693.13,1,10,92.61,Credit Card,West,2.0,40.0,4.0,0,
ORD105356,CUST1690,grocery,2025-11-05,425.62,1,20,39.71,Net Banking,Central,8.0,50.0,4.0,0,
ORD103136,CUST2707,Home & Kitchen,23/09/2024,3113.23,3,0,33.37,Cash on Delivery,North,3.0,,4.0,0,
ORD100311,CUST2656,Books,2025-12-28,421.54,1,0,114.6,Cash on Delivery,South,7.0,41.0,4.0,0,
ORD101631,CUST4301,toys,10-23-2024,990.75,2,25,223.19,Cash on Delivery,Central,5.0,45.0,4.0,0,
ORD104260,CUST3474,Home & kitchen,15/10/2024,3093.55,2,10,16.36,UPI,Central,3.0,29.0,3.0,0,
ORD102067,CUST1399,books,2024-12-29,475.65,2,5,46.73,Debit Card,West,2.0,46.0,5.0,0,
ORD101426,CUST1800,Fashion ,2025-10-27,1439.86,1,15,51.7,Net Banking,East,8.0,51.0,5.0,0,
ORD102002,CUST3329,Electronics ,2026-05-03,6654.82,1,5,88.22,UPI,North,3.0,32.0,4.0,1,Late Delivery
ORD104453,CUST3289,sports,11/12/2024,1392.83,4,0,19.21,UPI,East,1.0,45.0,5.0,0,
ORD103810,CUST1588,Books,2025-05-03,507.54,2,0,86.91,Cash on Delivery,Central,4.0,33.0,4.0,0,
ORD104861,CUST1391,Fashion,11/01/2026,,1,5,198.59,Net Banking,West,5.0,39.0,4.0,0,
ORD102337,CUST4220,electronics,03/09/2025,5142.72,1,10,105.04,Credit Card,Central,4.0,27.0,3.0,0,
ORD102440,CUST1719,beauty,2025-09-26,838.91,1,5,73.4,Net Banking,South,3.0,43.0,5.0,1,Changed Mind
ORD100128,CUST2664,Fashion ,2025-02-07,1787.73,1,25,126.72,UPI,Central,6.0,38.0,5.0,0,
ORD101009,CUST3125,toys,01-30-2025,1037.01,1,15,210.65,Debit Card,North,5.0,27.0,4.0,0,
ORD101813,CUST2145, Beauty,2024-10-02,824.06,1,15,179.72,Cash on Delivery,West,1.0,,5.0,0,
ORD101290,CUST1298,Books,2025-11-02,361.43,1,30,97.03,Cash on Delivery,West,7.0,33.0,3.0,0,
ORD103873,CUST2180,Electronics ,2025-05-10,7421.24,3,25,61.98,Cash on Delivery,South,6.0,,5.0,0,
ORD102771,CUST4043,Electronics ,15/03/2025,7690.27,1,0,205.61,UPI,South,4.0,21.0,5.0,0,
ORD100201,CUST4276,Toys,13/05/2026,865.49,1,15,40.09,UPI,West,2.0,40.0,4.0,1,Size Issue
ORD105448,CUST2168,beauty,11/04/2025,410.79,1,30,54.38,Net Banking,Central,6.0,38.0,3.0,0,
ORD105959,CUST1421,ELECTRONICS,09-08-2025,3801.84,3,15,50.81,Cash on Delivery,West,3.0,25.0,4.0,0,
ORD100954,CUST1584,sports,16/07/2026,788.06,1,0,89.21,UPI,South,6.0,41.0,4.0,0,
ORD102418,CUST3251,Fashion,07-22-2025,1287.2,1,25,104.09,Cash on Delivery,East,3.0,33.0,2.0,1,Defective Product
ORD104020,CUST2137,Home & Kitchen,19/03/2026,3673.4,1,0,7.78,Credit Card,East,7.0,29.0,1.0,0,
ORD100829,CUST3156,home & kitchen,2026-08-17,3303.28,2,10,108.81,Cash on Delivery,North,4.0,40.0,5.0,0,
ORD102361,CUST1337, Beauty,10/04/2025,751.61,1,20,45.12,Net Banking,North,2.0,37.0,4.0,0,
ORD103907,CUST1551,grocery,03/02/2025,252.15,1,0,51.86,UPI,North,3.0,19.0,5.0,0,
ORD100970,CUST2066,toys,26/02/2025,1362.37,1,10,65.12,Cash on Delivery,East,6.0,31.0,3.0,0,
ORD100202,CUST2688,Home & Kitchen,04-03-2026,2908.13,1,5,64.84,Net Banking,Central,3.0,25.0,5.0,0,
ORD100982,CUST4487,Home & kitchen,06-01-2026,3252.66,1,0,117.87,Debit Card,North,10.0,24.0,4.0,0,
ORD103696,CUST2064,Home & Kitchen,12-22-2024,1771.65,2,5,30.88,UPI,West,7.0,39.0,5.0,0,
ORD103318,CUST2410,Electronics,25/01/2026,11136.53,1,15,54.72,Debit Card,North,5.0,33.0,5.0,0,
ORD102380,CUST2847,Toys,2025-06-12,602.36,1,10,,UPI,East,6.0,55.0,3.0,1,Changed Mind
ORD102486,CUST2445,Books,31/08/2025,218.02,4,5,69.88,Debit Card,Central,1.0,30.0,3.0,0,
ORD105042,CUST3697,Toys,27/07/2026,860.63,1,0,71.32,Debit Card,North,6.0,42.0,4.0,0,
ORD103097,CUST2862,Sports,2026-06-04,2198.94,1,0,62.67,Debit Card,North,6.0,24.0,3.0,0,
ORD105571,CUST1004,beauty,06-18-2025,644.64,1,0,74.87,Cash on Delivery,North,8.0,48.0,1.0,0,
ORD103089,CUST3646,Electronics,2025-07-23,8911.81,1,30,34.54,UPI,Central,5.0,47.0,3.0,1,Better Price Found
ORD101187,CUST3837,Fashion,09/12/2025,1309.73,1,0,132.97,Credit Card,Central,4.0,28.0,4.0,0,
ORD104447,CUST2985,home & kitchen,23/08/2025,2436.76,1,25,89.71,Debit Card,West,6.0,50.0,4.0,0,
ORD103919,CUST2071,toys,12/08/2025,200.68,1,10,45.43,Credit Card,West,2.0,36.0,3.0,0,
ORD101595,CUST3600,Home & Kitchen,07-30-2026,2809.07,4,20,17.42,Credit Card,North,2.0,23.0,5.0,1,Not as Described
ORD104092,CUST2022,Home & kitchen,2024-11-08,2706.08,2,10,36.72,Credit Card,East,6.0,,1.0,0,
ORD100042,CUST1229,beauty,03/03/2026,497.75,1,20,51.41,Debit Card,North,5.0,28.0,2.0,0,
ORD101756,CUST3610,Toys,23/08/2025,972.62,1,10,133.18,Cash on Delivery,Central,4.0,24.0,5.0,0,
ORD103347,CUST3261,Fashion ,26/08/2025,828.95,1,10,25.23,UPI,Central,3.0,45.0,4.0,0,
ORD105566,CUST3570,grocery,01-06-2026,412.75,2,0,212.13,Debit Card,South,3.0,,5.0,1,Wrong Item Delivered
ORD101273,CUST3148,Fashion,05-24-2025,1679.21,1,30,65.87,Net Banking,South,3.0,30.0,1.0,0,
ORD102182,CUST2704,Home & Kitchen,13/12/2024,3161.58,1,5,309.4,Credit Card,South,6.0,24.0,1.0,0,
ORD100574,CUST2124,beauty,12-13-2025,411.64,1,30,211.8,Debit Card,East,5.0,23.0,5.0,1,Defective Product
ORD101920,CUST1223,Electronics,12/08/2025,10186.83,1,5,67.59,Net Banking,East,3.0,24.0,3.0,1,Wrong Item Delivered
ORD105696,CUST3401,Grocery,2025-05-25,468.23,1,5,87.14,Net Banking,South,7.0,35.0,1.0,1,Changed Mind
ORD100856,CUST2804,Beauty,07-12-2026,593.24,2,10,88.65,Credit Card,Central,2.0,16.0,2.0,0,
ORD101808,CUST1608,Electronics,2025-03-11,7209.53,1,25,128.68,Net Banking,South,4.0,43.0,5.0,0,
ORD102620,CUST2974,sports,11/05/2026,2077.62,2,0,178.07,Net Banking,West,2.0,29.0,5.0,1,Not as Described
ORD101846,CUST1719,Grocery,19/09/2025,82.62,1,30,68.82,Debit Card,West,6.0,26.0,1.0,0,
ORD104034,CUST4395,sports,09-04-2025,2077.56,1,0,67.64,Credit Card,South,6.0,39.0,5.0,0,
ORD104199,CUST2349,books,12-13-2025,230.48,3,20,80.9,Credit Card,North,5.0,33.0,5.0,0,
ORD104758,CUST4078,Fashion ,2024-10-19,1794.1,1,0,,UPI,West,4.0,48.0,3.0,0,
ORD102458,CUST2625,,2025-08-27,746.77,1,0,86.64,Cash on Delivery,Central,5.0,35.0,5.0,0,
ORD100988,CUST4237,beauty,11-28-2024,632.71,1,0,45.73,Credit Card,West,3.0,39.0,5.0,1,Changed Mind
ORD105456,CUST4036,Books,18/04/2025,473.9,1,0,87.12,Debit Card,South,6.0,30.0,,0,
ORD101433,CUST1557,home & kitchen,01/08/2026,3072.67,1,10,,Cash on Delivery,North,3.0,21.0,5.0,0,
ORD104480,CUST2619,electronics,29/05/2025,9322.37,1,20,,Net Banking,Central,4.0,25.0,,0,
ORD104152,CUST2389,sports,08-14-2025,628.49,3,0,36.3,Net Banking,East,5.0,34.0,5.0,0,
ORD100711,CUST4143,grocery,04-28-2026,284.36,1,10,96.53,UPI,North,3.0,25.0,4.0,0,
ORD102372,CUST1295,Home & Kitchen,04-08-2026,1591.71,1,10,82.27,UPI,North,4.0,27.0,3.0,1,Size Issue
ORD103850,CUST2136,Sports,2026-04-29,1556.35,2,0,72.33,Credit Card,South,6.0,24.0,4.0,1,Changed Mind
ORD104451,CUST2865,Electronics ,08/01/2026,6740.73,2,15,,Net Banking,East,6.0,40.0,4.0,0,
ORD103565,CUST4155,Home & Kitchen,26/01/2025,2708.27,2,10,127.78,Credit Card,West,6.0,39.0,3.0,0,
ORD101018,CUST3478,sports,11-18-2025,2168.56,1,30,82.27,Cash on Delivery,East,8.0,42.0,3.0,0,
ORD103887,CUST3697,toys,05/07/2025,830.03,1,5,67.95,Cash on Delivery,West,1.0,31.0,4.0,0,
ORD103296,CUST3915,fashion,02-10-2026,978.38,1,25,24.16,Cash on Delivery,West,4.0,16.0,5.0,0,
ORD102963,CUST2496,grocery,17/06/2025,197.02,1,5,39.55,Credit Card,East,2.0,30.0,4.0,0,
ORD104403,CUST3215,Home & kitchen,2025-09-03,2760.38,2,0,,Cash on Delivery,North,5.0,28.0,4.0,1,Late Delivery
ORD103461,CUST1730,Toys,08/11/2025,942.6,1,15,50.77,Debit Card,South,6.0,,4.0,0,
ORD104137,CUST2733,Books,2025-05-26,614.23,1,5,126.88,Credit Card,Central,9.0,36.0,4.0,1,Late Delivery
ORD104691,CUST2346,home & kitchen,26/03/2025,1722.47,2,20,79.07,Net Banking,Central,3.0,45.0,5.0,0,
ORD105412,CUST3803,Fashion ,08-28-2024,1396.87,1,0,26.98,UPI,West,7.0,35.0,5.0,0,
ORD101681,CUST2338,Grocery,2024-12-10,445.66,3,10,35.61,Debit Card,West,5.0,43.0,5.0,0,
ORD101969,CUST3320,Electronics ,2024-12-06,9035.55,1,5,86.96,Cash on Delivery,South,9.0,,5.0,0,
ORD104869,CUST3264,Sports,08-14-2026,1711.59,4,15,28.1,UPI,South,4.0,33.0,4.0,0,
ORD102051,CUST4317,Fashion,2026-05-07,1630.52,1,0,62.08,Credit Card,Central,9.0,35.0,4.0,0,
ORD104311,CUST1950,fashion,04-27-2025,951.82,1,5,122.88,Net Banking,Central,2.0,27.0,5.0,0,
ORD102146,CUST4405,books,10/03/2026,651.78,1,10,31.61,Cash on Delivery,West,1.0,43.0,5.0,0,
ORD102322,CUST1488,Beauty,2026-02-07,681.06,1,10,98.44,Credit Card,South,6.0,31.0,5.0,1,Better Price Found
ORD102696,CUST3783,home & kitchen,11-15-2024,2629.98,1,10,21.39,Net Banking,Central,7.0,49.0,5.0,0,
ORD102482,CUST3407,Beauty,2025-05-22,869.47,1,0,51.52,Net Banking,Central,2.0,26.0,4.0,0,
ORD101370,CUST2148,Home & Kitchen,01-01-2026,2340.71,1,10,113.56,Cash on Delivery,Central,3.0,34.0,4.0,0,
ORD101566,CUST4214,sports,11-12-2025,1526.12,1,25,15.43,Net Banking,West,2.0,18.0,1.0,0,
ORD103596,CUST1521,Toys,01-13-2025,1559.25,1,15,28.22,UPI,West,,41.0,4.0,0,
ORD103771,CUST3009,Grocery,2025-03-18,4554.309487181665,1,10,113.24,Cash on Delivery,East,5.0,31.0,4.0,1,Size Issue
ORD105226,CUST1491,Toys,14/05/2025,799.53,1,10,150.63,Debit Card,South,5.0,29.0,5.0,1,Late Delivery
ORD104354,CUST3072,Home & Kitchen,2025-07-07,2549.11,1,0,176.5,Credit Card,Central,53.0,,2.0,0,
ORD101516,CUST3528,beauty,04-29-2026,416.75,2,10,24.24,Net Banking,West,7.0,42.0,3.0,1,Size Issue
ORD103993,CUST3362,Beauty,05-11-2026,,1,0,22.12,Cash on Delivery,Central,3.0,20.0,2.0,0,
ORD102769,CUST4307,electronics,2026-06-15,9182.78,1,0,22.38,Credit Card,South,1.0,,3.0,0,
ORD102186,CUST2468,Books,2025-05-23,326.72,1,20,158.22,Debit Card,East,5.0,54.0,5.0,1,Size Issue
ORD103308,CUST4092,Toys,05-29-2026,755.87,1,15,41.62,Net Banking,Central,6.0,57.0,5.0,1,Better Price Found
ORD103731,CUST1101,toys,12/11/2024,591.26,1,10,41.84,Net Banking,Central,5.0,16.0,4.0,0,
ORD101037,CUST1535,home & kitchen,08-01-2026,1169.6,1,15,5.29,Credit Card,West,1.0,,4.0,0,
ORD102437,CUST2965,Books,02-05-2026,527.65,1,10,197.6,Cash on Delivery,East,6.0,29.0,4.0,0,
ORD102999,CUST2559,sports,2025-05-28,2542.42,1,30,27.76,Debit Card,West,2.0,34.0,4.0,0,
ORD101510,CUST1466,Beauty,2025-01-10,844.09,1,10,19.31,Cash on Delivery,Central,7.0,27.0,4.0,0,
ORD100411,CUST1210,toys,12-31-2024,990.45,2,20,19.6,UPI,Central,3.0,46.0,5.0,0,
ORD104898,CUST2810,Electronics,2025-09-12,5294.72,1,10,52.03,UPI,East,8.0,24.0,2.0,0,
ORD104736,CUST4487,Beauty,05-19-2026,,1,25,126.93,Credit Card,North,2.0,31.0,4.0,0,
ORD104075,CUST4371,Beauty,2026-05-14,687.25,1,0,72.77,Net Banking,North,2.0,25.0,1.0,0,
ORD101301,CUST1980,Home & kitchen,15/01/2025,2918.99,1,25,,Cash on Delivery,South,5.0,23.0,3.0,0,
ORD103259,CUST4348,Electronics ,2025-04-04,8239.21,1,10,124.58,Debit Card,East,3.0,30.0,4.0,1,Wrong Item Delivered
ORD101317,CUST2555,Home & Kitchen,2025-04-17,1394.32,1,15,,Net Banking,Central,5.0,29.0,1.0,0,
ORD103316,CUST2247,Grocery,2026-06-17,190.83,1,10,68.42,Net Banking,Central,6.0,36.0,,1,Late Delivery
ORD100777,CUST1725,toys,2025-12-11,1397.65,1,0,21.62,Credit Card,West,3.0,40.0,4.0,0,
ORD105021,CUST3852,Home & Kitchen,2026-01-04,4198.46,3,0,29.49,Debit Card,South,4.0,40.0,5.0,0,
ORD105346,CUST3858,Grocery,2026-05-30,405.01,2,5,90.58,Debit Card,Central,7.0,47.0,4.0,0,
ORD104671,CUST3101,Grocery,10-20-2025,408.61,2,20,15.24,Net Banking,Central,5.0,23.0,4.0,0,
ORD102367,CUST3807,Sports,01-21-2025,1268.78,2,0,81.39,UPI,North,4.0,36.0,4.0,0,
ORD102476,CUST2327,sports,05/08/2026,1644.27,1,20,98.68,Cash on Delivery,Central,1.0,24.0,4.0,0,
ORD104169,CUST1608,toys,26/09/2024,1048.35,1,5,244.3,UPI,West,2.0,24.0,3.0,0,
ORD100025,CUST2481,Sports,05-28-2026,1945.5,4,0,33.01,Credit Card,Central,6.0,45.0,5.0,0,
ORD103392,CUST4205, Beauty,25/12/2024,499.1,1,20,8.37,Credit Card,West,5.0,45.0,4.0,0,
ORD101408,CUST3272,Toys,13/07/2025,,1,10,91.18,Cash on Delivery,Central,3.0,32.0,5.0,0,
ORD101139,CUST3403,books,12/11/2025,50.0,1,30,119.62,Net Banking,North,6.0,47.0,5.0,0,
ORD100505,CUST4499,electronics,06/03/2026,6541.58,1,5,13.82,Credit Card,South,2.0,21.0,2.0,0,
ORD101560,CUST1480, Beauty,05/07/2025,514.18,2,10,27.8,UPI,Central,1.0,40.0,4.0,0,
ORD101120,CUST2009,Toys,08-07-2025,413.31,1,0,98.2,Credit Card,South,7.0,50.0,4.0,1,Better Price Found
ORD104682,CUST1800,Books,2025-06-23,318.95,1,5,71.65,UPI,South,6.0,40.0,3.0,0,
ORD100601,CUST1924,toys,21/02/2026,256.16,1,0,186.33,Debit Card,West,4.0,49.0,4.0,0,
ORD103941,CUST2444,grocery,2025-11-12,312.98,4,0,63.99,UPI,West,6.0,33.0,5.0,0,
ORD102737,CUST2332,beauty,2025-05-06,436.48,2,15,87.28,Net Banking,North,4.0,31.0,3.0,1,Defective Product
ORD103851,CUST2424,Books,2026-07-13,,1,10,92.77,Net Banking,East,5.0,24.0,3.0,0,
ORD102613,CUST4330,Fashion ,21/05/2026,1037.82,1,15,63.9,Cash on Delivery,West,3.0,40.0,4.0,0,
ORD100348,CUST4482,Home & kitchen,06/03/2026,,4,20,57.03,Credit Card,South,4.0,25.0,2.0,1,Late Delivery
ORD100714,CUST3694,grocery,2024-09-07,288.98,1,5,103.58,UPI,Central,4.0,16.0,4.0,0,
ORD105565,CUST3226,Toys,2025-02-13,1384.38,2,0,47.72,Net Banking,South,2.0,31.0,2.0,0,
ORD105718,CUST2267,Grocery,01/12/2024,4900.34110112628,1,5,92.99,Net Banking,East,2.0,30.0,4.0,0,
ORD102120,CUST1935,fashion,09/06/2025,1053.48,2,0,135.47,Net Banking,Central,5.0,23.0,4.0,0,
ORD100629,CUST4414,Fashion ,12-10-2025,1615.23,3,25,79.41,Credit Card,South,6.0,58.0,4.0,0,
ORD105058,CUST1763,grocery,2024-12-25,158.36,1,25,39.84,Debit Card,East,3.0,45.0,5.0,0,
ORD102548,CUST1774,Grocery,2025-06-13,204.66,2,20,86.27,Cash on Delivery,West,2.0,38.0,3.0,0,
ORD104782,CUST3224,Sports,2026-01-24,1700.66,1,10,187.23,Credit Card,West,7.0,36.0,4.0,0,
ORD100408,CUST1050,Grocery,08-12-2025,411.17,1,0,79.2,Debit Card,Central,1.0,35.0,5.0,0,
ORD103391,CUST4308,beauty,11/07/2025,427.87,1,10,9.39,Credit Card,North,4.0,40.0,5.0,0,
ORD100164,CUST1281,Sports,2026-07-02,643.19,1,5,96.49,Credit Card,South,4.0,43.0,5.0,0,
ORD105709,CUST1537,Fashion,07-12-2025,881.6,1,15,76.23,Net Banking,East,6.0,32.0,3.0,1,Better Price Found
ORD102336,CUST1753,electronics,2025-09-07,10842.96,1,0,,Cash on Delivery,East,7.0,42.0,4.0,0,
ORD104049,CUST1462,home & kitchen,2026-01-12,3717.6,3,25,51.49,Net Banking,South,7.0,34.0,5.0,0,
ORD102426,CUST2301,Grocery,2026-06-07,263.7,1,10,42.69,UPI,East,1.0,45.0,5.0,0,
ORD101087,CUST2227,Fashion,19/01/2026,1236.43,2,25,58.74,UPI,West,6.0,33.0,4.0,0,
ORD103770,CUST2563,home & kitchen,01-01-2025,1900.16,1,0,54.57,Net Banking,Central,4.0,45.0,4.0,0,
ORD104390,CUST1032,grocery,14/06/2026,293.21,1,5,42.21,Debit Card,Central,7.0,29.0,3.0,1,Late Delivery
ORD102914,CUST3337,Electronics,08-27-2025,6963.4,1,0,30.27,Credit Card,West,5.0,29.0,4.0,0,
ORD102860,CUST1731,Books,2026-07-05,516.17,1,5,105.79,UPI,North,7.0,27.0,3.0,0,
ORD102363,CUST4167,books,2026-07-30,431.28,1,30,4.85,Credit Card,East,,34.0,4.0,0,
ORD104624,CUST3824,Toys,30/01/2025,879.76,1,10,77.28,Cash on Delivery,North,6.0,38.0,4.0,0,
ORD103881,CUST1285,Books,04/01/2025,669.81,1,5,34.17,Credit Card,South,2.0,35.0,5.0,0,
ORD104123,CUST2564,Fashion,2026-02-15,1461.47,2,25,99.71,Net Banking,East,2.0,17.0,,0,
ORD104981,CUST1967,electronics,01/07/2026,7249.24,1,25,47.32,UPI,West,2.0,44.0,3.0,0,
ORD100274,CUST1546,toys,11-15-2024,947.8,1,15,13.34,Net Banking,West,5.0,28.0,3.0,0,
ORD101072,CUST3284,sports,10/08/2026,2565.24,1,0,4.85,Net Banking,West,5.0,47.0,3.0,0,
ORD105516,CUST2207,Beauty,06/06/2026,927.05,1,0,56.09,Credit Card,North,5.0,49.0,3.0,1,Size Issue
ORD100675,CUST2126,beauty,10-06-2024,613.0,1,10,19.56,Credit Card,South,7.0,17.0,3.0,0,
ORD105453,CUST3740,Home & Kitchen,2024-11-08,3720.02,1,20,94.58,Net Banking,South,6.0,39.0,4.0,0,
ORD103382,CUST2985,Fashion ,2024-09-07,1383.04,4,5,97.57,,North,3.0,16.0,4.0,1,Wrong Item Delivered
ORD103704,CUST4437,electronics,31/07/2026,10752.78,1,5,23.57,Credit Card,West,4.0,42.0,4.0,0,
ORD100585,CUST1397,sports,26/11/2024,148.0,4,15,,Net Banking,East,5.0,39.0,3.0,0,
ORD100837,CUST4458,Home & kitchen,10-14-2024,2593.22,2,0,61.94,Debit Card,Central,5.0,33.0,,0,
ORD104399,CUST2235,sports,2026-03-08,1585.89,1,0,137.08,UPI,West,8.0,39.0,4.0,0,
ORD102615,CUST2544,ELECTRONICS,08/01/2026,8721.99,1,30,87.87,UPI,East,7.0,25.0,4.0,0,
ORD102965,CUST3684,books,27/04/2025,431.11,2,0,19.72,UPI,Central,7.0,25.0,1.0,1,Wrong Item Delivered
ORD101437,CUST2307,sports,25/07/2026,1666.47,2,25,80.12,Net Banking,Central,9.0,46.0,5.0,0,
ORD101553,CUST1895,home & kitchen,2025-07-07,1118.15,1,5,47.98,UPI,Central,2.0,31.0,5.0,1,Late Delivery
ORD100816,CUST3689,fashion,30/01/2026,1732.8,1,0,95.4,UPI,North,2.0,49.0,4.0,0,
ORD101243,CUST3178,sports,2025-09-20,2793.74,1,0,203.67,Debit Card,Central,1.0,,4.0,0,
ORD104312,CUST3407, Beauty,08-25-2025,1092.0,2,5,157.45,UPI,East,4.0,35.0,4.0,0,
ORD100302,CUST2440,Home & Kitchen,23/08/2024,1693.37,1,30,27.1,Net Banking,South,3.0,31.0,4.0,0,
ORD102619,CUST3403,Fashion,12-30-2025,1800.05,1,10,115.63,Cash on Delivery,East,8.0,34.0,1.0,0,
ORD105753,CUST2625,Fashion,20/06/2026,1351.46,1,5,83.9,UPI,South,6.0,34.0,3.0,0,
ORD102678,CUST4276,Sports,2025-01-09,1988.47,1,5,52.28,Debit Card,South,4.0,17.0,4.0,0,
ORD102485,CUST1912,ELECTRONICS,05-21-2025,9826.24,1,0,15.43,Cash on Delivery,Central,6.0,49.0,4.0,0,
ORD103936,CUST2924,sports,2025-09-17,508.31,1,30,36.76,Net Banking,North,4.0,48.0,5.0,1,Changed Mind
ORD101983,CUST1201,Home & kitchen,05/01/2026,1310.68,1,5,74.83,Credit Card,West,5.0,18.0,4.0,0,
ORD103162,CUST1531,Books,04/05/2025,240.7,1,5,90.22,Credit Card,West,,31.0,4.0,0,
ORD101063,CUST3335,Fashion,06-07-2025,2221.71,1,0,115.54,Debit Card,Central,6.0,34.0,5.0,0,
ORD100872,CUST2699,Toys,06-30-2026,930.6,1,10,95.89,Credit Card,Central,4.0,36.0,5.0,1,Changed Mind
ORD102819,CUST3442,ELECTRONICS,01/08/2025,9439.76,1,5,18.21,UPI,South,5.0,41.0,4.0,0,
ORD105104,CUST4013,books,07-28-2026,544.75,2,25,37.97,Debit Card,South,4.0,18.0,5.0,1,Late Delivery
ORD100952,CUST4281,sports,05-11-2025,1291.18,1,15,48.42,Net Banking,West,2.0,38.0,3.0,1,Size Issue
ORD100159,CUST1297,Fashion,2026-06-29,901.25,1,10,39.44,Debit Card,Central,6.0,37.0,4.0,0,
ORD100923,CUST2292,Home & kitchen,05-28-2026,,1,30,87.93,Cash on Delivery,East,6.0,30.0,5.0,0,
ORD102770,CUST2113,electronics,2026-01-08,,3,10,84.46,Net Banking,East,4.0,16.0,3.0,0,
ORD104155,CUST1580,sports,09-10-2025,1778.55,1,0,93.39,Net Banking,West,7.0,23.0,5.0,0,
ORD105985,CUST2282,grocery,29/09/2025,502.76,2,15,44.49,Cash on Delivery,North,4.0,53.0,3.0,0,
ORD104334,CUST1260,sports,09-11-2024,1626.47,1,0,40.46,Credit Card,South,3.0,,1.0,0,
ORD101975,CUST2683,beauty,05-24-2026,517.53,1,20,16.11,Cash on Delivery,North,5.0,26.0,5.0,0,
ORD104119,CUST3024,Electronics ,2026-04-15,11044.4,1,5,39.35,Cash on Delivery,East,1.0,32.0,5.0,0,
ORD104975,CUST3013,Fashion,10-05-2024,1451.33,1,5,51.07,Debit Card,North,1.0,26.0,5.0,1,Defective Product
ORD103735,CUST1799,books,2025-11-06,50.0,1,0,52.8,Credit Card,East,4.0,41.0,3.0,0,
ORD102394,CUST1640,beauty,09-10-2024,958.67,1,15,37.64,Cash on Delivery,Central,6.0,54.0,4.0,0,
ORD105303,CUST1505,Grocery,2026-03-14,362.3,1,15,79.73,Credit Card,Central,3.0,36.0,4.0,1,Wrong Item Delivered
ORD103603,CUST4254,Beauty,2024-12-11,659.74,1,0,29.47,UPI,Central,5.0,36.0,4.0,0,
ORD102056,CUST2714,Beauty,24/02/2025,1294.23,1,15,62.66,UPI,North,5.0,37.0,3.0,0,
ORD104324,CUST2977, Beauty,10-21-2024,779.1,2,5,89.21,UPI,North,2.0,22.0,5.0,0,
ORD100489,CUST3493,Electronics,07-31-2026,7715.18,1,5,,Credit Card,North,5.0,25.0,5.0,1,Not as Described
ORD103713,CUST2836,toys,05/12/2024,624.84,1,15,77.8,Cash on Delivery,North,9.0,41.0,1.0,0,
ORD100385,CUST1996,Beauty,10/06/2025,406.03,2,10,52.68,Cash on Delivery,West,5.0,31.0,5.0,0,
ORD103488,CUST3189,Fashion,24/10/2024,978.79,3,15,52.41,Debit Card,West,2.0,17.0,5.0,0,
ORD102283,CUST3909,Sports,11-27-2025,2965.0,1,0,61.2,Cash on Delivery,East,6.0,20.0,4.0,0,
ORD104111,CUST1203, Beauty,05-03-2026,914.54,1,30,37.65,Cash on Delivery,South,5.0,16.0,3.0,0,
ORD101824,CUST1897,electronics,2025-04-09,6137.7,1,15,40.84,Cash on Delivery,North,1.0,28.0,5.0,0,
ORD104365,CUST2477,Grocery,21/02/2026,608.64,1,0,37.65,UPI,Central,6.0,40.0,5.0,0,
ORD104419,CUST2388,Home & kitchen,22/08/2024,1733.48,4,0,201.41,Credit Card,North,3.0,16.0,3.0,0,
ORD101588,CUST3111, Beauty,10-26-2024,464.44,2,15,64.03,UPI,Central,5.0,38.0,4.0,0,
ORD104817,CUST1836,Books,2026-08-05,123.85,1,0,89.85,Credit Card,West,8.0,47.0,3.0,0,
ORD103348,CUST2575,Grocery,2026-04-10,340.55,2,20,76.84,Net Banking,Central,6.0,41.0,4.0,0,
ORD105883,CUST4194,sports,2025-02-14,1688.98,2,0,37.52,Debit Card,Central,5.0,34.0,5.0,0,
ORD101751,CUST1948,Home & Kitchen,20/09/2024,1877.39,3,0,13.86,Net Banking,Central,6.0,24.0,5.0,0,
ORD101231,CUST2721,Books,04/12/2025,314.54,1,0,48.07,Debit Card,Central,6.0,24.0,4.0,1,Better Price Found
ORD104089,CUST2641,Electronics,11-26-2024,13961.55,1,0,62.35,UPI,South,3.0,36.0,5.0,0,
ORD103160,CUST3152,Books,2025-04-07,218.5,1,15,28.1,Debit Card,East,4.0,16.0,4.0,0,
ORD100963,CUST1563,Sports,14/10/2024,1229.33,4,0,32.93,Credit Card,West,6.0,20.0,5.0,0,
ORD104593,CUST4363,sports,08-24-2024,2791.45,1,15,43.84,Credit Card,West,3.0,21.0,3.0,0,
ORD100352,CUST3709,Home & kitchen,12/09/2025,2185.32,1,10,83.46,Net Banking,East,4.0,16.0,2.0,0,
ORD101838,CUST3426,Books,12-25-2024,467.61,1,30,104.92,Debit Card,East,6.0,16.0,2.0,0,
ORD103945,CUST2428, Beauty,22/04/2026,280.35,1,20,72.53,UPI,Central,8.0,54.0,4.0,0,
ORD105664,CUST3290,Beauty,02-15-2026,564.26,1,5,70.82,Credit Card,West,4.0,39.0,4.0,0,
ORD100001,CUST2003,Beauty,02-12-2026,557.68,1,5,43.06,Credit Card,Central,6.0,17.0,2.0,0,
ORD105244,CUST3395,Books,02/09/2025,356.34,1,0,73.84,Debit Card,North,5.0,37.0,3.0,0,
ORD104381,CUST3627,Books,14/12/2025,317.71,2,0,81.39,Cash on Delivery,Central,5.0,29.0,5.0,1,Better Price Found
ORD105905,CUST1128,Grocery,2025-11-05,315.8,1,10,152.99,Cash on Delivery,North,2.0,21.0,5.0,0,
ORD100783,CUST3569,books,04-12-2025,147.52,1,5,140.55,Cash on Delivery,North,4.0,21.0,2.0,0,
ORD105110,CUST3865,Sports,2026-08-10,1589.31,1,0,65.92,Net Banking,South,5.0,36.0,2.0,0,
ORD102396,CUST4263,home & kitchen,02-15-2026,2854.4,4,15,124.7,Credit Card,North,9.0,42.0,3.0,0,
ORD104948,CUST3886,Books,2025-08-22,219.86,1,5,,Debit Card,Central,6.0,47.0,4.0,1,Wrong Item Delivered
ORD100068,CUST1647,Toys,03-21-2025,879.18,1,0,21.65,UPI,Central,7.0,27.0,3.0,0,
ORD100403,CUST3187, Beauty,2024-08-29,522.56,2,0,45.9,Cash on Delivery,West,6.0,52.0,5.0,0,
ORD103434,CUST2439,Books,2026-01-02,519.27,1,10,32.12,Net Banking,South,4.0,23.0,5.0,0,
ORD104462,CUST3415,Sports,2024-11-30,1326.87,1,20,19.49,Credit Card,Central,2.0,32.0,2.0,0,
ORD105506,CUST2107,Toys,06-27-2026,999.5,1,0,58.65,Net Banking,Central,3.0,25.0,3.0,0,
ORD104273,CUST1553,Electronics ,22/10/2024,,1,20,74.48,UPI,South,5.0,28.0,2.0,0,
ORD103428,CUST3775,Home & Kitchen,03/09/2025,5240.79,1,0,25.03,Cash on Delivery,Central,4.0,16.0,5.0,0,
ORD102139,CUST3480,books,03-04-2025,332.22,1,5,167.29,Credit Card,West,4.0,33.0,4.0,1,Better Price Found
ORD101200,CUST4284,fashion,02-23-2026,608.13,1,5,90.01,Debit Card,North,6.0,18.0,5.0,0,
ORD102915,CUST1633,electronics,06-26-2026,9998.74,1,30,43.3,UPI,East,7.0,27.0,3.0,0,
ORD102300,CUST2853,beauty,08/05/2025,50.0,2,10,140.5,UPI,East,6.0,23.0,4.0,0,
ORD101756,CUST3610,Toys,23/08/2025,972.62,1,10,133.18,Cash on Delivery,Central,4.0,24.0,5.0,0,
ORD103486,CUST3589,Electronics,2025-06-07,7469.21,1,0,159.68,Credit Card,Central,73.0,26.0,5.0,0,
ORD101577,CUST1242,Home & kitchen,06-15-2025,2277.13,2,15,,Net Banking,West,7.0,31.0,5.0,0,
ORD102719,CUST4498,Grocery,12-19-2024,441.21,1,0,38.24,Credit Card,Central,4.0,26.0,5.0,0,
ORD102241,CUST4366,fashion,2025-08-13,165.17,1,10,8.76,Cash on Delivery,West,6.0,52.0,5.0,0,
ORD102774,CUST1559,toys,2024-10-08,1065.58,1,10,160.59,UPI,East,,35.0,4.0,0,
ORD101507,CUST3364,Grocery,23/03/2026,379.73,1,20,33.71,Debit Card,Central,4.0,37.0,4.0,0,
ORD103749,CUST2439,fashion,15/03/2025,,1,0,101.58,Credit Card,South,6.0,30.0,4.0,0,
ORD102493,CUST1615,Home & kitchen,03-12-2025,2092.88,2,0,149.57,Net Banking,West,3.0,26.0,4.0,0,
ORD105198,CUST1563,home & kitchen,12-16-2024,1759.84,2,5,35.83,Net Banking,West,3.0,35.0,4.0,0,
ORD100538,CUST2297,grocery,05-23-2025,353.4,1,20,46.82,Net Banking,Central,7.0,17.0,4.0,0,
ORD101330,CUST4350,grocery,29/04/2026,452.73,1,5,107.79,Credit Card,West,2.0,34.0,5.0,0,
ORD102303,CUST3298,Books,2026-02-12,409.46,3,10,60.18,UPI,West,3.0,29.0,1.0,0,
ORD102499,CUST2962,ELECTRONICS,25/12/2025,8092.52,1,0,130.52,Debit Card,South,2.0,27.0,5.0,0,
ORD101612,CUST3820,Home & kitchen,2025-01-13,2808.91,1,5,32.27,Cash on Delivery,East,2.0,30.0,4.0,0,
ORD101488,CUST3853,toys,07-05-2025,707.32,1,10,39.82,Net Banking,South,3.0,46.0,4.0,0,
ORD102018,CUST2583,electronics,03-15-2025,7260.21,1,0,87.42,UPI,South,3.0,16.0,4.0,0,
ORD101744,CUST2541,Fashion,02-24-2026,1038.07,3,0,261.55,Net Banking,Central,6.0,20.0,4.0,0,
ORD104914,CUST4401,Home & kitchen,03-24-2026,,2,15,,UPI,North,6.0,23.0,1.0,0,
ORD105784,CUST3838,beauty,05/05/2025,738.62,1,30,1.25,UPI,South,5.0,48.0,1.0,1,Defective Product
ORD105584,CUST2755,toys,12-07-2024,931.95,3,15,64.51,Debit Card,North,7.0,16.0,3.0,1,Defective Product
ORD101046,CUST3366,sports,2026-04-05,2402.09,1,0,106.55,Cash on Delivery,South,5.0,40.0,5.0,0,
ORD104606,CUST3838,home & kitchen,09-04-2024,680.87,1,10,124.81,Cash on Delivery,North,4.0,29.0,4.0,0,
ORD101393,CUST2457,Electronics,12/08/2025,2535.03,2,5,75.72,Net Banking,North,4.0,48.0,4.0,0,
ORD101508,CUST3199,toys,2024-11-01,570.93,4,10,93.02,Credit Card,West,8.0,41.0,4.0,0,
ORD101194,CUST1904,toys,05-14-2025,1288.18,1,30,118.62,UPI,Central,4.0,27.0,3.0,1,Wrong Item Delivered
ORD105488,CUST3103,Toys,2025-09-12,926.4,2,0,24.9,UPI,East,6.0,29.0,4.0,1,Size Issue
ORD105898,CUST1312,toys,07-21-2026,511.19,1,0,68.81,Credit Card,West,2.0,29.0,1.0,0,
ORD103800,CUST1314,Home & Kitchen,10/09/2025,2479.76,1,0,123.45,Credit Card,West,4.0,34.0,4.0,0,
ORD105612,CUST3017,ELECTRONICS,09-16-2025,8265.4,1,0,152.6,Credit Card,Central,4.0,23.0,5.0,0,
ORD104677,CUST1033,,2025-03-19,2612.45,3,0,253.7,Credit Card,North,4.0,31.0,2.0,0,
ORD104926,CUST2879,grocery,05-30-2025,235.46,1,5,227.84,Cash on Delivery,North,6.0,26.0,4.0,0,
ORD101931,CUST1757,Home & Kitchen,09-20-2025,2687.76,1,0,35.38,Net Banking,East,3.0,17.0,5.0,0,
ORD102812,CUST1966,Fashion ,2026-07-31,1072.45,1,0,147.4,Credit Card,South,4.0,59.0,3.0,0,
ORD103974,CUST2177,Fashion,09-14-2025,1673.26,2,25,89.15,UPI,Central,4.0,16.0,4.0,0,
ORD102539,CUST2974,Grocery,2026-07-05,330.07,2,15,24.79,Debit Card,North,6.0,28.0,4.0,1,Defective Product
ORD102669,CUST2716,beauty,24/06/2025,976.41,1,20,105.22,Net Banking,Central,5.0,39.0,5.0,0,
ORD103719,CUST1639,Beauty,06-28-2026,361.54,3,0,49.96,Net Banking,Central,4.0,19.0,5.0,1,Not as Described
ORD103248,CUST1291,toys,13/02/2025,564.67,1,5,105.14,Net Banking,Central,6.0,33.0,4.0,1,Late Delivery
ORD104759,CUST2820,home & kitchen,19/10/2024,2092.11,1,10,74.9,Debit Card,Central,1.0,22.0,5.0,0,
ORD102822,CUST3809,Toys,19/08/2025,993.0,2,0,29.76,Credit Card,North,1.0,34.0,4.0,1,Size Issue
ORD100573,CUST4399,Toys,03-22-2025,740.42,1,0,31.72,Net Banking,Central,4.0,26.0,5.0,1,Not as Described
ORD100696,CUST3402,books,29/09/2025,253.63,2,0,65.32,Debit Card,West,5.0,41.0,5.0,1,Late Delivery
ORD105732,CUST2174,toys,09-16-2024,429.9,1,20,48.08,Cash on Delivery,Central,9.0,31.0,2.0,0,
ORD105473,CUST3254,toys,06/01/2025,740.75,1,5,78.27,Cash on Delivery,East,4.0,28.0,4.0,0,
ORD105803,CUST2721,Toys,04/08/2026,849.65,1,25,22.83,Debit Card,Central,42.0,37.0,5.0,1,Better Price Found
ORD105188,CUST2601,beauty,23/02/2026,502.15,1,10,69.69,Cash on Delivery,North,3.0,26.0,4.0,1,Changed Mind
ORD102187,CUST3803,Books,11-08-2025,361.56,1,25,159.54,Cash on Delivery,East,1.0,40.0,5.0,0,
ORD104022,CUST1172,Fashion,02/12/2025,854.05,1,0,2.7,Cash on Delivery,Central,2.0,33.0,4.0,1,Changed Mind
ORD105017,CUST2045,electronics,07-03-2025,13136.04,1,10,14.7,Debit Card,East,5.0,31.0,2.0,0,
ORD102045,CUST2134,Electronics,2025-04-13,11641.86,2,20,172.46,Credit Card,East,2.0,44.0,1.0,1,Wrong Item Delivered
ORD100282,CUST2944,Beauty,02-13-2026,946.84,1,10,21.64,Debit Card,North,6.0,17.0,1.0,0,
ORD100258,CUST1920,fashion,12-23-2025,908.22,1,0,47.69,Debit Card,West,5.0,33.0,1.0,0,
ORD102664,CUST2063,Home & kitchen,05-10-2025,4277.08,4,25,19.66,UPI,Central,4.0,,3.0,0,
ORD105106,CUST2984,books,02-05-2025,446.1,1,20,13.83,Net Banking,South,3.0,43.0,5.0,1,Defective Product
ORD103233,CUST4138,Sports,2024-11-02,3511.02,2,5,207.07,Debit Card,North,3.0,21.0,5.0,0,
ORD100725,CUST1644,Grocery,07-16-2025,467.83,1,10,31.54,Cash on Delivery,Central,8.0,31.0,5.0,0,
ORD101636,CUST3773,beauty,30/11/2025,780.27,3,10,203.42,Credit Card,South,4.0,,4.0,0,
ORD104773,CUST1403,home & kitchen,27/06/2026,5380.65,1,25,39.23,Credit Card,East,2.0,19.0,5.0,0,
ORD100055,CUST1566,Electronics,2025-05-10,3153.56,1,25,172.52,Credit Card,Central,,48.0,4.0,0,
ORD105828,CUST1424,toys,07-01-2026,755.7,1,30,161.13,Debit Card,West,5.0,36.0,5.0,1,Changed Mind
ORD101411,CUST3445,Sports,2025-09-28,2389.47,1,0,33.69,Debit Card,North,2.0,,4.0,0,
ORD102214,CUST2651,Home & Kitchen,2025-12-02,3100.5,2,25,51.19,UPI,Central,5.0,37.0,5.0,0,
ORD105993,CUST2322,grocery,11-28-2024,220.31,3,5,71.03,Net Banking,South,4.0,43.0,5.0,0,
ORD102935,CUST4479,Home & kitchen,16/02/2026,2509.37,1,20,123.4,Cash on Delivery,West,,32.0,5.0,0,
ORD100888,CUST1455,grocery,09-08-2025,430.56,1,5,74.05,UPI,Central,1.0,53.0,4.0,0,
ORD102954,CUST2969,Home & kitchen,27/02/2026,1123.24,1,0,42.53,,South,2.0,26.0,4.0,0,
ORD101687,CUST2001,Beauty,02-09-2025,936.46,3,10,138.37,UPI,South,7.0,43.0,3.0,0,
ORD101819,CUST2470,Grocery,03-13-2026,102.61,4,25,166.67,Cash on Delivery,Central,2.0,32.0,4.0,0,
ORD103703,CUST1746,Beauty,14/09/2025,849.95,2,20,49.41,Credit Card,South,7.0,31.0,5.0,0,
ORD101972,CUST3304,home & kitchen,2026-06-26,4028.68,4,0,80.77,UPI,South,6.0,51.0,5.0,0,
ORD100714,CUST3694,grocery,2024-09-07,288.98,1,5,103.58,UPI,Central,4.0,16.0,4.0,0,
ORD104701,CUST1027,books,31/12/2024,626.42,2,20,28.13,UPI,South,6.0,36.0,5.0,0,
ORD102286,CUST3732,grocery,2025-10-10,394.74,2,0,88.51,Credit Card,North,3.0,32.0,3.0,0,
ORD105910,CUST2042,Beauty,2025-09-04,937.23,1,10,105.74,UPI,South,2.0,34.0,4.0,0,
ORD105378,CUST3959,Electronics ,2025-05-01,2550.49,1,10,22.26,Net Banking,Central,4.0,17.0,,0,
ORD105016,CUST4125,Home & Kitchen,15/12/2024,1992.08,1,0,29.16,UPI,East,5.0,29.0,5.0,1,Better Price Found
ORD102848,CUST3538,Sports,05-26-2026,1210.01,1,15,28.78,Cash on Delivery,West,7.0,36.0,5.0,0,
ORD104713,CUST2072,toys,2024-12-25,1207.78,2,20,146.9,Credit Card,Central,2.0,16.0,5.0,0,
ORD100123,CUST3254,beauty,07-08-2025,447.47,1,15,64.13,UPI,East,3.0,33.0,4.0,0,
ORD104430,CUST3385,Books,2025-04-15,347.75,1,15,54.84,UPI,South,4.0,37.0,3.0,0,
ORD105678,CUST2266,books,23/02/2026,637.9,1,5,68.18,Credit Card,South,4.0,39.0,1.0,0,
ORD104400,CUST3201,sports,10-19-2024,1008.3,2,25,65.51,Cash on Delivery,West,6.0,29.0,5.0,0,
ORD100980,CUST1265,Books,04-29-2025,308.91,1,15,51.18,UPI,East,2.0,24.0,4.0,1,Changed Mind
ORD100175,CUST3477,sports,06/03/2025,1248.86,2,25,144.77,Cash on Delivery,North,2.0,41.0,1.0,1,Defective Product
ORD100581,CUST1778,Home & kitchen,2025-01-26,4204.71,1,15,66.3,Debit Card,South,5.0,42.0,5.0,0,
ORD104925,CUST1049,Sports,10/12/2025,2712.08,4,5,32.74,UPI,East,5.0,45.0,4.0,0,
ORD101616,CUST2523,grocery,02-18-2025,387.37,2,10,106.46,Net Banking,South,1.0,16.0,5.0,0,
ORD105417,CUST2990,beauty,2025-03-18,701.59,1,10,25.58,Debit Card,South,4.0,30.0,4.0,1,Wrong Item Delivered
ORD102876,CUST3166,Toys,12/11/2025,1441.8,2,5,52.53,Cash on Delivery,North,5.0,45.0,5.0,0,
ORD105529,CUST2100,beauty,27/01/2025,773.4,2,0,168.77,Credit Card,Central,3.0,35.0,4.0,0,
ORD103243,CUST1419,Sports,2025-10-02,1755.73,2,25,41.88,Credit Card,West,6.0,42.0,4.0,0,
ORD101861,CUST1413,Sports,06-04-2025,418.11,1,25,50.12,Net Banking,East,7.0,31.0,5.0,0,
ORD103575,CUST4106,books,03-30-2026,495.08,1,25,55.82,UPI,South,4.0,44.0,4.0,0,
ORD103606,CUST1940,Toys,29/07/2026,731.35,1,30,30.12,Credit Card,North,5.0,38.0,4.0,0,
ORD105813,CUST2695,Grocery,19/08/2026,445.53,1,20,23.11,Cash on Delivery,North,6.0,29.0,4.0,1,Not as Described
ORD102974,CUST1223,Fashion ,2024-11-09,1893.22,1,20,23.27,Credit Card,West,3.0,,5.0,0,
ORD104505,CUST3162,,2025-06-18,288.77,1,10,149.62,Net Banking,Central,3.0,24.0,1.0,0,
ORD104771,CUST3636,Fashion,08-28-2025,542.46,1,5,127.21,Debit Card,West,3.0,16.0,5.0,0,
ORD100297,CUST2595,Sports,19/04/2026,2037.24,2,0,117.84,Credit Card,Central,5.0,26.0,3.0,0,
ORD100925,CUST4339,Fashion,06/06/2025,2026.37,1,0,98.62,Net Banking,South,7.0,38.0,3.0,0,
ORD104118,CUST2858,Home & Kitchen,06-22-2026,3305.3,1,10,43.79,UPI,West,4.0,42.0,4.0,0,
ORD105545,CUST3642,Fashion ,14/02/2025,1028.51,2,0,14.99,Cash on Delivery,North,3.0,35.0,3.0,1,Defective Product
ORD102115,CUST3813,toys,2025-07-02,1069.85,1,15,50.9,Net Banking,Central,4.0,38.0,4.0,0,
ORD104824,CUST1727,Books,25/12/2025,358.15,1,25,155.84,Debit Card,Central,4.0,30.0,1.0,0,
ORD101307,CUST4288,Home & kitchen,07-25-2025,3937.86,1,15,57.92,Net Banking,West,5.0,37.0,5.0,1,Size Issue
ORD104767,CUST1957,Sports,2024-12-28,1755.31,1,5,139.24,Debit Card,Central,4.0,30.0,3.0,0,
ORD101672,CUST2630,Sports,2026-07-13,1343.64,1,30,25.77,Net Banking,East,3.0,61.0,2.0,1,Defective Product
ORD101199,CUST2928,grocery,24/09/2025,295.86,1,0,57.62,UPI,South,3.0,50.0,4.0,0,
ORD102229,CUST4458,beauty,2026-04-07,588.26,1,20,47.81,UPI,West,5.0,,5.0,1,Wrong Item Delivered
ORD100362,CUST3204,Fashion,12/11/2025,259.94,2,0,6.17,Net Banking,West,3.0,49.0,5.0,0,
ORD100293,CUST1876, Beauty,08/12/2024,926.42,1,20,21.37,Net Banking,Central,7.0,44.0,4.0,0,
ORD102690,CUST3579,Home & Kitchen,2025-08-02,3395.5,1,20,125.35,Net Banking,East,5.0,28.0,4.0,0,
ORD104222,CUST3005,Grocery,2025-08-28,320.36,1,0,180.35,Debit Card,East,7.0,24.0,2.0,0,
ORD102579,CUST2077,fashion,22/10/2024,2121.4,2,0,28.85,Debit Card,West,1.0,27.0,1.0,0,
ORD105466,CUST1790,Beauty,04-08-2026,409.14,1,15,199.49,UPI,North,4.0,25.0,5.0,1,Size Issue
ORD100692,CUST4406,home & kitchen,2024-10-07,3630.55,1,20,34.98,Debit Card,East,4.0,61.0,1.0,1,Late Delivery
ORD100686,CUST4389,Home & Kitchen,17/06/2025,2572.43,1,5,68.58,Net Banking,East,3.0,29.0,5.0,1,Late Delivery
ORD100817,CUST3468,,2026-07-24,190.95,1,0,158.16,Net Banking,West,5.0,52.0,4.0,0,
ORD100216,CUST1284,Home & Kitchen,2025-03-10,2478.83,1,15,45.44,Cash on Delivery,East,5.0,29.0,5.0,0,
ORD103325,CUST4361,ELECTRONICS,01-15-2026,10083.03,1,15,21.18,Debit Card,East,3.0,28.0,1.0,0,
ORD104248,CUST3062,grocery,2024-10-17,329.25,2,10,68.94,UPI,West,6.0,27.0,3.0,0,
ORD105494,CUST3342,Electronics,08-21-2024,11180.99,2,5,106.28,UPI,Central,7.0,43.0,5.0,0,
ORD103889,CUST2640,books,12-01-2024,484.53,2,5,79.63,Net Banking,West,5.0,55.0,2.0,0,
ORD105646,CUST3959,sports,2025-07-28,982.41,2,25,346.59,UPI,Central,4.0,37.0,2.0,0,
ORD105872,CUST3575,Grocery,07-04-2025,,3,5,39.95,Net Banking,Central,7.0,31.0,4.0,1,Size Issue
ORD100478,CUST4378, Beauty,05-13-2026,307.93,1,15,68.48,Debit Card,West,1.0,42.0,3.0,0,
ORD105704,CUST1659,beauty,03-04-2026,712.47,2,5,17.97,Credit Card,Central,4.0,41.0,4.0,1,Changed Mind
ORD105457,CUST4043,Books,2026-04-03,521.73,1,0,40.78,Credit Card,North,5.0,37.0,4.0,0,
ORD103198,CUST4274,Fashion,2026-01-02,19003.50576524206,1,5,79.59,Cash on Delivery,North,4.0,33.0,5.0,0,
ORD100812,CUST3651,grocery,2026-03-18,107.88,1,15,103.8,Credit Card,West,6.0,,4.0,1,Not as Described
ORD104346,CUST1433,home & kitchen,02-22-2026,3404.92,1,5,94.54,Credit Card,North,1.0,23.0,1.0,0,
ORD100843,CUST2543,,22/11/2024,10895.51,1,5,102.15,Credit Card,Central,2.0,,2.0,0,
ORD103056,CUST1753,Grocery,12-06-2025,272.49,1,5,6.62,Debit Card,Central,6.0,49.0,3.0,0,
ORD102375,CUST1358,sports,04-18-2025,2123.67,1,0,68.47,Cash on Delivery,North,4.0,35.0,5.0,1,Not as Described
ORD104069,CUST2218,home & kitchen,23/02/2026,1542.1,1,20,,Cash on Delivery,West,3.0,35.0,1.0,0,
ORD102032,CUST2542,Electronics,08/03/2025,5127.1,2,25,,Debit Card,East,7.0,51.0,3.0,0,
ORD100967,CUST1762,Beauty,2024-09-06,441.43,3,20,209.41,Debit Card,Central,6.0,54.0,5.0,0,
ORD105544,CUST2746,electronics,2024-12-01,9091.27,1,10,37.31,Cash on Delivery,West,6.0,39.0,3.0,0,
ORD105386,CUST2533,Sports,07-29-2025,1052.36,4,5,43.77,Debit Card,South,5.0,37.0,4.0,0,
ORD100972,CUST2169, Beauty,2026-08-17,605.4,1,10,134.04,Credit Card,Central,5.0,26.0,,0,
ORD101896,CUST2537, Beauty,05-02-2025,894.69,1,5,,,South,7.0,40.0,3.0,1,Defective Product
ORD104342,CUST3111,ELECTRONICS,04/05/2026,16011.19,1,0,108.79,Credit Card,Central,3.0,32.0,4.0,1,Changed Mind
ORD102704,CUST2173,Beauty,05-24-2025,266.7,4,25,26.49,Net Banking,East,4.0,42.0,1.0,1,Better Price Found
ORD103344,CUST3848, Beauty,06-03-2026,,1,5,26.99,Net Banking,South,3.0,,3.0,0,
ORD105088,CUST2458,beauty,11-08-2025,548.95,2,15,83.48,Cash on Delivery,North,4.0,16.0,2.0,0,
ORD103374,CUST1686,Home & Kitchen,22/03/2025,3546.96,1,0,49.56,Cash on Delivery,West,1.0,19.0,4.0,0,
ORD105041,CUST3050,Toys,06/01/2026,471.39,1,25,50.45,Net Banking,South,7.0,40.0,4.0,1,Changed Mind
ORD105086,CUST2479,electronics,2025-02-10,11654.61,1,0,58.16,UPI,North,4.0,41.0,1.0,0,
ORD105352,CUST3708,Fashion ,08-15-2026,935.13,1,0,29.66,Cash on Delivery,Central,1.0,,3.0,0,
ORD102951,CUST1348,toys,06-06-2025,980.37,3,0,35.4,Cash on Delivery,South,4.0,46.0,5.0,0,
ORD101345,CUST2763,Toys,01-11-2026,1329.36,1,5,104.13,Cash on Delivery,North,2.0,45.0,4.0,0,
ORD105656,CUST3343,Fashion,02-23-2025,874.91,2,20,45.42,UPI,East,4.0,22.0,5.0,0,
ORD100975,CUST2851,Fashion ,05-04-2026,1796.56,1,5,32.58,Net Banking,East,6.0,37.0,5.0,0,
ORD105191,CUST3871,Books,24/06/2026,480.34,3,10,23.42,UPI,North,1.0,40.0,5.0,0,
ORD100509,CUST3404,Toys,2025-03-25,974.13,3,10,42.48,Net Banking,South,3.0,49.0,5.0,0,
ORD100122,CUST1308,Home & Kitchen,2025-07-23,2998.55,2,15,92.56,Net Banking,North,5.0,41.0,5.0,0,
ORD105483,CUST2186,fashion,07-27-2026,1316.37,1,0,240.74,Net Banking,West,5.0,39.0,4.0,0,
ORD105526,CUST3565,home & kitchen,02-23-2025,1195.43,4,10,35.27,Cash on Delivery,South,5.0,47.0,2.0,1,Size Issue
ORD101710,CUST3761,ELECTRONICS,03/06/2026,8015.28,1,20,14.81,Net Banking,North,,42.0,5.0,0,
ORD102100,CUST2570,Home & Kitchen,07-25-2026,1931.17,2,5,45.95,Net Banking,West,1.0,41.0,4.0,0,
ORD100869,CUST2791,Fashion,2024-12-04,487.7,1,20,54.56,Debit Card,East,4.0,29.0,5.0,0,
ORD105535,CUST1383,home & kitchen,09/06/2026,1516.18,1,0,32.87,Cash on Delivery,East,3.0,33.0,3.0,0,
ORD101030,CUST1298,beauty,24/03/2025,1235.5,1,0,7.01,Debit Card,North,3.0,40.0,5.0,0,
ORD103463,CUST4148,Grocery,12-02-2024,172.67,1,25,178.83,Credit Card,Central,6.0,24.0,5.0,0,
ORD104852,CUST2869,Sports,17/03/2025,1437.64,1,0,48.09,Credit Card,South,6.0,27.0,5.0,0,
ORD101998,CUST3110,Fashion,11/04/2026,2239.63,2,0,85.53,Credit Card,East,4.0,19.0,,0,
ORD103590,CUST2785,Sports,08-08-2025,2024.72,2,30,132.94,UPI,East,4.0,39.0,1.0,0,
ORD101156,CUST1717,home & kitchen,06-17-2026,1349.48,1,0,336.16,Cash on Delivery,East,4.0,19.0,,0,
ORD103156,CUST3820, Beauty,08-07-2025,707.27,2,0,36.99,UPI,South,4.0,28.0,4.0,0,
ORD104428,CUST3128,beauty,23/01/2026,430.24,2,25,32.04,Debit Card,West,3.0,28.0,3.0,0,
ORD101575,CUST1555,Books,2026-04-06,379.08,1,10,14.97,UPI,West,2.0,16.0,5.0,0,
ORD100968,CUST2585,Toys,2025-08-18,1129.89,4,10,,Credit Card,North,6.0,26.0,5.0,0,
ORD100061,CUST2917,Toys,2025-05-24,1168.19,2,10,27.56,Net Banking,Central,8.0,16.0,3.0,0,
ORD100472,CUST3713,home & kitchen,16/08/2025,,1,25,82.04,Debit Card,East,4.0,36.0,5.0,1,Wrong Item Delivered
ORD103454,CUST1303,grocery,15/12/2024,278.02,3,25,32.48,Net Banking,East,4.0,21.0,3.0,0,
ORD100865,CUST4486,Toys,2026-04-29,1543.31,1,20,53.82,,Central,3.0,24.0,4.0,1,Defective Product
ORD103583,CUST3772,grocery,11/01/2025,359.68,1,5,32.17,Cash on Delivery,South,2.0,53.0,2.0,0,
ORD105812,CUST3657,sports,2026-01-12,,1,20,103.16,Net Banking,North,2.0,40.0,5.0,0,
ORD103614,CUST3423,home & kitchen,28/01/2025,3307.92,2,5,35.38,Cash on Delivery,Central,4.0,,2.0,0,
ORD104837,CUST1845,electronics,05-30-2025,8798.24,3,25,112.96,Cash on Delivery,Central,6.0,30.0,3.0,0,
ORD105911,CUST1789,electronics,2026-06-27,5108.82,1,20,33.85,UPI,East,3.0,29.0,5.0,0,
ORD103388,CUST3473,Fashion,11/02/2026,733.12,1,0,37.88,Cash on Delivery,Central,6.0,38.0,2.0,0,
ORD102180,CUST3851,electronics,11-09-2024,5977.56,1,0,41.03,UPI,North,4.0,24.0,4.0,0,
ORD104743,CUST4076,Home & Kitchen,05-26-2026,2686.78,1,0,162.52,Debit Card,East,4.0,19.0,5.0,1,Better Price Found
ORD103281,CUST4348,Home & Kitchen,2024-11-02,2655.33,4,10,31.73,UPI,West,5.0,21.0,,0,
ORD105061,CUST2845,Home & Kitchen,07-13-2026,2422.82,1,5,26.28,Cash on Delivery,West,7.0,34.0,4.0,1,Changed Mind
ORD101628,CUST2729,toys,2026-08-11,761.86,1,15,30.22,Debit Card,West,4.0,22.0,5.0,0,
ORD102438,CUST2469, Beauty,07-23-2025,292.47,2,5,33.42,Credit Card,North,3.0,54.0,4.0,0,
ORD101149,CUST1816,Electronics ,2025-08-03,7870.13,1,10,98.45,Debit Card,Central,5.0,18.0,5.0,0,
ORD101160,CUST1763,toys,03-17-2026,1180.89,1,10,226.93,Debit Card,South,3.0,30.0,3.0,0,
ORD100256,CUST4352,Fashion ,2025-04-21,1316.5,1,0,76.62,Debit Card,West,5.0,28.0,3.0,1,Better Price Found
ORD102598,CUST2660,Fashion,12-21-2025,1244.31,2,10,47.95,Debit Card,West,5.0,32.0,2.0,0,
ORD104729,CUST3605,books,2025-06-28,585.86,2,5,192.17,Debit Card,North,5.0,41.0,3.0,0,
ORD105499,CUST4491,beauty,24/02/2025,1101.61,1,25,40.84,Credit Card,East,4.0,37.0,4.0,0,
ORD104873,CUST2847,Books,2025-04-14,269.6,2,15,161.79,Cash on Delivery,West,5.0,43.0,4.0,0,
ORD101105,CUST1620,Grocery,2025-04-05,135.68,3,25,26.88,,East,4.0,30.0,5.0,0,
ORD105094,CUST2144,Sports,05-16-2026,1837.89,4,30,13.84,UPI,West,5.0,52.0,1.0,0,
ORD103407,CUST2950, Beauty,2025-07-24,944.06,1,0,123.3,,West,5.0,49.0,2.0,0,
ORD100557,CUST3388,sports,08-17-2025,997.56,1,0,85.51,UPI,Central,5.0,,5.0,0,
ORD101850,CUST2358,fashion,2025-08-03,618.94,1,15,60.57,Net Banking,Central,4.0,36.0,4.0,1,Defective Product
ORD102088,CUST3931,Fashion ,01/12/2024,1470.37,1,15,32.15,Net Banking,East,1.0,33.0,5.0,0,
ORD102899,CUST2324,Home & kitchen,14/04/2026,1388.26,1,10,20.22,Debit Card,East,4.0,25.0,4.0,0,
ORD103220,CUST4000,Toys,25/06/2026,630.37,1,5,30.59,Debit Card,West,5.0,24.0,4.0,0,
ORD100261,CUST3503,Books,2026-08-08,390.82,1,15,,Credit Card,North,6.0,25.0,5.0,0,
ORD105152,CUST3416, Beauty,03/04/2025,1037.57,1,0,55.64,Credit Card,South,4.0,37.0,4.0,0,
ORD100627,CUST4040,grocery,06-21-2025,302.3,3,30,107.36,UPI,North,4.0,33.0,3.0,0,
ORD101889,CUST3839,Books,19/01/2025,124.07,1,5,62.3,Net Banking,East,3.0,40.0,1.0,1,Wrong Item Delivered
ORD103042,CUST2242,Electronics,2026-07-22,12312.06,36,5,114.46,Debit Card,South,5.0,36.0,4.0,0,
ORD104305,CUST2938,Fashion ,19/06/2025,,4,15,50.48,UPI,North,8.0,35.0,4.0,0,
ORD102078,CUST1219,home & kitchen,2024-11-13,2569.81,1,0,85.01,Debit Card,North,5.0,22.0,4.0,1,Wrong Item Delivered
ORD103585,CUST2335,Toys,03-11-2026,760.7,1,5,82.29,Credit Card,Central,2.0,16.0,4.0,1,Changed Mind
ORD104304,CUST3655,beauty,2024-10-04,,3,30,30.73,Net Banking,Central,6.0,24.0,1.0,0,
ORD101606,CUST1407,Home & Kitchen,23/09/2024,2635.32,1,15,79.36,Net Banking,East,5.0,40.0,4.0,1,Size Issue
ORD101020,CUST1116,Sports,09-18-2024,1784.13,1,0,93.82,Net Banking,Central,3.0,16.0,5.0,0,
ORD100608,CUST3755,Sports,07-17-2025,1279.55,1,0,77.02,UPI,South,4.0,28.0,5.0,0,
ORD101403,CUST1436,Toys,2025-04-07,,2,25,181.35,Cash on Delivery,East,4.0,48.0,5.0,1,Defective Product
ORD105055,CUST3150,beauty,2026-01-10,579.76,1,0,45.85,Credit Card,North,7.0,29.0,5.0,0,
ORD103254,CUST2605,books,2024-10-20,502.22,1,0,117.82,UPI,South,1.0,48.0,5.0,0,
ORD102096,CUST4127,Grocery,2025-08-11,315.33,55,15,39.58,UPI,North,4.0,,4.0,0,
ORD100209,CUST1158,Grocery,06/11/2024,312.36,2,5,53.87,Cash on Delivery,East,5.0,30.0,3.0,1,Wrong Item Delivered
ORD103798,CUST2458,Grocery,06-21-2025,242.55,1,0,129.96,Debit Card,East,5.0,17.0,2.0,1,Not as Described
ORD103539,CUST2796,fashion,2025-09-27,1659.66,1,0,,Net Banking,Central,4.0,27.0,4.0,0,
ORD100153,CUST2295,fashion,06/10/2025,1975.58,1,10,78.82,Credit Card,Central,7.0,33.0,4.0,0,
ORD101590,CUST2511,toys,2026-07-04,412.0,1,20,229.22,Cash on Delivery,South,3.0,44.0,5.0,0,
ORD102442,CUST4385,Beauty,26/04/2026,798.95,1,5,66.86,Credit Card,West,,45.0,5.0,0,
ORD101147,CUST1646,Home & Kitchen,2026-08-03,2379.58,2,25,173.81,Debit Card,North,1.0,16.0,5.0,0,
ORD103427,CUST1798,grocery,23/10/2025,270.3,1,10,110.98,Cash on Delivery,North,6.0,26.0,1.0,0,
ORD101967,CUST4201,Electronics ,10-22-2025,2910.31,2,0,55.48,Cash on Delivery,East,9.0,23.0,4.0,0,
ORD103206,CUST4204,Home & Kitchen,2024-11-12,1966.86,1,0,160.36,Cash on Delivery,East,9.0,21.0,5.0,0,
ORD102433,CUST1907,home & kitchen,02-14-2025,1611.91,4,15,43.48,Credit Card,East,4.0,43.0,1.0,0,
ORD101633,CUST2225,grocery,05-14-2025,415.89,1,0,174.42,Net Banking,South,7.0,51.0,5.0,0,
ORD103292,CUST3323,Toys,05/08/2026,1383.51,1,25,95.67,UPI,North,6.0,38.0,4.0,1,Changed Mind
ORD100597,CUST2208,Grocery,2026-07-27,407.44,1,0,47.89,Cash on Delivery,South,5.0,41.0,4.0,0,
ORD103137,CUST1660,Home & Kitchen,08-15-2026,1453.81,1,10,28.55,Net Banking,East,4.0,49.0,5.0,0,
ORD101656,CUST3087,Electronics ,2025-09-01,10149.96,1,5,162.69,UPI,West,5.0,18.0,2.0,0,
ORD104776,CUST3765, Beauty,04-19-2025,532.49,1,5,88.58,UPI,North,3.0,39.0,4.0,0,
ORD105527,CUST3256,sports,25/11/2025,2249.15,1,20,68.65,Cash on Delivery,West,6.0,35.0,4.0,0,
ORD103297,CUST2993,ELECTRONICS,10-12-2025,5205.25,1,0,15.39,Credit Card,West,3.0,,4.0,1,Not as Described
ORD101565,CUST1679,home & kitchen,2025-11-24,3166.02,1,20,107.73,Credit Card,West,7.0,37.0,5.0,0,
ORD101518,CUST2218,Sports,17/01/2026,1384.52,2,0,75.86,Debit Card,West,8.0,41.0,4.0,0,
ORD105207,CUST2749,Toys,2025-05-21,1022.48,1,5,14.62,UPI,Central,5.0,38.0,3.0,0,
ORD104317,CUST2598,home & kitchen,2026-01-29,1979.13,1,10,38.48,Cash on Delivery,East,5.0,35.0,4.0,1,Size Issue
ORD100225,CUST2787,sports,2026-03-16,1366.6,2,15,245.18,Debit Card,Central,2.0,52.0,3.0,1,Defective Product
ORD105449,CUST3484,ELECTRONICS,30/07/2025,8253.04,1,0,73.54,Cash on Delivery,West,4.0,32.0,4.0,1,Size Issue
ORD102517,CUST4360,Sports,22/03/2026,2250.03,1,25,124.95,Cash on Delivery,West,3.0,42.0,,0,
ORD105144,CUST2191,Grocery,24/02/2025,261.91,2,5,92.22,Net Banking,South,3.0,47.0,4.0,0,
ORD102393,CUST3706,Home & kitchen,2025-06-03,3059.38,1,0,102.46,Credit Card,Central,3.0,51.0,3.0,0,
ORD101760,CUST2069,sports,2025-02-08,1638.35,1,5,109.29,Cash on Delivery,South,6.0,37.0,4.0,0,
ORD101360,CUST1229,home & kitchen,2025-09-27,2914.17,2,25,65.14,UPI,South,6.0,31.0,3.0,0,
ORD103304,CUST2552, Beauty,2026-03-05,936.4,1,10,121.21,UPI,North,5.0,,4.0,0,
ORD102324,CUST2082,fashion,2025-03-11,397.39,1,30,36.04,Cash on Delivery,West,3.0,29.0,4.0,0,
ORD103558,CUST4205,Books,11-20-2025,304.99,3,15,74.76,Cash on Delivery,East,4.0,19.0,5.0,0,
ORD105243,CUST1261,electronics,09-10-2025,5155.45,1,0,34.74,Cash on Delivery,West,6.0,42.0,5.0,1,Size Issue
ORD101833,CUST4018,books,2026-03-20,465.12,1,20,19.54,Net Banking,North,4.0,42.0,3.0,0,
ORD103661,CUST2095,Beauty,03/05/2025,654.64,1,20,,UPI,South,5.0,33.0,4.0,0,
ORD102009,CUST3068,toys,04-12-2026,136.57,1,15,50.73,UPI,Central,5.0,27.0,3.0,0,
ORD103657,CUST4081, Beauty,08-03-2025,968.23,2,25,16.76,Debit Card,South,6.0,29.0,5.0,0,
ORD104301,CUST1248,Sports,2025-02-04,568.91,1,20,37.13,Credit Card,South,4.0,42.0,4.0,0,
ORD104187,CUST1314,Home & Kitchen,2024-12-28,1489.84,1,20,34.37,Net Banking,East,5.0,36.0,4.0,0,
ORD105245,CUST4353,Toys,16/09/2025,739.5,4,0,32.34,Net Banking,West,4.0,16.0,4.0,0,
ORD103857,CUST3931,Fashion ,09/09/2025,828.14,1,10,107.71,Net Banking,West,8.0,41.0,4.0,0,
ORD100693,CUST2768,Toys,10-20-2024,891.01,1,15,72.98,Credit Card,East,2.0,57.0,5.0,0,
ORD105560,CUST1828,beauty,01-18-2026,932.15,2,0,17.44,UPI,North,3.0,34.0,5.0,1,Changed Mind
ORD102612,CUST2055,Beauty,2026-03-28,432.36,2,25,161.4,UPI,South,4.0,35.0,5.0,0,
ORD101186,CUST2071, Beauty,2025-10-11,1086.16,1,10,81.7,Net Banking,West,8.0,16.0,5.0,0,
ORD101369,CUST1304,books,2025-03-05,335.83,1,25,140.56,,East,6.0,38.0,4.0,0,
ORD101907,CUST1381,electronics,08/07/2026,9262.92,1,5,340.76,Net Banking,East,4.0,25.0,2.0,0,
ORD104088,CUST3625,Beauty,2025-07-09,678.44,1,5,136.58,Credit Card,East,6.0,17.0,4.0,1,Changed Mind
ORD102477,CUST3135,beauty,2024-11-02,1026.86,3,30,101.68,Net Banking,West,2.0,33.0,5.0,0,
ORD100016,CUST2378,grocery,19/07/2026,195.99,1,10,41.49,Cash on Delivery,South,1.0,34.0,4.0,0,
ORD102514,CUST2972,Fashion,08-14-2026,1488.7,2,0,171.86,,West,5.0,16.0,3.0,0,
ORD105659,CUST1376,beauty,03-05-2025,813.86,2,20,154.37,UPI,South,6.0,32.0,5.0,0,
ORD102205,CUST3510,Sports,10-01-2025,,1,25,70.48,Cash on Delivery,North,,28.0,5.0,0,
ORD103595,CUST2104,fashion,2025-05-08,1569.3,1,10,90.75,UPI,North,4.0,16.0,5.0,1,Changed Mind
ORD101486,CUST2978,Fashion ,01-17-2025,440.81,1,10,80.64,Cash on Delivery,Central,2.0,53.0,2.0,0,
ORD101676,CUST3623,Home & kitchen,06-09-2025,1391.78,1,5,146.94,UPI,West,7.0,33.0,2.0,0,
ORD102353,CUST1464,Grocery,2026-06-19,114.9,1,0,64.57,Credit Card,East,5.0,50.0,5.0,1,Late Delivery
ORD100656,CUST1974,toys,03-19-2026,711.06,2,25,14.22,Credit Card,East,3.0,28.0,3.0,0,
ORD101571,CUST3883,grocery,04-12-2025,364.12,1,25,86.31,Cash on Delivery,East,4.0,46.0,5.0,0,
ORD101737,CUST3238,beauty,08/01/2025,735.55,1,25,92.04,Debit Card,Central,4.0,24.0,4.0,0,
ORD103855,CUST4357,home & kitchen,10-07-2024,3424.67,1,20,56.68,Debit Card,East,2.0,47.0,5.0,0,
ORD104495,CUST3178,Grocery,11-14-2024,347.04,1,20,85.55,Debit Card,Central,6.0,40.0,5.0,0,
ORD102846,CUST3072,Grocery,09/03/2026,367.77,1,10,27.67,Net Banking,South,9.0,36.0,5.0,0,
ORD102980,CUST2359, Beauty,2025-07-29,843.67,1,10,106.86,Credit Card,South,8.0,48.0,4.0,0,
ORD100618,CUST2237,Beauty,06-14-2026,,1,5,101.82,UPI,West,4.0,58.0,5.0,0,
ORD104604,CUST2123,Beauty,02-02-2026,434.03,2,20,23.41,Net Banking,North,7.0,26.0,2.0,0,
ORD102847,CUST1759,Fashion ,23/05/2025,1419.62,1,5,117.25,Credit Card,East,4.0,45.0,4.0,0,
ORD105396,CUST1547,beauty,03-15-2025,694.62,1,5,87.63,Net Banking,North,3.0,36.0,4.0,0,
ORD100867,CUST2117,Fashion,02-27-2026,21829.785298407565,1,10,47.68,Net Banking,North,5.0,38.0,4.0,0,
ORD102507,CUST1737,Sports,23/02/2025,2229.13,1,10,45.52,Cash on Delivery,North,,31.0,2.0,0,
ORD104982,CUST2745,sports,24/08/2025,1780.78,1,25,18.92,UPI,Central,6.0,24.0,4.0,0,
ORD102110,CUST2253,toys,2025-08-21,1008.7,1,15,29.19,Credit Card,South,5.0,50.0,3.0,0,
ORD104695,CUST3839,Sports,2025-11-28,,1,0,17.18,UPI,Central,2.0,46.0,5.0,0,
ORD105161,CUST4342,fashion,04-06-2025,327.85,4,25,29.95,Net Banking,East,9.0,16.0,4.0,0,
ORD100457,CUST3761,ELECTRONICS,02-02-2025,6060.29,2,0,15.18,Cash on Delivery,West,2.0,23.0,3.0,1,Changed Mind
ORD105125,CUST1432,Grocery,01-12-2026,208.37,3,25,153.09,Credit Card,East,5.0,40.0,5.0,1,Changed Mind
ORD104966,CUST4469,ELECTRONICS,2024-09-05,5029.36,1,10,29.53,Credit Card,South,1.0,50.0,4.0,0,
ORD100790,CUST2510, Beauty,2024-09-15,222.9,2,0,131.03,UPI,Central,4.0,47.0,4.0,0,
ORD105220,CUST4177,toys,2026-02-14,898.27,2,20,20.16,Net Banking,Central,4.0,16.0,1.0,0,
ORD103607,CUST3137,Toys,21/10/2024,910.85,1,5,146.08,UPI,North,6.0,41.0,2.0,0,
ORD103822,CUST2886,Beauty,11-10-2024,1017.34,1,15,33.99,Cash on Delivery,North,3.0,28.0,5.0,0,
ORD102260,CUST1725,fashion,06-23-2026,1255.65,2,0,108.09,Cash on Delivery,West,4.0,16.0,5.0,0,
ORD105617,CUST4064,toys,01-07-2026,1089.68,2,15,36.46,UPI,North,1.0,20.0,4.0,0,
ORD102808,CUST2037,Fashion ,03/09/2025,866.4,4,20,140.7,Debit Card,Central,8.0,,4.0,0,
ORD105050,CUST4064,home & kitchen,19/01/2025,3201.8,1,0,41.63,UPI,South,4.0,35.0,5.0,0,
ORD103518,CUST1058,Toys,12-06-2025,747.08,1,0,27.16,Debit Card,West,3.0,28.0,2.0,0,
ORD104746,CUST2531,grocery,04-11-2025,397.1,1,0,121.79,Debit Card,South,4.0,26.0,5.0,0,
ORD100733,CUST2696,sports,05/11/2025,1239.06,1,5,104.61,Net Banking,North,3.0,31.0,4.0,0,
ORD105948,CUST4239,ELECTRONICS,11/04/2025,3797.93,1,20,79.09,Cash on Delivery,East,7.0,30.0,4.0,0,
ORD104475,CUST2842,Home & kitchen,21/07/2025,2036.74,1,25,32.19,UPI,Central,5.0,45.0,4.0,0,
ORD103958,CUST3326,Home & Kitchen,05-12-2026,,1,0,113.61,Credit Card,West,4.0,23.0,5.0,0,
ORD102133,CUST3241,toys,2025-05-23,1023.35,1,10,,UPI,West,7.0,30.0,1.0,1,Wrong Item Delivered
ORD105052,CUST1689,sports,2024-08-23,2213.72,2,10,97.83,Debit Card,North,6.0,59.0,1.0,0,
ORD104267,CUST3465,Home & Kitchen,07-26-2026,1759.64,1,0,36.36,Credit Card,South,5.0,32.0,4.0,0,
ORD101944,CUST3193,Books,2025-09-05,368.84,1,25,76.37,Credit Card,East,8.0,16.0,4.0,1,Better Price Found
ORD102279,CUST1543,Books,06-23-2026,359.33,1,15,196.44,Net Banking,East,4.0,24.0,4.0,1,Wrong Item Delivered
ORD100659,CUST2724,Fashion,2024-11-19,1351.63,1,10,130.2,Debit Card,South,6.0,29.0,4.0,0,
ORD102430,CUST2492,beauty,10-06-2025,933.4,2,5,12.59,Net Banking,West,5.0,33.0,5.0,0,
ORD103751,CUST1358,Sports,2026-05-20,1827.64,3,10,30.35,Debit Card,East,8.0,,1.0,0,
ORD102528,CUST3518,Fashion,2024-12-26,1800.51,2,0,101.52,Cash on Delivery,South,6.0,16.0,4.0,1,Size Issue
ORD105980,CUST2924,beauty,08-30-2024,258.99,1,5,138.65,Cash on Delivery,South,6.0,18.0,4.0,0,
ORD100642,CUST1087,Sports,10-29-2025,2074.68,1,20,120.43,Debit Card,West,1.0,34.0,5.0,1,Wrong Item Delivered
ORD100168,CUST4305,toys,2025-03-28,917.84,4,5,97.93,Credit Card,South,3.0,32.0,4.0,0,
ORD101517,CUST3759,home & kitchen,2024-12-23,2122.91,1,5,3.01,Cash on Delivery,South,5.0,,4.0,0,
ORD101800,CUST2358,grocery,17/04/2026,418.87,4,20,61.94,Credit Card,North,6.0,47.0,5.0,0,
ORD103394,CUST3160,Electronics,12-29-2024,10130.62,2,5,86.67,Cash on Delivery,North,3.0,35.0,1.0,0,
ORD101917,CUST1972,Home & Kitchen,2025-03-12,2252.54,1,15,230.67,UPI,West,3.0,35.0,5.0,0,
ORD100272,CUST1205,Books,09-01-2025,313.71,1,15,24.17,UPI,North,5.0,,5.0,1,Better Price Found
ORD102468,CUST1165,Sports,06/07/2026,1664.51,3,15,47.94,Net Banking,South,5.0,42.0,1.0,1,Not as Described
ORD105902,CUST1736, Beauty,2026-04-02,770.69,1,25,225.5,UPI,West,6.0,44.0,5.0,0,
ORD105801,CUST1399,home & kitchen,07-28-2026,2977.05,1,0,82.41,Debit Card,Central,1.0,35.0,2.0,0,
ORD101066,CUST2844,Fashion ,05-28-2025,1012.78,3,30,,UPI,West,2.0,52.0,5.0,0,
ORD100494,CUST2890,Books,2026-06-17,234.89,2,15,75.96,Cash on Delivery,East,5.0,38.0,4.0,0,
ORD104911,CUST1787,Electronics,22/04/2025,4075.3,1,0,117.26,UPI,South,5.0,31.0,3.0,0,
ORD101912,CUST1414,home & kitchen,12-11-2024,1185.89,1,0,179.59,Credit Card,East,2.0,47.0,3.0,0,
ORD103646,CUST1224,toys,07/02/2026,1114.23,1,15,86.02,UPI,East,3.0,22.0,4.0,0,
ORD100038,CUST2893, Beauty,2025-02-13,694.88,1,20,72.91,Credit Card,North,4.0,46.0,5.0,0,
ORD100306,CUST4276,Home & kitchen,2026-02-07,,1,15,50.86,Net Banking,East,4.0,,2.0,1,Changed Mind
ORD103740,CUST3750,grocery,2025-07-10,368.97,2,0,,UPI,North,5.0,17.0,5.0,0,
ORD104102,CUST2697,Grocery,01-11-2025,173.92,1,20,61.82,Cash on Delivery,South,4.0,16.0,4.0,0,
ORD103152,CUST1856,books,19/01/2025,378.52,4,0,145.49,Cash on Delivery,West,5.0,33.0,4.0,0,
ORD102829,CUST4099,books,2026-03-18,228.08,1,10,72.72,UPI,Central,5.0,25.0,4.0,0,
ORD100781,CUST3312,electronics,2025-07-13,12947.67,2,0,,Debit Card,South,6.0,29.0,5.0,0,
ORD100534,CUST3837,Home & kitchen,04-23-2025,2419.76,1,25,30.53,Credit Card,West,6.0,30.0,5.0,0,
ORD100583,CUST4143,Home & kitchen,02-22-2026,2348.86,3,10,25.14,UPI,West,5.0,36.0,4.0,0,
ORD105475,CUST3295,fashion,05-04-2026,1944.62,3,10,19.11,Debit Card,West,5.0,51.0,1.0,0,
ORD104143,CUST4286,grocery,2026-07-06,135.35,1,5,58.31,Credit Card,Central,6.0,34.0,4.0,0,
ORD104418,CUST4018,Electronics ,2025-03-24,10919.42,2,0,40.27,UPI,South,5.0,39.0,3.0,1,Late Delivery
ORD103796,CUST1668,electronics,11-26-2024,10151.62,1,0,52.3,UPI,East,2.0,36.0,5.0,0,
ORD105878,CUST3598,Home & kitchen,2026-08-07,2226.91,1,10,144.78,Net Banking,West,5.0,33.0,4.0,1,Late Delivery
ORD101068,CUST3552,books,04-14-2026,209.31,1,30,69.86,Debit Card,Central,8.0,16.0,2.0,0,
ORD102861,CUST1827,toys,2026-05-19,547.27,1,0,134.62,Cash on Delivery,East,2.0,28.0,4.0,0,
ORD100316,CUST3715,Toys,25/10/2025,1072.9,3,5,54.35,Credit Card,West,4.0,24.0,4.0,0,
ORD102197,CUST3743,Toys,29/01/2025,1162.91,2,20,97.45,Cash on Delivery,East,4.0,16.0,3.0,0,
ORD102564,CUST2256, Beauty,2025-08-07,808.02,2,20,74.47,Debit Card,East,6.0,36.0,4.0,1,Not as Described
ORD105539,CUST1738,ELECTRONICS,2026-07-09,4535.77,1,0,137.65,Cash on Delivery,North,2.0,39.0,5.0,0,
ORD105875,CUST1322,home & kitchen,20/09/2025,4407.66,1,0,,UPI,Central,5.0,30.0,5.0,0,
ORD101794,CUST3400,Books,19/10/2024,499.05,1,15,83.96,Credit Card,North,3.0,31.0,4.0,0,
ORD105714,CUST3500,Fashion,09/02/2025,1369.12,1,0,72.39,Net Banking,North,7.0,23.0,3.0,0,
ORD105853,CUST3457,grocery,2026-04-10,168.27,1,5,14.81,UPI,South,5.0,31.0,5.0,0,
ORD100271,CUST3850,Electronics ,29/03/2026,7884.73,3,20,98.43,Debit Card,South,5.0,20.0,3.0,1,Late Delivery
ORD100548,CUST1118,grocery,25/03/2025,50.98,1,15,237.49,Credit Card,North,3.0,36.0,2.0,1,Defective Product
ORD101692,CUST1489,home & kitchen,02-11-2026,1970.9,1,5,6.54,Debit Card,Central,5.0,32.0,4.0,0,
ORD103525,CUST4273,sports,08-17-2025,2039.76,2,0,133.42,Credit Card,North,6.0,30.0,5.0,0,
ORD103012,CUST3053,Beauty,07/02/2025,720.72,2,0,101.84,Cash on Delivery,West,6.0,51.0,5.0,0,
ORD105887,CUST3569,sports,2026-07-03,1314.39,1,20,142.58,Credit Card,South,4.0,37.0,2.0,0,
ORD105900,CUST2284,Beauty,05-20-2025,603.78,2,5,68.1,Debit Card,East,6.0,25.0,2.0,0,
ORD102390,CUST3484,ELECTRONICS,01-02-2026,9650.23,1,25,15.68,UPI,East,5.0,52.0,4.0,0,
ORD103876,CUST2161,Fashion,2024-11-11,,1,0,25.78,Debit Card,South,1.0,16.0,4.0,0,
ORD104694,CUST1015,electronics,2025-08-16,8563.27,1,0,79.95,Net Banking,East,4.0,35.0,5.0,1,Better Price Found
ORD100894,CUST3444,Fashion,06-11-2026,1122.49,3,25,38.33,Cash on Delivery,North,3.0,38.0,4.0,0,
ORD104666,CUST2724,Beauty,2025-02-22,707.11,1,5,17.52,UPI,East,2.0,28.0,5.0,0,
ORD101999,CUST1268,Beauty,2026-03-20,825.72,2,5,153.1,Cash on Delivery,South,3.0,39.0,5.0,1,Changed Mind
ORD102122,CUST1089,books,2025-01-20,281.67,3,15,74.76,Net Banking,East,7.0,47.0,4.0,0,
ORD104157,CUST1523,Sports,20/09/2024,2787.62,1,0,220.05,Debit Card,West,6.0,16.0,5.0,0,
ORD101247,CUST3969,Toys,05/07/2026,1156.34,1,0,206.8,Debit Card,West,5.0,43.0,4.0,0,
ORD104487,CUST3298,grocery,2026-01-18,195.9,1,0,89.57,Credit Card,West,6.0,35.0,5.0,1,Defective Product
ORD101259,CUST2184,sports,29/11/2024,3467.51,2,0,36.4,Debit Card,Central,6.0,44.0,4.0,0,
ORD100809,CUST2586,fashion,06-21-2026,1214.28,1,25,112.33,Debit Card,West,3.0,20.0,4.0,0,
ORD101049,CUST2912,sports,08-17-2026,2084.13,1,10,32.4,UPI,West,6.0,38.0,4.0,0,
ORD101878,CUST2303,grocery,12-30-2024,500.78,3,0,29.03,Debit Card,North,8.0,34.0,3.0,0,
ORD102879,CUST3127,Grocery,10/07/2026,285.9,1,0,98.05,Net Banking,West,1.0,36.0,1.0,0,
ORD100107,CUST3962,Fashion,2025-09-17,991.69,4,25,58.36,Net Banking,South,4.0,21.0,5.0,1,Wrong Item Delivered
ORD100673,CUST1330,Beauty,11/10/2024,661.53,1,30,,Credit Card,West,3.0,39.0,3.0,1,Not as Described
ORD105489,CUST1677,Fashion ,30/07/2026,1235.32,1,5,285.97,Net Banking,East,,32.0,2.0,0,
ORD104761,CUST2905,Fashion,2025-10-19,799.98,1,30,231.29,Debit Card,East,1.0,37.0,5.0,0,
ORD104605,CUST3777,grocery,2025-01-06,376.84,1,25,,Credit Card,West,4.0,49.0,3.0,0,
ORD105270,CUST1770,fashion,02-08-2025,,2,0,110.54,Net Banking,West,4.0,40.0,2.0,1,Better Price Found
ORD101532,CUST2847,toys,2025-04-05,832.1,1,10,81.5,UPI,West,6.0,42.0,5.0,0,
ORD104962,CUST4114,fashion,02/12/2025,1705.29,1,0,89.83,Credit Card,Central,5.0,24.0,5.0,0,
ORD101855,CUST1605,Sports,10-01-2024,1870.8,3,0,135.24,Cash on Delivery,South,8.0,43.0,5.0,0,
ORD100211,CUST2885,Electronics,01-11-2025,8675.47,4,5,145.32,Net Banking,East,7.0,31.0,3.0,1,Better Price Found
ORD103147,CUST3254,sports,06-27-2025,2882.55,2,25,59.01,Net Banking,West,9.0,41.0,3.0,0,
ORD105156,CUST4262, Beauty,24/03/2026,761.94,1,0,38.77,UPI,East,3.0,64.0,5.0,0,
ORD102256,CUST1198,Grocery,10/09/2025,318.79,1,20,63.14,Cash on Delivery,North,5.0,46.0,3.0,0,
ORD102105,CUST3771,toys,01-05-2025,756.06,1,0,,Net Banking,South,5.0,35.0,4.0,1,Defective Product
ORD103268,CUST2906,books,01-20-2026,564.46,1,30,33.72,Debit Card,West,6.0,35.0,,0,
ORD105728,CUST4125,Fashion,08-04-2026,185.35,2,20,60.16,Net Banking,South,3.0,26.0,5.0,0,
ORD101973,CUST4218,fashion,11/03/2026,1396.27,3,5,24.64,Net Banking,East,8.0,21.0,4.0,0,
ORD104685,CUST1775,Electronics,08/10/2024,4290.31,1,10,27.43,Debit Card,West,5.0,45.0,5.0,0,
ORD101501,CUST4020,Home & kitchen,06-04-2025,2935.51,1,15,42.9,Credit Card,East,9.0,28.0,3.0,1,Size Issue
ORD104182,CUST2117,toys,08-25-2025,867.9,1,0,95.65,Debit Card,South,4.0,18.0,5.0,0,
ORD100646,CUST4134,Home & kitchen,08/10/2024,2338.87,1,10,23.68,Credit Card,Central,6.0,44.0,4.0,0,
ORD103633,CUST2899,books,08-02-2026,245.08,2,25,50.5,Cash on Delivery,West,1.0,19.0,5.0,0,
ORD100771,CUST3979,Electronics,01/05/2025,3307.37,3,25,72.42,UPI,South,2.0,16.0,5.0,0,
ORD100703,CUST2440,Books,10-31-2025,413.23,2,5,25.86,Net Banking,South,3.0,20.0,5.0,0,
ORD103587,CUST1819,Toys,02-09-2026,393.01,1,0,30.3,UPI,North,4.0,29.0,5.0,0,
ORD101249,CUST2717,Home & kitchen,2026-04-02,1637.47,1,0,10.21,Net Banking,West,4.0,49.0,3.0,0,
ORD104804,CUST1039,sports,07-09-2026,1978.59,1,10,61.14,Net Banking,North,,44.0,4.0,0,
ORD102472,CUST3121, Beauty,20/12/2025,687.87,2,0,136.04,UPI,West,5.0,27.0,5.0,0,
ORD101860,CUST3712,Fashion ,01-16-2026,1049.47,1,10,8.88,UPI,South,6.0,54.0,2.0,0,
ORD100709,CUST3351,Beauty,2026-02-27,1039.44,2,0,46.13,Debit Card,East,5.0,16.0,4.0,1,Defective Product
ORD102672,CUST1736,fashion,03-11-2025,1627.32,4,0,72.78,Cash on Delivery,Central,2.0,24.0,,0,
ORD104514,CUST3921,grocery,2024-12-29,181.44,1,5,71.91,Cash on Delivery,South,5.0,48.0,5.0,0,
ORD101461,CUST2472,books,2026-03-20,450.06,1,30,144.8,Net Banking,Central,4.0,25.0,4.0,0,
ORD101484,CUST2277,fashion,30/11/2024,899.84,1,5,48.59,Credit Card,West,4.0,36.0,4.0,0,
ORD102545,CUST4136,Beauty,21/02/2025,833.87,1,20,115.62,Debit Card,South,8.0,50.0,5.0,0,
ORD100230,CUST4303,toys,03/09/2025,1238.94,1,15,67.77,UPI,South,3.0,17.0,4.0,1,Defective Product
ORD101356,CUST3677,grocery,30/04/2026,265.53,4,20,76.27,Net Banking,North,3.0,37.0,5.0,0,
ORD103011,CUST2238,Toys,05-05-2025,1194.45,4,0,120.85,Cash on Delivery,Central,6.0,32.0,4.0,0,
ORD100851,CUST2838,fashion,2026-02-17,1499.98,1,15,13.11,Net Banking,East,3.0,31.0,4.0,0,
ORD101004,CUST2772, Beauty,26/07/2026,,1,0,59.84,Net Banking,South,4.0,50.0,4.0,0,
ORD101996,CUST2984,Books,12/06/2025,512.67,1,15,20.92,Credit Card,Central,3.0,28.0,,0,
ORD101834,CUST1898,fashion,2024-09-28,1867.62,1,10,166.85,Credit Card,South,4.0,30.0,5.0,1,Defective Product
ORD103973,CUST4482,Sports,2024-10-13,1109.21,1,15,23.35,Cash on Delivery,East,1.0,28.0,1.0,0,
ORD104532,CUST2247,beauty,03-15-2026,802.39,1,15,37.89,Cash on Delivery,Central,8.0,31.0,4.0,0,
ORD101316,CUST1803,toys,2025-03-22,50.0,1,25,48.59,Credit Card,North,6.0,17.0,4.0,0,
ORD103327,CUST1127,Toys,10/05/2026,581.72,1,0,,UPI,East,4.0,53.0,4.0,0,
ORD101623,CUST1319,Toys,2025-01-22,541.57,1,5,49.23,Credit Card,West,3.0,45.0,4.0,0,
ORD101480,CUST2977,books,08-18-2026,74.44,1,10,90.88,Credit Card,South,2.0,22.0,4.0,0,
ORD103833,CUST2259,Electronics,01-03-2026,8400.27,1,0,83.95,Credit Card,North,5.0,34.0,5.0,1,Not as Described
ORD105099,CUST3704,Toys,30/08/2025,985.86,2,15,36.99,Cash on Delivery,East,4.0,27.0,1.0,0,
ORD101278,CUST2231,Electronics ,01/05/2026,8242.93,1,0,30.34,Net Banking,West,2.0,37.0,2.0,0,
ORD103080,CUST1160,toys,08-08-2026,1055.48,1,20,125.14,Cash on Delivery,South,4.0,25.0,4.0,1,Late Delivery
ORD101823,CUST1106,grocery,03-04-2025,154.39,1,0,42.37,Debit Card,Central,4.0,36.0,5.0,0,
ORD101053,CUST1986,Home & kitchen,19/07/2025,1609.94,3,0,92.58,UPI,West,5.0,27.0,4.0,0,
ORD104145,CUST1021,grocery,04-03-2026,436.66,1,0,31.87,Cash on Delivery,Central,6.0,27.0,1.0,0,
ORD100475,CUST2288,Electronics,2025-07-17,7156.18,1,5,25.64,Cash on Delivery,Central,2.0,39.0,2.0,0,
ORD102282,CUST3843,Electronics ,2025-08-22,6191.62,1,10,56.64,Debit Card,Central,9.0,23.0,4.0,0,
ORD103711,CUST1142,Sports,2025-10-04,1823.7,1,0,113.03,Credit Card,North,1.0,37.0,5.0,0,
ORD103146,CUST4106,toys,04-10-2026,1256.78,1,0,65.68,Cash on Delivery,East,4.0,51.0,5.0,1,Not as Described
ORD100335,CUST1892,Sports,2025-10-05,1201.86,1,0,171.59,Debit Card,North,4.0,39.0,4.0,0,
ORD102617,CUST2391,Home & kitchen,12/02/2025,3052.94,2,0,33.06,UPI,West,6.0,32.0,4.0,0,
ORD103662,CUST2732,ELECTRONICS,22/08/2025,9526.24,1,20,33.46,Cash on Delivery,West,6.0,51.0,5.0,1,Size Issue
ORD100088,CUST2946,Toys,11-20-2024,1086.83,1,0,51.93,UPI,Central,5.0,20.0,4.0,0,
ORD100874,CUST2581,fashion,05-19-2025,1178.35,1,10,163.43,Credit Card,East,5.0,,4.0,0,
ORD100543,CUST1931,beauty,23/06/2026,803.42,1,10,183.71,Net Banking,West,5.0,44.0,4.0,0,
ORD103000,CUST3906,grocery,25/08/2025,316.59,1,0,126.32,Debit Card,West,6.0,31.0,5.0,0,
ORD102760,CUST3245,Grocery,03-24-2026,208.52,1,15,40.18,Credit Card,East,5.0,17.0,5.0,0,
ORD105539,CUST1738,ELECTRONICS,2026-07-09,4535.77,1,0,137.65,Cash on Delivery,North,2.0,39.0,5.0,0,
ORD101880,CUST3316,grocery,01-27-2025,132.61,1,15,97.5,Net Banking,South,1.0,45.0,4.0,0,
ORD102126,CUST3622,Grocery,05-20-2025,391.54,2,15,69.24,Debit Card,East,4.0,32.0,1.0,0,
ORD100926,CUST2037,Fashion,09-19-2025,1153.86,1,5,57.61,Cash on Delivery,West,1.0,46.0,4.0,1,Wrong Item Delivered
ORD100319,CUST2065,Home & Kitchen,29/12/2024,2254.11,1,0,91.11,Net Banking,South,2.0,40.0,1.0,0,
ORD104615,CUST3029,books,01/09/2025,317.11,3,15,53.81,Credit Card,Central,4.0,30.0,4.0,1,Changed Mind
ORD100878,CUST2373,home & kitchen,01-23-2026,944.53,3,5,110.28,UPI,North,6.0,50.0,4.0,1,Late Delivery
ORD103994,CUST3706,books,2025-08-18,343.31,1,15,33.05,Credit Card,South,3.0,16.0,5.0,0,
ORD104921,CUST2752,Books,06-03-2025,401.18,1,10,68.92,Debit Card,North,5.0,31.0,4.0,0,
ORD103246,CUST3885,Fashion,2024-11-30,1707.54,1,0,312.86,Debit Card,South,7.0,,,1,Better Price Found
ORD103078,CUST2006,ELECTRONICS,22/05/2026,6555.8,1,10,56.77,Credit Card,Central,5.0,47.0,5.0,0,
ORD103761,CUST3151,Fashion ,11/08/2026,1166.46,1,15,91.44,UPI,East,3.0,55.0,5.0,0,
ORD104730,CUST1189,grocery,2025-02-13,193.29,1,25,31.28,Net Banking,South,1.0,41.0,5.0,0,
ORD105662,CUST1896,Electronics ,2025-11-14,9605.34,1,15,41.89,Cash on Delivery,North,5.0,26.0,4.0,0,
ORD104234,CUST3149,Fashion ,22/11/2025,908.36,1,5,181.88,Cash on Delivery,North,9.0,37.0,1.0,0,
ORD104259,CUST1758,fashion,02/01/2025,732.83,1,25,177.51,,North,3.0,38.0,2.0,0,
ORD101618,CUST2623,Books,12-17-2024,623.81,1,0,81.24,Cash on Delivery,East,5.0,46.0,3.0,0,
ORD103726,CUST4275,Electronics ,12-19-2025,4317.11,1,10,34.9,Debit Card,East,6.0,38.0,5.0,0,
ORD101117,CUST3952,Home & Kitchen,2025-12-26,3000.24,1,0,41.28,Cash on Delivery,Central,1.0,31.0,5.0,1,Late Delivery
ORD101045,CUST1654,Electronics ,02-16-2025,8270.86,2,15,103.53,Net Banking,Central,4.0,58.0,2.0,0,
ORD105056,CUST2181,Home & kitchen,19/06/2025,4059.52,1,0,29.09,Net Banking,South,6.0,22.0,5.0,0,
ORD101750,CUST1381,home & kitchen,21/01/2026,2459.61,1,0,32.96,Cash on Delivery,North,3.0,16.0,5.0,0,
ORD105151,CUST1006,sports,2025-10-14,1477.24,2,0,25.64,Credit Card,South,5.0,41.0,3.0,0,
ORD103878,CUST4445,grocery,04/04/2025,319.0,3,15,119.36,Credit Card,North,3.0,46.0,3.0,0,
ORD103917,CUST1827,toys,2026-03-21,793.27,1,10,54.43,Cash on Delivery,North,6.0,50.0,2.0,1,Not as Described
ORD105189,CUST3976,fashion,10/10/2024,858.71,1,25,13.21,Cash on Delivery,North,6.0,40.0,1.0,1,Not as Described
ORD101043,CUST2573,toys,03-19-2025,1045.33,3,10,44.94,,North,6.0,35.0,4.0,0,
ORD103010,CUST2441,toys,04-29-2025,824.88,2,0,30.09,Debit Card,South,4.0,27.0,4.0,0,
ORD105155,CUST2495,grocery,04-09-2025,246.94,4,20,29.0,Credit Card,South,4.0,39.0,5.0,0,
ORD103290,CUST3842,Electronics ,01-18-2025,8960.71,1,0,117.98,Credit Card,West,5.0,34.0,4.0,0,
ORD105849,CUST2698,sports,06-08-2026,2009.09,2,0,,Debit Card,East,6.0,43.0,5.0,0,
ORD104751,CUST1149,toys,10-19-2025,1170.55,1,30,64.38,Cash on Delivery,Central,1.0,40.0,2.0,0,
ORD102064,CUST2229,Fashion ,08/05/2025,706.16,2,5,59.19,UPI,South,4.0,51.0,5.0,0,
ORD102964,CUST2313,books,30/04/2025,616.15,1,15,115.44,Cash on Delivery,West,7.0,40.0,5.0,0,
ORD100641,CUST3619,Toys,21/01/2025,695.15,1,10,103.41,Credit Card,West,6.0,41.0,5.0,0,
ORD100137,CUST2993,toys,12-15-2025,1154.3,1,20,20.81,UPI,Central,1.0,31.0,2.0,0,
ORD100880,CUST4398,Books,15/09/2024,280.45,2,5,41.85,Debit Card,East,5.0,30.0,4.0,0,
ORD101976,CUST3682,grocery,2025-02-28,770.3,2,15,141.08,UPI,North,8.0,40.0,3.0,0,
ORD101581,CUST2013,grocery,2025-04-11,293.08,1,0,61.8,Net Banking,West,4.0,32.0,3.0,0,
ORD104793,CUST3404,Home & Kitchen,05/02/2025,3889.93,1,0,84.35,Net Banking,East,3.0,22.0,5.0,1,Size Issue
ORD101097,CUST3390, Beauty,2026-01-28,402.26,1,15,24.02,Credit Card,North,1.0,25.0,4.0,1,Size Issue
ORD105336,CUST3989,Home & kitchen,16/10/2024,2631.26,1,10,31.49,Credit Card,Central,8.0,63.0,4.0,1,Wrong Item Delivered
ORD105736,CUST2284,books,28/04/2026,462.02,1,25,107.56,UPI,Central,5.0,31.0,4.0,0,
ORD101392,CUST2845,sports,2025-03-06,2648.05,2,15,20.07,Net Banking,South,6.0,17.0,4.0,0,
ORD102083,CUST2222,Home & kitchen,2025-05-25,1410.2,1,25,47.1,Credit Card,West,1.0,28.0,5.0,0,
ORD101266,CUST2230,Fashion ,2025-01-27,56.57,1,0,,Net Banking,Central,4.0,29.0,4.0,0,
ORD104231,CUST3652,Sports,2025-12-26,2277.17,1,15,33.08,Net Banking,South,7.0,18.0,5.0,0,
ORD105265,CUST3140,fashion,2026-01-09,1206.54,2,10,148.68,UPI,South,2.0,54.0,4.0,0,
ORD102574,CUST1213,Books,01/01/2026,400.82,1,5,73.55,Net Banking,Central,2.0,24.0,5.0,0,
ORD102135,CUST3847,toys,2024-12-08,735.88,1,15,168.1,Cash on Delivery,Central,4.0,37.0,5.0,1,Not as Described
ORD101503,CUST2759,Home & kitchen,07-13-2025,262.59,1,5,48.69,Debit Card,North,8.0,16.0,5.0,1,Changed Mind
ORD105493,CUST1753,fashion,03-05-2025,472.99,2,0,26.64,Net Banking,East,3.0,21.0,3.0,0,
ORD103367,CUST3374,Grocery,2025-09-17,232.7,1,20,71.48,Debit Card,West,4.0,42.0,5.0,0,
ORD103729,CUST1164,Home & Kitchen,02-04-2026,1645.33,1,5,188.14,Debit Card,North,1.0,51.0,1.0,0,
ORD100148,CUST2653,Toys,10/05/2026,587.71,1,5,5.84,Credit Card,Central,8.0,45.0,,0,
ORD100303,CUST2597,Beauty,2025-03-25,1067.15,1,0,154.09,UPI,North,,45.0,4.0,1,Wrong Item Delivered
ORD105113,CUST1586,Fashion ,2025-01-08,708.03,1,0,46.4,Net Banking,Central,7.0,33.0,2.0,1,Not as Described
ORD101924,CUST1397,Grocery,08-05-2025,214.06,1,10,58.98,Cash on Delivery,Central,7.0,36.0,2.0,1,Defective Product
ORD105148,CUST3346,Grocery,07-08-2026,237.43,1,15,166.43,UPI,East,2.0,57.0,4.0,0,
ORD105862,CUST2303,Toys,23/12/2024,1028.89,1,5,11.94,Debit Card,South,6.0,23.0,3.0,0,
ORD102637,CUST1991,fashion,2025-02-06,731.91,1,10,80.08,Cash on Delivery,West,5.0,27.0,5.0,0,
ORD101904,CUST1696,toys,10-12-2024,417.76,1,20,151.14,Credit Card,East,3.0,50.0,4.0,0,
ORD105724,CUST2447,Home & kitchen,2025-10-14,4290.01,1,15,132.97,Cash on Delivery,North,6.0,22.0,4.0,0,
ORD104294,CUST4019,Home & kitchen,05-01-2026,2418.31,1,0,11.29,Cash on Delivery,North,6.0,36.0,3.0,0,
ORD103842,CUST1487,home & kitchen,01/10/2024,2766.32,2,5,36.31,Cash on Delivery,South,,37.0,5.0,0,
ORD105445,CUST1194,Grocery,09/04/2025,440.96,2,15,148.41,UPI,South,4.0,16.0,4.0,0,
ORD101768,CUST2841,Home & kitchen,2024-11-04,1697.09,2,20,23.68,UPI,North,4.0,27.0,5.0,0,
ORD102875,CUST4373,beauty,2026-01-18,932.44,1,0,146.73,Net Banking,North,7.0,20.0,4.0,0,
ORD102240,CUST1672,ELECTRONICS,2024-09-21,8236.15,1,0,120.86,Credit Card,Central,2.0,31.0,2.0,0,
ORD104500,CUST4305,home & kitchen,2025-07-09,2987.02,3,5,,Debit Card,Central,4.0,35.0,4.0,0,
ORD101382,CUST4029,grocery,26/05/2025,234.63,1,15,156.2,UPI,South,4.0,38.0,5.0,0,
ORD104164,CUST1675,Toys,2025-04-04,1202.25,3,15,262.96,UPI,Central,5.0,43.0,5.0,0,
ORD100483,CUST3561, Beauty,2026-02-22,617.39,1,15,27.64,Credit Card,East,7.0,32.0,5.0,0,
ORD105278,CUST1668,Sports,2025-12-06,2337.04,1,20,99.15,Net Banking,Central,6.0,37.0,4.0,0,
ORD101280,CUST1236,Grocery,03-31-2026,354.14,1,5,18.82,Cash on Delivery,East,6.0,,1.0,0,
ORD105127,CUST2337,sports,09-09-2024,2089.81,1,0,24.21,Cash on Delivery,West,3.0,36.0,5.0,0,
ORD103680,CUST2706,grocery,09-04-2024,364.42,3,10,23.36,Cash on Delivery,South,5.0,46.0,4.0,1,Late Delivery
ORD100791,CUST1314,beauty,04-18-2026,869.2,2,10,24.81,Net Banking,East,4.0,,5.0,0,
ORD104895,CUST2466,ELECTRONICS,12-09-2024,10660.57,1,10,133.74,Debit Card,North,5.0,43.0,2.0,0,
ORD101201,CUST1894,Grocery,17/12/2025,153.59,1,30,58.66,UPI,West,5.0,23.0,3.0,0,
ORD104518,CUST4390,Books,23/02/2025,370.82,1,5,65.45,Cash on Delivery,South,2.0,22.0,2.0,0,
ORD103912,CUST2339,Home & Kitchen,11-03-2025,2848.03,1,20,26.28,Net Banking,East,6.0,37.0,5.0,0,
ORD102362,CUST1685,Electronics ,2026-07-13,10628.07,1,30,54.8,UPI,East,2.0,27.0,1.0,0,
ORD103069,CUST1171,Home & Kitchen,2025-06-10,2775.86,2,15,74.49,Credit Card,South,1.0,22.0,2.0,0,
ORD103429,CUST1736,ELECTRONICS,05/01/2026,7818.26,1,5,62.95,,North,6.0,34.0,2.0,0,
ORD101927,CUST1473,Home & Kitchen,31/07/2025,2067.69,4,5,,Credit Card,Central,6.0,54.0,5.0,0,
ORD105939,CUST2531,books,10-07-2025,570.71,1,10,29.82,Cash on Delivery,North,4.0,40.0,5.0,1,Defective Product
ORD102591,CUST3091,Electronics ,15/03/2026,8328.4,1,0,14.17,Credit Card,North,5.0,37.0,3.0,0,
ORD102710,CUST1324,Home & kitchen,2026-06-13,1667.06,2,0,115.62,UPI,West,5.0,53.0,4.0,0,
ORD101529,CUST1709,toys,2026-06-30,1170.5,1,15,121.08,UPI,North,4.0,49.0,4.0,0,
ORD104998,CUST2229,Grocery,18/10/2024,351.98,3,10,68.87,Net Banking,North,7.0,31.0,2.0,0,
ORD102809,CUST2223,Grocery,08-05-2025,60.28,1,25,52.95,Net Banking,East,5.0,31.0,4.0,0,
ORD100685,CUST1935,Books,29/06/2025,457.82,1,20,52.65,UPI,East,6.0,16.0,5.0,0,
ORD101551,CUST4099,books,19/09/2025,465.18,1,10,23.81,Debit Card,North,4.0,31.0,5.0,0,
ORD104255,CUST4102,Toys,2026-01-30,1039.21,1,15,79.38,Net Banking,North,3.0,38.0,3.0,0,
ORD105095,CUST4077, Beauty,15/07/2026,630.75,1,10,70.68,Credit Card,East,3.0,19.0,3.0,0,
ORD103871,CUST3128,Grocery,07-25-2025,466.93,1,15,64.62,Debit Card,South,4.0,34.0,5.0,0,
ORD105122,CUST1986,Fashion ,16/12/2025,1409.36,2,5,54.69,Net Banking,West,2.0,42.0,4.0,0,
ORD100560,CUST1038,Fashion ,2025-02-21,1335.74,1,20,157.37,UPI,North,4.0,42.0,4.0,0,
ORD102250,CUST4430,Grocery,2026-06-27,372.59,1,25,40.59,Net Banking,North,1.0,23.0,5.0,1,Changed Mind
ORD105746,CUST1298,books,06/06/2025,530.31,2,5,18.64,Debit Card,South,3.0,18.0,5.0,0,
ORD103500,CUST3428,Toys,06/09/2024,1050.73,1,5,55.2,UPI,Central,6.0,48.0,4.0,0,
ORD102689,CUST2041,ELECTRONICS,01-23-2025,8549.57,2,5,110.13,Net Banking,West,1.0,36.0,4.0,0,
ORD104208,CUST3466,Beauty,10-09-2024,572.25,3,20,127.8,Debit Card,Central,3.0,58.0,2.0,0,
ORD105977,CUST1151,books,26/07/2026,529.19,1,25,82.04,Credit Card,East,,32.0,3.0,0,
ORD103379,CUST3346,beauty,2025-10-15,684.09,1,20,257.52,UPI,East,5.0,34.0,4.0,0,
ORD103193,CUST1229,Beauty,28/06/2026,519.87,1,5,,Credit Card,South,3.0,24.0,3.0,1,Changed Mind
ORD101446,CUST3978,Electronics ,2025-09-25,8920.31,1,5,60.15,Net Banking,West,5.0,39.0,5.0,0,
ORD101952,CUST1603,Fashion,08-07-2026,1220.44,1,0,17.26,UPI,Central,3.0,16.0,5.0,0,
ORD100922,CUST1817,Home & Kitchen,20/09/2024,2089.32,1,15,48.34,Cash on Delivery,South,1.0,47.0,5.0,1,Not as Described
ORD101624,CUST1926,Sports,24/11/2024,1171.41,1,0,11.1,,South,7.0,56.0,4.0,0,
ORD100310,CUST3739,grocery,30/05/2025,307.98,1,15,112.84,Cash on Delivery,Central,3.0,34.0,4.0,0,
ORD101319,CUST3681,toys,2025-08-18,671.14,1,5,93.7,UPI,South,2.0,,3.0,0,
ORD103531,CUST3359,Toys,02/08/2026,621.34,1,25,22.81,Net Banking,South,3.0,42.0,5.0,0,
ORD101663,CUST1049,sports,2024-10-09,1759.63,1,0,55.02,Credit Card,South,5.0,45.0,1.0,0,
ORD100815,CUST2032,Beauty,28/05/2025,429.34,1,25,106.84,,West,2.0,53.0,5.0,1,Changed Mind
ORD105575,CUST3803, Beauty,16/03/2025,945.46,1,0,28.47,Cash on Delivery,North,5.0,53.0,2.0,0,
ORD102266,CUST3494,home & kitchen,21/06/2025,3443.82,1,0,,UPI,North,5.0,38.0,4.0,0,
ORD101473,CUST3091,Grocery,02-24-2025,117.26,4,10,195.53,Net Banking,East,9.0,45.0,3.0,0,
ORD101773,CUST1491,books,2025-02-28,493.73,1,25,64.64,Net Banking,North,3.0,41.0,4.0,0,
ORD104775,CUST1820,grocery,2024-09-15,347.26,1,20,38.23,Net Banking,East,5.0,29.0,5.0,0,
ORD105676,CUST1267,electronics,09-18-2025,8386.71,1,5,72.57,UPI,East,5.0,32.0,5.0,0,
ORD101093,CUST3444,Toys,11-21-2025,,2,5,11.17,Net Banking,West,9.0,32.0,4.0,1,Defective Product
ORD104176,CUST3019,Home & Kitchen,2025-08-08,1598.99,1,5,177.8,Cash on Delivery,East,5.0,32.0,5.0,0,
ORD101950,CUST3116,toys,2025-10-10,780.28,1,25,42.27,Debit Card,East,6.0,34.0,4.0,0,
ORD103884,CUST1052,Home & Kitchen,14/05/2025,4025.51,1,0,16.59,Net Banking,Central,6.0,44.0,4.0,1,Size Issue
ORD105555,CUST3569,Fashion,02/03/2025,2174.66,1,15,25.53,Cash on Delivery,South,2.0,23.0,5.0,1,Defective Product
ORD105745,CUST3335,Fashion,2025-05-20,1225.68,1,5,34.77,Net Banking,North,2.0,34.0,1.0,1,Late Delivery
ORD102800,CUST1137,Grocery,2025-02-15,163.01,1,25,87.77,UPI,East,1.0,45.0,4.0,0,
ORD101239,CUST1912,books,02/02/2026,621.18,1,15,168.57,UPI,South,5.0,41.0,4.0,1,Not as Described
ORD100329,CUST3669,Electronics ,13/03/2026,11910.47,2,20,90.45,Credit Card,West,7.0,50.0,5.0,0,
ORD103102,CUST2840,Electronics ,10/11/2024,4321.59,1,0,22.6,UPI,East,4.0,25.0,5.0,1,Defective Product
ORD100242,CUST2552,Grocery,2025-12-18,288.73,1,5,92.56,Net Banking,West,8.0,58.0,5.0,0,
ORD105756,CUST3475,Toys,04-07-2025,1089.77,1,25,37.68,UPI,West,1.0,27.0,3.0,1,Late Delivery
ORD104737,CUST3392,Toys,25/08/2025,708.07,1,0,30.89,UPI,North,,41.0,,0,
ORD104792,CUST2943,sports,17/02/2026,683.95,1,0,88.22,Credit Card,West,4.0,37.0,4.0,0,
ORD102257,CUST2772,home & kitchen,2025-09-27,3328.42,2,0,,Debit Card,East,6.0,22.0,5.0,0,
ORD102818,CUST3829,toys,2025-10-17,362.22,2,5,332.29,UPI,West,7.0,44.0,5.0,1,Size Issue
ORD103824,CUST1071,books,2026-04-09,151.23,1,10,107.97,Debit Card,West,1.0,43.0,5.0,0,
ORD100753,CUST1318,sports,07-21-2025,769.59,4,15,130.18,Credit Card,West,3.0,35.0,1.0,0,
ORD104531,CUST3668,Books,2026-02-27,633.27,1,0,54.62,Debit Card,West,2.0,36.0,1.0,0,
ORD101563,CUST2436,sports,10-22-2025,795.33,1,15,104.69,Credit Card,Central,4.0,28.0,3.0,1,Size Issue
ORD101934,CUST2801,Fashion ,20/09/2024,1746.46,1,0,88.77,Cash on Delivery,South,6.0,19.0,4.0,1,Size Issue
ORD105892,CUST1739,Beauty,2025-03-13,652.87,2,0,64.75,,Central,4.0,47.0,3.0,0,
ORD103493,CUST2573,Home & kitchen,2025-09-28,1580.45,1,0,92.94,Cash on Delivery,East,4.0,,4.0,0,
ORD103022,CUST3811,Sports,18/05/2026,2016.08,1,20,62.04,Net Banking,North,6.0,25.0,4.0,0,
ORD104647,CUST2768,home & kitchen,08/11/2025,3393.27,1,10,31.74,Net Banking,East,5.0,,4.0,0,
ORD102648,CUST3353,Books,06/04/2025,429.0,1,15,76.74,Net Banking,Central,3.0,35.0,5.0,0,
ORD101856,CUST1580,Electronics,2025-10-21,9679.0,4,15,156.26,Net Banking,West,4.0,21.0,4.0,1,Not as Described
ORD104697,CUST2969,Beauty,21/01/2025,795.85,1,0,22.78,Debit Card,West,8.0,49.0,5.0,0,
ORD103563,CUST4117,books,2025-05-10,412.92,1,0,30.56,Net Banking,West,5.0,16.0,3.0,1,Late Delivery
ORD101964,CUST2131,Fashion ,04-14-2025,1593.96,2,10,96.73,Net Banking,North,5.0,30.0,4.0,1,Size Issue
ORD101013,CUST3560,Electronics ,07/03/2025,7511.15,2,0,145.38,UPI,North,7.0,16.0,4.0,0,
ORD101427,CUST1554,Sports,2025-07-19,1599.85,1,10,133.69,UPI,West,4.0,36.0,5.0,0,
ORD103322,CUST1255,Fashion ,04/05/2026,1677.06,1,0,95.15,Net Banking,Central,3.0,48.0,4.0,1,Wrong Item Delivered
ORD101295,CUST1062,Grocery,03-28-2025,187.26,1,5,33.42,Credit Card,North,2.0,37.0,5.0,0,
ORD100466,CUST4335,Home & kitchen,07-03-2025,2534.52,1,5,133.82,Net Banking,Central,4.0,21.0,5.0,0,
ORD104028,CUST3751,fashion,05/06/2026,1180.11,1,25,58.72,Credit Card,West,6.0,45.0,1.0,0,
ORD100174,CUST1636,Books,12/02/2026,567.52,1,10,58.81,Credit Card,East,4.0,52.0,4.0,0,
ORD104880,CUST1043,Grocery,06-04-2025,71.25,3,0,49.31,UPI,East,5.0,49.0,4.0,0,
ORD100277,CUST4093,Books,2025-10-28,446.46,1,10,75.43,Net Banking,Central,,38.0,5.0,0,
ORD101069,CUST1486,grocery,29/12/2025,314.6,1,0,,Cash on Delivery,East,5.0,30.0,5.0,0,
ORD101548,CUST3345,Electronics,08-27-2025,10409.92,1,5,32.24,Cash on Delivery,West,5.0,40.0,4.0,0,
ORD101024,CUST3531,Grocery,2025-10-11,460.47,3,10,66.57,Credit Card,South,5.0,48.0,5.0,0,
ORD105036,CUST3400,beauty,2025-06-05,401.6,2,25,81.76,UPI,Central,1.0,,4.0,0,
ORD102834,CUST2987,beauty,06-06-2026,937.0,1,25,74.3,Debit Card,South,7.0,46.0,4.0,0,
ORD101466,CUST1681,beauty,17/12/2025,,1,0,122.68,Credit Card,East,6.0,28.0,1.0,0,
ORD105419,CUST1624,Home & Kitchen,2025-02-16,4014.07,2,15,74.75,Net Banking,Central,6.0,30.0,4.0,1,Not as Described
ORD105579,CUST2154,toys,30/01/2025,1032.09,1,10,165.38,Credit Card,Central,,16.0,4.0,0,
ORD105002,CUST2160,Sports,30/03/2025,1296.77,1,5,32.35,UPI,East,1.0,37.0,1.0,1,Late Delivery
ORD101713,CUST1050,fashion,09-20-2024,1225.16,1,10,119.16,Credit Card,West,3.0,24.0,5.0,0,
ORD103424,CUST2888,home & kitchen,20/10/2025,671.92,3,10,52.9,Net Banking,North,9.0,35.0,5.0,0,
ORD102611,CUST1479,sports,03-22-2025,1724.75,2,20,55.33,UPI,North,3.0,25.0,5.0,0,
ORD100388,CUST2742,Electronics,11/09/2025,7841.55,1,5,151.5,Net Banking,Central,4.0,38.0,5.0,0,
ORD102070,CUST1749, Beauty,2025-10-01,1056.6,4,10,252.48,UPI,North,2.0,16.0,3.0,1,Defective Product
ORD103970,CUST2785,Sports,2025-05-11,674.22,2,10,104.48,Cash on Delivery,North,4.0,50.0,4.0,0,
ORD103495,CUST1437,Electronics ,2026-01-09,6706.89,1,25,105.64,UPI,East,1.0,41.0,2.0,0,
ORD102821,CUST1645,Toys,23/10/2024,950.74,1,15,34.82,Credit Card,East,3.0,41.0,5.0,0,
ORD104976,CUST1788,home & kitchen,2024-10-09,2236.59,3,25,201.62,Credit Card,Central,,,4.0,0,
ORD101424,CUST2010,toys,2025-05-09,811.71,1,25,97.63,Cash on Delivery,South,1.0,,4.0,1,Changed Mind
ORD103542,CUST3589,Toys,2026-03-20,1009.98,1,10,56.96,UPI,West,5.0,39.0,1.0,0,
ORD101299,CUST1993,Toys,2025-08-04,687.58,1,0,67.62,Cash on Delivery,South,2.0,29.0,2.0,0,
ORD103574,CUST3526,Toys,02-18-2025,633.25,1,20,85.19,Debit Card,Central,1.0,29.0,2.0,1,Better Price Found
ORD100050,CUST2084,Grocery,20/07/2025,423.84,4,0,45.26,Credit Card,South,,,4.0,0,
ORD101887,CUST2375,Grocery,29/11/2025,280.65,1,0,156.09,Credit Card,West,5.0,37.0,3.0,0,
ORD103695,CUST2255,home & kitchen,2026-06-06,1012.3,1,10,92.91,Cash on Delivery,East,1.0,31.0,4.0,0,
ORD104229,CUST3102,home & kitchen,10-25-2024,1428.91,1,15,73.01,Credit Card,Central,7.0,17.0,3.0,0,
ORD105201,CUST4294,toys,2025-01-19,1425.39,1,20,49.66,Debit Card,East,2.0,46.0,5.0,0,
ORD104799,CUST2710,Electronics,08/07/2026,6679.47,1,25,26.84,Debit Card,Central,5.0,34.0,2.0,1,Better Price Found
ORD100482,CUST3550,beauty,01/09/2025,570.57,1,5,153.18,Net Banking,North,5.0,30.0,3.0,0,
ORD103393,CUST2986,toys,13/01/2026,798.5,1,10,82.1,Cash on Delivery,South,7.0,57.0,5.0,0,
ORD105241,CUST4348,Home & Kitchen,2025-06-02,2896.27,1,0,281.9,Cash on Delivery,West,6.0,28.0,5.0,1,Size Issue
ORD102251,CUST1504,Electronics,12-23-2025,12752.75,1,30,32.5,UPI,South,6.0,,5.0,1,Better Price Found
ORD104162,CUST4119,Books,10/11/2025,566.65,2,15,106.23,Credit Card,North,7.0,31.0,5.0,1,Changed Mind
ORD102313,CUST2814,toys,2026-05-09,655.76,1,30,34.24,Credit Card,North,3.0,38.0,4.0,0,
ORD102849,CUST4178,Books,07/05/2026,399.39,1,25,184.34,Debit Card,West,8.0,19.0,1.0,0,
ORD105760,CUST2924,Sports,2025-09-21,2128.4,2,20,,Cash on Delivery,East,4.0,40.0,4.0,0,
ORD103103,CUST1349,ELECTRONICS,25/11/2025,5958.56,1,0,38.11,Net Banking,Central,6.0,29.0,4.0,1,Late Delivery
ORD105003,CUST3482,Beauty,05-20-2025,176.03,1,0,46.93,UPI,West,4.0,49.0,5.0,0,
ORD104127,CUST1738,sports,2025-01-04,2446.59,1,0,31.97,Cash on Delivery,West,4.0,16.0,4.0,0,
ORD103867,CUST2737,fashion,06/08/2026,831.59,2,0,38.65,Debit Card,East,3.0,38.0,5.0,0,
ORD102465,CUST3700,Electronics,07-13-2026,6701.85,1,0,13.42,Credit Card,Central,5.0,28.0,,0,
ORD102929,CUST3360,Books,02-04-2026,252.78,2,20,75.06,Debit Card,South,5.0,24.0,5.0,1,Late Delivery
ORD105965,CUST4331,toys,07-03-2025,797.38,1,0,57.71,UPI,West,5.0,27.0,5.0,1,Better Price Found
ORD104106,CUST1094,grocery,2024-09-03,678.25,2,15,58.06,Credit Card,Central,3.0,24.0,3.0,0,
ORD100064,CUST1469,toys,2025-12-29,1191.75,1,30,221.87,Net Banking,Central,3.0,28.0,3.0,0,
ORD105824,CUST1406,grocery,2026-01-14,260.31,1,30,40.78,Debit Card,East,3.0,39.0,4.0,1,Size Issue
ORD100776,CUST4109,Beauty,2024-12-08,564.7,1,0,24.54,Debit Card,South,9.0,54.0,5.0,1,Late Delivery
ORD104173,CUST3027, Beauty,2025-07-04,600.76,1,5,86.63,UPI,East,6.0,17.0,5.0,0,
ORD104587,CUST3560,books,07/04/2026,470.15,1,20,86.48,Credit Card,North,4.0,41.0,4.0,0,
ORD102734,CUST1537,electronics,19/11/2025,10587.13,2,15,99.0,Credit Card,East,5.0,31.0,3.0,1,Better Price Found
ORD102580,CUST1327,home & kitchen,28/01/2025,1962.29,1,5,137.85,Net Banking,West,3.0,48.0,5.0,0,
ORD104616,CUST4108,beauty,2025-05-10,801.94,1,10,30.77,Credit Card,West,6.0,44.0,4.0,1,Size Issue
ORD103483,CUST3192,Books,15/11/2024,396.96,1,0,95.53,Credit Card,East,5.0,41.0,5.0,0,
ORD105997,CUST2510,Grocery,06-09-2026,225.31,3,0,26.38,UPI,North,9.0,38.0,4.0,0,
ORD102344,CUST2945,Grocery,13/11/2025,335.65,1,5,44.24,Debit Card,West,6.0,32.0,5.0,1,Changed Mind
ORD104687,CUST2914,Electronics,06/01/2026,8933.61,2,5,104.84,Net Banking,North,5.0,26.0,3.0,0,
ORD102815,CUST1490,books,03-08-2025,393.12,1,0,157.38,Credit Card,South,6.0,45.0,2.0,0,
ORD105779,CUST1813,Toys,03-24-2025,,2,5,80.58,UPI,West,2.0,27.0,3.0,1,Late Delivery
ORD105381,CUST1347,toys,13/08/2025,1324.97,2,5,64.19,Debit Card,South,5.0,48.0,4.0,0,
ORD104026,CUST2220,grocery,2025-04-05,429.56,1,10,88.22,Credit Card,South,4.0,47.0,4.0,0,
ORD100724,CUST2719,books,01-23-2025,463.29,3,10,49.92,UPI,East,5.0,57.0,5.0,0,
ORD105641,CUST4404,Sports,08-28-2024,1815.29,2,0,21.32,Net Banking,West,6.0,26.0,5.0,0,
ORD105620,CUST4484,Toys,2025-01-14,1192.86,1,0,60.66,Credit Card,East,2.0,50.0,3.0,1,Late Delivery
ORD100674,CUST1607,Toys,2025-04-11,613.74,3,0,196.98,Credit Card,South,7.0,17.0,3.0,0,
ORD105308,CUST2155,beauty,13/01/2026,1048.54,1,15,58.65,Cash on Delivery,East,1.0,16.0,5.0,0,
ORD105990,CUST3531,books,27/04/2026,204.61,1,5,127.38,UPI,East,2.0,,3.0,1,Defective Product
ORD101735,CUST3020,Sports,2025-10-25,1781.23,1,20,6.06,Debit Card,West,5.0,36.0,4.0,0,
ORD103124,CUST2858,Books,2025-12-14,456.07,1,25,40.12,Credit Card,East,8.0,53.0,4.0,0,
ORD104940,CUST2360,Sports,2026-01-08,1918.61,1,0,22.47,Cash on Delivery,Central,6.0,34.0,5.0,1,Not as Described
ORD105078,CUST3139,fashion,28/10/2024,1281.42,1,0,89.89,UPI,East,7.0,44.0,1.0,1,Changed Mind
ORD104802,CUST3365,Toys,2025-05-19,795.92,1,25,27.99,Cash on Delivery,South,4.0,27.0,5.0,0,
ORD100273,CUST4474,Books,2025-09-30,620.93,1,5,53.99,Net Banking,North,1.0,30.0,2.0,1,Changed Mind
ORD102944,CUST4083,toys,29/07/2026,1026.54,1,10,107.5,Debit Card,East,6.0,24.0,4.0,1,Changed Mind
ORD105869,CUST1651,grocery,23/04/2026,441.83,1,0,66.12,Net Banking,North,44.0,30.0,5.0,0,
ORD105059,CUST1811,books,01-15-2026,114.73,1,15,26.52,Cash on Delivery,West,8.0,29.0,1.0,0,
ORD105614,CUST1342,Electronics,03/02/2025,13378.58,1,15,98.29,Debit Card,East,7.0,55.0,3.0,0,
ORD105496,CUST4238,Beauty,2024-08-25,887.82,1,5,109.85,Credit Card,South,5.0,42.0,4.0,0,
ORD101452,CUST1570,Electronics ,23/12/2025,6244.32,1,5,286.83,Net Banking,Central,5.0,34.0,5.0,0,
ORD102715,CUST2822,Grocery,2025-03-05,356.25,1,10,81.03,UPI,West,8.0,40.0,5.0,0,
ORD104245,CUST3950,Books,07-24-2025,482.51,3,20,50.25,Credit Card,Central,7.0,18.0,4.0,1,Wrong Item Delivered
ORD102692,CUST2478,Beauty,2025-04-20,655.16,2,5,36.89,Debit Card,East,1.0,34.0,5.0,1,Not as Described
ORD102767,CUST1981,Sports,23/06/2025,850.92,3,15,37.76,Net Banking,East,5.0,,3.0,0,
ORD100218,CUST3086,Toys,02/05/2025,956.57,2,20,90.15,Credit Card,South,4.0,23.0,4.0,0,
ORD100239,CUST2648,Books,06-13-2025,378.92,1,15,36.18,Credit Card,West,8.0,28.0,2.0,0,
ORD101131,CUST2189,Books,03-30-2026,471.72,1,5,26.33,Net Banking,East,6.0,24.0,4.0,0,
ORD105832,CUST4300,Toys,08-21-2025,458.59,2,0,,Credit Card,North,6.0,16.0,5.0,1,Defective Product
ORD103264,CUST4329,sports,11-23-2024,2225.57,1,25,9.36,Cash on Delivery,North,7.0,35.0,4.0,0,
ORD102239,CUST1435,electronics,2025-05-19,6324.07,1,20,186.8,Credit Card,North,5.0,49.0,5.0,1,Defective Product
ORD105349,CUST3925,Toys,02-15-2026,772.51,1,10,18.39,,East,3.0,38.0,2.0,1,Not as Described
ORD105149,CUST4495,Sports,14/05/2025,618.08,1,15,117.75,UPI,Central,5.0,16.0,5.0,0,
ORD101383,CUST3823,books,2024-11-29,186.32,1,5,88.11,Cash on Delivery,Central,2.0,27.0,2.0,0,
ORD103074,CUST3884,Electronics,09-06-2025,8966.87,1,5,32.78,Credit Card,East,2.0,43.0,3.0,0,
ORD104860,CUST1751,Books,06-15-2026,489.82,1,5,25.82,Cash on Delivery,West,5.0,34.0,5.0,0,
ORD101357,CUST3661,Sports,2026-08-13,968.56,2,20,59.69,Debit Card,Central,6.0,41.0,5.0,1,Defective Product
ORD104871,CUST1430,beauty,13/10/2024,956.34,1,15,19.49,Debit Card,North,4.0,23.0,4.0,0,
ORD102630,CUST1311,sports,2026-04-11,2038.3,1,10,70.99,Debit Card,West,8.0,47.0,5.0,0,
ORD102832,CUST2467, Beauty,2026-01-04,554.54,3,0,70.59,UPI,North,6.0,28.0,4.0,0,
ORD100624,CUST2519,home & kitchen,2025-05-30,2560.7,1,10,60.91,UPI,North,6.0,37.0,4.0,0,
ORD100839,CUST4420,books,05/03/2026,224.96,1,5,78.16,Credit Card,Central,,35.0,3.0,0,
ORD104723,CUST3912,Home & Kitchen,2026-05-25,3378.48,1,15,28.23,Debit Card,South,3.0,34.0,2.0,0,
ORD100323,CUST4407,Fashion,2025-03-10,72.39,1,20,80.99,Net Banking,Central,9.0,44.0,5.0,0,
ORD100772,CUST3643,Home & kitchen,2026-07-20,3493.95,3,5,59.03,Net Banking,North,4.0,19.0,3.0,0,
ORD101867,CUST3301,Beauty,01-17-2026,794.52,1,5,29.39,Debit Card,South,5.0,17.0,4.0,0,
ORD105256,CUST1346,Toys,02-20-2026,688.93,1,0,119.01,Net Banking,South,10.0,29.0,5.0,1,Better Price Found
ORD102826,CUST4241,Toys,2026-01-13,967.74,1,20,16.86,Debit Card,Central,3.0,40.0,5.0,0,
ORD105172,CUST1883,fashion,2025-11-23,2067.93,1,5,158.34,Net Banking,North,6.0,38.0,5.0,0,
ORD105609,CUST3678, Beauty,11-28-2024,681.27,1,10,64.81,UPI,East,3.0,27.0,5.0,0,
ORD100437,CUST2859,ELECTRONICS,14/01/2026,8334.88,4,15,50.87,Debit Card,North,2.0,46.0,4.0,1,Late Delivery
ORD100119,CUST1779,books,2025-02-16,490.81,1,0,131.75,Net Banking,North,4.0,21.0,5.0,0,
ORD105569,CUST1420,books,2025-09-21,467.11,1,0,110.82,Debit Card,Central,8.0,45.0,4.0,0,
ORD105772,CUST2221,Home & kitchen,2025-06-11,1906.7,2,10,119.91,Debit Card,East,3.0,20.0,5.0,0,
ORD101839,CUST4023,sports,2025-04-08,3223.35,4,30,,UPI,West,4.0,36.0,5.0,1,Late Delivery
ORD101026,CUST3234,sports,30/05/2026,2428.88,1,0,257.85,Net Banking,North,5.0,19.0,3.0,0,
ORD103301,CUST2662,Books,25/12/2024,557.33,2,5,157.79,Debit Card,West,4.0,37.0,1.0,0,
ORD104172,CUST2913,Sports,12-16-2024,2224.16,1,10,34.73,Cash on Delivery,Central,4.0,17.0,4.0,1,Changed Mind
ORD103101,CUST1373,books,02-06-2026,453.88,2,15,70.0,Cash on Delivery,Central,2.0,40.0,,0,
ORD100900,CUST3721,Grocery,19/06/2025,202.24,1,10,53.09,,Central,1.0,56.0,5.0,0,
ORD104467,CUST1276,Fashion ,09-23-2025,728.48,1,5,92.31,UPI,West,2.0,29.0,4.0,1,Defective Product
ORD101204,CUST2829,grocery,2024-10-17,342.72,1,5,87.19,Net Banking,North,3.0,16.0,3.0,1,Defective Product
ORD105814,CUST2442,fashion,14/06/2025,633.58,1,0,69.99,Credit Card,North,3.0,31.0,4.0,1,Better Price Found
ORD103730,CUST3256,Electronics ,2024-11-28,11167.6,1,20,11.13,UPI,Central,3.0,27.0,5.0,0,
ORD105037,CUST1329,Toys,08-01-2026,793.74,1,0,105.82,Cash on Delivery,East,3.0,24.0,5.0,0,
ORD104050,CUST2735,toys,04-07-2025,620.61,1,0,44.2,Debit Card,North,4.0,29.0,4.0,1,Size Issue
ORD100552,CUST2687,Home & kitchen,02-13-2025,2973.29,1,0,122.92,Net Banking,West,5.0,40.0,4.0,0,
ORD100406,CUST1517,Fashion,2025-03-20,1724.84,3,5,25.25,Net Banking,East,8.0,27.0,5.0,0,
ORD105587,CUST3733,Fashion ,12-06-2024,1110.84,1,30,23.33,Net Banking,North,4.0,24.0,5.0,0,
ORD101613,CUST3662,books,06-14-2026,231.15,1,30,72.26,Cash on Delivery,East,6.0,17.0,5.0,0,
ORD102934,CUST1928,Books,2026-05-16,416.33,2,10,88.29,Debit Card,East,5.0,26.0,4.0,0,
ORD105064,CUST4314,,18/02/2026,2111.5,4,0,76.4,Net Banking,Central,5.0,43.0,5.0,1,Changed Mind
ORD103298,CUST3441, Beauty,11-10-2024,604.98,2,15,64.22,Cash on Delivery,East,4.0,43.0,4.0,0,
ORD102833,CUST2026,Grocery,01-30-2026,348.23,2,20,50.74,Debit Card,South,1.0,34.0,3.0,1,Not as Described
ORD102349,CUST3513,Electronics,06-11-2026,5862.92,1,5,125.81,Debit Card,North,8.0,38.0,2.0,0,
ORD104785,CUST4207,toys,2026-04-12,875.16,3,10,118.46,Net Banking,South,4.0,41.0,5.0,1,Changed Mind
ORD103109,CUST3316,ELECTRONICS,16/06/2026,10201.33,1,30,46.28,Cash on Delivery,West,6.0,33.0,4.0,0,
ORD101738,CUST2004,Books,2026-02-25,,1,10,39.14,Debit Card,South,5.0,53.0,2.0,0,
ORD100236,CUST4473,Sports,2025-04-05,1392.88,1,0,206.79,Credit Card,South,7.0,31.0,5.0,0,
ORD103163,CUST3033,Grocery,11/11/2025,435.06,2,0,25.93,Net Banking,West,3.0,40.0,5.0,0,
ORD100499,CUST2976, Beauty,2025-06-18,1308.82,1,0,154.53,UPI,North,5.0,35.0,4.0,0,
ORD104918,CUST3302,toys,2025-04-15,990.72,2,0,13.78,Credit Card,North,4.0,22.0,4.0,0,
ORD103625,CUST3997,Fashion,08-28-2024,1427.2,1,5,57.27,Net Banking,East,6.0,36.0,4.0,0,
ORD103127,CUST3241,Home & kitchen,2025-02-13,2694.44,1,15,88.7,Net Banking,Central,6.0,41.0,3.0,0,
ORD100794,CUST3377,Fashion ,27/05/2025,811.13,2,0,60.97,Debit Card,North,4.0,32.0,5.0,1,Late Delivery
ORD103358,CUST3828,books,08-06-2025,401.53,1,0,20.42,Debit Card,West,4.0,38.0,5.0,1,Wrong Item Delivered
ORD103291,CUST4212,books,10-24-2025,668.31,1,25,79.96,Cash on Delivery,South,5.0,40.0,4.0,0,
ORD103972,CUST4224,beauty,2026-04-30,1079.74,1,25,127.77,Cash on Delivery,Central,5.0,35.0,4.0,0,
ORD100990,CUST2511,sports,27/09/2025,1599.56,1,0,102.75,Credit Card,East,5.0,17.0,5.0,1,Defective Product
ORD104663,CUST4233,home & kitchen,10-07-2024,2267.47,1,0,89.36,Debit Card,South,6.0,30.0,5.0,0,
ORD102435,CUST4441,Home & kitchen,03/07/2025,1793.94,1,0,59.34,UPI,West,5.0,27.0,5.0,0,
ORD103376,CUST3977,Fashion ,02-17-2026,1179.69,1,5,69.59,,East,2.0,33.0,4.0,1,Size Issue
ORD100390,CUST3878,Books,17/04/2025,297.86,3,0,87.13,UPI,West,5.0,16.0,4.0,0,
ORD104839,CUST4350,Sports,2025-04-02,2621.8,3,15,20.89,UPI,East,2.0,28.0,4.0,0,
ORD102400,CUST4256,Sports,29/05/2026,1110.93,3,20,110.98,Debit Card,East,3.0,33.0,3.0,0,
ORD101217,CUST3309,home & kitchen,18/06/2025,2808.31,1,10,91.14,Net Banking,Central,3.0,47.0,4.0,1,Better Price Found
ORD100235,CUST3552,ELECTRONICS,2026-06-23,15498.71,1,0,44.6,Debit Card,Central,6.0,48.0,5.0,0,
ORD100331,CUST1816,Toys,07-14-2026,1487.36,1,10,141.98,Credit Card,Central,3.0,22.0,3.0,0,
ORD104576,CUST4329,Books,2024-11-17,613.86,2,0,85.41,UPI,North,6.0,45.0,3.0,0,
ORD103188,CUST1556,Electronics ,13/09/2024,6666.1,2,20,222.19,UPI,West,3.0,40.0,1.0,1,Better Price Found
ORD100044,CUST2643,Grocery,03-30-2026,224.56,2,10,56.24,Credit Card,North,4.0,22.0,1.0,0,
ORD105564,CUST1632,Books,18/04/2025,366.38,2,25,101.85,Cash on Delivery,Central,6.0,48.0,4.0,0,
ORD105775,CUST2062,beauty,22/01/2025,888.81,1,5,72.1,UPI,North,1.0,50.0,5.0,0,
ORD104216,CUST2222,Toys,2024-12-09,1099.61,1,10,60.55,Debit Card,East,7.0,,3.0,1,Late Delivery
ORD103436,CUST1139,Sports,02-19-2025,1153.04,1,15,34.9,Net Banking,North,4.0,45.0,1.0,0,
ORD103072,CUST4041,fashion,03/06/2025,1360.21,2,20,103.63,Credit Card,North,4.0,35.0,5.0,1,Late Delivery
ORD103134,CUST3471,grocery,2025-10-15,436.98,1,20,156.72,Credit Card,South,3.0,46.0,4.0,0,
ORD105368,CUST1872,home & kitchen,03-21-2025,1867.53,1,20,72.02,Credit Card,Central,4.0,43.0,5.0,1,Wrong Item Delivered
ORD104045,CUST2124, Beauty,2025-01-22,759.18,3,20,68.97,Cash on Delivery,West,2.0,39.0,5.0,0,
ORD105022,CUST2578,Electronics,30/09/2024,9214.61,1,20,66.35,Credit Card,North,2.0,36.0,4.0,0,
ORD101594,CUST3993,Electronics,05/02/2026,8892.72,1,30,1.49,UPI,East,4.0,24.0,5.0,0,
ORD100223,CUST3443,ELECTRONICS,2024-09-15,6181.87,1,30,35.5,Credit Card,West,5.0,,2.0,1,Better Price Found
ORD104862,CUST1178,Home & Kitchen,06-02-2025,2348.39,3,25,100.04,Credit Card,Central,6.0,,3.0,0,
ORD104709,CUST2073, Beauty,2024-12-24,1007.84,1,5,61.72,UPI,East,4.0,17.0,4.0,0,
ORD102891,CUST3252,Sports,2026-03-21,1568.33,1,25,136.25,UPI,South,8.0,45.0,3.0,0,
ORD101245,CUST2417,sports,15/02/2025,2140.6,1,0,38.47,Credit Card,North,5.0,38.0,5.0,1,Not as Described
ORD101540,CUST1685, Beauty,2025-07-09,521.56,2,0,114.72,Cash on Delivery,Central,3.0,19.0,4.0,0,
ORD103537,CUST2700,home & kitchen,2024-11-30,2532.87,1,0,18.13,Cash on Delivery,North,6.0,,4.0,0,
ORD104148,CUST1541,toys,2025-12-22,1168.93,1,0,229.56,Credit Card,Central,3.0,35.0,5.0,0,
ORD104625,CUST1304, Beauty,24/06/2025,474.86,1,0,126.86,Debit Card,North,4.0,24.0,5.0,0,
ORD102533,CUST1004,Toys,09-17-2025,1124.11,1,20,71.57,Net Banking,West,2.0,50.0,3.0,0,
ORD103513,CUST1295,beauty,02-05-2025,,1,10,115.48,Debit Card,Central,4.0,37.0,,0,
ORD100818,CUST2365,Electronics,2026-05-19,,1,30,62.87,Cash on Delivery,Central,7.0,37.0,4.0,1,Not as Described
ORD103458,CUST2084,ELECTRONICS,2026-07-18,8575.12,1,0,116.56,UPI,North,6.0,40.0,4.0,0,
ORD100155,CUST2286,Beauty,12-21-2025,981.61,3,5,52.3,Net Banking,Central,6.0,27.0,4.0,0,
ORD100497,CUST2195, Beauty,07-01-2026,777.05,1,0,213.76,UPI,East,6.0,16.0,5.0,0,
ORD100248,CUST3681,beauty,16/10/2025,554.06,1,10,165.81,Debit Card,West,4.0,37.0,5.0,0,
ORD104857,CUST1735,Home & kitchen,06-18-2025,2571.35,1,20,45.26,Cash on Delivery,East,4.0,42.0,5.0,0,
ORD103927,CUST1134,electronics,21/07/2025,7242.95,1,30,97.07,Credit Card,North,8.0,27.0,3.0,0,
ORD104014,CUST4388,Beauty,02-14-2025,410.15,1,10,21.84,Net Banking,Central,45.0,24.0,5.0,0,
ORD102636,CUST1817,Toys,2025-08-18,580.19,1,15,75.86,Cash on Delivery,West,6.0,48.0,2.0,0,
ORD105226,CUST1491,Toys,14/05/2025,799.53,1,10,150.63,Debit Card,South,5.0,29.0,5.0,1,Late Delivery
ORD104638,CUST3537,,09/03/2026,1693.35,1,15,133.03,Credit Card,North,3.0,25.0,5.0,0,
ORD100793,CUST3076,Toys,2025-11-11,495.97,1,20,110.98,Credit Card,North,4.0,44.0,5.0,0,
ORD101725,CUST3112,toys,01-29-2025,195.53,1,30,126.01,UPI,West,6.0,35.0,4.0,0,
ORD103189,CUST3569,Electronics ,05/08/2025,7690.8,2,0,15.24,Net Banking,West,5.0,36.0,5.0,0,
ORD102649,CUST3010,grocery,2026-05-16,371.26,1,0,99.44,Credit Card,South,4.0,23.0,3.0,0,
ORD100628,CUST2699,Grocery,01/02/2026,222.81,1,10,26.31,Debit Card,East,4.0,39.0,4.0,0,
ORD105843,CUST4203,Books,06/07/2026,734.23,1,25,89.76,Credit Card,West,8.0,37.0,5.0,0,
ORD102339,CUST2652,Fashion ,19/09/2025,1613.11,2,15,14.54,Debit Card,East,3.0,47.0,4.0,0,
ORD105988,CUST3020,Sports,2026-08-08,38424.12220903974,2,0,109.46,UPI,South,,49.0,5.0,0,
ORD105463,CUST3465,Books,22/11/2025,503.34,2,15,156.14,UPI,Central,4.0,28.0,4.0,0,
ORD101620,CUST1959,Toys,2026-01-12,623.27,1,10,30.02,,Central,6.0,16.0,4.0,0,
ORD101451,CUST2675,grocery,03-23-2026,269.18,2,5,15.88,Debit Card,Central,1.0,25.0,4.0,0,
ORD102902,CUST4049,Fashion ,01/03/2026,1888.44,2,15,,Debit Card,South,5.0,23.0,4.0,0,
ORD105167,CUST1140,Fashion ,04-16-2026,1357.4,2,0,75.43,UPI,Central,2.0,36.0,4.0,1,Size Issue
ORD104650,CUST2562,Electronics ,2025-03-22,7487.38,1,0,106.98,Credit Card,Central,4.0,30.0,5.0,0,
ORD101828,CUST4140, Beauty,09-10-2025,902.8,1,10,117.27,Net Banking,East,,26.0,3.0,0,
ORD100826,CUST4330,fashion,2026-03-20,1086.62,1,20,14.51,Net Banking,South,3.0,36.0,3.0,0,
ORD101639,CUST2802,Home & Kitchen,07/12/2025,2174.38,1,0,341.12,UPI,East,5.0,,5.0,0,
ORD103864,CUST1758,sports,01-11-2026,1677.55,1,20,19.49,,Central,7.0,30.0,2.0,0,
ORD102913,CUST3267,Sports,2025-03-08,1257.16,1,0,67.81,Cash on Delivery,East,5.0,56.0,5.0,0,
ORD103791,CUST3099,beauty,11-14-2024,749.47,1,30,168.7,Net Banking,North,1.0,35.0,5.0,0,
ORD102939,CUST2307,Grocery,09-06-2025,5671.286484551879,1,5,129.5,Debit Card,West,2.0,38.0,3.0,0,
ORD103420,CUST3670,Electronics,06-30-2025,6792.31,1,10,124.16,Credit Card,North,6.0,31.0,5.0,0,
ORD103996,CUST2097,Beauty,07-05-2026,571.11,1,0,42.7,Credit Card,East,8.0,32.0,4.0,0,
ORD103767,CUST2892,beauty,12-24-2024,939.39,1,15,48.57,Credit Card,East,6.0,28.0,4.0,0,
ORD100535,CUST1328,beauty,05/06/2025,237.55,1,15,40.37,Credit Card,West,,20.0,4.0,0,
ORD102663,CUST2332,books,10-17-2025,590.14,1,10,81.65,Debit Card,East,8.0,18.0,1.0,0,
ORD100154,CUST1836,electronics,07-03-2026,8350.63,3,15,46.86,UPI,North,3.0,26.0,4.0,1,Wrong Item Delivered
ORD103241,CUST2120,toys,12-06-2024,934.71,1,15,87.72,Cash on Delivery,Central,5.0,,5.0,1,Size Issue
ORD105596,CUST1600,toys,03-10-2026,485.8,2,5,35.82,Credit Card,East,5.0,39.0,2.0,0,
ORD103149,CUST3845,Toys,25/11/2024,925.22,1,15,161.13,UPI,East,3.0,16.0,4.0,0,
ORD102952,CUST2779,Grocery,06-06-2025,244.29,1,0,100.43,Cash on Delivery,East,2.0,55.0,1.0,1,Changed Mind
ORD101311,CUST1187,Beauty,04-04-2025,339.94,1,15,8.31,Credit Card,Central,5.0,39.0,4.0,0,
ORD100322,CUST2552,Books,26/02/2026,270.44,1,0,80.74,Debit Card,East,6.0,31.0,3.0,0,
ORD104110,CUST3872,Fashion,10/01/2025,1402.43,1,5,46.84,Credit Card,East,5.0,25.0,4.0,0,
ORD103330,CUST2567,fashion,2025-04-08,1446.02,1,15,6.25,Credit Card,East,4.0,32.0,4.0,0,
ORD103985,CUST3067,Toys,2026-04-13,1439.12,2,20,265.06,Debit Card,East,4.0,32.0,4.0,0,
ORD101798,CUST1527,toys,2025-07-09,1571.63,1,0,154.83,Net Banking,North,6.0,24.0,4.0,0,
ORD100082,CUST1980,fashion,31/03/2026,1103.01,1,15,109.47,Cash on Delivery,West,4.0,21.0,2.0,0,
ORD102560,CUST1834,toys,06-05-2025,800.24,1,25,12.44,Net Banking,East,3.0,34.0,4.0,0,
ORD101943,CUST4352,home & kitchen,25/04/2026,2155.37,1,5,,Credit Card,East,2.0,24.0,5.0,0,
ORD101988,CUST3851,books,04-27-2026,3250.9095538855695,1,20,99.22,Net Banking,South,4.0,,4.0,0,
ORD103536,CUST2121,Home & kitchen,04/10/2024,2545.28,2,10,49.69,Net Banking,South,4.0,35.0,1.0,0,
ORD105479,CUST2716,fashion,07/10/2024,824.48,1,30,44.85,Cash on Delivery,East,6.0,43.0,5.0,1,Not as Described
ORD101574,CUST3782,beauty,08-09-2026,1110.6,2,25,100.02,Debit Card,South,4.0,33.0,5.0,0,
ORD102977,CUST1056,home & kitchen,10/04/2026,1100.94,1,0,,Cash on Delivery,North,4.0,39.0,5.0,0,
ORD102723,CUST1862,Fashion ,02-18-2026,630.74,1,10,48.97,Credit Card,Central,3.0,24.0,4.0,1,Wrong Item Delivered
ORD103405,CUST4356,beauty,28/02/2025,458.8,1,5,89.13,Debit Card,Central,6.0,42.0,4.0,0,
ORD102058,CUST3900,Home & Kitchen,13/09/2024,3722.02,1,0,121.68,Cash on Delivery,East,5.0,27.0,5.0,0,
ORD101762,CUST4407,books,06-02-2025,320.67,1,10,19.11,Credit Card,West,1.0,20.0,1.0,1,Not as Described
ORD101494,CUST4033,Electronics,12-17-2024,12323.46,1,5,81.17,Credit Card,South,2.0,31.0,3.0,0,
ORD104927,CUST3695,sports,26/01/2025,2466.95,1,5,102.85,Credit Card,West,4.0,30.0,1.0,0,
ORD102080,CUST3542,Home & kitchen,10-17-2025,2668.92,1,15,14.99,UPI,West,3.0,38.0,4.0,1,Better Price Found
ORD101174,CUST3325,toys,20/03/2026,1377.0,1,25,105.26,Credit Card,Central,4.0,30.0,5.0,0,
ORD104509,CUST2046,Toys,2024-12-02,1048.84,1,20,42.74,Net Banking,Central,5.0,28.0,4.0,0,
ORD102628,CUST1380,toys,02-16-2025,1092.32,1,10,75.42,Credit Card,East,4.0,21.0,4.0,0,
ORD104261,CUST3758,Books,2025-02-24,562.64,1,5,48.93,Net Banking,South,5.0,21.0,5.0,1,Changed Mind
ORD105707,CUST3143,books,11-06-2025,535.16,1,5,77.94,Debit Card,North,3.0,16.0,1.0,0,
ORD100614,CUST3299,Fashion,27/05/2026,1043.23,2,0,81.48,Debit Card,North,3.0,48.0,5.0,0,
ORD103093,CUST2610, Beauty,22/09/2025,791.93,3,10,29.21,Debit Card,South,5.0,,4.0,1,Late Delivery
ORD103450,CUST2132,Grocery,28/11/2025,252.68,1,0,72.34,UPI,West,2.0,16.0,4.0,0,
ORD101014,CUST3185,books,03-28-2025,304.94,1,5,64.71,Debit Card,North,6.0,29.0,4.0,0,
ORD103057,CUST3012,Sports,05-03-2026,2435.59,4,15,36.63,Credit Card,East,6.0,62.0,3.0,0,
ORD105888,CUST3373, Beauty,04/09/2024,499.18,1,10,24.46,Debit Card,East,8.0,31.0,2.0,0,
ORD105333,CUST2251,Books,2026-05-08,563.68,2,10,162.3,Cash on Delivery,North,7.0,46.0,3.0,0,
ORD103905,CUST1500,ELECTRONICS,2025-07-17,16918.26,2,10,78.14,Credit Card,West,3.0,43.0,5.0,0,
ORD102181,CUST4458, Beauty,02-01-2026,616.45,1,0,58.55,Credit Card,Central,4.0,26.0,3.0,1,Defective Product
ORD103418,CUST3176,Fashion ,29/10/2024,1063.61,1,0,131.91,Net Banking,South,3.0,31.0,4.0,0,
ORD104651,CUST3528,Grocery,08/06/2025,413.83,2,5,151.4,Net Banking,East,6.0,37.0,4.0,0,
ORD103100,CUST3942,toys,24/03/2026,1201.19,2,0,24.55,Debit Card,East,6.0,35.0,5.0,0,
ORD101211,CUST2809,Toys,2026-05-05,692.26,1,5,12.3,Credit Card,Central,3.0,25.0,2.0,0,
ORD105925,CUST2638,Home & kitchen,28/08/2025,1299.39,1,10,36.31,Cash on Delivery,Central,3.0,23.0,,1,Not as Described
ORD100634,CUST2485,Fashion ,07-14-2026,1107.74,2,0,77.59,Credit Card,South,5.0,50.0,4.0,0,
ORD101055,CUST2152,electronics,2024-09-23,5402.97,3,0,205.29,Debit Card,North,4.0,31.0,3.0,1,Wrong Item Delivered
ORD102340,CUST1906,Electronics,2024-10-25,,1,5,86.67,Net Banking,Central,1.0,26.0,5.0,0,
ORD100796,CUST1168,beauty,10/02/2026,191.11,1,10,55.24,UPI,West,,46.0,5.0,0,
ORD105187,CUST2426,Electronics,2025-12-27,3902.61,1,15,44.94,Net Banking,West,6.0,34.0,4.0,0,
ORD104270,CUST3759,home & kitchen,05-09-2025,4779.52,1,10,103.01,Net Banking,Central,3.0,41.0,5.0,0,
ORD102814,CUST4253,grocery,08-30-2024,184.18,1,10,290.33,Cash on Delivery,North,5.0,43.0,4.0,0,
ORD104341,CUST1619,Books,03-02-2025,143.53,1,0,67.56,UPI,South,,25.0,5.0,1,Better Price Found
ORD101080,CUST1572,home & kitchen,06-02-2026,1478.21,1,0,96.58,Cash on Delivery,North,3.0,30.0,5.0,1,Not as Described
ORD101654,CUST3696,Beauty,04-30-2026,596.56,1,0,215.68,Cash on Delivery,West,5.0,37.0,5.0,1,Not as Described
ORD101607,CUST4427,Beauty,11-19-2025,191.8,1,15,33.93,Net Banking,South,7.0,22.0,2.0,0,
ORD100144,CUST1232,Beauty,09-11-2025,749.27,1,25,136.97,Debit Card,East,6.0,21.0,4.0,0,
ORD104241,CUST1195,home & kitchen,22/03/2025,2490.88,3,10,60.36,UPI,South,6.0,39.0,4.0,0,
ORD100090,CUST3484,Home & Kitchen,02-28-2025,2684.64,2,0,61.8,Net Banking,South,5.0,,4.0,1,Changed Mind
ORD100682,CUST3681,home & kitchen,11-10-2024,1318.95,3,0,206.0,Debit Card,East,4.0,35.0,4.0,0,
ORD104406,CUST4100, Beauty,09-04-2025,364.47,1,0,223.82,Net Banking,North,6.0,26.0,4.0,0,
ORD103431,CUST4406,Electronics,12-23-2025,5568.44,1,10,35.49,UPI,South,6.0,37.0,5.0,0,
ORD100093,CUST1823,grocery,03/02/2026,194.61,3,5,96.64,Debit Card,Central,4.0,36.0,4.0,0,
ORD100834,CUST4138,Home & Kitchen,25/04/2025,2983.79,1,25,29.05,Cash on Delivery,Central,3.0,37.0,5.0,0,
ORD105020,CUST3600,Home & Kitchen,01-19-2026,4419.15,1,15,137.41,Cash on Delivery,East,3.0,34.0,5.0,0,
ORD105885,CUST3700,home & kitchen,05/03/2026,3014.13,3,0,36.47,UPI,East,5.0,56.0,4.0,0,
ORD105131,CUST3746,Fashion,2026-07-15,1711.06,2,0,126.82,Cash on Delivery,West,3.0,45.0,4.0,0,
ORD101400,CUST2556,Fashion ,03-02-2025,1146.59,1,0,105.61,,North,4.0,28.0,4.0,1,Wrong Item Delivered
ORD103979,CUST3368,Books,2026-01-25,630.54,2,10,51.9,Cash on Delivery,West,6.0,17.0,4.0,0,
ORD102291,CUST1103, Beauty,09-05-2025,634.89,1,30,78.91,Debit Card,East,4.0,57.0,1.0,0,
ORD101500,CUST2770,books,11-30-2025,309.49,1,10,120.65,Net Banking,North,6.0,36.0,5.0,0,
ORD102262,CUST1525,books,03/02/2026,452.19,1,5,129.12,Debit Card,North,7.0,29.0,3.0,0,
ORD101468,CUST3642,Fashion ,04/10/2025,1718.88,1,15,70.25,Credit Card,Central,6.0,35.0,4.0,1,Size Issue
ORD103928,CUST3700,Toys,26/12/2024,363.92,3,0,67.71,Credit Card,North,9.0,28.0,5.0,0,
ORD103245,CUST2110,Books,09-24-2025,437.0,1,5,159.33,UPI,East,1.0,39.0,5.0,0,
ORD100998,CUST3631,grocery,2026-07-30,292.35,1,0,219.56,Debit Card,North,5.0,30.0,1.0,0,
ORD100853,CUST4312,ELECTRONICS,02/04/2025,3068.52,2,0,,Debit Card,North,4.0,24.0,4.0,0,
ORD103875,CUST3022,Beauty,2024-10-18,17778.562364340945,2,5,7.5,Credit Card,North,4.0,43.0,5.0,0,
ORD101142,CUST1953,Fashion,30/01/2025,998.41,1,15,132.41,UPI,North,6.0,,5.0,1,Late Delivery
ORD105239,CUST2660,Books,2025-09-15,,1,20,94.91,Debit Card,South,5.0,61.0,4.0,0,
ORD102274,CUST2285,books,13/01/2026,464.88,2,5,38.24,UPI,Central,2.0,18.0,4.0,1,Defective Product
ORD104497,CUST1842,Sports,07/03/2025,1946.9,4,20,47.13,Credit Card,South,10.0,22.0,5.0,0,
ORD101103,CUST1450,ELECTRONICS,2026-07-13,10416.65,1,15,153.64,Credit Card,East,8.0,39.0,2.0,0,
ORD100084,CUST1350,Sports,2026-07-12,1779.37,1,0,42.36,Cash on Delivery,West,1.0,46.0,4.0,0,
ORD102210,CUST3013,toys,2024-10-12,1002.9,1,0,159.68,Net Banking,East,1.0,27.0,4.0,1,Better Price Found
ORD104210,CUST1983,toys,02-21-2025,1109.56,1,0,276.4,Credit Card,South,1.0,48.0,4.0,0,
ORD105742,CUST4363,books,02-13-2025,336.16,1,0,4.2,Net Banking,South,3.0,33.0,4.0,0,
ORD105681,CUST1348,Sports,02-10-2025,380.98,2,20,,Debit Card,South,7.0,48.0,4.0,0,
ORD103440,CUST3455,Electronics,24/01/2025,6790.59,1,0,89.35,UPI,Central,7.0,45.0,4.0,0,
ORD101567,CUST1847,sports,2025-01-17,2263.26,1,5,51.13,Debit Card,South,3.0,26.0,5.0,0,
ORD105597,CUST2599,sports,04-10-2025,1441.28,1,15,181.24,Cash on Delivery,East,6.0,50.0,5.0,0,
ORD101660,CUST3027,home & kitchen,17/07/2026,3222.62,1,0,177.48,Debit Card,North,2.0,23.0,5.0,0,
ORD101556,CUST2219,home & kitchen,02-19-2026,3835.44,1,15,114.67,Net Banking,North,5.0,49.0,2.0,0,
ORD104721,CUST3158,Home & kitchen,22/12/2024,1957.36,1,15,58.32,UPI,Central,2.0,31.0,4.0,1,Defective Product
ORD103764,CUST1362,Grocery,02-22-2026,326.09,1,25,35.68,Debit Card,North,,24.0,5.0,0,
ORD103584,CUST1942,books,06-06-2026,181.73,1,0,129.59,Debit Card,South,5.0,21.0,5.0,0,
ORD101885,CUST1363,Home & kitchen,11-27-2025,1587.16,1,0,251.81,Cash on Delivery,North,1.0,40.0,1.0,0,
ORD103144,CUST2322,Fashion ,2026-03-03,1789.16,1,30,108.84,Debit Card,North,3.0,30.0,4.0,0,
ORD101866,CUST1713,fashion,12-06-2025,1330.89,1,25,105.85,Debit Card,South,7.0,30.0,4.0,0,
ORD105048,CUST4335,Books,03-24-2026,387.85,1,20,183.74,Cash on Delivery,East,4.0,39.0,,0,
ORD104720,CUST3707,Fashion,02/04/2026,1899.91,1,10,81.26,UPI,North,7.0,31.0,3.0,0,
ORD102874,CUST4253,fashion,2026-04-11,297.96,2,0,21.17,UPI,South,5.0,34.0,2.0,0,
ORD104330,CUST1074,ELECTRONICS,2025-09-30,3498.77,1,15,322.48,Credit Card,North,6.0,28.0,1.0,0,
ORD103588,CUST1903,toys,20/05/2025,529.42,2,10,41.48,Cash on Delivery,East,1.0,24.0,,0,
ORD103267,CUST3639,Grocery,04-02-2025,108.94,4,10,58.77,UPI,North,3.0,31.0,5.0,0,
ORD102884,CUST1732,Home & kitchen,19/11/2025,2325.83,1,0,120.05,Credit Card,Central,,18.0,3.0,0,
ORD102890,CUST1683,Electronics,26/05/2026,10897.51,1,5,28.87,Debit Card,North,7.0,44.0,5.0,0,
ORD103007,CUST2248,toys,2026-06-24,570.79,1,0,13.19,Credit Card,West,6.0,31.0,4.0,0,
ORD101826,CUST1239,Fashion,11/03/2026,,1,5,23.04,Net Banking,East,1.0,57.0,4.0,1,Wrong Item Delivered
ORD103923,CUST2762,Grocery,2024-09-11,394.38,1,20,16.13,,West,7.0,55.0,4.0,0,
ORD102640,CUST3533,home & kitchen,2025-02-17,2580.61,3,0,10.07,Debit Card,Central,8.0,19.0,5.0,1,Defective Product
ORD105410,CUST1516,Home & kitchen,03-21-2026,3331.43,1,5,139.56,Net Banking,North,4.0,37.0,4.0,1,Changed Mind
ORD101525,CUST3354,Electronics,28/10/2025,8502.46,2,20,94.88,Cash on Delivery,Central,3.0,24.0,5.0,0,
ORD101562,CUST4021,books,2025-01-19,291.9,1,5,106.42,Net Banking,Central,5.0,27.0,5.0,0,
ORD105701,CUST1948,sports,07-16-2026,1117.19,1,30,111.08,Net Banking,South,3.0,67.0,4.0,1,Changed Mind
ORD100343,CUST2537,Fashion,27/12/2025,649.09,1,15,122.26,UPI,East,4.0,54.0,5.0,0,
ORD102542,CUST4119,Fashion ,11/02/2026,1066.9,2,5,184.81,Debit Card,South,8.0,34.0,4.0,1,Wrong Item Delivered
ORD103385,CUST1542,Toys,2025-03-10,1357.95,2,5,104.48,UPI,North,3.0,31.0,5.0,0,
ORD102412,CUST1904,Home & kitchen,12-14-2024,2800.11,1,0,145.8,Net Banking,West,4.0,29.0,4.0,1,Not as Described
ORD102707,CUST2381,beauty,04-01-2026,476.77,3,10,87.11,Cash on Delivery,West,2.0,27.0,4.0,0,
ORD105092,CUST1568,Sports,31/01/2026,1886.06,1,0,75.02,UPI,North,5.0,32.0,4.0,0,
ORD101110,CUST3890,toys,02-01-2026,1035.12,3,5,63.2,Debit Card,North,4.0,23.0,,1,Changed Mind
ORD103442,CUST1353,Sports,07-20-2026,2517.81,1,10,42.09,Net Banking,West,6.0,38.0,4.0,0,
ORD102213,CUST3254,Home & Kitchen,24/08/2025,2001.57,1,20,105.42,Net Banking,South,5.0,50.0,4.0,0,
ORD101359,CUST2544,grocery,11/06/2025,263.72,1,0,94.75,UPI,Central,5.0,,5.0,0,
ORD102107,CUST3840,,2025-02-16,292.48,1,0,16.69,Debit Card,East,5.0,18.0,4.0,0,
ORD104805,CUST3698,Sports,19/08/2025,953.48,1,5,60.61,Cash on Delivery,Central,3.0,16.0,3.0,0,
ORD101378,CUST3309,Toys,03-25-2025,589.74,1,0,75.5,UPI,West,3.0,44.0,4.0,0,
ORD102828,CUST3287,Books,2025-02-05,161.99,2,5,49.14,Credit Card,North,4.0,44.0,5.0,0,
ORD100424,CUST3410,home & kitchen,03-24-2025,1454.12,1,5,53.24,Net Banking,West,3.0,24.0,1.0,0,
ORD100292,CUST3842,Fashion ,02-04-2025,2506.17,3,20,51.44,Debit Card,North,8.0,45.0,5.0,0,
ORD101065,CUST1301,Home & kitchen,09-27-2025,2043.83,1,5,151.93,Cash on Delivery,West,3.0,45.0,1.0,0,
ORD102377,CUST3285,home & kitchen,22/03/2026,3092.0,2,10,33.49,Credit Card,West,9.0,35.0,5.0,0,
ORD105734,CUST1528,Grocery,20/06/2026,348.02,1,0,241.4,Debit Card,South,2.0,34.0,4.0,0,
ORD105108,CUST2426,ELECTRONICS,03-22-2026,6872.19,1,15,53.77,Cash on Delivery,West,4.0,16.0,4.0,0,
ORD102127,CUST3190,Electronics ,21/02/2025,4003.35,1,0,97.85,Net Banking,West,4.0,36.0,5.0,1,Defective Product
ORD101717,CUST3924,Grocery,2025-09-27,369.83,1,0,68.81,Debit Card,North,6.0,19.0,1.0,0,
ORD100937,CUST4281,toys,09-02-2025,861.04,1,15,49.21,Net Banking,South,6.0,33.0,3.0,0,
ORD103779,CUST1508,Books,27/11/2025,352.53,1,0,95.48,Cash on Delivery,East,3.0,22.0,5.0,1,Size Issue
ORD103964,CUST4310,toys,11/10/2025,1110.19,1,0,87.17,Cash on Delivery,East,4.0,35.0,4.0,0,
ORD103990,CUST4127,Home & Kitchen,2025-07-16,2250.58,1,10,48.63,UPI,East,8.0,16.0,4.0,1,Not as Described
ORD104930,CUST1895,fashion,10-07-2024,980.74,2,10,8.18,Credit Card,Central,2.0,41.0,2.0,0,
ORD100254,CUST3111,Toys,19/10/2024,967.19,1,20,13.34,UPI,West,3.0,43.0,5.0,0,
ORD105921,CUST2427,Fashion,2026-07-16,1337.53,1,30,69.93,Cash on Delivery,South,4.0,41.0,4.0,0,
ORD101482,CUST1351,Home & kitchen,2026-06-22,2330.25,1,0,57.11,Net Banking,North,4.0,22.0,5.0,0,
ORD100944,CUST3939,home & kitchen,07-10-2025,2799.34,1,5,222.77,Net Banking,North,7.0,33.0,4.0,0,
ORD105503,CUST2195,Home & kitchen,2025-09-13,1532.2,1,20,,Net Banking,South,4.0,31.0,2.0,0,
ORD103183,CUST1119,Home & kitchen,2025-11-12,1657.7,1,15,131.29,Cash on Delivery,West,5.0,,4.0,0,
ORD103266,CUST2866,Sports,07-27-2025,1395.03,2,0,,Cash on Delivery,North,3.0,24.0,3.0,1,Late Delivery
ORD104819,CUST1771,books,09-13-2025,422.35,1,15,26.38,Credit Card,Central,3.0,37.0,2.0,0,
ORD102907,CUST1553,Beauty,30/08/2024,157.83,4,15,71.64,Credit Card,Central,6.0,16.0,5.0,1,Late Delivery
ORD100969,CUST1482,Grocery,06-17-2026,383.68,1,5,191.57,Credit Card,West,6.0,46.0,3.0,0,
ORD100496,CUST3041,Fashion,04-19-2026,1026.87,2,0,125.84,Debit Card,South,4.0,19.0,3.0,0,
ORD105046,CUST1447,Grocery,2026-05-16,244.62,1,25,16.91,Cash on Delivery,South,3.0,42.0,4.0,0,
ORD104901,CUST3934,Fashion,30/11/2025,973.09,2,25,67.53,Credit Card,North,7.0,16.0,4.0,0,
ORD101829,CUST1953,home & kitchen,19/10/2025,3421.39,1,0,141.73,Credit Card,Central,3.0,37.0,5.0,0,
ORD102177,CUST2958,books,01-05-2026,283.09,1,10,186.75,Net Banking,South,2.0,,4.0,0,
ORD100337,CUST1687,Sports,03-02-2026,1354.41,1,30,,Debit Card,East,5.0,37.0,5.0,0,
ORD104826,CUST1109,ELECTRONICS,11-03-2025,8554.34,1,10,57.92,Debit Card,South,3.0,52.0,5.0,0,
ORD104704,CUST2190,Toys,11/11/2024,1183.82,1,25,18.7,Credit Card,Central,2.0,,5.0,0,
ORD101148,CUST2948,Sports,12/06/2025,1511.32,2,5,44.41,Net Banking,West,4.0,31.0,5.0,0,
ORD102243,CUST2041,Beauty,2025-06-14,837.0,1,30,25.7,UPI,East,6.0,28.0,3.0,1,Not as Described
ORD104005,CUST2783,Toys,2025-03-26,1058.63,3,10,,Cash on Delivery,North,3.0,24.0,4.0,0,
ORD105005,CUST2922,Fashion ,11-26-2024,1090.3,1,25,9.8,Cash on Delivery,Central,1.0,26.0,4.0,0,
ORD103968,CUST2390,electronics,03-01-2026,8667.81,1,0,79.62,Credit Card,North,5.0,27.0,5.0,0,
ORD102151,CUST2968,,04/01/2026,413.76,1,25,31.52,Cash on Delivery,Central,2.0,46.0,3.0,0,
ORD102010,CUST1507,Toys,06-05-2025,644.1,1,0,118.88,UPI,South,5.0,34.0,5.0,0,
ORD102491,CUST1942,Home & Kitchen,06/07/2025,2521.06,1,10,59.95,Credit Card,North,5.0,32.0,1.0,0,
ORD102806,CUST3982,sports,12-12-2024,1711.88,1,0,95.22,Cash on Delivery,East,5.0,16.0,5.0,0,
ORD101810,CUST3651,Books,2025-11-13,477.7,2,10,124.75,UPI,South,,22.0,4.0,0,
ORD101994,CUST2809, Beauty,10-23-2024,655.18,1,0,52.73,Cash on Delivery,South,5.0,39.0,5.0,1,Wrong Item Delivered
ORD104815,CUST3489,books,2025-11-02,577.35,2,0,120.84,UPI,North,3.0,37.0,5.0,0,
ORD102932,CUST4347,Sports,20/04/2025,2276.48,1,30,63.15,Debit Card,West,6.0,42.0,5.0,0,
ORD102824,CUST1244,Books,18/11/2025,77.72,1,15,120.59,Net Banking,East,7.0,33.0,4.0,0,
ORD105665,CUST1316,Home & kitchen,11-04-2025,3090.97,2,10,19.68,Credit Card,North,5.0,31.0,4.0,0,
ORD102897,CUST2688,Electronics ,04-28-2026,5972.71,1,10,68.05,Debit Card,North,5.0,30.0,1.0,1,Wrong Item Delivered
ORD102275,CUST3267,Sports,21/01/2026,2041.63,4,15,185.08,UPI,Central,1.0,42.0,4.0,1,Better Price Found
ORD100434,CUST2924,Toys,04/01/2026,504.63,1,10,140.18,Credit Card,South,4.0,25.0,2.0,0,
ORD105395,CUST1776, Beauty,2025-01-11,1027.69,3,15,272.65,UPI,Central,2.0,55.0,4.0,1,Wrong Item Delivered
ORD104501,CUST2312,Sports,09-13-2025,1490.99,1,0,118.11,Credit Card,Central,2.0,21.0,1.0,1,Wrong Item Delivered
ORD102823,CUST4111,books,11-14-2025,288.56,1,20,,Net Banking,South,12.0,36.0,1.0,0,
ORD104917,CUST4340,Fashion ,2025-08-28,151.3,1,25,199.26,Net Banking,Central,7.0,33.0,4.0,0,
ORD103755,CUST3981,Home & Kitchen,16/12/2024,2332.35,3,0,173.11,Credit Card,Central,6.0,46.0,4.0,1,Wrong Item Delivered
ORD102504,CUST3578,sports,14/12/2024,2498.53,1,0,92.74,Cash on Delivery,East,3.0,30.0,4.0,0,
ORD103211,CUST4397,books,05-17-2025,332.52,1,10,41.74,Cash on Delivery,East,6.0,,5.0,0,
ORD105653,CUST4410,Home & kitchen,08-26-2024,1810.56,2,10,158.51,Debit Card,North,4.0,38.0,2.0,1,Wrong Item Delivered
ORD104641,CUST1248,,18/11/2024,668.49,1,5,84.85,UPI,North,4.0,22.0,5.0,0,
ORD104308,CUST2786,Home & Kitchen,07-12-2025,1443.99,1,15,26.07,Cash on Delivery,North,6.0,25.0,5.0,1,Late Delivery
ORD104992,CUST2731,home & kitchen,29/07/2025,1314.02,2,0,37.69,Credit Card,West,4.0,39.0,4.0,1,Better Price Found
ORD103540,CUST3383,Sports,2025-02-13,1754.19,3,0,44.06,Debit Card,South,6.0,35.0,4.0,0,
ORD103270,CUST3526,books,2024-12-02,413.62,1,15,30.99,UPI,East,4.0,32.0,4.0,1,Not as Described
ORD101941,CUST3415,toys,2026-07-29,1217.27,1,5,130.97,Cash on Delivery,West,4.0,37.0,5.0,0,
ORD101891,CUST3950,Home & kitchen,03-17-2026,1212.02,1,30,67.27,Net Banking,North,2.0,,4.0,0,
ORD105012,CUST3409,Sports,2025-04-01,1618.1,1,10,75.19,Credit Card,Central,3.0,46.0,5.0,0,
ORD103599,CUST2906,toys,2024-11-08,541.65,4,5,20.18,Cash on Delivery,North,4.0,33.0,3.0,1,Defective Product
ORD105385,CUST1926,fashion,2025-12-11,1645.39,1,10,37.67,Credit Card,West,4.0,30.0,3.0,0,
ORD104910,CUST1059,ELECTRONICS,08/09/2024,3413.67,1,20,30.77,Cash on Delivery,South,9.0,49.0,5.0,0,
ORD101265,CUST3135, Beauty,08-09-2026,,1,10,12.82,Credit Card,North,6.0,39.0,2.0,0,
ORD104438,CUST3155,Grocery,2025-05-15,247.75,1,5,40.57,Cash on Delivery,Central,4.0,18.0,1.0,0,
ORD102597,CUST2446,Books,2026-03-11,241.91,1,10,62.13,Credit Card,Central,1.0,44.0,4.0,0,
ORD101410,CUST2449,Fashion,2024-09-07,2018.56,2,0,147.81,Debit Card,South,8.0,31.0,4.0,0,
ORD101214,CUST3090,Books,10-24-2024,462.54,3,0,183.82,Credit Card,Central,6.0,46.0,3.0,0,
ORD100966,CUST1464,Grocery,2025-02-17,257.56,1,10,66.76,Debit Card,East,10.0,39.0,5.0,0,
ORD101230,CUST3987,grocery,01/03/2026,262.84,1,15,27.25,Debit Card,South,2.0,21.0,4.0,0,
ORD104791,CUST3962,home & kitchen,02-01-2025,2993.06,1,0,65.8,Debit Card,West,8.0,36.0,4.0,0,
ORD100605,CUST1369,Fashion,2025-09-30,1004.84,1,20,,Credit Card,Central,3.0,46.0,4.0,0,
ORD100104,CUST1290,Sports,05-09-2026,953.0,1,0,29.59,UPI,Central,4.0,36.0,4.0,0,
ORD100645,CUST1840,Grocery,03-17-2026,171.67,2,30,90.77,Credit Card,Central,5.0,,4.0,0,
ORD105500,CUST3901,electronics,2025-01-27,7416.35,1,10,49.71,Cash on Delivery,East,3.0,38.0,3.0,1,Size Issue
ORD104590,CUST1150,,2026-07-27,247.78,2,15,11.8,Net Banking,South,3.0,43.0,4.0,0,
ORD103088,CUST1582,Books,05/01/2026,552.51,2,0,31.84,Credit Card,Central,6.0,16.0,5.0,0,
ORD101019,CUST3308,Books,2025-04-22,262.9,1,0,44.26,Debit Card,South,2.0,45.0,5.0,1,Not as Described
ORD100091,CUST1867,sports,2025-06-24,3157.8,1,0,107.76,UPI,East,2.0,35.0,3.0,1,Better Price Found
ORD105208,CUST1689,grocery,12-28-2025,245.94,2,10,49.28,UPI,South,9.0,39.0,5.0,0,
ORD102870,CUST4408,fashion,11/12/2025,1594.38,1,5,86.77,Credit Card,East,6.0,,5.0,0,
ORD100908,CUST1066,Sports,20/02/2025,2946.46,1,10,230.52,Net Banking,East,5.0,43.0,5.0,0,
ORD105570,CUST4426,Electronics ,27/08/2025,10487.02,2,0,80.97,Cash on Delivery,Central,6.0,18.0,4.0,0,
ORD105837,CUST2923,books,2025-01-08,444.17,2,0,80.71,Debit Card,West,4.0,,4.0,0,
ORD102150,CUST1850,Fashion,2025-09-23,1114.97,1,15,23.75,Credit Card,North,7.0,43.0,2.0,1,Not as Described
ORD100238,CUST3731,electronics,24/08/2025,4904.03,2,5,,Credit Card,South,7.0,49.0,4.0,0,
ORD103140,CUST4224,toys,27/10/2025,933.11,1,0,109.77,Cash on Delivery,South,3.0,40.0,4.0,0,
ORD100942,CUST2343,books,11-01-2024,339.6,1,0,6.18,Cash on Delivery,North,6.0,33.0,2.0,0,
ORD101270,CUST3276,Electronics ,28/12/2025,7714.24,1,10,26.34,UPI,North,3.0,47.0,5.0,0,
ORD100938,CUST2738,books,2024-10-18,641.6,1,25,73.16,UPI,Central,5.0,25.0,3.0,0,
ORD105520,CUST2145,fashion,2026-02-03,1697.32,4,15,103.57,Cash on Delivery,North,7.0,31.0,5.0,0,
ORD103229,CUST1180,grocery,08-22-2024,238.55,2,0,25.15,UPI,East,9.0,45.0,5.0,0,
ORD103551,CUST1586,Toys,2024-11-19,598.48,3,10,8.34,Net Banking,East,5.0,52.0,,0,
ORD101862,CUST2321,electronics,22/04/2025,3352.26,1,10,71.36,Credit Card,North,4.0,55.0,4.0,1,Not as Described
ORD101669,CUST3405,books,10-11-2024,383.47,1,30,20.83,Cash on Delivery,South,4.0,49.0,5.0,1,Defective Product
ORD100005,CUST1130,beauty,10-24-2025,452.77,1,20,13.78,UPI,North,2.0,35.0,5.0,0,
ORD104343,CUST1426,Sports,03/11/2025,1283.64,2,0,93.17,Cash on Delivery,East,4.0,16.0,2.0,1,Not as Described
ORD103943,CUST1115,Electronics ,10/04/2025,5746.95,1,10,31.76,Cash on Delivery,West,7.0,36.0,5.0,0,
ORD103013,CUST1253,ELECTRONICS,03-08-2025,7663.81,2,20,34.14,Credit Card,West,3.0,33.0,4.0,0,
ORD100018,CUST4471,books,2024-10-28,431.84,1,0,,Debit Card,Central,5.0,42.0,4.0,0,
ORD101970,CUST4106,Home & Kitchen,22/10/2025,2309.55,1,15,15.8,Debit Card,Central,5.0,43.0,3.0,0,
ORD102709,CUST4477,toys,10/10/2025,847.27,1,0,,Credit Card,West,8.0,54.0,5.0,0,
ORD102232,CUST3691,Electronics ,2025-07-30,7380.08,1,10,33.17,UPI,North,6.0,39.0,4.0,0,
ORD100811,CUST1214,Electronics,12-28-2025,6420.48,1,5,,Debit Card,Central,1.0,44.0,4.0,0,
ORD101300,CUST3882,Toys,09/01/2026,1229.19,1,10,66.82,Debit Card,West,5.0,66.0,5.0,1,Defective Product
ORD105431,CUST1541,Toys,02-02-2025,1226.5,1,15,162.03,Net Banking,West,3.0,48.0,4.0,0,
ORD100188,CUST3830,toys,07-10-2026,632.09,1,10,22.02,Cash on Delivery,West,5.0,37.0,1.0,0,
ORD100260,CUST2002,sports,2024-09-05,952.1,2,5,32.68,Debit Card,South,6.0,32.0,4.0,1,Size Issue
ORD101804,CUST1120,Books,2025-06-03,505.93,1,10,83.94,,East,3.0,16.0,4.0,0,
ORD101570,CUST1689,Home & kitchen,29/10/2025,3742.36,1,0,81.63,Net Banking,West,3.0,66.0,4.0,0,
ORD104280,CUST3206,Home & Kitchen,2026-05-08,2234.19,1,15,48.67,Debit Card,North,2.0,24.0,5.0,0,
ORD102454,CUST2607,sports,05/12/2024,1724.74,3,0,38.95,Net Banking,West,3.0,50.0,5.0,1,Changed Mind
ORD101743,CUST1005,Grocery,07-15-2026,332.85,1,5,119.63,Credit Card,West,5.0,38.0,5.0,0,
ORD101630,CUST2569,home & kitchen,2024-10-09,3968.3,3,10,27.42,Net Banking,North,3.0,,5.0,0,
ORD101716,CUST1144,sports,27/12/2024,1573.26,1,10,54.68,Net Banking,Central,3.0,35.0,4.0,0,
ORD100520,CUST3888,Fashion ,02-14-2026,1360.15,1,10,84.09,UPI,West,3.0,36.0,5.0,0,
ORD103937,CUST4499,home & kitchen,2025-08-01,3448.82,1,0,,UPI,Central,,40.0,5.0,0,
ORD103482,CUST2974,Sports,04-08-2026,2462.29,1,0,128.56,UPI,South,3.0,29.0,2.0,1,Late Delivery
ORD101658,CUST1223,books,2025-03-23,435.94,1,10,99.13,Credit Card,North,6.0,45.0,5.0,0,
ORD103472,CUST3722,grocery,07-01-2026,442.44,1,0,105.4,UPI,Central,4.0,30.0,5.0,0,
ORD105708,CUST2398,toys,29/06/2026,613.21,2,15,65.3,Debit Card,West,2.0,27.0,3.0,0,
ORD102475,CUST1163,books,2026-05-25,315.78,43,0,200.58,Debit Card,West,2.0,53.0,5.0,1,Changed Mind
ORD103948,CUST1398,Home & kitchen,2025-04-25,931.96,1,20,42.89,UPI,East,2.0,46.0,4.0,0,
ORD103934,CUST3009,Home & kitchen,10-08-2025,3923.38,1,10,65.55,Net Banking,West,3.0,41.0,5.0,0,
ORD103645,CUST2375,Fashion ,17/10/2024,1046.75,1,0,62.09,Debit Card,South,,49.0,5.0,0,
ORD100763,CUST3412,Toys,12/02/2025,1418.61,1,0,302.89,Net Banking,East,6.0,36.0,3.0,1,Late Delivery
ORD104703,CUST3272, Beauty,07/05/2025,983.81,2,5,60.27,UPI,Central,3.0,33.0,5.0,0,
ORD104326,CUST3015,Toys,11/12/2024,1540.64,2,10,25.68,Cash on Delivery,Central,9.0,41.0,1.0,0,
ORD104427,CUST1573,Books,11/10/2025,210.52,1,15,31.53,Cash on Delivery,West,3.0,18.0,5.0,0,
ORD105536,CUST2881,Sports,16/08/2025,1723.75,1,0,8.78,Debit Card,East,5.0,30.0,5.0,1,Late Delivery
ORD101091,CUST4263,beauty,19/10/2025,287.49,1,15,72.95,Cash on Delivery,South,1.0,38.0,4.0,0,
ORD103608,CUST1886,toys,11/08/2025,941.34,1,15,101.29,Credit Card,East,9.0,37.0,3.0,0,
ORD101101,CUST3788,Beauty,12-05-2024,981.15,1,0,77.09,Cash on Delivery,East,5.0,34.0,4.0,0,
ORD105225,CUST2823,electronics,11-24-2025,8008.44,1,5,116.14,Net Banking,East,2.0,57.0,4.0,0,
ORD104557,CUST2303,Home & kitchen,19/07/2026,3564.21,1,20,42.22,UPI,Central,4.0,38.0,,0,
ORD100958,CUST2500,sports,03-11-2026,1376.07,2,20,107.09,Net Banking,West,4.0,33.0,4.0,0,
ORD105758,CUST1468,Books,2026-02-11,415.12,2,20,42.81,Cash on Delivery,West,3.0,45.0,4.0,0,
ORD100559,CUST2882,toys,11-28-2025,566.92,1,0,,Debit Card,East,2.0,39.0,2.0,0,
ORD101519,CUST3417,Home & Kitchen,21/06/2026,2544.8,1,10,21.23,UPI,South,3.0,16.0,4.0,0,
ORD103179,CUST2326,Home & kitchen,24/08/2025,1858.64,1,25,29.37,Cash on Delivery,West,8.0,41.0,5.0,0,
ORD102484,CUST2030,books,10-14-2024,382.06,2,0,9.47,UPI,South,5.0,52.0,1.0,0,
ORD100366,CUST4402,home & kitchen,05-03-2026,3099.82,3,5,,Credit Card,North,5.0,48.0,5.0,0,
ORD103901,CUST3730,home & kitchen,06/05/2025,,2,5,36.74,Credit Card,Central,,25.0,5.0,0,
ORD101948,CUST4497,Fashion ,2025-06-03,886.93,1,15,52.05,Cash on Delivery,West,6.0,45.0,5.0,0,
ORD104165,CUST3012,Grocery,2025-04-06,230.19,1,0,81.54,UPI,East,7.0,50.0,1.0,0,
ORD101572,CUST3345,books,2025-03-20,348.66,1,25,50.31,Debit Card,North,1.0,37.0,5.0,1,Defective Product
ORD100808,CUST2527,electronics,12-13-2024,10195.61,1,0,30.21,UPI,Central,3.0,28.0,3.0,0,
ORD103232,CUST1188,Fashion,26/07/2025,1262.97,1,15,22.8,UPI,West,6.0,48.0,5.0,0,
ORD103946,CUST3391, Beauty,02/04/2026,130.99,1,15,9.7,Debit Card,East,6.0,19.0,5.0,0,
ORD100011,CUST2139,Toys,07-13-2025,1332.14,2,5,76.15,Credit Card,North,7.0,30.0,5.0,0,
ORD102025,CUST3794,Sports,26/07/2026,2519.1,1,0,98.13,UPI,Central,4.0,29.0,5.0,0,
ORD105013,CUST1159,Home & Kitchen,2024-10-10,3593.74,2,5,64.05,Cash on Delivery,East,3.0,16.0,4.0,0,
ORD105547,CUST1562,Sports,30/01/2026,2904.4,2,0,119.42,Cash on Delivery,Central,3.0,31.0,5.0,0,
ORD100176,CUST2404,grocery,2025-01-19,248.77,3,10,112.8,Debit Card,Central,5.0,26.0,4.0,0,
ORD105090,CUST2871,grocery,31/10/2024,278.15,1,10,92.5,UPI,South,5.0,33.0,2.0,1,Wrong Item Delivered
ORD102488,CUST2974,grocery,08-09-2025,440.94,1,20,152.36,Cash on Delivery,North,2.0,44.0,,0,
ORD103886,CUST2623,Electronics ,23/12/2025,6993.96,1,0,14.56,Debit Card,North,6.0,16.0,1.0,1,Not as Described
ORD102569,CUST3864,Home & kitchen,07-11-2025,2368.92,2,0,111.72,UPI,North,,31.0,3.0,0,
ORD103520,CUST4361,books,11/06/2026,451.51,2,5,143.52,Net Banking,North,3.0,30.0,,0,
ORD103760,CUST2944,ELECTRONICS,01-17-2025,7515.89,2,10,76.32,Cash on Delivery,North,6.0,,5.0,0,
ORD105351,CUST2000,Sports,02-18-2026,2427.89,4,20,30.36,Credit Card,South,6.0,52.0,4.0,0,
ORD103282,CUST1438,fashion,23/01/2026,1053.04,1,10,118.97,,North,6.0,33.0,4.0,0,
ORD101664,CUST2296, Beauty,2026-08-10,1010.05,1,25,33.93,Net Banking,Central,4.0,49.0,5.0,1,Better Price Found
ORD102191,CUST2684,Toys,09/11/2024,623.33,1,0,115.7,Debit Card,North,3.0,21.0,4.0,0,
ORD100862,CUST2968,ELECTRONICS,26/09/2024,7876.03,1,0,15.8,Credit Card,West,8.0,34.0,4.0,0,
ORD103370,CUST2920,Sports,11/03/2026,1522.76,3,30,60.16,Cash on Delivery,East,4.0,33.0,5.0,0,
ORD105886,CUST1339,Home & Kitchen,2024-09-25,1810.12,2,10,44.87,UPI,Central,4.0,17.0,3.0,0,
ORD102660,CUST2292,sports,01/09/2025,1209.19,1,15,36.95,Debit Card,North,4.0,29.0,5.0,0,
ORD104252,CUST1341,home & kitchen,02/06/2025,987.49,2,25,131.59,Debit Card,South,4.0,47.0,4.0,0,
ORD103578,CUST4217,grocery,2024-12-25,270.21,2,15,46.66,Net Banking,North,3.0,28.0,4.0,1,Not as Described
ORD105556,CUST4245,Beauty,10-31-2025,760.44,1,25,52.78,,West,6.0,39.0,4.0,0,
ORD102046,CUST3912,Home & kitchen,02-25-2025,2555.84,1,10,80.81,Credit Card,North,6.0,31.0,4.0,0,
ORD102624,CUST4277,Books,2026-01-13,,2,15,2.68,Net Banking,South,,35.0,5.0,0,
ORD103410,CUST3799,Fashion ,05/02/2025,1699.85,1,0,235.1,Net Banking,Central,5.0,52.0,4.0,0,
ORD101185,CUST3960,sports,2025-03-27,2031.9,1,10,63.94,Cash on Delivery,South,5.0,38.0,4.0,1,Wrong Item Delivered
ORD101006,CUST3122,toys,18/04/2026,836.26,1,5,57.64,Net Banking,Central,6.0,42.0,3.0,0,
ORD103569,CUST2943,toys,2026-01-01,,2,25,65.56,UPI,West,3.0,41.0,5.0,0,
ORD103737,CUST4142,Electronics,13/03/2026,13582.83,1,5,47.34,Net Banking,West,2.0,28.0,5.0,1,Defective Product
ORD104656,CUST3540,Books,2026-03-23,504.23,4,5,63.09,Cash on Delivery,South,7.0,28.0,4.0,0,
ORD105006,CUST1776,books,01-09-2025,571.93,1,10,46.13,UPI,West,4.0,33.0,1.0,0,
ORD105407,CUST4038,sports,2026-01-31,2275.29,2,20,31.47,Cash on Delivery,North,9.0,46.0,3.0,0,
ORD102049,CUST1984,home & kitchen,01/09/2025,1654.52,1,5,107.45,Net Banking,South,4.0,34.0,5.0,0,
ORD104011,CUST1967,Fashion ,01-03-2026,1529.45,1,30,37.16,UPI,Central,7.0,35.0,3.0,0,
ORD100269,CUST4188,Electronics,2026-05-28,5921.76,1,5,131.86,UPI,South,2.0,35.0,5.0,0,
ORD101993,CUST3644,grocery,19/06/2025,122.52,1,30,28.93,Credit Card,West,3.0,37.0,4.0,1,Size Issue
ORD100265,CUST3024,Electronics,10/01/2026,11568.86,1,15,117.86,Net Banking,West,5.0,32.0,3.0,0,
ORD100914,CUST3236,Fashion ,2024-09-20,983.73,1,10,134.56,Net Banking,East,7.0,33.0,3.0,0,
ORD102278,CUST2414,sports,03-19-2025,2255.99,1,15,54.08,Debit Card,West,8.0,21.0,3.0,0,
ORD102231,CUST3457,home & kitchen,2026-03-02,1474.57,1,0,43.47,Credit Card,South,4.0,31.0,3.0,0,
ORD100290,CUST3212,beauty,04-09-2025,1048.48,1,0,32.32,Net Banking,Central,6.0,40.0,1.0,0,
ORD102912,CUST4368,Grocery,09/07/2026,280.78,2,20,22.98,Credit Card,South,6.0,30.0,4.0,0,
ORD104969,CUST3723,Grocery,2024-09-27,324.76,1,5,31.68,Net Banking,Central,5.0,32.0,2.0,0,
ORD102093,CUST1857,Fashion,07-15-2025,1848.86,1,25,,Credit Card,East,4.0,33.0,4.0,0,
ORD104571,CUST4224,sports,2025-09-16,721.8,2,20,45.66,UPI,South,1.0,38.0,5.0,0,
ORD101652,CUST4190,electronics,06/11/2025,10578.95,3,5,22.74,Cash on Delivery,North,1.0,16.0,4.0,0,
ORD104141,CUST2928,grocery,2026-06-30,379.07,1,5,59.55,Cash on Delivery,Central,5.0,21.0,5.0,0,
ORD104257,CUST2398,Home & Kitchen,04-01-2026,2423.9,2,5,11.3,UPI,Central,5.0,40.0,5.0,0,
ORD103039,CUST3978,Fashion,24/05/2026,656.55,1,0,109.11,Debit Card,North,2.0,24.0,4.0,0,
ORD102677,CUST2560, Beauty,2025-06-30,877.0,1,10,77.19,Debit Card,Central,4.0,29.0,5.0,0,
ORD100288,CUST2170,toys,10-14-2024,557.97,1,15,108.26,Credit Card,Central,2.0,31.0,4.0,1,Defective Product
ORD103107,CUST2558,Fashion,2025-05-22,1465.01,1,30,101.91,Credit Card,West,2.0,51.0,4.0,0,
ORD105781,CUST3193,Books,06/08/2025,502.27,1,20,28.99,Net Banking,East,3.0,35.0,4.0,0,
ORD100575,CUST3809,Electronics ,24/08/2024,11438.22,1,15,66.07,,North,7.0,18.0,2.0,0,
ORD100850,CUST4081,Home & kitchen,2025-11-08,3219.31,2,5,149.99,Debit Card,Central,5.0,17.0,5.0,1,Defective Product
ORD103883,CUST3781,Electronics ,01/08/2025,12138.87,1,20,13.05,Net Banking,Central,4.0,30.0,3.0,0,
ORD105007,CUST3050,beauty,22/08/2024,691.54,1,15,77.79,Net Banking,North,6.0,29.0,5.0,0,
ORD105350,CUST3188,sports,06-25-2025,2494.34,1,0,47.67,Net Banking,West,3.0,43.0,2.0,0,
ORD105929,CUST2609,Grocery,2025-03-12,380.46,2,10,105.97,Cash on Delivery,West,4.0,33.0,5.0,1,Not as Described
ORD101722,CUST2527,electronics,10-14-2024,,2,0,71.1,Cash on Delivery,North,3.0,42.0,4.0,0,
ORD105831,CUST2819,Electronics ,2024-10-30,2509.1,2,30,92.85,UPI,Central,6.0,26.0,4.0,0,
ORD105028,CUST1605,Books,18/12/2025,537.69,2,5,112.42,UPI,West,6.0,36.0,4.0,0,
ORD103949,CUST2463,Electronics ,27/06/2025,9913.27,2,25,63.8,UPI,North,4.0,36.0,4.0,0,
ORD101100,CUST2557,grocery,2026-03-08,394.25,1,15,32.79,UPI,South,2.0,25.0,4.0,0,
ORD101207,CUST4394,Toys,09/11/2024,640.01,1,30,59.8,Cash on Delivery,West,2.0,37.0,4.0,0,
ORD101843,CUST3306,Books,04/10/2025,382.63,1,5,69.55,Cash on Delivery,Central,7.0,32.0,5.0,1,Not as Described
ORD101848,CUST3464,toys,29/09/2024,313.62,2,20,34.46,Net Banking,West,6.0,39.0,4.0,0,
ORD102524,CUST1067,ELECTRONICS,11-23-2024,6073.58,2,0,52.08,UPI,West,4.0,19.0,4.0,1,Defective Product
ORD103947,CUST3560,beauty,09-07-2024,934.73,1,30,17.09,UPI,West,7.0,36.0,2.0,0,
ORD101694,CUST1671,sports,2026-01-13,1417.39,1,0,91.28,Net Banking,North,1.0,47.0,1.0,0,
ORD104181,CUST4071,Toys,21/04/2026,1404.84,3,0,29.75,Net Banking,East,3.0,27.0,2.0,0,
ORD104565,CUST1008,sports,24/11/2024,1899.18,1,15,98.93,Net Banking,West,8.0,34.0,5.0,1,Defective Product
ORD103960,CUST3850,Home & Kitchen,2025-03-01,3406.1,1,20,79.42,Debit Card,South,6.0,42.0,5.0,0,
ORD100233,CUST2491,Beauty,12-22-2025,825.42,1,15,58.35,Debit Card,Central,5.0,42.0,5.0,0,
ORD103332,CUST3713, Beauty,2025-09-21,961.03,1,0,78.97,Debit Card,North,4.0,22.0,3.0,0,
ORD105781,CUST3193,Books,06/08/2025,502.27,1,20,28.99,Net Banking,East,3.0,35.0,4.0,0,
ORD102647,CUST3542,grocery,08-06-2025,245.2,1,5,37.37,Credit Card,East,7.0,30.0,5.0,0,
ORD104041,CUST4300, Beauty,08/02/2026,920.15,2,15,334.54,Debit Card,North,5.0,31.0,3.0,0,
ORD101711,CUST1935,Books,01-29-2026,337.91,4,5,165.17,Cash on Delivery,North,6.0,41.0,5.0,0,
ORD100182,CUST2366,Fashion ,2024-09-20,1650.45,1,25,25.96,Net Banking,East,1.0,40.0,3.0,0,
ORD105084,CUST2405,electronics,17/05/2025,6282.88,1,10,33.78,Debit Card,North,7.0,33.0,4.0,0,
ORD105096,CUST2509,electronics,04-06-2026,11746.66,1,0,10.21,Net Banking,North,3.0,35.0,3.0,0,
ORD105737,CUST3794,Fashion ,05-19-2025,745.32,1,15,26.98,,North,7.0,18.0,2.0,0,
ORD105452,CUST2246,Home & Kitchen,11/05/2025,2213.4,3,5,57.23,Net Banking,Central,5.0,22.0,1.0,0,
ORD101462,CUST4327,ELECTRONICS,13/01/2026,9742.66,2,10,144.63,Cash on Delivery,West,5.0,22.0,5.0,0,
ORD100049,CUST3633,Fashion,2025-06-04,396.66,2,15,87.19,Net Banking,West,6.0,50.0,4.0,0,
ORD102476,CUST2327,sports,05/08/2026,1644.27,1,20,98.68,Cash on Delivery,Central,1.0,24.0,4.0,0,
ORD105354,CUST3163,Grocery,08-19-2026,308.68,3,5,75.56,Debit Card,West,3.0,22.0,5.0,0,
ORD104582,CUST2820,toys,2026-07-04,479.88,1,25,69.96,UPI,North,4.0,30.0,3.0,0,
ORD102481,CUST3677,Fashion,2024-12-24,1386.05,2,10,41.51,Debit Card,West,4.0,34.0,4.0,1,Better Price Found
ORD103150,CUST2348,Sports,09/05/2026,2101.51,1,0,103.92,UPI,South,6.0,27.0,5.0,0,
ORD100106,CUST1877,Sports,21/12/2025,1904.86,1,10,95.47,UPI,East,3.0,27.0,5.0,0,
ORD100443,CUST1610,grocery,2025-01-30,300.65,1,5,165.21,Cash on Delivery,North,2.0,16.0,4.0,0,
ORD101954,CUST1684,Sports,2025-07-13,2367.5,1,15,44.74,Debit Card,East,5.0,,3.0,0,
ORD104742,CUST4077,Grocery,25/08/2025,415.27,1,20,48.16,UPI,South,5.0,51.0,5.0,0,
ORD105858,CUST1211,Electronics,06-02-2025,5660.62,2,10,18.62,Credit Card,Central,6.0,19.0,4.0,0,
ORD100726,CUST3955,Books,16/05/2025,360.12,1,10,61.33,Debit Card,South,5.0,31.0,5.0,0,
ORD102238,CUST3138,sports,03-20-2025,1360.68,1,0,52.31,Net Banking,North,,35.0,5.0,0,
ORD105952,CUST1500,Toys,03-11-2026,1029.43,2,0,64.5,Debit Card,Central,2.0,,4.0,0,
ORD102330,CUST4168,Toys,2025-10-29,969.35,1,25,75.31,UPI,East,4.0,54.0,5.0,0,
ORD104125,CUST4375,Toys,2025-10-31,651.47,1,10,65.52,Credit Card,South,5.0,37.0,4.0,0,
ORD100169,CUST1032,ELECTRONICS,12-10-2025,9512.32,1,0,19.95,Credit Card,South,3.0,33.0,5.0,0,
ORD101001,CUST4395,fashion,11-20-2024,1535.96,1,15,63.72,Credit Card,North,7.0,34.0,4.0,0,
ORD103252,CUST1206,toys,2026-06-10,938.09,1,5,79.3,UPI,South,7.0,44.0,5.0,0,
ORD102148,CUST2678,Toys,05-07-2025,576.83,1,0,67.95,Cash on Delivery,South,3.0,,4.0,0,
ORD100197,CUST4195,toys,11-02-2024,549.9,1,15,64.04,Credit Card,Central,6.0,42.0,3.0,0,
ORD104591,CUST3883,Sports,12/03/2025,1708.99,1,25,11.55,Cash on Delivery,East,7.0,17.0,5.0,0,
ORD103793,CUST1667,Toys,28/04/2026,840.45,2,15,91.23,Credit Card,South,6.0,22.0,5.0,1,Changed Mind
ORD100647,CUST3401,Electronics ,09-28-2025,5222.28,1,0,41.97,Debit Card,South,1.0,46.0,4.0,0,
ORD103035,CUST2300,Home & kitchen,2026-06-20,1837.64,1,0,26.27,Credit Card,East,6.0,16.0,4.0,0,
ORD104140,CUST2363,books,30/09/2024,263.37,1,15,51.69,Cash on Delivery,Central,3.0,30.0,3.0,0,
ORD103733,CUST2463,ELECTRONICS,2025-01-27,8364.88,3,5,79.29,Debit Card,Central,3.0,16.0,5.0,0,
ORD102758,CUST4268,Home & Kitchen,01/03/2026,1819.24,1,25,23.44,Debit Card,North,4.0,,5.0,1,Defective Product
ORD100373,CUST2453,Toys,2025-08-10,636.63,2,0,9.02,Credit Card,North,4.0,16.0,3.0,0,
ORD104774,CUST2475,books,2024-11-13,676.3,1,15,51.95,Net Banking,North,5.0,25.0,5.0,1,Changed Mind
ORD100566,CUST2737,ELECTRONICS,2025-11-29,7501.83,2,0,29.77,Net Banking,South,4.0,45.0,5.0,0,
ORD103720,CUST4024,Beauty,22/08/2024,483.28,1,10,85.88,UPI,North,4.0,27.0,3.0,1,Changed Mind
ORD102895,CUST2290,Electronics ,02/07/2026,10451.75,3,25,6.32,Net Banking,East,4.0,42.0,3.0,0,
ORD104556,CUST3067,Fashion ,2025-01-20,1743.13,1,15,12.33,Net Banking,North,7.0,18.0,,0,
ORD100480,CUST2892,grocery,16/05/2026,287.01,1,25,48.07,UPI,East,5.0,48.0,4.0,0,
ORD103485,CUST2240,Fashion,04-19-2025,1524.79,1,5,,,West,6.0,30.0,5.0,0,
ORD101155,CUST1152,Books,01-29-2026,420.3,1,10,86.61,UPI,Central,3.0,29.0,2.0,1,Wrong Item Delivered
ORD104135,CUST2628,grocery,2026-08-01,278.09,3,0,54.92,Credit Card,West,4.0,36.0,4.0,0,
ORD100973,CUST3011,books,01-08-2026,284.71,1,5,64.81,Credit Card,Central,6.0,34.0,5.0,0,
ORD103287,CUST3244,Beauty,11-15-2025,598.67,1,0,45.56,Cash on Delivery,East,6.0,28.0,5.0,1,Size Issue
ORD103627,CUST2211,home & kitchen,24/11/2024,1511.46,2,25,41.4,Debit Card,Central,2.0,44.0,2.0,0,
ORD103638,CUST3569,Beauty,08-19-2024,491.39,1,30,106.65,Cash on Delivery,North,4.0,44.0,4.0,0,
ORD105882,CUST4442,books,2025-01-07,538.14,1,0,20.11,UPI,West,5.0,16.0,3.0,0,
ORD105594,CUST4231,home & kitchen,03-25-2026,3340.62,1,15,38.44,Net Banking,East,5.0,55.0,4.0,1,Late Delivery
ORD101835,CUST4266,Beauty,2025-10-13,801.71,1,15,79.06,Debit Card,Central,9.0,43.0,4.0,0,
ORD102308,CUST4228,Fashion,2025-05-29,1082.78,1,10,27.12,UPI,Central,3.0,48.0,4.0,1,Late Delivery
ORD101840,CUST3423,fashion,10/01/2026,1213.0,4,25,15.24,Net Banking,South,6.0,25.0,4.0,0,
ORD104923,CUST2324,Fashion ,2024-11-04,1906.05,1,0,19.43,Cash on Delivery,West,6.0,46.0,5.0,0,
ORD105586,CUST2741,Fashion ,2024-12-29,1024.5,1,5,35.99,,North,6.0,,1.0,0,
ORD102044,CUST3623,Electronics,11/08/2026,6115.64,1,10,91.08,Credit Card,North,4.0,39.0,4.0,1,Changed Mind
ORD104405,CUST2278,Grocery,2025-08-28,443.14,1,15,20.35,UPI,Central,5.0,25.0,3.0,0,
ORD104372,CUST3794,,31/08/2025,1284.1,1,15,46.32,,West,2.0,39.0,3.0,0,
ORD104732,CUST3193,books,04/01/2025,450.42,1,20,95.54,Credit Card,South,,32.0,3.0,0,
ORD104750,CUST4238,sports,08/06/2025,2371.79,1,10,120.06,Credit Card,Central,2.0,29.0,3.0,0,
ORD104718,CUST2249,Home & kitchen,04/07/2026,1976.11,1,15,194.48,Debit Card,North,7.0,31.0,5.0,0,
ORD105955,CUST3324,Grocery,01-22-2025,483.88,2,15,39.08,Debit Card,Central,7.0,36.0,4.0,0,
ORD100844,CUST1740, Beauty,12-09-2024,444.02,1,15,207.73,Cash on Delivery,West,6.0,39.0,3.0,0,
ORD104489,CUST1788,Electronics ,2025-10-01,10345.3,1,0,114.61,Cash on Delivery,West,7.0,47.0,5.0,0,
ORD102155,CUST3023,toys,10-12-2025,966.98,2,0,50.01,Net Banking,North,7.0,22.0,1.0,1,Changed Mind
ORD100349,CUST4299,Fashion,01-01-2026,922.97,1,0,36.49,UPI,East,1.0,28.0,5.0,0,
ORD100784,CUST2801,Electronics,2025-04-07,11965.95,3,0,115.1,Credit Card,North,3.0,35.0,5.0,1,Late Delivery
ORD100047,CUST2288,home & kitchen,21/05/2026,2914.42,1,15,69.51,Debit Card,North,7.0,53.0,5.0,0,
ORD103651,CUST1717,Home & kitchen,13/05/2025,3305.48,1,30,79.09,Credit Card,West,7.0,54.0,5.0,0,
ORD105751,CUST1351,toys,24/07/2025,858.09,1,0,20.74,Cash on Delivery,East,8.0,43.0,,0,
ORD104498,CUST3890,beauty,2025-02-14,276.56,1,10,12.37,Debit Card,East,5.0,49.0,3.0,1,Size Issue
ORD104018,CUST2117,Electronics,2025-01-13,8616.39,2,20,197.68,Cash on Delivery,South,3.0,58.0,3.0,0,
ORD105203,CUST2483,,12-08-2025,2109.27,3,15,23.97,Cash on Delivery,South,,57.0,5.0,0,
ORD105250,CUST1021,sports,09/01/2026,461.92,1,25,88.49,Debit Card,East,3.0,52.0,5.0,0,
ORD101439,CUST3358,Fashion,24/11/2025,1192.17,1,25,6.63,Net Banking,West,5.0,24.0,5.0,0,
ORD103537,CUST2700,home & kitchen,2024-11-30,2532.87,1,0,18.13,Cash on Delivery,North,6.0,,4.0,0,
ORD105085,CUST4345,sports,2026-08-19,1789.38,1,20,61.87,Cash on Delivery,West,1.0,20.0,4.0,1,Wrong Item Delivered
ORD101865,CUST2995,Home & kitchen,2026-03-20,4166.87,1,5,41.79,Net Banking,South,6.0,52.0,4.0,1,Wrong Item Delivered
ORD105406,CUST3055,beauty,2026-05-25,856.78,1,0,69.63,Credit Card,Central,6.0,41.0,5.0,0,
ORD103195,CUST3777,ELECTRONICS,2025-10-05,8042.82,1,0,65.39,Cash on Delivery,East,6.0,44.0,3.0,0,
ORD100033,CUST1858,Home & Kitchen,05-16-2025,2482.99,1,0,,Net Banking,Central,8.0,48.0,1.0,0,
ORD100787,CUST1230,ELECTRONICS,07/03/2025,10269.62,2,0,124.83,Credit Card,Central,4.0,17.0,5.0,0,
ORD105139,CUST3938,home & kitchen,05-21-2025,312.81,1,20,34.44,Debit Card,South,1.0,48.0,5.0,1,Better Price Found
ORD104577,CUST3462,grocery,05-21-2025,239.76,1,0,148.33,Net Banking,Central,4.0,30.0,5.0,0,
ORD105339,CUST2170,Sports,2024-10-19,2324.28,1,0,18.04,UPI,North,4.0,23.0,5.0,0,
ORD102627,CUST2078,Toys,13/01/2026,1012.59,1,0,31.98,Cash on Delivery,East,3.0,16.0,5.0,0,
ORD100931,CUST4274,Toys,2025-03-06,15299.02381702236,2,0,60.47,UPI,West,5.0,38.0,3.0,1,Changed Mind
ORD102404,CUST1171,beauty,30/11/2024,631.86,1,0,,Debit Card,Central,3.0,44.0,4.0,0,
ORD101685,CUST2791,fashion,2025-04-02,821.52,1,0,35.79,Net Banking,North,2.0,36.0,4.0,1,Size Issue
ORD101248,CUST1131,Home & kitchen,2026-03-01,3028.31,2,5,26.85,UPI,North,1.0,41.0,5.0,0,
ORD104855,CUST4372,Books,31/05/2025,450.16,1,25,104.67,UPI,Central,6.0,22.0,5.0,1,Late Delivery
ORD100092,CUST4093,beauty,06-29-2026,747.98,1,10,27.83,Cash on Delivery,East,5.0,44.0,4.0,0,
ORD105271,CUST4410,electronics,30/11/2024,11670.02,3,20,34.83,UPI,Central,4.0,,5.0,0,
ORD105511,CUST3591,ELECTRONICS,12-06-2025,4118.97,3,0,88.47,Net Banking,West,6.0,38.0,4.0,0,
ORD105437,CUST3594,grocery,03-31-2025,200.89,2,20,75.93,Net Banking,South,7.0,33.0,3.0,0,
ORD105568,CUST1421,electronics,14/04/2026,6575.98,1,0,127.33,Net Banking,North,3.0,22.0,4.0,0,
ORD102851,CUST3696,Books,01-28-2026,319.6,1,10,304.21,Cash on Delivery,East,5.0,43.0,5.0,0,
ORD102793,CUST3224,Home & Kitchen,01/06/2025,3089.51,1,5,26.61,Debit Card,West,3.0,31.0,2.0,0,
ORD105703,CUST1576,home & kitchen,30/12/2025,,1,10,46.22,Net Banking,North,5.0,33.0,2.0,0,
ORD100764,CUST1322,toys,06-07-2025,714.83,1,0,79.3,UPI,West,9.0,24.0,3.0,0,
ORD102988,CUST3157,Fashion ,12/06/2026,1093.02,4,0,17.06,UPI,West,2.0,56.0,4.0,0,
ORD105469,CUST2234,grocery,11-14-2025,311.43,1,10,65.0,Credit Card,Central,,32.0,3.0,0,
ORD100754,CUST3358,fashion,11/05/2026,374.47,1,0,,UPI,East,2.0,34.0,4.0,0,
ORD102448,CUST3383,fashion,10/09/2024,1301.75,1,30,124.65,Net Banking,East,7.0,22.0,4.0,0,
ORD101728,CUST4168,Grocery,14/05/2026,330.55,2,25,29.32,UPI,West,5.0,34.0,4.0,1,Wrong Item Delivered
ORD100257,CUST1962,Beauty,15/07/2026,906.63,2,10,99.93,Cash on Delivery,East,3.0,43.0,4.0,0,
ORD105040,CUST2035,grocery,2026-04-17,,3,25,227.58,Net Banking,West,1.0,35.0,5.0,0,
ORD101219,CUST2262,sports,12-23-2025,543.78,2,20,180.29,UPI,North,4.0,28.0,4.0,0,
ORD101161,CUST2185,Electronics,07-04-2026,6816.56,4,5,143.96,Cash on Delivery,North,5.0,39.0,5.0,0,
ORD100772,CUST3643,Home & kitchen,2026-07-20,3493.95,3,5,59.03,Net Banking,North,4.0,19.0,3.0,0,
ORD105582,CUST1347,electronics,24/06/2026,8630.94,1,0,22.38,UPI,Central,6.0,39.0,4.0,0,
ORD100312,CUST4442,Sports,01-30-2026,956.68,2,5,109.23,Net Banking,East,3.0,43.0,4.0,0,
ORD104386,CUST2717,Toys,31/07/2026,1474.29,1,0,32.77,Debit Card,West,6.0,56.0,5.0,0,
ORD104032,CUST3338,Beauty,2025-02-07,595.02,3,5,86.97,Credit Card,South,3.0,35.0,,0,
ORD104859,CUST2575,Fashion,30/06/2025,1194.54,1,5,49.9,Cash on Delivery,North,5.0,61.0,5.0,0,
ORD102997,CUST1078,Electronics ,12/05/2026,10685.01,1,20,55.66,Debit Card,East,5.0,48.0,1.0,0,
ORD104279,CUST3564,Fashion ,2025-07-03,1374.39,1,5,85.4,Net Banking,South,6.0,45.0,4.0,0,
ORD101176,CUST3616, Beauty,12-25-2024,1142.33,1,5,48.51,UPI,East,7.0,24.0,2.0,0,
ORD103896,CUST3044,Sports,06-25-2025,1335.05,1,25,102.97,Cash on Delivery,Central,6.0,44.0,5.0,1,Changed Mind
ORD101349,CUST3156,Electronics,06/01/2025,4973.17,3,0,132.76,UPI,West,6.0,23.0,4.0,0,
ORD103775,CUST1919,beauty,02-10-2026,995.23,1,0,61.48,Net Banking,East,7.0,,4.0,0,
ORD103116,CUST1481,Home & Kitchen,2025-11-19,2231.73,1,25,107.16,Net Banking,West,8.0,26.0,4.0,0,
ORD103516,CUST3532,Sports,29/07/2025,782.29,1,10,11.69,Net Banking,North,7.0,54.0,4.0,0,
ORD102298,CUST1835,Grocery,2026-03-15,,1,25,13.38,Credit Card,South,4.0,43.0,5.0,1,Changed Mind
ORD102871,CUST4280,Home & kitchen,10-16-2024,2310.67,1,25,121.9,Debit Card,North,5.0,43.0,1.0,0,
ORD105195,CUST1221,Books,13/05/2026,430.77,2,5,72.45,Debit Card,West,5.0,36.0,3.0,0,
ORD100391,CUST2255,Toys,2025-07-16,796.74,1,20,50.67,Cash on Delivery,Central,3.0,,1.0,1,Changed Mind
ORD104505,CUST3162,,2025-06-18,288.77,1,10,149.62,Net Banking,Central,3.0,24.0,1.0,0,
ORD101456,CUST2839,toys,21/05/2025,1244.15,2,0,182.81,UPI,North,3.0,16.0,5.0,0,
ORD101092,CUST3818,Beauty,2026-06-06,642.86,1,5,14.03,UPI,West,3.0,,4.0,0,
ORD101792,CUST3811,home & kitchen,06-07-2025,2723.41,1,0,24.27,Cash on Delivery,East,7.0,23.0,5.0,0,
ORD103239,CUST2806,beauty,2025-04-09,614.16,1,0,213.72,Net Banking,North,3.0,49.0,2.0,0,
ORD105000,CUST1719,Home & Kitchen,27/09/2025,2234.61,2,10,23.78,Credit Card,South,2.0,43.0,3.0,1,Size Issue
ORD102778,CUST2313,Fashion ,08-13-2025,992.3,1,10,33.72,UPI,South,4.0,35.0,5.0,0,
ORD104462,CUST3415,Sports,2024-11-30,1326.87,1,20,19.49,Credit Card,Central,2.0,32.0,2.0,0,
ORD104441,CUST3393,books,18/05/2026,446.83,2,5,93.05,Credit Card,West,4.0,,5.0,0,
ORD103656,CUST3658,books,09-17-2025,319.64,3,0,125.94,Credit Card,East,4.0,30.0,5.0,1,Late Delivery
ORD102583,CUST3134,Fashion ,10/11/2025,989.42,1,30,61.33,Credit Card,South,5.0,33.0,3.0,0,
ORD103257,CUST3864,electronics,04-22-2026,14342.42,1,20,102.34,Net Banking,West,4.0,38.0,4.0,0,
ORD101372,CUST1734,grocery,12-13-2025,320.49,2,20,61.77,Credit Card,West,6.0,36.0,3.0,0,
ORD105735,CUST3099,fashion,2025-07-07,965.21,1,30,88.92,Credit Card,East,4.0,35.0,3.0,0,
ORD100919,CUST1258,Home & Kitchen,2026-04-04,1973.86,1,5,161.12,UPI,South,3.0,23.0,5.0,0,
ORD104307,CUST2420,Electronics ,07-06-2026,8836.17,1,20,45.26,UPI,Central,6.0,38.0,4.0,1,Not as Described
ORD105699,CUST1322,ELECTRONICS,2025-12-30,8782.27,1,15,77.26,Credit Card,Central,4.0,33.0,4.0,0,
ORD102550,CUST3367,toys,2026-03-19,660.37,1,5,,UPI,Central,3.0,19.0,2.0,0,
ORD100537,CUST3185,Home & kitchen,24/12/2025,3181.65,2,15,24.19,Net Banking,North,5.0,26.0,5.0,0,
ORD101220,CUST2621,Electronics ,2026-01-29,8401.57,1,20,115.12,UPI,North,4.0,16.0,3.0,0,
ORD104271,CUST3765,grocery,2026-07-24,276.05,2,20,8.14,Credit Card,Central,5.0,28.0,4.0,1,Size Issue
